<?xml version="1.0" encoding="UTF-8"?>
<gpx creator="Garmin Connect" version="1.1"
  xsi:schemaLocation="http://www.topografix.com/GPX/1/1 http://www.topografix.com/GPX/11.xsd"
  xmlns:ns3="http://www.garmin.com/xmlschemas/TrackPointExtension/v1"
  xmlns="http://www.topografix.com/GPX/1/1"
  xmlns:xsi="http://www.w3.org/2001/XMLSchema-instance" xmlns:ns2="http://www.garmin.com/xmlschemas/GpxExtensions/v3">
  <metadata>
    <link href="connect.garmin.com">
      <text>Garmin Connect</text>
    </link>
    <time>2024-03-31T04:58:12.000Z</time>
  </metadata>
  <trk>
    <name>Bad Tölz Отсл. мест.</name>
    <type>other</type>
    <trkseg>
      <trkpt lat="47.7607938833534717559814453125" lon="11.57385687343776226043701171875">
        <ele>688.4000244140625</ele>
        <time>2024-03-31T04:58:12.000Z</time>
        <extensions>
          <ns3:TrackPointExtension>
            <ns3:atemp>31.0</ns3:atemp>
            <ns3:hr>82</ns3:hr>
          </ns3:TrackPointExtension>
        </extensions>
      </trkpt>
      <trkpt lat="47.76079463772475719451904296875" lon="11.573855616152286529541015625">
        <ele>688.4000244140625</ele>
        <time>2024-03-31T04:58:13.000Z</time>
        <extensions>
          <ns3:TrackPointExtension>
            <ns3:atemp>31.0</ns3:atemp>
            <ns3:hr>82</ns3:hr>
          </ns3:TrackPointExtension>
        </extensions>
      </trkpt>
      <trkpt lat="47.76076764799654483795166015625" lon="11.57383658923208713531494140625">
        <ele>688.79998779296875</ele>
        <time>2024-03-31T04:58:18.000Z</time>
        <extensions>
          <ns3:TrackPointExtension>
            <ns3:atemp>31.0</ns3:atemp>
            <ns3:hr>84</ns3:hr>
          </ns3:TrackPointExtension>
        </extensions>
      </trkpt>
      <trkpt lat="47.76077091693878173828125" lon="11.573844887316226959228515625">
        <ele>689</ele>
        <time>2024-03-31T04:58:19.000Z</time>
        <extensions>
          <ns3:TrackPointExtension>
            <ns3:atemp>31.0</ns3:atemp>
            <ns3:hr>84</ns3:hr>
          </ns3:TrackPointExtension>
        </extensions>
      </trkpt>
      <trkpt lat="47.7607506327331066131591796875" lon="11.57383340410888195037841796875">
        <ele>689</ele>
        <time>2024-03-31T04:58:23.000Z</time>
        <extensions>
          <ns3:TrackPointExtension>
            <ns3:atemp>31.0</ns3:atemp>
            <ns3:hr>84</ns3:hr>
          </ns3:TrackPointExtension>
        </extensions>
      </trkpt>
      <trkpt lat="47.76074853725731372833251953125" lon="11.57382510602474212646484375">
        <ele>689</ele>
        <time>2024-03-31T04:58:24.000Z</time>
        <extensions>
          <ns3:TrackPointExtension>
            <ns3:atemp>31.0</ns3:atemp>
            <ns3:hr>84</ns3:hr>
          </ns3:TrackPointExtension>
        </extensions>
      </trkpt>
      <trkpt lat="47.76075826026499271392822265625" lon="11.5737830288708209991455078125">
        <ele>689</ele>
        <time>2024-03-31T04:58:28.000Z</time>
        <extensions>
          <ns3:TrackPointExtension>
            <ns3:atemp>31.0</ns3:atemp>
            <ns3:hr>85</ns3:hr>
          </ns3:TrackPointExtension>
        </extensions>
      </trkpt>
      <trkpt lat="47.76075641624629497528076171875" lon="11.5737573802471160888671875">
        <ele>689</ele>
        <time>2024-03-31T04:58:29.000Z</time>
        <extensions>
          <ns3:TrackPointExtension>
            <ns3:atemp>31.0</ns3:atemp>
            <ns3:hr>85</ns3:hr>
          </ns3:TrackPointExtension>
        </extensions>
      </trkpt>
      <trkpt lat="47.760741747915744781494140625" lon="11.573683284223079681396484375">
        <ele>688.79998779296875</ele>
        <time>2024-03-31T04:58:33.000Z</time>
        <extensions>
          <ns3:TrackPointExtension>
            <ns3:atemp>31.0</ns3:atemp>
            <ns3:hr>85</ns3:hr>
          </ns3:TrackPointExtension>
        </extensions>
      </trkpt>
      <trkpt lat="47.7607600204646587371826171875" lon="11.573695354163646697998046875">
        <ele>688.79998779296875</ele>
        <time>2024-03-31T04:58:37.000Z</time>
        <extensions>
          <ns3:TrackPointExtension>
            <ns3:atemp>31.0</ns3:atemp>
            <ns3:hr>85</ns3:hr>
          </ns3:TrackPointExtension>
        </extensions>
      </trkpt>
      <trkpt lat="47.76079748757183551788330078125" lon="11.5736157260835170745849609375">
        <ele>688.20001220703125</ele>
        <time>2024-03-31T04:58:43.000Z</time>
        <extensions>
          <ns3:TrackPointExtension>
            <ns3:atemp>31.0</ns3:atemp>
            <ns3:hr>81</ns3:hr>
          </ns3:TrackPointExtension>
        </extensions>
      </trkpt>
      <trkpt lat="47.76080938987433910369873046875" lon="11.57356451265513896942138671875">
        <ele>688</ele>
        <time>2024-03-31T04:58:45.000Z</time>
        <extensions>
          <ns3:TrackPointExtension>
            <ns3:atemp>31.0</ns3:atemp>
            <ns3:hr>80</ns3:hr>
          </ns3:TrackPointExtension>
        </extensions>
      </trkpt>
      <trkpt lat="47.760804779827594757080078125" lon="11.5734060108661651611328125">
        <ele>688</ele>
        <time>2024-03-31T04:58:50.000Z</time>
        <extensions>
          <ns3:TrackPointExtension>
            <ns3:atemp>31.0</ns3:atemp>
            <ns3:hr>80</ns3:hr>
          </ns3:TrackPointExtension>
        </extensions>
      </trkpt>
      <trkpt lat="47.76082648895680904388427734375" lon="11.5731949545443058013916015625">
        <ele>688</ele>
        <time>2024-03-31T04:58:56.000Z</time>
        <extensions>
          <ns3:TrackPointExtension>
            <ns3:atemp>31.0</ns3:atemp>
            <ns3:hr>81</ns3:hr>
          </ns3:TrackPointExtension>
        </extensions>
      </trkpt>
      <trkpt lat="47.76082531549036502838134765625" lon="11.57291692681610584259033203125">
        <ele>688</ele>
        <time>2024-03-31T04:59:03.000Z</time>
        <extensions>
          <ns3:TrackPointExtension>
            <ns3:atemp>30.0</ns3:atemp>
            <ns3:hr>84</ns3:hr>
          </ns3:TrackPointExtension>
        </extensions>
      </trkpt>
      <trkpt lat="47.7608096413314342498779296875" lon="11.57269095070660114288330078125">
        <ele>687.79998779296875</ele>
        <time>2024-03-31T04:59:08.000Z</time>
        <extensions>
          <ns3:TrackPointExtension>
            <ns3:atemp>30.0</ns3:atemp>
            <ns3:hr>81</ns3:hr>
          </ns3:TrackPointExtension>
        </extensions>
      </trkpt>
      <trkpt lat="47.76079849340021610260009765625" lon="11.57264233566820621490478515625">
        <ele>687.79998779296875</ele>
        <time>2024-03-31T04:59:09.000Z</time>
        <extensions>
          <ns3:TrackPointExtension>
            <ns3:atemp>30.0</ns3:atemp>
            <ns3:hr>80</ns3:hr>
          </ns3:TrackPointExtension>
        </extensions>
      </trkpt>
      <trkpt lat="47.7607898600399494171142578125" lon="11.5724033676087856292724609375">
        <ele>688</ele>
        <time>2024-03-31T04:59:15.000Z</time>
        <extensions>
          <ns3:TrackPointExtension>
            <ns3:atemp>30.0</ns3:atemp>
            <ns3:hr>78</ns3:hr>
          </ns3:TrackPointExtension>
        </extensions>
      </trkpt>
      <trkpt lat="47.76083705015480518341064453125" lon="11.572225503623485565185546875">
        <ele>687.79998779296875</ele>
        <time>2024-03-31T04:59:20.000Z</time>
        <extensions>
          <ns3:TrackPointExtension>
            <ns3:atemp>30.0</ns3:atemp>
            <ns3:hr>81</ns3:hr>
          </ns3:TrackPointExtension>
        </extensions>
      </trkpt>
      <trkpt lat="47.76085062883794307708740234375" lon="11.57213271595537662506103515625">
        <ele>687.5999755859375</ele>
        <time>2024-03-31T04:59:22.000Z</time>
        <extensions>
          <ns3:TrackPointExtension>
            <ns3:atemp>30.0</ns3:atemp>
            <ns3:hr>81</ns3:hr>
          </ns3:TrackPointExtension>
        </extensions>
      </trkpt>
      <trkpt lat="47.7608498744666576385498046875" lon="11.572037078440189361572265625">
        <ele>687.4000244140625</ele>
        <time>2024-03-31T04:59:24.000Z</time>
        <extensions>
          <ns3:TrackPointExtension>
            <ns3:atemp>30.0</ns3:atemp>
            <ns3:hr>83</ns3:hr>
          </ns3:TrackPointExtension>
        </extensions>
      </trkpt>
      <trkpt lat="47.76088130660355091094970703125" lon="11.57189793884754180908203125">
        <ele>687.4000244140625</ele>
        <time>2024-03-31T04:59:27.000Z</time>
        <extensions>
          <ns3:TrackPointExtension>
            <ns3:atemp>30.0</ns3:atemp>
            <ns3:hr>85</ns3:hr>
          </ns3:TrackPointExtension>
        </extensions>
      </trkpt>
      <trkpt lat="47.76089857332408428192138671875" lon="11.57181520946323871612548828125">
        <ele>687.4000244140625</ele>
        <time>2024-03-31T04:59:29.000Z</time>
        <extensions>
          <ns3:TrackPointExtension>
            <ns3:atemp>30.0</ns3:atemp>
            <ns3:hr>86</ns3:hr>
          </ns3:TrackPointExtension>
        </extensions>
      </trkpt>
      <trkpt lat="47.7609278261661529541015625" lon="11.57157833687961101531982421875">
        <ele>687.20001220703125</ele>
        <time>2024-03-31T04:59:34.000Z</time>
        <extensions>
          <ns3:TrackPointExtension>
            <ns3:atemp>29.0</ns3:atemp>
            <ns3:hr>91</ns3:hr>
          </ns3:TrackPointExtension>
        </extensions>
      </trkpt>
      <trkpt lat="47.76093796826899051666259765625" lon="11.57148613594472408294677734375">
        <ele>687.20001220703125</ele>
        <time>2024-03-31T04:59:36.000Z</time>
        <extensions>
          <ns3:TrackPointExtension>
            <ns3:atemp>29.0</ns3:atemp>
            <ns3:hr>92</ns3:hr>
          </ns3:TrackPointExtension>
        </extensions>
      </trkpt>
      <trkpt lat="47.76094668544828891754150390625" lon="11.5713086910545825958251953125">
        <ele>687.20001220703125</ele>
        <time>2024-03-31T04:59:40.000Z</time>
        <extensions>
          <ns3:TrackPointExtension>
            <ns3:atemp>29.0</ns3:atemp>
            <ns3:hr>91</ns3:hr>
          </ns3:TrackPointExtension>
        </extensions>
      </trkpt>
      <trkpt lat="47.76095171459019184112548828125" lon="11.57112906686961650848388671875">
        <ele>687</ele>
        <time>2024-03-31T04:59:44.000Z</time>
        <extensions>
          <ns3:TrackPointExtension>
            <ns3:atemp>29.0</ns3:atemp>
            <ns3:hr>94</ns3:hr>
          </ns3:TrackPointExtension>
        </extensions>
      </trkpt>
      <trkpt lat="47.76095624081790447235107421875" lon="11.5710441581904888153076171875">
        <ele>687</ele>
        <time>2024-03-31T04:59:46.000Z</time>
        <extensions>
          <ns3:TrackPointExtension>
            <ns3:atemp>29.0</ns3:atemp>
            <ns3:hr>97</ns3:hr>
          </ns3:TrackPointExtension>
        </extensions>
      </trkpt>
      <trkpt lat="47.7609729208052158355712890625" lon="11.570901833474636077880859375">
        <ele>687.4000244140625</ele>
        <time>2024-03-31T04:59:50.000Z</time>
        <extensions>
          <ns3:TrackPointExtension>
            <ns3:atemp>29.0</ns3:atemp>
            <ns3:hr>96</ns3:hr>
          </ns3:TrackPointExtension>
        </extensions>
      </trkpt>
      <trkpt lat="47.7609739266335964202880859375" lon="11.5708714909851551055908203125">
        <ele>687.5999755859375</ele>
        <time>2024-03-31T04:59:51.000Z</time>
        <extensions>
          <ns3:TrackPointExtension>
            <ns3:atemp>29.0</ns3:atemp>
            <ns3:hr>97</ns3:hr>
          </ns3:TrackPointExtension>
        </extensions>
      </trkpt>
      <trkpt lat="47.760977111756801605224609375" lon="11.5707192756235599517822265625">
        <ele>688.20001220703125</ele>
        <time>2024-03-31T04:59:55.000Z</time>
        <extensions>
          <ns3:TrackPointExtension>
            <ns3:atemp>28.0</ns3:atemp>
            <ns3:hr>98</ns3:hr>
          </ns3:TrackPointExtension>
        </extensions>
      </trkpt>
      <trkpt lat="47.7609873376786708831787109375" lon="11.570591367781162261962890625">
        <ele>688.5999755859375</ele>
        <time>2024-03-31T04:59:58.000Z</time>
        <extensions>
          <ns3:TrackPointExtension>
            <ns3:atemp>28.0</ns3:atemp>
            <ns3:hr>101</ns3:hr>
          </ns3:TrackPointExtension>
        </extensions>
      </trkpt>
      <trkpt lat="47.76097149588167667388916015625" lon="11.57040436752140522003173828125">
        <ele>689.20001220703125</ele>
        <time>2024-03-31T05:00:03.000Z</time>
        <extensions>
          <ns3:TrackPointExtension>
            <ns3:atemp>28.0</ns3:atemp>
            <ns3:hr>103</ns3:hr>
          </ns3:TrackPointExtension>
        </extensions>
      </trkpt>
      <trkpt lat="47.76096194051206111907958984375" lon="11.570364721119403839111328125">
        <ele>689.20001220703125</ele>
        <time>2024-03-31T05:00:04.000Z</time>
        <extensions>
          <ns3:TrackPointExtension>
            <ns3:atemp>28.0</ns3:atemp>
            <ns3:hr>103</ns3:hr>
          </ns3:TrackPointExtension>
        </extensions>
      </trkpt>
      <trkpt lat="47.76092858053743839263916015625" lon="11.57019934616982936859130859375">
        <ele>689.5999755859375</ele>
        <time>2024-03-31T05:00:08.000Z</time>
        <extensions>
          <ns3:TrackPointExtension>
            <ns3:atemp>28.0</ns3:atemp>
            <ns3:hr>105</ns3:hr>
          </ns3:TrackPointExtension>
        </extensions>
      </trkpt>
      <trkpt lat="47.76088315062224864959716796875" lon="11.5700078196823596954345703125">
        <ele>690</ele>
        <time>2024-03-31T05:00:13.000Z</time>
        <extensions>
          <ns3:TrackPointExtension>
            <ns3:atemp>28.0</ns3:atemp>
            <ns3:hr>107</ns3:hr>
          </ns3:TrackPointExtension>
        </extensions>
      </trkpt>
      <trkpt lat="47.7608760260045528411865234375" lon="11.5698663331568241119384765625">
        <ele>690.4000244140625</ele>
        <time>2024-03-31T05:00:17.000Z</time>
        <extensions>
          <ns3:TrackPointExtension>
            <ns3:atemp>28.0</ns3:atemp>
            <ns3:hr>106</ns3:hr>
          </ns3:TrackPointExtension>
        </extensions>
      </trkpt>
      <trkpt lat="47.76087258942425251007080078125" lon="11.56982953660190105438232421875">
        <ele>690.5999755859375</ele>
        <time>2024-03-31T05:00:18.000Z</time>
        <extensions>
          <ns3:TrackPointExtension>
            <ns3:atemp>28.0</ns3:atemp>
            <ns3:hr>105</ns3:hr>
          </ns3:TrackPointExtension>
        </extensions>
      </trkpt>
      <trkpt lat="47.76087141595780849456787109375" lon="11.56974856741726398468017578125">
        <ele>690.79998779296875</ele>
        <time>2024-03-31T05:00:20.000Z</time>
        <extensions>
          <ns3:TrackPointExtension>
            <ns3:atemp>28.0</ns3:atemp>
            <ns3:hr>104</ns3:hr>
          </ns3:TrackPointExtension>
        </extensions>
      </trkpt>
      <trkpt lat="47.76087527163326740264892578125" lon="11.56971185468137264251708984375">
        <ele>691</ele>
        <time>2024-03-31T05:00:21.000Z</time>
        <extensions>
          <ns3:TrackPointExtension>
            <ns3:atemp>27.0</ns3:atemp>
            <ns3:hr>107</ns3:hr>
          </ns3:TrackPointExtension>
        </extensions>
      </trkpt>
      <trkpt lat="47.7608619444072246551513671875" lon="11.56958512030541896820068359375">
        <ele>691.4000244140625</ele>
        <time>2024-03-31T05:00:24.000Z</time>
        <extensions>
          <ns3:TrackPointExtension>
            <ns3:atemp>27.0</ns3:atemp>
            <ns3:hr>110</ns3:hr>
          </ns3:TrackPointExtension>
        </extensions>
      </trkpt>
      <trkpt lat="47.7608642913401126861572265625" lon="11.5695087611675262451171875">
        <ele>691.79998779296875</ele>
        <time>2024-03-31T05:00:26.000Z</time>
        <extensions>
          <ns3:TrackPointExtension>
            <ns3:atemp>27.0</ns3:atemp>
            <ns3:hr>110</ns3:hr>
          </ns3:TrackPointExtension>
        </extensions>
      </trkpt>
      <trkpt lat="47.760848365724086761474609375" lon="11.5693523548543453216552734375">
        <ele>692.20001220703125</ele>
        <time>2024-03-31T05:00:30.000Z</time>
        <extensions>
          <ns3:TrackPointExtension>
            <ns3:atemp>27.0</ns3:atemp>
            <ns3:hr>113</ns3:hr>
          </ns3:TrackPointExtension>
        </extensions>
      </trkpt>
      <trkpt lat="47.760832607746124267578125" lon="11.56931170262396335601806640625">
        <ele>692</ele>
        <time>2024-03-31T05:00:31.000Z</time>
        <extensions>
          <ns3:TrackPointExtension>
            <ns3:atemp>27.0</ns3:atemp>
            <ns3:hr>114</ns3:hr>
          </ns3:TrackPointExtension>
        </extensions>
      </trkpt>
      <trkpt lat="47.76078726164996623992919921875" lon="11.56920039094984531402587890625">
        <ele>692.20001220703125</ele>
        <time>2024-03-31T05:00:34.000Z</time>
        <extensions>
          <ns3:TrackPointExtension>
            <ns3:atemp>27.0</ns3:atemp>
            <ns3:hr>117</ns3:hr>
          </ns3:TrackPointExtension>
        </extensions>
      </trkpt>
      <trkpt lat="47.76077217422425746917724609375" lon="11.569120846688747406005859375">
        <ele>692.4000244140625</ele>
        <time>2024-03-31T05:00:36.000Z</time>
        <extensions>
          <ns3:TrackPointExtension>
            <ns3:atemp>27.0</ns3:atemp>
            <ns3:hr>113</ns3:hr>
          </ns3:TrackPointExtension>
        </extensions>
      </trkpt>
      <trkpt lat="47.76077720336616039276123046875" lon="11.56908287666738033294677734375">
        <ele>692.4000244140625</ele>
        <time>2024-03-31T05:00:37.000Z</time>
        <extensions>
          <ns3:TrackPointExtension>
            <ns3:atemp>27.0</ns3:atemp>
            <ns3:hr>115</ns3:hr>
          </ns3:TrackPointExtension>
        </extensions>
      </trkpt>
      <trkpt lat="47.76078960858285427093505859375" lon="11.56905001960694789886474609375">
        <ele>692.79998779296875</ele>
        <time>2024-03-31T05:00:38.000Z</time>
        <extensions>
          <ns3:TrackPointExtension>
            <ns3:atemp>27.0</ns3:atemp>
            <ns3:hr>115</ns3:hr>
          </ns3:TrackPointExtension>
        </extensions>
      </trkpt>
      <trkpt lat="47.76082925498485565185546875" lon="11.56891993246972560882568359375">
        <ele>693.5999755859375</ele>
        <time>2024-03-31T05:00:42.000Z</time>
        <extensions>
          <ns3:TrackPointExtension>
            <ns3:atemp>27.0</ns3:atemp>
            <ns3:hr>117</ns3:hr>
          </ns3:TrackPointExtension>
        </extensions>
      </trkpt>
      <trkpt lat="47.76081073097884654998779296875" lon="11.56883217394351959228515625">
        <ele>693.79998779296875</ele>
        <time>2024-03-31T05:00:45.000Z</time>
        <extensions>
          <ns3:TrackPointExtension>
            <ns3:atemp>27.0</ns3:atemp>
            <ns3:hr>118</ns3:hr>
          </ns3:TrackPointExtension>
        </extensions>
      </trkpt>
      <trkpt lat="47.7607928775250911712646484375" lon="11.5688092075288295745849609375">
        <ele>693.79998779296875</ele>
        <time>2024-03-31T05:00:46.000Z</time>
        <extensions>
          <ns3:TrackPointExtension>
            <ns3:atemp>27.0</ns3:atemp>
            <ns3:hr>118</ns3:hr>
          </ns3:TrackPointExtension>
        </extensions>
      </trkpt>
      <trkpt lat="47.76077217422425746917724609375" lon="11.56878431327641010284423828125">
        <ele>693.79998779296875</ele>
        <time>2024-03-31T05:00:47.000Z</time>
        <extensions>
          <ns3:TrackPointExtension>
            <ns3:atemp>26.0</ns3:atemp>
            <ns3:hr>119</ns3:hr>
          </ns3:TrackPointExtension>
        </extensions>
      </trkpt>
      <trkpt lat="47.760682404041290283203125" lon="11.5685699880123138427734375">
        <ele>694.4000244140625</ele>
        <time>2024-03-31T05:00:53.000Z</time>
        <extensions>
          <ns3:TrackPointExtension>
            <ns3:atemp>26.0</ns3:atemp>
            <ns3:hr>117</ns3:hr>
          </ns3:TrackPointExtension>
        </extensions>
      </trkpt>
      <trkpt lat="47.7606681548058986663818359375" lon="11.568343341350555419921875">
        <ele>694.5999755859375</ele>
        <time>2024-03-31T05:00:59.000Z</time>
        <extensions>
          <ns3:TrackPointExtension>
            <ns3:atemp>26.0</ns3:atemp>
            <ns3:hr>115</ns3:hr>
          </ns3:TrackPointExtension>
        </extensions>
      </trkpt>
      <trkpt lat="47.76067310012876987457275390625" lon="11.56826564110815525054931640625">
        <ele>694.20001220703125</ele>
        <time>2024-03-31T05:01:01.000Z</time>
        <extensions>
          <ns3:TrackPointExtension>
            <ns3:atemp>26.0</ns3:atemp>
            <ns3:hr>115</ns3:hr>
          </ns3:TrackPointExtension>
        </extensions>
      </trkpt>
      <trkpt lat="47.7606225572526454925537109375" lon="11.56797780655324459075927734375">
        <ele>693.4000244140625</ele>
        <time>2024-03-31T05:01:08.000Z</time>
        <extensions>
          <ns3:TrackPointExtension>
            <ns3:atemp>26.0</ns3:atemp>
            <ns3:hr>113</ns3:hr>
          </ns3:TrackPointExtension>
        </extensions>
      </trkpt>
      <trkpt lat="47.7605021931231021881103515625" lon="11.567878313362598419189453125">
        <ele>693</ele>
        <time>2024-03-31T05:01:13.000Z</time>
        <extensions>
          <ns3:TrackPointExtension>
            <ns3:atemp>25.0</ns3:atemp>
            <ns3:hr>113</ns3:hr>
          </ns3:TrackPointExtension>
        </extensions>
      </trkpt>
      <trkpt lat="47.76049423031508922576904296875" lon="11.56784252263605594635009765625">
        <ele>693</ele>
        <time>2024-03-31T05:01:14.000Z</time>
        <extensions>
          <ns3:TrackPointExtension>
            <ns3:atemp>26.0</ns3:atemp>
            <ns3:hr>112</ns3:hr>
          </ns3:TrackPointExtension>
        </extensions>
      </trkpt>
      <trkpt lat="47.760496996343135833740234375" lon="11.567763648927211761474609375">
        <ele>693</ele>
        <time>2024-03-31T05:01:16.000Z</time>
        <extensions>
          <ns3:TrackPointExtension>
            <ns3:atemp>25.0</ns3:atemp>
            <ns3:hr>111</ns3:hr>
          </ns3:TrackPointExtension>
        </extensions>
      </trkpt>
      <trkpt lat="47.760517783463001251220703125" lon="11.56771914102137088775634765625">
        <ele>693</ele>
        <time>2024-03-31T05:01:17.000Z</time>
        <extensions>
          <ns3:TrackPointExtension>
            <ns3:atemp>25.0</ns3:atemp>
            <ns3:hr>111</ns3:hr>
          </ns3:TrackPointExtension>
        </extensions>
      </trkpt>
      <trkpt lat="47.76055642403662204742431640625" lon="11.5676558576524257659912109375">
        <ele>693.20001220703125</ele>
        <time>2024-03-31T05:01:19.000Z</time>
        <extensions>
          <ns3:TrackPointExtension>
            <ns3:atemp>25.0</ns3:atemp>
            <ns3:hr>109</ns3:hr>
          </ns3:TrackPointExtension>
        </extensions>
      </trkpt>
      <trkpt lat="47.76074233464896678924560546875" lon="11.56739844940602779388427734375">
        <ele>693.20001220703125</ele>
        <time>2024-03-31T05:01:27.000Z</time>
        <extensions>
          <ns3:TrackPointExtension>
            <ns3:atemp>25.0</ns3:atemp>
            <ns3:hr>106</ns3:hr>
          </ns3:TrackPointExtension>
        </extensions>
      </trkpt>
      <trkpt lat="47.76075524277985095977783203125" lon="11.56736726872622966766357421875">
        <ele>693.4000244140625</ele>
        <time>2024-03-31T05:01:28.000Z</time>
        <extensions>
          <ns3:TrackPointExtension>
            <ns3:atemp>25.0</ns3:atemp>
            <ns3:hr>107</ns3:hr>
          </ns3:TrackPointExtension>
        </extensions>
      </trkpt>
      <trkpt lat="47.76077368296682834625244140625" lon="11.5673329867422580718994140625">
        <ele>693.4000244140625</ele>
        <time>2024-03-31T05:01:29.000Z</time>
        <extensions>
          <ns3:TrackPointExtension>
            <ns3:atemp>25.0</ns3:atemp>
            <ns3:hr>108</ns3:hr>
          </ns3:TrackPointExtension>
        </extensions>
      </trkpt>
      <trkpt lat="47.76088633574545383453369140625" lon="11.5672028996050357818603515625">
        <ele>693.20001220703125</ele>
        <time>2024-03-31T05:01:34.000Z</time>
        <extensions>
          <ns3:TrackPointExtension>
            <ns3:atemp>25.0</ns3:atemp>
            <ns3:hr>106</ns3:hr>
          </ns3:TrackPointExtension>
        </extensions>
      </trkpt>
      <trkpt lat="47.76099731214344501495361328125" lon="11.5670325793325901031494140625">
        <ele>693.4000244140625</ele>
        <time>2024-03-31T05:01:40.000Z</time>
        <extensions>
          <ns3:TrackPointExtension>
            <ns3:atemp>25.0</ns3:atemp>
            <ns3:hr>106</ns3:hr>
          </ns3:TrackPointExtension>
        </extensions>
      </trkpt>
      <trkpt lat="47.76110895909368991851806640625" lon="11.5669008158147335052490234375">
        <ele>693.20001220703125</ele>
        <time>2024-03-31T05:01:45.000Z</time>
        <extensions>
          <ns3:TrackPointExtension>
            <ns3:atemp>24.0</ns3:atemp>
            <ns3:hr>105</ns3:hr>
          </ns3:TrackPointExtension>
        </extensions>
      </trkpt>
      <trkpt lat="47.7611566521227359771728515625" lon="11.56681439839303493499755859375">
        <ele>693.20001220703125</ele>
        <time>2024-03-31T05:01:48.000Z</time>
        <extensions>
          <ns3:TrackPointExtension>
            <ns3:atemp>24.0</ns3:atemp>
            <ns3:hr>102</ns3:hr>
          </ns3:TrackPointExtension>
        </extensions>
      </trkpt>
      <trkpt lat="47.76128590106964111328125" lon="11.56662949360907077789306640625">
        <ele>693.5999755859375</ele>
        <time>2024-03-31T05:01:56.000Z</time>
        <extensions>
          <ns3:TrackPointExtension>
            <ns3:atemp>24.0</ns3:atemp>
            <ns3:hr>101</ns3:hr>
          </ns3:TrackPointExtension>
        </extensions>
      </trkpt>
      <trkpt lat="47.76130559854209423065185546875" lon="11.5666114725172519683837890625">
        <ele>693.79998779296875</ele>
        <time>2024-03-31T05:01:57.000Z</time>
        <extensions>
          <ns3:TrackPointExtension>
            <ns3:atemp>24.0</ns3:atemp>
            <ns3:hr>104</ns3:hr>
          </ns3:TrackPointExtension>
        </extensions>
      </trkpt>
      <trkpt lat="47.761345915496349334716796875" lon="11.56656746752560138702392578125">
        <ele>694.4000244140625</ele>
        <time>2024-03-31T05:01:59.000Z</time>
        <extensions>
          <ns3:TrackPointExtension>
            <ns3:atemp>24.0</ns3:atemp>
            <ns3:hr>101</ns3:hr>
          </ns3:TrackPointExtension>
        </extensions>
      </trkpt>
      <trkpt lat="47.7613749168813228607177734375" lon="11.56652572564780712127685546875">
        <ele>694.5999755859375</ele>
        <time>2024-03-31T05:02:01.000Z</time>
        <extensions>
          <ns3:TrackPointExtension>
            <ns3:atemp>24.0</ns3:atemp>
            <ns3:hr>101</ns3:hr>
          </ns3:TrackPointExtension>
        </extensions>
      </trkpt>
      <trkpt lat="47.7613930217921733856201171875" lon="11.56649085693061351776123046875">
        <ele>694.4000244140625</ele>
        <time>2024-03-31T05:02:02.000Z</time>
        <extensions>
          <ns3:TrackPointExtension>
            <ns3:atemp>24.0</ns3:atemp>
            <ns3:hr>100</ns3:hr>
          </ns3:TrackPointExtension>
        </extensions>
      </trkpt>
      <trkpt lat="47.7615227736532688140869140625" lon="11.56621241010725498199462890625">
        <ele>693.79998779296875</ele>
        <time>2024-03-31T05:02:10.000Z</time>
        <extensions>
          <ns3:TrackPointExtension>
            <ns3:atemp>24.0</ns3:atemp>
            <ns3:hr>102</ns3:hr>
          </ns3:TrackPointExtension>
        </extensions>
      </trkpt>
      <trkpt lat="47.761605419218540191650390625" lon="11.566083244979381561279296875">
        <ele>694</ele>
        <time>2024-03-31T05:02:14.000Z</time>
        <extensions>
          <ns3:TrackPointExtension>
            <ns3:atemp>24.0</ns3:atemp>
            <ns3:hr>99</ns3:hr>
          </ns3:TrackPointExtension>
        </extensions>
      </trkpt>
      <trkpt lat="47.76164355687797069549560546875" lon="11.56599246896803379058837890625">
        <ele>694.4000244140625</ele>
        <time>2024-03-31T05:02:17.000Z</time>
        <extensions>
          <ns3:TrackPointExtension>
            <ns3:atemp>23.0</ns3:atemp>
            <ns3:hr>99</ns3:hr>
          </ns3:TrackPointExtension>
        </extensions>
      </trkpt>
      <trkpt lat="47.76167507283389568328857421875" lon="11.5659110806882381439208984375">
        <ele>694.5999755859375</ele>
        <time>2024-03-31T05:02:19.000Z</time>
        <extensions>
          <ns3:TrackPointExtension>
            <ns3:atemp>23.0</ns3:atemp>
            <ns3:hr>98</ns3:hr>
          </ns3:TrackPointExtension>
        </extensions>
      </trkpt>
      <trkpt lat="47.76172536425292491912841796875" lon="11.56576012261211872100830078125">
        <ele>695</ele>
        <time>2024-03-31T05:02:23.000Z</time>
        <extensions>
          <ns3:TrackPointExtension>
            <ns3:atemp>23.0</ns3:atemp>
            <ns3:hr>95</ns3:hr>
          </ns3:TrackPointExtension>
        </extensions>
      </trkpt>
      <trkpt lat="47.7617378532886505126953125" lon="11.56571653671562671661376953125">
        <ele>695</ele>
        <time>2024-03-31T05:02:24.000Z</time>
        <extensions>
          <ns3:TrackPointExtension>
            <ns3:atemp>23.0</ns3:atemp>
            <ns3:hr>96</ns3:hr>
          </ns3:TrackPointExtension>
        </extensions>
      </trkpt>
      <trkpt lat="47.76177397929131984710693359375" lon="11.56548117287456989288330078125">
        <ele>694.79998779296875</ele>
        <time>2024-03-31T05:02:30.000Z</time>
        <extensions>
          <ns3:TrackPointExtension>
            <ns3:atemp>23.0</ns3:atemp>
            <ns3:hr>99</ns3:hr>
          </ns3:TrackPointExtension>
        </extensions>
      </trkpt>
      <trkpt lat="47.76177833788096904754638671875" lon="11.565441191196441650390625">
        <ele>694.79998779296875</ele>
        <time>2024-03-31T05:02:31.000Z</time>
        <extensions>
          <ns3:TrackPointExtension>
            <ns3:atemp>23.0</ns3:atemp>
            <ns3:hr>99</ns3:hr>
          </ns3:TrackPointExtension>
        </extensions>
      </trkpt>
      <trkpt lat="47.761805914342403411865234375" lon="11.56530733220279216766357421875">
        <ele>694.5999755859375</ele>
        <time>2024-03-31T05:02:35.000Z</time>
        <extensions>
          <ns3:TrackPointExtension>
            <ns3:atemp>23.0</ns3:atemp>
            <ns3:hr>98</ns3:hr>
          </ns3:TrackPointExtension>
        </extensions>
      </trkpt>
      <trkpt lat="47.7618275396525859832763671875" lon="11.565184704959392547607421875">
        <ele>694.4000244140625</ele>
        <time>2024-03-31T05:02:38.000Z</time>
        <extensions>
          <ns3:TrackPointExtension>
            <ns3:atemp>23.0</ns3:atemp>
            <ns3:hr>98</ns3:hr>
          </ns3:TrackPointExtension>
        </extensions>
      </trkpt>
      <trkpt lat="47.7618476562201976776123046875" lon="11.5650715492665767669677734375">
        <ele>694.20001220703125</ele>
        <time>2024-03-31T05:02:41.000Z</time>
        <extensions>
          <ns3:TrackPointExtension>
            <ns3:atemp>23.0</ns3:atemp>
            <ns3:hr>96</ns3:hr>
          </ns3:TrackPointExtension>
        </extensions>
      </trkpt>
      <trkpt lat="47.76184237562119960784912109375" lon="11.5650348365306854248046875">
        <ele>694.20001220703125</ele>
        <time>2024-03-31T05:02:42.000Z</time>
        <extensions>
          <ns3:TrackPointExtension>
            <ns3:atemp>23.0</ns3:atemp>
            <ns3:hr>97</ns3:hr>
          </ns3:TrackPointExtension>
        </extensions>
      </trkpt>
      <trkpt lat="47.7618057467043399810791015625" lon="11.5649377740919589996337890625">
        <ele>694</ele>
        <time>2024-03-31T05:02:45.000Z</time>
        <extensions>
          <ns3:TrackPointExtension>
            <ns3:atemp>23.0</ns3:atemp>
            <ns3:hr>97</ns3:hr>
          </ns3:TrackPointExtension>
        </extensions>
      </trkpt>
      <trkpt lat="47.76165629737079143524169921875" lon="11.56455866061151027679443359375">
        <ele>693.5999755859375</ele>
        <time>2024-03-31T05:02:55.000Z</time>
        <extensions>
          <ns3:TrackPointExtension>
            <ns3:atemp>23.0</ns3:atemp>
            <ns3:hr>98</ns3:hr>
          </ns3:TrackPointExtension>
        </extensions>
      </trkpt>
      <trkpt lat="47.7615603245794773101806640625" lon="11.56434123404324054718017578125">
        <ele>693.20001220703125</ele>
        <time>2024-03-31T05:03:01.000Z</time>
        <extensions>
          <ns3:TrackPointExtension>
            <ns3:atemp>22.0</ns3:atemp>
            <ns3:hr>95</ns3:hr>
          </ns3:TrackPointExtension>
        </extensions>
      </trkpt>
      <trkpt lat="47.76153308339416980743408203125" lon="11.56428515911102294921875">
        <ele>693.20001220703125</ele>
        <time>2024-03-31T05:03:03.000Z</time>
        <extensions>
          <ns3:TrackPointExtension>
            <ns3:atemp>22.0</ns3:atemp>
            <ns3:hr>95</ns3:hr>
          </ns3:TrackPointExtension>
        </extensions>
      </trkpt>
      <trkpt lat="47.76152151636779308319091796875" lon="11.56424827873706817626953125">
        <ele>693</ele>
        <time>2024-03-31T05:03:04.000Z</time>
        <extensions>
          <ns3:TrackPointExtension>
            <ns3:atemp>22.0</ns3:atemp>
            <ns3:hr>92</ns3:hr>
          </ns3:TrackPointExtension>
        </extensions>
      </trkpt>
      <trkpt lat="47.76150860823690891265869140625" lon="11.564212739467620849609375">
        <ele>693</ele>
        <time>2024-03-31T05:03:05.000Z</time>
        <extensions>
          <ns3:TrackPointExtension>
            <ns3:atemp>22.0</ns3:atemp>
            <ns3:hr>95</ns3:hr>
          </ns3:TrackPointExtension>
        </extensions>
      </trkpt>
      <trkpt lat="47.76149444282054901123046875" lon="11.56417929567396640777587890625">
        <ele>693</ele>
        <time>2024-03-31T05:03:06.000Z</time>
        <extensions>
          <ns3:TrackPointExtension>
            <ns3:atemp>22.0</ns3:atemp>
            <ns3:hr>95</ns3:hr>
          </ns3:TrackPointExtension>
        </extensions>
      </trkpt>
      <trkpt lat="47.761464603245258331298828125" lon="11.56410436145961284637451171875">
        <ele>692.79998779296875</ele>
        <time>2024-03-31T05:03:08.000Z</time>
        <extensions>
          <ns3:TrackPointExtension>
            <ns3:atemp>22.0</ns3:atemp>
            <ns3:hr>95</ns3:hr>
          </ns3:TrackPointExtension>
        </extensions>
      </trkpt>
      <trkpt lat="47.7613504417240619659423828125" lon="11.5638769604265689849853515625">
        <ele>692.20001220703125</ele>
        <time>2024-03-31T05:03:14.000Z</time>
        <extensions>
          <ns3:TrackPointExtension>
            <ns3:atemp>22.0</ns3:atemp>
            <ns3:hr>94</ns3:hr>
          </ns3:TrackPointExtension>
        </extensions>
      </trkpt>
      <trkpt lat="47.76127492077648639678955078125" lon="11.5637217275798320770263671875">
        <ele>691.79998779296875</ele>
        <time>2024-03-31T05:03:18.000Z</time>
        <extensions>
          <ns3:TrackPointExtension>
            <ns3:atemp>22.0</ns3:atemp>
            <ns3:hr>94</ns3:hr>
          </ns3:TrackPointExtension>
        </extensions>
      </trkpt>
      <trkpt lat="47.76125463657081127166748046875" lon="11.5636838413774967193603515625">
        <ele>691.5999755859375</ele>
        <time>2024-03-31T05:03:19.000Z</time>
        <extensions>
          <ns3:TrackPointExtension>
            <ns3:atemp>22.0</ns3:atemp>
            <ns3:hr>94</ns3:hr>
          </ns3:TrackPointExtension>
        </extensions>
      </trkpt>
      <trkpt lat="47.7611288242042064666748046875" lon="11.56347739510238170623779296875">
        <ele>691</ele>
        <time>2024-03-31T05:03:25.000Z</time>
        <extensions>
          <ns3:TrackPointExtension>
            <ns3:atemp>22.0</ns3:atemp>
            <ns3:hr>93</ns3:hr>
          </ns3:TrackPointExtension>
        </extensions>
      </trkpt>
      <trkpt lat="47.7611053548753261566162109375" lon="11.56344629824161529541015625">
        <ele>690.79998779296875</ele>
        <time>2024-03-31T05:03:26.000Z</time>
        <extensions>
          <ns3:TrackPointExtension>
            <ns3:atemp>22.0</ns3:atemp>
            <ns3:hr>93</ns3:hr>
          </ns3:TrackPointExtension>
        </extensions>
      </trkpt>
      <trkpt lat="47.761042155325412750244140625" lon="11.563323251903057098388671875">
        <ele>690.20001220703125</ele>
        <time>2024-03-31T05:03:30.000Z</time>
        <extensions>
          <ns3:TrackPointExtension>
            <ns3:atemp>22.0</ns3:atemp>
            <ns3:hr>91</ns3:hr>
          </ns3:TrackPointExtension>
        </extensions>
      </trkpt>
      <trkpt lat="47.7610279060900211334228515625" lon="11.5632965974509716033935546875">
        <ele>690</ele>
        <time>2024-03-31T05:03:31.000Z</time>
        <extensions>
          <ns3:TrackPointExtension>
            <ns3:atemp>22.0</ns3:atemp>
            <ns3:hr>94</ns3:hr>
          </ns3:TrackPointExtension>
        </extensions>
      </trkpt>
      <trkpt lat="47.76096311397850513458251953125" lon="11.5631792508065700531005859375">
        <ele>689.5999755859375</ele>
        <time>2024-03-31T05:03:35.000Z</time>
        <extensions>
          <ns3:TrackPointExtension>
            <ns3:atemp>22.0</ns3:atemp>
            <ns3:hr>94</ns3:hr>
          </ns3:TrackPointExtension>
        </extensions>
      </trkpt>
      <trkpt lat="47.7608994953334331512451171875" lon="11.56306567601859569549560546875">
        <ele>689.5999755859375</ele>
        <time>2024-03-31T05:03:39.000Z</time>
        <extensions>
          <ns3:TrackPointExtension>
            <ns3:atemp>21.0</ns3:atemp>
            <ns3:hr>96</ns3:hr>
          </ns3:TrackPointExtension>
        </extensions>
      </trkpt>
      <trkpt lat="47.7608595974743366241455078125" lon="11.563020162284374237060546875">
        <ele>689.5999755859375</ele>
        <time>2024-03-31T05:03:41.000Z</time>
        <extensions>
          <ns3:TrackPointExtension>
            <ns3:atemp>21.0</ns3:atemp>
            <ns3:hr>93</ns3:hr>
          </ns3:TrackPointExtension>
        </extensions>
      </trkpt>
      <trkpt lat="47.76080754585564136505126953125" lon="11.5628821961581707000732421875">
        <ele>689.4000244140625</ele>
        <time>2024-03-31T05:03:45.000Z</time>
        <extensions>
          <ns3:TrackPointExtension>
            <ns3:atemp>21.0</ns3:atemp>
            <ns3:hr>92</ns3:hr>
          </ns3:TrackPointExtension>
        </extensions>
      </trkpt>
      <trkpt lat="47.76078240014612674713134765625" lon="11.5628077648580074310302734375">
        <ele>689.20001220703125</ele>
        <time>2024-03-31T05:03:47.000Z</time>
        <extensions>
          <ns3:TrackPointExtension>
            <ns3:atemp>21.0</ns3:atemp>
            <ns3:hr>89</ns3:hr>
          </ns3:TrackPointExtension>
        </extensions>
      </trkpt>
      <trkpt lat="47.76075658388435840606689453125" lon="11.5627360157668590545654296875">
        <ele>689.20001220703125</ele>
        <time>2024-03-31T05:03:49.000Z</time>
        <extensions>
          <ns3:TrackPointExtension>
            <ns3:atemp>21.0</ns3:atemp>
            <ns3:hr>92</ns3:hr>
          </ns3:TrackPointExtension>
        </extensions>
      </trkpt>
      <trkpt lat="47.760741412639617919921875" lon="11.56265563331544399261474609375">
        <ele>688.79998779296875</ele>
        <time>2024-03-31T05:03:51.000Z</time>
        <extensions>
          <ns3:TrackPointExtension>
            <ns3:atemp>21.0</ns3:atemp>
            <ns3:hr>92</ns3:hr>
          </ns3:TrackPointExtension>
        </extensions>
      </trkpt>
      <trkpt lat="47.7607409097254276275634765625" lon="11.56267541460692882537841796875">
        <ele>688.5999755859375</ele>
        <time>2024-03-31T05:03:53.000Z</time>
        <extensions>
          <ns3:TrackPointExtension>
            <ns3:atemp>21.0</ns3:atemp>
            <ns3:hr>94</ns3:hr>
          </ns3:TrackPointExtension>
        </extensions>
      </trkpt>
      <trkpt lat="47.76074082590639591217041015625" lon="11.56266887672245502471923828125">
        <ele>688.4000244140625</ele>
        <time>2024-03-31T05:03:54.000Z</time>
        <extensions>
          <ns3:TrackPointExtension>
            <ns3:atemp>21.0</ns3:atemp>
            <ns3:hr>92</ns3:hr>
          </ns3:TrackPointExtension>
        </extensions>
      </trkpt>
      <trkpt lat="47.76071802712976932525634765625" lon="11.562623195350170135498046875">
        <ele>688</ele>
        <time>2024-03-31T05:03:56.000Z</time>
        <extensions>
          <ns3:TrackPointExtension>
            <ns3:atemp>21.0</ns3:atemp>
            <ns3:hr>93</ns3:hr>
          </ns3:TrackPointExtension>
        </extensions>
      </trkpt>
      <trkpt lat="47.76072791777551174163818359375" lon="11.56258740462362766265869140625">
        <ele>688</ele>
        <time>2024-03-31T05:03:57.000Z</time>
        <extensions>
          <ns3:TrackPointExtension>
            <ns3:atemp>21.0</ns3:atemp>
            <ns3:hr>93</ns3:hr>
          </ns3:TrackPointExtension>
        </extensions>
      </trkpt>
      <trkpt lat="47.76074937544763088226318359375" lon="11.56246335245668888092041015625">
        <ele>687.5999755859375</ele>
        <time>2024-03-31T05:04:01.000Z</time>
        <extensions>
          <ns3:TrackPointExtension>
            <ns3:atemp>21.0</ns3:atemp>
            <ns3:hr>93</ns3:hr>
          </ns3:TrackPointExtension>
        </extensions>
      </trkpt>
      <trkpt lat="47.76077158749103546142578125" lon="11.56239780597388744354248046875">
        <ele>687.4000244140625</ele>
        <time>2024-03-31T05:04:03.000Z</time>
        <extensions>
          <ns3:TrackPointExtension>
            <ns3:atemp>21.0</ns3:atemp>
            <ns3:hr>91</ns3:hr>
          </ns3:TrackPointExtension>
        </extensions>
      </trkpt>
      <trkpt lat="47.76082263328135013580322265625" lon="11.56227928586304187774658203125">
        <ele>687.4000244140625</ele>
        <time>2024-03-31T05:04:06.000Z</time>
        <extensions>
          <ns3:TrackPointExtension>
            <ns3:atemp>21.0</ns3:atemp>
            <ns3:hr>93</ns3:hr>
          </ns3:TrackPointExtension>
        </extensions>
      </trkpt>
      <trkpt lat="47.76084844954311847686767578125" lon="11.5622039325535297393798828125">
        <ele>687</ele>
        <time>2024-03-31T05:04:08.000Z</time>
        <extensions>
          <ns3:TrackPointExtension>
            <ns3:atemp>21.0</ns3:atemp>
            <ns3:hr>93</ns3:hr>
          </ns3:TrackPointExtension>
        </extensions>
      </trkpt>
      <trkpt lat="47.7608716674149036407470703125" lon="11.56210251152515411376953125">
        <ele>687</ele>
        <time>2024-03-31T05:04:10.000Z</time>
        <extensions>
          <ns3:TrackPointExtension>
            <ns3:atemp>21.0</ns3:atemp>
            <ns3:hr>93</ns3:hr>
          </ns3:TrackPointExtension>
        </extensions>
      </trkpt>
      <trkpt lat="47.76091617532074451446533203125" lon="11.5620061196386814117431640625">
        <ele>686.5999755859375</ele>
        <time>2024-03-31T05:04:12.000Z</time>
        <extensions>
          <ns3:TrackPointExtension>
            <ns3:atemp>21.0</ns3:atemp>
            <ns3:hr>94</ns3:hr>
          </ns3:TrackPointExtension>
        </extensions>
      </trkpt>
      <trkpt lat="47.76091584004461765289306640625" lon="11.56192674301564693450927734375">
        <ele>686.20001220703125</ele>
        <time>2024-03-31T05:04:14.000Z</time>
        <extensions>
          <ns3:TrackPointExtension>
            <ns3:atemp>21.0</ns3:atemp>
            <ns3:hr>94</ns3:hr>
          </ns3:TrackPointExtension>
        </extensions>
      </trkpt>
      <trkpt lat="47.7609256468713283538818359375" lon="11.5618807263672351837158203125">
        <ele>686</ele>
        <time>2024-03-31T05:04:15.000Z</time>
        <extensions>
          <ns3:TrackPointExtension>
            <ns3:atemp>21.0</ns3:atemp>
            <ns3:hr>94</ns3:hr>
          </ns3:TrackPointExtension>
        </extensions>
      </trkpt>
      <trkpt lat="47.7609541453421115875244140625" lon="11.56183990649878978729248046875">
        <ele>686</ele>
        <time>2024-03-31T05:04:16.000Z</time>
        <extensions>
          <ns3:TrackPointExtension>
            <ns3:atemp>21.0</ns3:atemp>
            <ns3:hr>94</ns3:hr>
          </ns3:TrackPointExtension>
        </extensions>
      </trkpt>
      <trkpt lat="47.76098306290805339813232421875" lon="11.56180554069578647613525390625">
        <ele>686</ele>
        <time>2024-03-31T05:04:17.000Z</time>
        <extensions>
          <ns3:TrackPointExtension>
            <ns3:atemp>21.0</ns3:atemp>
            <ns3:hr>94</ns3:hr>
          </ns3:TrackPointExtension>
        </extensions>
      </trkpt>
      <trkpt lat="47.7610136568546295166015625" lon="11.56176815740764141082763671875">
        <ele>685.79998779296875</ele>
        <time>2024-03-31T05:04:18.000Z</time>
        <extensions>
          <ns3:TrackPointExtension>
            <ns3:atemp>21.0</ns3:atemp>
            <ns3:hr>94</ns3:hr>
          </ns3:TrackPointExtension>
        </extensions>
      </trkpt>
      <trkpt lat="47.76107207871973514556884765625" lon="11.56169607304036617279052734375">
        <ele>685.4000244140625</ele>
        <time>2024-03-31T05:04:20.000Z</time>
        <extensions>
          <ns3:TrackPointExtension>
            <ns3:atemp>21.0</ns3:atemp>
            <ns3:hr>94</ns3:hr>
          </ns3:TrackPointExtension>
        </extensions>
      </trkpt>
      <trkpt lat="47.7611338533461093902587890625" lon="11.56157009303569793701171875">
        <ele>685</ele>
        <time>2024-03-31T05:04:23.000Z</time>
        <extensions>
          <ns3:TrackPointExtension>
            <ns3:atemp>21.0</ns3:atemp>
            <ns3:hr>96</ns3:hr>
          </ns3:TrackPointExtension>
        </extensions>
      </trkpt>
      <trkpt lat="47.76113544590771198272705078125" lon="11.56153514049947261810302734375">
        <ele>685</ele>
        <time>2024-03-31T05:04:24.000Z</time>
        <extensions>
          <ns3:TrackPointExtension>
            <ns3:atemp>21.0</ns3:atemp>
            <ns3:hr>97</ns3:hr>
          </ns3:TrackPointExtension>
        </extensions>
      </trkpt>
      <trkpt lat="47.76114131323993206024169921875" lon="11.56139918603003025054931640625">
        <ele>684.4000244140625</ele>
        <time>2024-03-31T05:04:27.000Z</time>
        <extensions>
          <ns3:TrackPointExtension>
            <ns3:atemp>21.0</ns3:atemp>
            <ns3:hr>96</ns3:hr>
          </ns3:TrackPointExtension>
        </extensions>
      </trkpt>
      <trkpt lat="47.761111892759799957275390625" lon="11.561211012303829193115234375">
        <ele>683.79998779296875</ele>
        <time>2024-03-31T05:04:31.000Z</time>
        <extensions>
          <ns3:TrackPointExtension>
            <ns3:atemp>20.0</ns3:atemp>
            <ns3:hr>97</ns3:hr>
          </ns3:TrackPointExtension>
        </extensions>
      </trkpt>
      <trkpt lat="47.76107593439519405364990234375" lon="11.5609372593462467193603515625">
        <ele>683.4000244140625</ele>
        <time>2024-03-31T05:04:37.000Z</time>
        <extensions>
          <ns3:TrackPointExtension>
            <ns3:atemp>20.0</ns3:atemp>
            <ns3:hr>98</ns3:hr>
          </ns3:TrackPointExtension>
        </extensions>
      </trkpt>
      <trkpt lat="47.76105615310370922088623046875" lon="11.5608961880207061767578125">
        <ele>683.20001220703125</ele>
        <time>2024-03-31T05:04:38.000Z</time>
        <extensions>
          <ns3:TrackPointExtension>
            <ns3:atemp>20.0</ns3:atemp>
            <ns3:hr>98</ns3:hr>
          </ns3:TrackPointExtension>
        </extensions>
      </trkpt>
      <trkpt lat="47.761023379862308502197265625" lon="11.56069560907781124114990234375">
        <ele>682.5999755859375</ele>
        <time>2024-03-31T05:04:43.000Z</time>
        <extensions>
          <ns3:TrackPointExtension>
            <ns3:atemp>20.0</ns3:atemp>
            <ns3:hr>99</ns3:hr>
          </ns3:TrackPointExtension>
        </extensions>
      </trkpt>
      <trkpt lat="47.7610305882990360260009765625" lon="11.560627631843090057373046875">
        <ele>682.20001220703125</ele>
        <time>2024-03-31T05:04:45.000Z</time>
        <extensions>
          <ns3:TrackPointExtension>
            <ns3:atemp>20.0</ns3:atemp>
            <ns3:hr>99</ns3:hr>
          </ns3:TrackPointExtension>
        </extensions>
      </trkpt>
      <trkpt lat="47.76103620417416095733642578125" lon="11.5605986304581165313720703125">
        <ele>682</ele>
        <time>2024-03-31T05:04:46.000Z</time>
        <extensions>
          <ns3:TrackPointExtension>
            <ns3:atemp>20.0</ns3:atemp>
            <ns3:hr>98</ns3:hr>
          </ns3:TrackPointExtension>
        </extensions>
      </trkpt>
      <trkpt lat="47.76106084696948528289794921875" lon="11.560524366796016693115234375">
        <ele>681.5999755859375</ele>
        <time>2024-03-31T05:04:48.000Z</time>
        <extensions>
          <ns3:TrackPointExtension>
            <ns3:atemp>20.0</ns3:atemp>
            <ns3:hr>98</ns3:hr>
          </ns3:TrackPointExtension>
        </extensions>
      </trkpt>
      <trkpt lat="47.761089764535427093505859375" lon="11.56034574843943119049072265625">
        <ele>681</ele>
        <time>2024-03-31T05:04:52.000Z</time>
        <extensions>
          <ns3:TrackPointExtension>
            <ns3:atemp>20.0</ns3:atemp>
            <ns3:hr>97</ns3:hr>
          </ns3:TrackPointExtension>
        </extensions>
      </trkpt>
      <trkpt lat="47.7610731683671474456787109375" lon="11.5602685511112213134765625">
        <ele>680.5999755859375</ele>
        <time>2024-03-31T05:04:54.000Z</time>
        <extensions>
          <ns3:TrackPointExtension>
            <ns3:atemp>20.0</ns3:atemp>
            <ns3:hr>98</ns3:hr>
          </ns3:TrackPointExtension>
        </extensions>
      </trkpt>
      <trkpt lat="47.761041484773159027099609375" lon="11.56014206819236278533935546875">
        <ele>679.5999755859375</ele>
        <time>2024-03-31T05:04:57.000Z</time>
        <extensions>
          <ns3:TrackPointExtension>
            <ns3:atemp>20.0</ns3:atemp>
            <ns3:hr>98</ns3:hr>
          </ns3:TrackPointExtension>
        </extensions>
      </trkpt>
      <trkpt lat="47.76103980839252471923828125" lon="11.56010032631456851959228515625">
        <ele>679.4000244140625</ele>
        <time>2024-03-31T05:04:58.000Z</time>
        <extensions>
          <ns3:TrackPointExtension>
            <ns3:atemp>20.0</ns3:atemp>
            <ns3:hr>95</ns3:hr>
          </ns3:TrackPointExtension>
        </extensions>
      </trkpt>
      <trkpt lat="47.76103754527866840362548828125" lon="11.56001348979771137237548828125">
        <ele>678.79998779296875</ele>
        <time>2024-03-31T05:05:00.000Z</time>
        <extensions>
          <ns3:TrackPointExtension>
            <ns3:atemp>20.0</ns3:atemp>
            <ns3:hr>98</ns3:hr>
          </ns3:TrackPointExtension>
        </extensions>
      </trkpt>
      <trkpt lat="47.76103637181222438812255859375" lon="11.559959091246128082275390625">
        <ele>678.5999755859375</ele>
        <time>2024-03-31T05:05:01.000Z</time>
        <extensions>
          <ns3:TrackPointExtension>
            <ns3:atemp>20.0</ns3:atemp>
            <ns3:hr>99</ns3:hr>
          </ns3:TrackPointExtension>
        </extensions>
      </trkpt>
      <trkpt lat="47.76103846728801727294921875" lon="11.55991625972092151641845703125">
        <ele>678.4000244140625</ele>
        <time>2024-03-31T05:05:02.000Z</time>
        <extensions>
          <ns3:TrackPointExtension>
            <ns3:atemp>20.0</ns3:atemp>
            <ns3:hr>97</ns3:hr>
          </ns3:TrackPointExtension>
        </extensions>
      </trkpt>
      <trkpt lat="47.76109504513442516326904296875" lon="11.559684164822101593017578125">
        <ele>677.20001220703125</ele>
        <time>2024-03-31T05:05:07.000Z</time>
        <extensions>
          <ns3:TrackPointExtension>
            <ns3:atemp>20.0</ns3:atemp>
            <ns3:hr>97</ns3:hr>
          </ns3:TrackPointExtension>
        </extensions>
      </trkpt>
      <trkpt lat="47.761109210550785064697265625" lon="11.5595143474638462066650390625">
        <ele>676</ele>
        <time>2024-03-31T05:05:12.000Z</time>
        <extensions>
          <ns3:TrackPointExtension>
            <ns3:atemp>20.0</ns3:atemp>
            <ns3:hr>96</ns3:hr>
          </ns3:TrackPointExtension>
        </extensions>
      </trkpt>
      <trkpt lat="47.761121951043605804443359375" lon="11.5593949891626834869384765625">
        <ele>675.4000244140625</ele>
        <time>2024-03-31T05:05:15.000Z</time>
        <extensions>
          <ns3:TrackPointExtension>
            <ns3:atemp>20.0</ns3:atemp>
            <ns3:hr>97</ns3:hr>
          </ns3:TrackPointExtension>
        </extensions>
      </trkpt>
      <trkpt lat="47.7611248008906841278076171875" lon="11.55934276990592479705810546875">
        <ele>675</ele>
        <time>2024-03-31T05:05:16.000Z</time>
        <extensions>
          <ns3:TrackPointExtension>
            <ns3:atemp>20.0</ns3:atemp>
            <ns3:hr>96</ns3:hr>
          </ns3:TrackPointExtension>
        </extensions>
      </trkpt>
      <trkpt lat="47.7611236274242401123046875" lon="11.55917177908122539520263671875">
        <ele>674.20001220703125</ele>
        <time>2024-03-31T05:05:20.000Z</time>
        <extensions>
          <ns3:TrackPointExtension>
            <ns3:atemp>20.0</ns3:atemp>
            <ns3:hr>96</ns3:hr>
          </ns3:TrackPointExtension>
        </extensions>
      </trkpt>
      <trkpt lat="47.76109923608601093292236328125" lon="11.55904605053365230560302734375">
        <ele>674</ele>
        <time>2024-03-31T05:05:23.000Z</time>
        <extensions>
          <ns3:TrackPointExtension>
            <ns3:atemp>20.0</ns3:atemp>
            <ns3:hr>95</ns3:hr>
          </ns3:TrackPointExtension>
        </extensions>
      </trkpt>
      <trkpt lat="47.7610751800239086151123046875" lon="11.5589081682264804840087890625">
        <ele>673.4000244140625</ele>
        <time>2024-03-31T05:05:27.000Z</time>
        <extensions>
          <ns3:TrackPointExtension>
            <ns3:atemp>19.0</ns3:atemp>
            <ns3:hr>96</ns3:hr>
          </ns3:TrackPointExtension>
        </extensions>
      </trkpt>
      <trkpt lat="47.76104877702891826629638671875" lon="11.55877732671797275543212890625">
        <ele>673.20001220703125</ele>
        <time>2024-03-31T05:05:32.000Z</time>
        <extensions>
          <ns3:TrackPointExtension>
            <ns3:atemp>19.0</ns3:atemp>
            <ns3:hr>92</ns3:hr>
          </ns3:TrackPointExtension>
        </extensions>
      </trkpt>
      <trkpt lat="47.7610295824706554412841796875" lon="11.558629386126995086669921875">
        <ele>673.4000244140625</ele>
        <time>2024-03-31T05:05:40.000Z</time>
        <extensions>
          <ns3:TrackPointExtension>
            <ns3:atemp>19.0</ns3:atemp>
            <ns3:hr>93</ns3:hr>
          </ns3:TrackPointExtension>
        </extensions>
      </trkpt>
      <trkpt lat="47.76102312840521335601806640625" lon="11.55850977636873722076416015625">
        <ele>673.20001220703125</ele>
        <time>2024-03-31T05:05:43.000Z</time>
        <extensions>
          <ns3:TrackPointExtension>
            <ns3:atemp>19.0</ns3:atemp>
            <ns3:hr>96</ns3:hr>
          </ns3:TrackPointExtension>
        </extensions>
      </trkpt>
      <trkpt lat="47.76102497242391109466552734375" lon="11.55843802727758884429931640625">
        <ele>672.79998779296875</ele>
        <time>2024-03-31T05:05:45.000Z</time>
        <extensions>
          <ns3:TrackPointExtension>
            <ns3:atemp>19.0</ns3:atemp>
            <ns3:hr>98</ns3:hr>
          </ns3:TrackPointExtension>
        </extensions>
      </trkpt>
      <trkpt lat="47.76099831797182559967041015625" lon="11.55821506865322589874267578125">
        <ele>672.4000244140625</ele>
        <time>2024-03-31T05:05:51.000Z</time>
        <extensions>
          <ns3:TrackPointExtension>
            <ns3:atemp>19.0</ns3:atemp>
            <ns3:hr>98</ns3:hr>
          </ns3:TrackPointExtension>
        </extensions>
      </trkpt>
      <trkpt lat="47.76098750531673431396484375" lon="11.55817173421382904052734375">
        <ele>672.5999755859375</ele>
        <time>2024-03-31T05:05:53.000Z</time>
        <extensions>
          <ns3:TrackPointExtension>
            <ns3:atemp>19.0</ns3:atemp>
            <ns3:hr>96</ns3:hr>
          </ns3:TrackPointExtension>
        </extensions>
      </trkpt>
      <trkpt lat="47.7609631977975368499755859375" lon="11.55810560099780559539794921875">
        <ele>672.79998779296875</ele>
        <time>2024-03-31T05:05:56.000Z</time>
        <extensions>
          <ns3:TrackPointExtension>
            <ns3:atemp>19.0</ns3:atemp>
            <ns3:hr>98</ns3:hr>
          </ns3:TrackPointExtension>
        </extensions>
      </trkpt>
      <trkpt lat="47.76090594939887523651123046875" lon="11.5579653717577457427978515625">
        <ele>672.4000244140625</ele>
        <time>2024-03-31T05:06:02.000Z</time>
        <extensions>
          <ns3:TrackPointExtension>
            <ns3:atemp>19.0</ns3:atemp>
            <ns3:hr>95</ns3:hr>
          </ns3:TrackPointExtension>
        </extensions>
      </trkpt>
      <trkpt lat="47.760897986590862274169921875" lon="11.5578974783420562744140625">
        <ele>672</ele>
        <time>2024-03-31T05:06:04.000Z</time>
        <extensions>
          <ns3:TrackPointExtension>
            <ns3:atemp>19.0</ns3:atemp>
            <ns3:hr>93</ns3:hr>
          </ns3:TrackPointExtension>
        </extensions>
      </trkpt>
      <trkpt lat="47.76089203543961048126220703125" lon="11.55781424604356288909912109375">
        <ele>671.79998779296875</ele>
        <time>2024-03-31T05:06:06.000Z</time>
        <extensions>
          <ns3:TrackPointExtension>
            <ns3:atemp>19.0</ns3:atemp>
            <ns3:hr>90</ns3:hr>
          </ns3:TrackPointExtension>
        </extensions>
      </trkpt>
      <trkpt lat="47.760863117873668670654296875" lon="11.55767418444156646728515625">
        <ele>671.4000244140625</ele>
        <time>2024-03-31T05:06:10.000Z</time>
        <extensions>
          <ns3:TrackPointExtension>
            <ns3:atemp>19.0</ns3:atemp>
            <ns3:hr>88</ns3:hr>
          </ns3:TrackPointExtension>
        </extensions>
      </trkpt>
      <trkpt lat="47.7608143351972103118896484375" lon="11.55752171762287616729736328125">
        <ele>670.5999755859375</ele>
        <time>2024-03-31T05:06:14.000Z</time>
        <extensions>
          <ns3:TrackPointExtension>
            <ns3:atemp>19.0</ns3:atemp>
            <ns3:hr>88</ns3:hr>
          </ns3:TrackPointExtension>
        </extensions>
      </trkpt>
      <trkpt lat="47.76075708679854869842529296875" lon="11.55737134627997875213623046875">
        <ele>669.79998779296875</ele>
        <time>2024-03-31T05:06:18.000Z</time>
        <extensions>
          <ns3:TrackPointExtension>
            <ns3:atemp>19.0</ns3:atemp>
            <ns3:hr>88</ns3:hr>
          </ns3:TrackPointExtension>
        </extensions>
      </trkpt>
      <trkpt lat="47.76076077483594417572021484375" lon="11.55732021667063236236572265625">
        <ele>669.5999755859375</ele>
        <time>2024-03-31T05:06:19.000Z</time>
        <extensions>
          <ns3:TrackPointExtension>
            <ns3:atemp>19.0</ns3:atemp>
            <ns3:hr>87</ns3:hr>
          </ns3:TrackPointExtension>
        </extensions>
      </trkpt>
      <trkpt lat="47.76072221808135509490966796875" lon="11.55706205405294895172119140625">
        <ele>668.5999755859375</ele>
        <time>2024-03-31T05:06:26.000Z</time>
        <extensions>
          <ns3:TrackPointExtension>
            <ns3:atemp>19.0</ns3:atemp>
            <ns3:hr>91</ns3:hr>
          </ns3:TrackPointExtension>
        </extensions>
      </trkpt>
      <trkpt lat="47.760692797601222991943359375" lon="11.55701410956680774688720703125">
        <ele>668.5999755859375</ele>
        <time>2024-03-31T05:06:28.000Z</time>
        <extensions>
          <ns3:TrackPointExtension>
            <ns3:atemp>19.0</ns3:atemp>
            <ns3:hr>92</ns3:hr>
          </ns3:TrackPointExtension>
        </extensions>
      </trkpt>
      <trkpt lat="47.760679386556148529052734375" lon="11.55698795802891254425048828125">
        <ele>668.4000244140625</ele>
        <time>2024-03-31T05:06:29.000Z</time>
        <extensions>
          <ns3:TrackPointExtension>
            <ns3:atemp>19.0</ns3:atemp>
            <ns3:hr>96</ns3:hr>
          </ns3:TrackPointExtension>
        </extensions>
      </trkpt>
      <trkpt lat="47.7606208808720111846923828125" lon="11.5568566136062145233154296875">
        <ele>668.20001220703125</ele>
        <time>2024-03-31T05:06:33.000Z</time>
        <extensions>
          <ns3:TrackPointExtension>
            <ns3:atemp>19.0</ns3:atemp>
            <ns3:hr>99</ns3:hr>
          </ns3:TrackPointExtension>
        </extensions>
      </trkpt>
      <trkpt lat="47.760593555867671966552734375" lon="11.5567878820002079010009765625">
        <ele>668.20001220703125</ele>
        <time>2024-03-31T05:06:35.000Z</time>
        <extensions>
          <ns3:TrackPointExtension>
            <ns3:atemp>19.0</ns3:atemp>
            <ns3:hr>98</ns3:hr>
          </ns3:TrackPointExtension>
        </extensions>
      </trkpt>
      <trkpt lat="47.760523147881031036376953125" lon="11.5566101856529712677001953125">
        <ele>668</ele>
        <time>2024-03-31T05:06:40.000Z</time>
        <extensions>
          <ns3:TrackPointExtension>
            <ns3:atemp>19.0</ns3:atemp>
            <ns3:hr>102</ns3:hr>
          </ns3:TrackPointExtension>
        </extensions>
      </trkpt>
      <trkpt lat="47.7604991756379604339599609375" lon="11.55653919093310832977294921875">
        <ele>667.79998779296875</ele>
        <time>2024-03-31T05:06:42.000Z</time>
        <extensions>
          <ns3:TrackPointExtension>
            <ns3:atemp>19.0</ns3:atemp>
            <ns3:hr>103</ns3:hr>
          </ns3:TrackPointExtension>
        </extensions>
      </trkpt>
      <trkpt lat="47.76046137325465679168701171875" lon="11.55643173493444919586181640625">
        <ele>667.5999755859375</ele>
        <time>2024-03-31T05:06:45.000Z</time>
        <extensions>
          <ns3:TrackPointExtension>
            <ns3:atemp>19.0</ns3:atemp>
            <ns3:hr>104</ns3:hr>
          </ns3:TrackPointExtension>
        </extensions>
      </trkpt>
      <trkpt lat="47.76037436909973621368408203125" lon="11.55621916987001895904541015625">
        <ele>667</ele>
        <time>2024-03-31T05:06:51.000Z</time>
        <extensions>
          <ns3:TrackPointExtension>
            <ns3:atemp>18.0</ns3:atemp>
            <ns3:hr>102</ns3:hr>
          </ns3:TrackPointExtension>
        </extensions>
      </trkpt>
      <trkpt lat="47.7603291906416416168212890625" lon="11.55607734806835651397705078125">
        <ele>666.5999755859375</ele>
        <time>2024-03-31T05:06:55.000Z</time>
        <extensions>
          <ns3:TrackPointExtension>
            <ns3:atemp>18.0</ns3:atemp>
            <ns3:hr>106</ns3:hr>
          </ns3:TrackPointExtension>
        </extensions>
      </trkpt>
      <trkpt lat="47.760299853980541229248046875" lon="11.556004174053668975830078125">
        <ele>666.5999755859375</ele>
        <time>2024-03-31T05:06:57.000Z</time>
        <extensions>
          <ns3:TrackPointExtension>
            <ns3:atemp>18.0</ns3:atemp>
            <ns3:hr>107</ns3:hr>
          </ns3:TrackPointExtension>
        </extensions>
      </trkpt>
      <trkpt lat="47.7602795697748661041259765625" lon="11.55586277134716510772705078125">
        <ele>666.20001220703125</ele>
        <time>2024-03-31T05:07:01.000Z</time>
        <extensions>
          <ns3:TrackPointExtension>
            <ns3:atemp>18.0</ns3:atemp>
            <ns3:hr>110</ns3:hr>
          </ns3:TrackPointExtension>
        </extensions>
      </trkpt>
      <trkpt lat="47.7602839283645153045654296875" lon="11.55583016574382781982421875">
        <ele>666.20001220703125</ele>
        <time>2024-03-31T05:07:02.000Z</time>
        <extensions>
          <ns3:TrackPointExtension>
            <ns3:atemp>18.0</ns3:atemp>
            <ns3:hr>109</ns3:hr>
          </ns3:TrackPointExtension>
        </extensions>
      </trkpt>
      <trkpt lat="47.76031603105366230010986328125" lon="11.55580359511077404022216796875">
        <ele>665.5999755859375</ele>
        <time>2024-03-31T05:07:04.000Z</time>
        <extensions>
          <ns3:TrackPointExtension>
            <ns3:atemp>18.0</ns3:atemp>
            <ns3:hr>109</ns3:hr>
          </ns3:TrackPointExtension>
        </extensions>
      </trkpt>
      <trkpt lat="47.7603352256119251251220703125" lon="11.55581683851778507232666015625">
        <ele>665.4000244140625</ele>
        <time>2024-03-31T05:07:05.000Z</time>
        <extensions>
          <ns3:TrackPointExtension>
            <ns3:atemp>18.0</ns3:atemp>
            <ns3:hr>109</ns3:hr>
          </ns3:TrackPointExtension>
        </extensions>
      </trkpt>
      <trkpt lat="47.76045265607535839080810546875" lon="11.55590568669140338897705078125">
        <ele>664.4000244140625</ele>
        <time>2024-03-31T05:07:09.000Z</time>
        <extensions>
          <ns3:TrackPointExtension>
            <ns3:atemp>18.0</ns3:atemp>
            <ns3:hr>110</ns3:hr>
          </ns3:TrackPointExtension>
        </extensions>
      </trkpt>
      <trkpt lat="47.760483920574188232421875" lon="11.55593384988605976104736328125">
        <ele>664.20001220703125</ele>
        <time>2024-03-31T05:07:10.000Z</time>
        <extensions>
          <ns3:TrackPointExtension>
            <ns3:atemp>18.0</ns3:atemp>
            <ns3:hr>109</ns3:hr>
          </ns3:TrackPointExtension>
        </extensions>
      </trkpt>
      <trkpt lat="47.760535888373851776123046875" lon="11.5559802018105983734130859375">
        <ele>663.79998779296875</ele>
        <time>2024-03-31T05:07:12.000Z</time>
        <extensions>
          <ns3:TrackPointExtension>
            <ns3:atemp>18.0</ns3:atemp>
            <ns3:hr>112</ns3:hr>
          </ns3:TrackPointExtension>
        </extensions>
      </trkpt>
      <trkpt lat="47.76058894582092761993408203125" lon="11.55600224621593952178955078125">
        <ele>663.5999755859375</ele>
        <time>2024-03-31T05:07:14.000Z</time>
        <extensions>
          <ns3:TrackPointExtension>
            <ns3:atemp>18.0</ns3:atemp>
            <ns3:hr>113</ns3:hr>
          </ns3:TrackPointExtension>
        </extensions>
      </trkpt>
      <trkpt lat="47.7606135047972202301025390625" lon="11.55598900280892848968505859375">
        <ele>663.4000244140625</ele>
        <time>2024-03-31T05:07:15.000Z</time>
        <extensions>
          <ns3:TrackPointExtension>
            <ns3:atemp>18.0</ns3:atemp>
            <ns3:hr>113</ns3:hr>
          </ns3:TrackPointExtension>
        </extensions>
      </trkpt>
      <trkpt lat="47.76063739322125911712646484375" lon="11.55596771277487277984619140625">
        <ele>663.4000244140625</ele>
        <time>2024-03-31T05:07:16.000Z</time>
        <extensions>
          <ns3:TrackPointExtension>
            <ns3:atemp>18.0</ns3:atemp>
            <ns3:hr>114</ns3:hr>
          </ns3:TrackPointExtension>
        </extensions>
      </trkpt>
      <trkpt lat="47.7607033587992191314697265625" lon="11.55588515102863311767578125">
        <ele>663.4000244140625</ele>
        <time>2024-03-31T05:07:19.000Z</time>
        <extensions>
          <ns3:TrackPointExtension>
            <ns3:atemp>18.0</ns3:atemp>
            <ns3:hr>118</ns3:hr>
          </ns3:TrackPointExtension>
        </extensions>
      </trkpt>
      <trkpt lat="47.7607962302863597869873046875" lon="11.5557327680289745330810546875">
        <ele>663.5999755859375</ele>
        <time>2024-03-31T05:07:24.000Z</time>
        <extensions>
          <ns3:TrackPointExtension>
            <ns3:atemp>18.0</ns3:atemp>
            <ns3:hr>119</ns3:hr>
          </ns3:TrackPointExtension>
        </extensions>
      </trkpt>
      <trkpt lat="47.7609172649681568145751953125" lon="11.55555389821529388427734375">
        <ele>663.79998779296875</ele>
        <time>2024-03-31T05:07:30.000Z</time>
        <extensions>
          <ns3:TrackPointExtension>
            <ns3:atemp>18.0</ns3:atemp>
            <ns3:hr>119</ns3:hr>
          </ns3:TrackPointExtension>
        </extensions>
      </trkpt>
      <trkpt lat="47.7610114775598049163818359375" lon="11.5553840808570384979248046875">
        <ele>663.79998779296875</ele>
        <time>2024-03-31T05:07:35.000Z</time>
        <extensions>
          <ns3:TrackPointExtension>
            <ns3:atemp>18.0</ns3:atemp>
            <ns3:hr>122</ns3:hr>
          </ns3:TrackPointExtension>
        </extensions>
      </trkpt>
      <trkpt lat="47.76107325218617916107177734375" lon="11.55529238283634185791015625">
        <ele>663.5999755859375</ele>
        <time>2024-03-31T05:07:38.000Z</time>
        <extensions>
          <ns3:TrackPointExtension>
            <ns3:atemp>18.0</ns3:atemp>
            <ns3:hr>120</ns3:hr>
          </ns3:TrackPointExtension>
        </extensions>
      </trkpt>
      <trkpt lat="47.761218845844268798828125" lon="11.55502013862133026123046875">
        <ele>664</ele>
        <time>2024-03-31T05:07:46.000Z</time>
        <extensions>
          <ns3:TrackPointExtension>
            <ns3:atemp>18.0</ns3:atemp>
            <ns3:hr>120</ns3:hr>
          </ns3:TrackPointExtension>
        </extensions>
      </trkpt>
      <trkpt lat="47.76124474592506885528564453125" lon="11.55495299957692623138427734375">
        <ele>663.79998779296875</ele>
        <time>2024-03-31T05:07:48.000Z</time>
        <extensions>
          <ns3:TrackPointExtension>
            <ns3:atemp>18.0</ns3:atemp>
            <ns3:hr>123</ns3:hr>
          </ns3:TrackPointExtension>
        </extensions>
      </trkpt>
      <trkpt lat="47.76130610145628452301025390625" lon="11.55482341535389423370361328125">
        <ele>663.79998779296875</ele>
        <time>2024-03-31T05:07:52.000Z</time>
        <extensions>
          <ns3:TrackPointExtension>
            <ns3:atemp>18.0</ns3:atemp>
            <ns3:hr>126</ns3:hr>
          </ns3:TrackPointExtension>
        </extensions>
      </trkpt>
      <trkpt lat="47.76132403872907161712646484375" lon="11.5547879599034786224365234375">
        <ele>663.79998779296875</ele>
        <time>2024-03-31T05:07:53.000Z</time>
        <extensions>
          <ns3:TrackPointExtension>
            <ns3:atemp>18.0</ns3:atemp>
            <ns3:hr>123</ns3:hr>
          </ns3:TrackPointExtension>
        </extensions>
      </trkpt>
      <trkpt lat="47.76135991327464580535888671875" lon="11.55471562407910823822021484375">
        <ele>663.79998779296875</ele>
        <time>2024-03-31T05:07:55.000Z</time>
        <extensions>
          <ns3:TrackPointExtension>
            <ns3:atemp>18.0</ns3:atemp>
            <ns3:hr>122</ns3:hr>
          </ns3:TrackPointExtension>
        </extensions>
      </trkpt>
      <trkpt lat="47.76141724549233913421630859375" lon="11.5545656718313694000244140625">
        <ele>663.5999755859375</ele>
        <time>2024-03-31T05:07:59.000Z</time>
        <extensions>
          <ns3:TrackPointExtension>
            <ns3:atemp>18.0</ns3:atemp>
            <ns3:hr>124</ns3:hr>
          </ns3:TrackPointExtension>
        </extensions>
      </trkpt>
      <trkpt lat="47.761500813066959381103515625" lon="11.55441253446042537689208984375">
        <ele>663.5999755859375</ele>
        <time>2024-03-31T05:08:03.000Z</time>
        <extensions>
          <ns3:TrackPointExtension>
            <ns3:atemp>18.0</ns3:atemp>
            <ns3:hr>124</ns3:hr>
          </ns3:TrackPointExtension>
        </extensions>
      </trkpt>
      <trkpt lat="47.76163986884057521820068359375" lon="11.55414716340601444244384765625">
        <ele>663.5999755859375</ele>
        <time>2024-03-31T05:08:11.000Z</time>
        <extensions>
          <ns3:TrackPointExtension>
            <ns3:atemp>18.0</ns3:atemp>
            <ns3:hr>123</ns3:hr>
          </ns3:TrackPointExtension>
        </extensions>
      </trkpt>
      <trkpt lat="47.76178118772804737091064453125" lon="11.55390207655727863311767578125">
        <ele>663.79998779296875</ele>
        <time>2024-03-31T05:08:19.000Z</time>
        <extensions>
          <ns3:TrackPointExtension>
            <ns3:atemp>17.0</ns3:atemp>
            <ns3:hr>124</ns3:hr>
          </ns3:TrackPointExtension>
        </extensions>
      </trkpt>
      <trkpt lat="47.76192066259682178497314453125" lon="11.55369789339601993560791015625">
        <ele>663.5999755859375</ele>
        <time>2024-03-31T05:08:26.000Z</time>
        <extensions>
          <ns3:TrackPointExtension>
            <ns3:atemp>17.0</ns3:atemp>
            <ns3:hr>123</ns3:hr>
          </ns3:TrackPointExtension>
        </extensions>
      </trkpt>
      <trkpt lat="47.76203549467027187347412109375" lon="11.5535630285739898681640625">
        <ele>663.4000244140625</ele>
        <time>2024-03-31T05:08:31.000Z</time>
        <extensions>
          <ns3:TrackPointExtension>
            <ns3:atemp>17.0</ns3:atemp>
            <ns3:hr>127</ns3:hr>
          </ns3:TrackPointExtension>
        </extensions>
      </trkpt>
      <trkpt lat="47.7620555274188518524169921875" lon="11.55353444628417491912841796875">
        <ele>663.20001220703125</ele>
        <time>2024-03-31T05:08:32.000Z</time>
        <extensions>
          <ns3:TrackPointExtension>
            <ns3:atemp>17.0</ns3:atemp>
            <ns3:hr>125</ns3:hr>
          </ns3:TrackPointExtension>
        </extensions>
      </trkpt>
      <trkpt lat="47.76214663870632648468017578125" lon="11.5533771179616451263427734375">
        <ele>663.4000244140625</ele>
        <time>2024-03-31T05:08:37.000Z</time>
        <extensions>
          <ns3:TrackPointExtension>
            <ns3:atemp>17.0</ns3:atemp>
            <ns3:hr>124</ns3:hr>
          </ns3:TrackPointExtension>
        </extensions>
      </trkpt>
      <trkpt lat="47.76218972168862819671630859375" lon="11.55327477492392063140869140625">
        <ele>663.4000244140625</ele>
        <time>2024-03-31T05:08:40.000Z</time>
        <extensions>
          <ns3:TrackPointExtension>
            <ns3:atemp>17.0</ns3:atemp>
            <ns3:hr>125</ns3:hr>
          </ns3:TrackPointExtension>
        </extensions>
      </trkpt>
      <trkpt lat="47.76229684241116046905517578125" lon="11.553016193211078643798828125">
        <ele>663.4000244140625</ele>
        <time>2024-03-31T05:08:47.000Z</time>
        <extensions>
          <ns3:TrackPointExtension>
            <ns3:atemp>17.0</ns3:atemp>
            <ns3:hr>126</ns3:hr>
          </ns3:TrackPointExtension>
        </extensions>
      </trkpt>
      <trkpt lat="47.7623465470969676971435546875" lon="11.5529130958020687103271484375">
        <ele>663.20001220703125</ele>
        <time>2024-03-31T05:08:50.000Z</time>
        <extensions>
          <ns3:TrackPointExtension>
            <ns3:atemp>17.0</ns3:atemp>
            <ns3:hr>122</ns3:hr>
          </ns3:TrackPointExtension>
        </extensions>
      </trkpt>
      <trkpt lat="47.76238854043185710906982421875" lon="11.5528173744678497314453125">
        <ele>663.20001220703125</ele>
        <time>2024-03-31T05:08:53.000Z</time>
        <extensions>
          <ns3:TrackPointExtension>
            <ns3:atemp>17.0</ns3:atemp>
            <ns3:hr>117</ns3:hr>
          </ns3:TrackPointExtension>
        </extensions>
      </trkpt>
      <trkpt lat="47.7623995207250118255615234375" lon="11.5527826733887195587158203125">
        <ele>663.4000244140625</ele>
        <time>2024-03-31T05:08:54.000Z</time>
        <extensions>
          <ns3:TrackPointExtension>
            <ns3:atemp>17.0</ns3:atemp>
            <ns3:hr>120</ns3:hr>
          </ns3:TrackPointExtension>
        </extensions>
      </trkpt>
      <trkpt lat="47.762532792985439300537109375" lon="11.5524772368371486663818359375">
        <ele>663.4000244140625</ele>
        <time>2024-03-31T05:09:03.000Z</time>
        <extensions>
          <ns3:TrackPointExtension>
            <ns3:atemp>17.0</ns3:atemp>
            <ns3:hr>116</ns3:hr>
          </ns3:TrackPointExtension>
        </extensions>
      </trkpt>
      <trkpt lat="47.76255684904754161834716796875" lon="11.55243708752095699310302734375">
        <ele>663.4000244140625</ele>
        <time>2024-03-31T05:09:04.000Z</time>
        <extensions>
          <ns3:TrackPointExtension>
            <ns3:atemp>17.0</ns3:atemp>
            <ns3:hr>117</ns3:hr>
          </ns3:TrackPointExtension>
        </extensions>
      </trkpt>
      <trkpt lat="47.76264955289661884307861328125" lon="11.55223458074033260345458984375">
        <ele>663.4000244140625</ele>
        <time>2024-03-31T05:09:10.000Z</time>
        <extensions>
          <ns3:TrackPointExtension>
            <ns3:atemp>17.0</ns3:atemp>
            <ns3:hr>114</ns3:hr>
          </ns3:TrackPointExtension>
        </extensions>
      </trkpt>
      <trkpt lat="47.76270068250596523284912109375" lon="11.55213584192097187042236328125">
        <ele>663.4000244140625</ele>
        <time>2024-03-31T05:09:13.000Z</time>
        <extensions>
          <ns3:TrackPointExtension>
            <ns3:atemp>17.0</ns3:atemp>
            <ns3:hr>112</ns3:hr>
          </ns3:TrackPointExtension>
        </extensions>
      </trkpt>
      <trkpt lat="47.76281677186489105224609375" lon="11.55189528129994869232177734375">
        <ele>663.4000244140625</ele>
        <time>2024-03-31T05:09:20.000Z</time>
        <extensions>
          <ns3:TrackPointExtension>
            <ns3:atemp>17.0</ns3:atemp>
            <ns3:hr>109</ns3:hr>
          </ns3:TrackPointExtension>
        </extensions>
      </trkpt>
      <trkpt lat="47.762847281992435455322265625" lon="11.55182671733200550079345703125">
        <ele>663.20001220703125</ele>
        <time>2024-03-31T05:09:22.000Z</time>
        <extensions>
          <ns3:TrackPointExtension>
            <ns3:atemp>17.0</ns3:atemp>
            <ns3:hr>112</ns3:hr>
          </ns3:TrackPointExtension>
        </extensions>
      </trkpt>
      <trkpt lat="47.762861363589763641357421875" lon="11.55179251916706562042236328125">
        <ele>663.20001220703125</ele>
        <time>2024-03-31T05:09:23.000Z</time>
        <extensions>
          <ns3:TrackPointExtension>
            <ns3:atemp>17.0</ns3:atemp>
            <ns3:hr>110</ns3:hr>
          </ns3:TrackPointExtension>
        </extensions>
      </trkpt>
      <trkpt lat="47.76296739466488361358642578125" lon="11.55148892663419246673583984375">
        <ele>663.20001220703125</ele>
        <time>2024-03-31T05:09:31.000Z</time>
        <extensions>
          <ns3:TrackPointExtension>
            <ns3:atemp>17.0</ns3:atemp>
            <ns3:hr>108</ns3:hr>
          </ns3:TrackPointExtension>
        </extensions>
      </trkpt>
      <trkpt lat="47.76299170218408107757568359375" lon="11.55141818337142467498779296875">
        <ele>663</ele>
        <time>2024-03-31T05:09:33.000Z</time>
        <extensions>
          <ns3:TrackPointExtension>
            <ns3:atemp>17.0</ns3:atemp>
            <ns3:hr>108</ns3:hr>
          </ns3:TrackPointExtension>
        </extensions>
      </trkpt>
      <trkpt lat="47.76305825449526309967041015625" lon="11.5511937998235225677490234375">
        <ele>662.79998779296875</ele>
        <time>2024-03-31T05:09:39.000Z</time>
        <extensions>
          <ns3:TrackPointExtension>
            <ns3:atemp>17.0</ns3:atemp>
            <ns3:hr>105</ns3:hr>
          </ns3:TrackPointExtension>
        </extensions>
      </trkpt>
      <trkpt lat="47.76306848041713237762451171875" lon="11.55115281231701374053955078125">
        <ele>662.79998779296875</ele>
        <time>2024-03-31T05:09:40.000Z</time>
        <extensions>
          <ns3:TrackPointExtension>
            <ns3:atemp>17.0</ns3:atemp>
            <ns3:hr>106</ns3:hr>
          </ns3:TrackPointExtension>
        </extensions>
      </trkpt>
      <trkpt lat="47.7631190232932567596435546875" lon="11.55094125308096408843994140625">
        <ele>662.79998779296875</ele>
        <time>2024-03-31T05:09:45.000Z</time>
        <extensions>
          <ns3:TrackPointExtension>
            <ns3:atemp>17.0</ns3:atemp>
            <ns3:hr>109</ns3:hr>
          </ns3:TrackPointExtension>
        </extensions>
      </trkpt>
      <trkpt lat="47.763131596148014068603515625" lon="11.5508997626602649688720703125">
        <ele>662.79998779296875</ele>
        <time>2024-03-31T05:09:46.000Z</time>
        <extensions>
          <ns3:TrackPointExtension>
            <ns3:atemp>17.0</ns3:atemp>
            <ns3:hr>109</ns3:hr>
          </ns3:TrackPointExtension>
        </extensions>
      </trkpt>
      <trkpt lat="47.76317962445318698883056640625" lon="11.55072516761720180511474609375">
        <ele>662.5999755859375</ele>
        <time>2024-03-31T05:09:50.000Z</time>
        <extensions>
          <ns3:TrackPointExtension>
            <ns3:atemp>17.0</ns3:atemp>
            <ns3:hr>106</ns3:hr>
          </ns3:TrackPointExtension>
        </extensions>
      </trkpt>
      <trkpt lat="47.76320963166654109954833984375" lon="11.5505956672132015228271484375">
        <ele>662.4000244140625</ele>
        <time>2024-03-31T05:09:53.000Z</time>
        <extensions>
          <ns3:TrackPointExtension>
            <ns3:atemp>17.0</ns3:atemp>
            <ns3:hr>105</ns3:hr>
          </ns3:TrackPointExtension>
        </extensions>
      </trkpt>
      <trkpt lat="47.7632417343556880950927734375" lon="11.55048343352973461151123046875">
        <ele>662.4000244140625</ele>
        <time>2024-03-31T05:09:56.000Z</time>
        <extensions>
          <ns3:TrackPointExtension>
            <ns3:atemp>17.0</ns3:atemp>
            <ns3:hr>108</ns3:hr>
          </ns3:TrackPointExtension>
        </extensions>
      </trkpt>
      <trkpt lat="47.76325975544750690460205078125" lon="11.55040045268833637237548828125">
        <ele>662.4000244140625</ele>
        <time>2024-03-31T05:09:58.000Z</time>
        <extensions>
          <ns3:TrackPointExtension>
            <ns3:atemp>17.0</ns3:atemp>
            <ns3:hr>105</ns3:hr>
          </ns3:TrackPointExtension>
        </extensions>
      </trkpt>
      <trkpt lat="47.76328523643314838409423828125" lon="11.55027908273041248321533203125">
        <ele>662.5999755859375</ele>
        <time>2024-03-31T05:10:01.000Z</time>
        <extensions>
          <ns3:TrackPointExtension>
            <ns3:atemp>16.0</ns3:atemp>
            <ns3:hr>107</ns3:hr>
          </ns3:TrackPointExtension>
        </extensions>
      </trkpt>
      <trkpt lat="47.76332010515034198760986328125" lon="11.5501217544078826904296875">
        <ele>662.5999755859375</ele>
        <time>2024-03-31T05:10:05.000Z</time>
        <extensions>
          <ns3:TrackPointExtension>
            <ns3:atemp>16.0</ns3:atemp>
            <ns3:hr>111</ns3:hr>
          </ns3:TrackPointExtension>
        </extensions>
      </trkpt>
      <trkpt lat="47.76332773268222808837890625" lon="11.5500870533287525177001953125">
        <ele>662.5999755859375</ele>
        <time>2024-03-31T05:10:06.000Z</time>
        <extensions>
          <ns3:TrackPointExtension>
            <ns3:atemp>16.0</ns3:atemp>
            <ns3:hr>108</ns3:hr>
          </ns3:TrackPointExtension>
        </extensions>
      </trkpt>
      <trkpt lat="47.7633498609066009521484375" lon="11.54992318712174892425537109375">
        <ele>662.4000244140625</ele>
        <time>2024-03-31T05:10:10.000Z</time>
        <extensions>
          <ns3:TrackPointExtension>
            <ns3:atemp>16.0</ns3:atemp>
            <ns3:hr>108</ns3:hr>
          </ns3:TrackPointExtension>
        </extensions>
      </trkpt>
      <trkpt lat="47.7634276449680328369140625" lon="11.5496384538710117340087890625">
        <ele>662.20001220703125</ele>
        <time>2024-03-31T05:10:17.000Z</time>
        <extensions>
          <ns3:TrackPointExtension>
            <ns3:atemp>16.0</ns3:atemp>
            <ns3:hr>107</ns3:hr>
          </ns3:TrackPointExtension>
        </extensions>
      </trkpt>
      <trkpt lat="47.76347449980676174163818359375" lon="11.54941591434180736541748046875">
        <ele>662.20001220703125</ele>
        <time>2024-03-31T05:10:22.000Z</time>
        <extensions>
          <ns3:TrackPointExtension>
            <ns3:atemp>16.0</ns3:atemp>
            <ns3:hr>109</ns3:hr>
          </ns3:TrackPointExtension>
        </extensions>
      </trkpt>
      <trkpt lat="47.76349344290792942047119140625" lon="11.54932538978755474090576171875">
        <ele>662.20001220703125</ele>
        <time>2024-03-31T05:10:24.000Z</time>
        <extensions>
          <ns3:TrackPointExtension>
            <ns3:atemp>16.0</ns3:atemp>
            <ns3:hr>106</ns3:hr>
          </ns3:TrackPointExtension>
        </extensions>
      </trkpt>
      <trkpt lat="47.763521187007427215576171875" lon="11.54913160018622875213623046875">
        <ele>662.20001220703125</ele>
        <time>2024-03-31T05:10:28.000Z</time>
        <extensions>
          <ns3:TrackPointExtension>
            <ns3:atemp>16.0</ns3:atemp>
            <ns3:hr>105</ns3:hr>
          </ns3:TrackPointExtension>
        </extensions>
      </trkpt>
      <trkpt lat="47.76352814398705959320068359375" lon="11.549091450870037078857421875">
        <ele>662</ele>
        <time>2024-03-31T05:10:29.000Z</time>
        <extensions>
          <ns3:TrackPointExtension>
            <ns3:atemp>16.0</ns3:atemp>
            <ns3:hr>106</ns3:hr>
          </ns3:TrackPointExtension>
        </extensions>
      </trkpt>
      <trkpt lat="47.763548679649829864501953125" lon="11.5490037761628627777099609375">
        <ele>662</ele>
        <time>2024-03-31T05:10:31.000Z</time>
        <extensions>
          <ns3:TrackPointExtension>
            <ns3:atemp>16.0</ns3:atemp>
            <ns3:hr>103</ns3:hr>
          </ns3:TrackPointExtension>
        </extensions>
      </trkpt>
      <trkpt lat="47.76356988586485385894775390625" lon="11.548917777836322784423828125">
        <ele>662</ele>
        <time>2024-03-31T05:10:33.000Z</time>
        <extensions>
          <ns3:TrackPointExtension>
            <ns3:atemp>16.0</ns3:atemp>
            <ns3:hr>100</ns3:hr>
          </ns3:TrackPointExtension>
        </extensions>
      </trkpt>
      <trkpt lat="47.76360265910625457763671875" lon="11.54878894798457622528076171875">
        <ele>662.20001220703125</ele>
        <time>2024-03-31T05:10:36.000Z</time>
        <extensions>
          <ns3:TrackPointExtension>
            <ns3:atemp>16.0</ns3:atemp>
            <ns3:hr>99</ns3:hr>
          </ns3:TrackPointExtension>
        </extensions>
      </trkpt>
      <trkpt lat="47.76363979093730449676513671875" lon="11.5484869480133056640625">
        <ele>662</ele>
        <time>2024-03-31T05:10:43.000Z</time>
        <extensions>
          <ns3:TrackPointExtension>
            <ns3:atemp>16.0</ns3:atemp>
            <ns3:hr>102</ns3:hr>
          </ns3:TrackPointExtension>
        </extensions>
      </trkpt>
      <trkpt lat="47.76363777928054332733154296875" lon="11.548453085124492645263671875">
        <ele>662</ele>
        <time>2024-03-31T05:10:44.000Z</time>
        <extensions>
          <ns3:TrackPointExtension>
            <ns3:atemp>16.0</ns3:atemp>
            <ns3:hr>103</ns3:hr>
          </ns3:TrackPointExtension>
        </extensions>
      </trkpt>
      <trkpt lat="47.76364264078438282012939453125" lon="11.5483178012073040008544921875">
        <ele>662</ele>
        <time>2024-03-31T05:10:47.000Z</time>
        <extensions>
          <ns3:TrackPointExtension>
            <ns3:atemp>16.0</ns3:atemp>
            <ns3:hr>106</ns3:hr>
          </ns3:TrackPointExtension>
        </extensions>
      </trkpt>
      <trkpt lat="47.763638533651828765869140625" lon="11.5481387637555599212646484375">
        <ele>662.20001220703125</ele>
        <time>2024-03-31T05:10:51.000Z</time>
        <extensions>
          <ns3:TrackPointExtension>
            <ns3:atemp>16.0</ns3:atemp>
            <ns3:hr>102</ns3:hr>
          </ns3:TrackPointExtension>
        </extensions>
      </trkpt>
      <trkpt lat="47.7636336721479892730712890625" lon="11.5480633266270160675048828125">
        <ele>662</ele>
        <time>2024-03-31T05:10:53.000Z</time>
        <extensions>
          <ns3:TrackPointExtension>
            <ns3:atemp>16.0</ns3:atemp>
            <ns3:hr>105</ns3:hr>
          </ns3:TrackPointExtension>
        </extensions>
      </trkpt>
      <trkpt lat="47.7636261284351348876953125" lon="11.547985039651393890380859375">
        <ele>661.79998779296875</ele>
        <time>2024-03-31T05:10:55.000Z</time>
        <extensions>
          <ns3:TrackPointExtension>
            <ns3:atemp>16.0</ns3:atemp>
            <ns3:hr>108</ns3:hr>
          </ns3:TrackPointExtension>
        </extensions>
      </trkpt>
      <trkpt lat="47.76360123418271541595458984375" lon="11.54768823646008968353271484375">
        <ele>661.5999755859375</ele>
        <time>2024-03-31T05:11:02.000Z</time>
        <extensions>
          <ns3:TrackPointExtension>
            <ns3:atemp>16.0</ns3:atemp>
            <ns3:hr>110</ns3:hr>
          </ns3:TrackPointExtension>
        </extensions>
      </trkpt>
      <trkpt lat="47.76357742957770824432373046875" lon="11.547416411340236663818359375">
        <ele>661.4000244140625</ele>
        <time>2024-03-31T05:11:09.000Z</time>
        <extensions>
          <ns3:TrackPointExtension>
            <ns3:atemp>16.0</ns3:atemp>
            <ns3:hr>113</ns3:hr>
          </ns3:TrackPointExtension>
        </extensions>
      </trkpt>
      <trkpt lat="47.763573490083217620849609375" lon="11.54737592674791812896728515625">
        <ele>661.4000244140625</ele>
        <time>2024-03-31T05:11:10.000Z</time>
        <extensions>
          <ns3:TrackPointExtension>
            <ns3:atemp>16.0</ns3:atemp>
            <ns3:hr>113</ns3:hr>
          </ns3:TrackPointExtension>
        </extensions>
      </trkpt>
      <trkpt lat="47.7635552175343036651611328125" lon="11.54702313244342803955078125">
        <ele>661.5999755859375</ele>
        <time>2024-03-31T05:11:19.000Z</time>
        <extensions>
          <ns3:TrackPointExtension>
            <ns3:atemp>16.0</ns3:atemp>
            <ns3:hr>117</ns3:hr>
          </ns3:TrackPointExtension>
        </extensions>
      </trkpt>
      <trkpt lat="47.76355563662946224212646484375" lon="11.54698315076529979705810546875">
        <ele>661.5999755859375</ele>
        <time>2024-03-31T05:11:20.000Z</time>
        <extensions>
          <ns3:TrackPointExtension>
            <ns3:atemp>16.0</ns3:atemp>
            <ns3:hr>118</ns3:hr>
          </ns3:TrackPointExtension>
        </extensions>
      </trkpt>
      <trkpt lat="47.76356368325650691986083984375" lon="11.54677762649953365325927734375">
        <ele>661.5999755859375</ele>
        <time>2024-03-31T05:11:25.000Z</time>
        <extensions>
          <ns3:TrackPointExtension>
            <ns3:atemp>16.0</ns3:atemp>
            <ns3:hr>118</ns3:hr>
          </ns3:TrackPointExtension>
        </extensions>
      </trkpt>
      <trkpt lat="47.76357189752161502838134765625" lon="11.54655902646481990814208984375">
        <ele>661.5999755859375</ele>
        <time>2024-03-31T05:11:30.000Z</time>
        <extensions>
          <ns3:TrackPointExtension>
            <ns3:atemp>16.0</ns3:atemp>
            <ns3:hr>122</ns3:hr>
          </ns3:TrackPointExtension>
        </extensions>
      </trkpt>
      <trkpt lat="47.76357927359640598297119140625" lon="11.54652315191924571990966796875">
        <ele>661.5999755859375</ele>
        <time>2024-03-31T05:11:31.000Z</time>
        <extensions>
          <ns3:TrackPointExtension>
            <ns3:atemp>16.0</ns3:atemp>
            <ns3:hr>122</ns3:hr>
          </ns3:TrackPointExtension>
        </extensions>
      </trkpt>
      <trkpt lat="47.763600647449493408203125" lon="11.54635618440806865692138671875">
        <ele>661.79998779296875</ele>
        <time>2024-03-31T05:11:35.000Z</time>
        <extensions>
          <ns3:TrackPointExtension>
            <ns3:atemp>15.0</ns3:atemp>
            <ns3:hr>126</ns3:hr>
          </ns3:TrackPointExtension>
        </extensions>
      </trkpt>
      <trkpt lat="47.76360475458204746246337890625" lon="11.5461944974958896636962890625">
        <ele>662.20001220703125</ele>
        <time>2024-03-31T05:11:39.000Z</time>
        <extensions>
          <ns3:TrackPointExtension>
            <ns3:atemp>15.0</ns3:atemp>
            <ns3:hr>129</ns3:hr>
          </ns3:TrackPointExtension>
        </extensions>
      </trkpt>
      <trkpt lat="47.76360073126852512359619140625" lon="11.5461520850658416748046875">
        <ele>662.4000244140625</ele>
        <time>2024-03-31T05:11:40.000Z</time>
        <extensions>
          <ns3:TrackPointExtension>
            <ns3:atemp>16.0</ns3:atemp>
            <ns3:hr>126</ns3:hr>
          </ns3:TrackPointExtension>
        </extensions>
      </trkpt>
      <trkpt lat="47.76361917145550251007080078125" lon="11.54591915197670459747314453125">
        <ele>662.79998779296875</ele>
        <time>2024-03-31T05:11:45.000Z</time>
        <extensions>
          <ns3:TrackPointExtension>
            <ns3:atemp>15.0</ns3:atemp>
            <ns3:hr>129</ns3:hr>
          </ns3:TrackPointExtension>
        </extensions>
      </trkpt>
      <trkpt lat="47.76364213787019252777099609375" lon="11.54573558829724788665771484375">
        <ele>662.79998779296875</ele>
        <time>2024-03-31T05:11:49.000Z</time>
        <extensions>
          <ns3:TrackPointExtension>
            <ns3:atemp>15.0</ns3:atemp>
            <ns3:hr>127</ns3:hr>
          </ns3:TrackPointExtension>
        </extensions>
      </trkpt>
      <trkpt lat="47.76370885781943798065185546875" lon="11.5454186685383319854736328125">
        <ele>661.5999755859375</ele>
        <time>2024-03-31T05:11:56.000Z</time>
        <extensions>
          <ns3:TrackPointExtension>
            <ns3:atemp>15.0</ns3:atemp>
            <ns3:hr>131</ns3:hr>
          </ns3:TrackPointExtension>
        </extensions>
      </trkpt>
      <trkpt lat="47.763814218342304229736328125" lon="11.54502010904252529144287109375">
        <ele>661.20001220703125</ele>
        <time>2024-03-31T05:12:05.000Z</time>
        <extensions>
          <ns3:TrackPointExtension>
            <ns3:atemp>15.0</ns3:atemp>
            <ns3:hr>131</ns3:hr>
          </ns3:TrackPointExtension>
        </extensions>
      </trkpt>
      <trkpt lat="47.7638241089880466461181640625" lon="11.54497350566089153289794921875">
        <ele>661</ele>
        <time>2024-03-31T05:12:06.000Z</time>
        <extensions>
          <ns3:TrackPointExtension>
            <ns3:atemp>15.0</ns3:atemp>
            <ns3:hr>132</ns3:hr>
          </ns3:TrackPointExtension>
        </extensions>
      </trkpt>
      <trkpt lat="47.76387666352093219757080078125" lon="11.54464711435139179229736328125">
        <ele>660.79998779296875</ele>
        <time>2024-03-31T05:12:14.000Z</time>
        <extensions>
          <ns3:TrackPointExtension>
            <ns3:atemp>15.0</ns3:atemp>
            <ns3:hr>131</ns3:hr>
          </ns3:TrackPointExtension>
        </extensions>
      </trkpt>
      <trkpt lat="47.76389879174530506134033203125" lon="11.54435743577778339385986328125">
        <ele>661</ele>
        <time>2024-03-31T05:12:23.000Z</time>
        <extensions>
          <ns3:TrackPointExtension>
            <ns3:atemp>15.0</ns3:atemp>
            <ns3:hr>129</ns3:hr>
          </ns3:TrackPointExtension>
        </extensions>
      </trkpt>
      <trkpt lat="47.76389812119305133819580078125" lon="11.544291973114013671875">
        <ele>661</ele>
        <time>2024-03-31T05:12:28.000Z</time>
        <extensions>
          <ns3:TrackPointExtension>
            <ns3:atemp>15.0</ns3:atemp>
            <ns3:hr>127</ns3:hr>
          </ns3:TrackPointExtension>
        </extensions>
      </trkpt>
      <trkpt lat="47.763901390135288238525390625" lon="11.544292308390140533447265625">
        <ele>661</ele>
        <time>2024-03-31T05:12:30.000Z</time>
        <extensions>
          <ns3:TrackPointExtension>
            <ns3:atemp>15.0</ns3:atemp>
            <ns3:hr>129</ns3:hr>
          </ns3:TrackPointExtension>
        </extensions>
      </trkpt>
      <trkpt lat="47.76390817947685718536376953125" lon="11.54426020570099353790283203125">
        <ele>659.79998779296875</ele>
        <time>2024-03-31T05:12:55.000Z</time>
        <extensions>
          <ns3:TrackPointExtension>
            <ns3:atemp>15.0</ns3:atemp>
            <ns3:hr>123</ns3:hr>
          </ns3:TrackPointExtension>
        </extensions>
      </trkpt>
      <trkpt lat="47.76391421444714069366455078125" lon="11.54424025677144527435302734375">
        <ele>659.79998779296875</ele>
        <time>2024-03-31T05:12:56.000Z</time>
        <extensions>
          <ns3:TrackPointExtension>
            <ns3:atemp>15.0</ns3:atemp>
            <ns3:hr>123</ns3:hr>
          </ns3:TrackPointExtension>
        </extensions>
      </trkpt>
      <trkpt lat="47.76397255249321460723876953125" lon="11.54407949186861515045166015625">
        <ele>659.20001220703125</ele>
        <time>2024-03-31T05:13:03.000Z</time>
        <extensions>
          <ns3:TrackPointExtension>
            <ns3:atemp>15.0</ns3:atemp>
            <ns3:hr>120</ns3:hr>
          </ns3:TrackPointExtension>
        </extensions>
      </trkpt>
      <trkpt lat="47.76398596353828907012939453125" lon="11.544004976749420166015625">
        <ele>659.20001220703125</ele>
        <time>2024-03-31T05:13:07.000Z</time>
        <extensions>
          <ns3:TrackPointExtension>
            <ns3:atemp>15.0</ns3:atemp>
            <ns3:hr>117</ns3:hr>
          </ns3:TrackPointExtension>
        </extensions>
      </trkpt>
      <trkpt lat="47.7640108577907085418701171875" lon="11.54394923709332942962646484375">
        <ele>659.20001220703125</ele>
        <time>2024-03-31T05:13:11.000Z</time>
        <extensions>
          <ns3:TrackPointExtension>
            <ns3:atemp>15.0</ns3:atemp>
            <ns3:hr>114</ns3:hr>
          </ns3:TrackPointExtension>
        </extensions>
      </trkpt>
      <trkpt lat="47.76406265795230865478515625" lon="11.54376089572906494140625">
        <ele>659.4000244140625</ele>
        <time>2024-03-31T05:13:21.000Z</time>
        <extensions>
          <ns3:TrackPointExtension>
            <ns3:atemp>15.0</ns3:atemp>
            <ns3:hr>113</ns3:hr>
          </ns3:TrackPointExtension>
        </extensions>
      </trkpt>
      <trkpt lat="47.76409040205180644989013671875" lon="11.5436173975467681884765625">
        <ele>658.79998779296875</ele>
        <time>2024-03-31T05:13:25.000Z</time>
        <extensions>
          <ns3:TrackPointExtension>
            <ns3:atemp>15.0</ns3:atemp>
            <ns3:hr>111</ns3:hr>
          </ns3:TrackPointExtension>
        </extensions>
      </trkpt>
      <trkpt lat="47.764099873602390289306640625" lon="11.54355344362556934356689453125">
        <ele>658.79998779296875</ele>
        <time>2024-03-31T05:13:27.000Z</time>
        <extensions>
          <ns3:TrackPointExtension>
            <ns3:atemp>15.0</ns3:atemp>
            <ns3:hr>112</ns3:hr>
          </ns3:TrackPointExtension>
        </extensions>
      </trkpt>
      <trkpt lat="47.76412258855998516082763671875" lon="11.5434080176055431365966796875">
        <ele>659</ele>
        <time>2024-03-31T05:13:33.000Z</time>
        <extensions>
          <ns3:TrackPointExtension>
            <ns3:atemp>15.0</ns3:atemp>
            <ns3:hr>109</ns3:hr>
          </ns3:TrackPointExtension>
        </extensions>
      </trkpt>
      <trkpt lat="47.76415494270622730255126953125" lon="11.543190591037273406982421875">
        <ele>658.5999755859375</ele>
        <time>2024-03-31T05:13:39.000Z</time>
        <extensions>
          <ns3:TrackPointExtension>
            <ns3:atemp>15.0</ns3:atemp>
            <ns3:hr>106</ns3:hr>
          </ns3:TrackPointExtension>
        </extensions>
      </trkpt>
      <trkpt lat="47.76414178311824798583984375" lon="11.54310316778719425201416015625">
        <ele>658.79998779296875</ele>
        <time>2024-03-31T05:13:42.000Z</time>
        <extensions>
          <ns3:TrackPointExtension>
            <ns3:atemp>15.0</ns3:atemp>
            <ns3:hr>105</ns3:hr>
          </ns3:TrackPointExtension>
        </extensions>
      </trkpt>
      <trkpt lat="47.764035500586032867431640625" lon="11.54302404262125492095947265625">
        <ele>658.79998779296875</ele>
        <time>2024-03-31T05:13:47.000Z</time>
        <extensions>
          <ns3:TrackPointExtension>
            <ns3:atemp>15.0</ns3:atemp>
            <ns3:hr>108</ns3:hr>
          </ns3:TrackPointExtension>
        </extensions>
      </trkpt>
      <trkpt lat="47.76380072347819805145263671875" lon="11.54293988831341266632080078125">
        <ele>658.79998779296875</ele>
        <time>2024-03-31T05:13:56.000Z</time>
        <extensions>
          <ns3:TrackPointExtension>
            <ns3:atemp>15.0</ns3:atemp>
            <ns3:hr>110</ns3:hr>
          </ns3:TrackPointExtension>
        </extensions>
      </trkpt>
      <trkpt lat="47.763772308826446533203125" lon="11.5428668819367885589599609375">
        <ele>659.20001220703125</ele>
        <time>2024-03-31T05:13:59.000Z</time>
        <extensions>
          <ns3:TrackPointExtension>
            <ns3:atemp>15.0</ns3:atemp>
            <ns3:hr>112</ns3:hr>
          </ns3:TrackPointExtension>
        </extensions>
      </trkpt>
      <trkpt lat="47.76377188973128795623779296875" lon="11.54283008538186550140380859375">
        <ele>659.4000244140625</ele>
        <time>2024-03-31T05:14:00.000Z</time>
        <extensions>
          <ns3:TrackPointExtension>
            <ns3:atemp>15.0</ns3:atemp>
            <ns3:hr>113</ns3:hr>
          </ns3:TrackPointExtension>
        </extensions>
      </trkpt>
      <trkpt lat="47.763738445937633514404296875" lon="11.542599499225616455078125">
        <ele>659.20001220703125</ele>
        <time>2024-03-31T05:14:06.000Z</time>
        <extensions>
          <ns3:TrackPointExtension>
            <ns3:atemp>15.0</ns3:atemp>
            <ns3:hr>115</ns3:hr>
          </ns3:TrackPointExtension>
        </extensions>
      </trkpt>
      <trkpt lat="47.763772644102573394775390625" lon="11.5423669852316379547119140625">
        <ele>659.4000244140625</ele>
        <time>2024-03-31T05:14:12.000Z</time>
        <extensions>
          <ns3:TrackPointExtension>
            <ns3:atemp>15.0</ns3:atemp>
            <ns3:hr>118</ns3:hr>
          </ns3:TrackPointExtension>
        </extensions>
      </trkpt>
      <trkpt lat="47.7637828700244426727294921875" lon="11.5422845073044300079345703125">
        <ele>659.4000244140625</ele>
        <time>2024-03-31T05:14:14.000Z</time>
        <extensions>
          <ns3:TrackPointExtension>
            <ns3:atemp>15.0</ns3:atemp>
            <ns3:hr>120</ns3:hr>
          </ns3:TrackPointExtension>
        </extensions>
      </trkpt>
      <trkpt lat="47.76380239985883235931396484375" lon="11.542082838714122772216796875">
        <ele>659.79998779296875</ele>
        <time>2024-03-31T05:14:19.000Z</time>
        <extensions>
          <ns3:TrackPointExtension>
            <ns3:atemp>15.0</ns3:atemp>
            <ns3:hr>123</ns3:hr>
          </ns3:TrackPointExtension>
        </extensions>
      </trkpt>
      <trkpt lat="47.763808183372020721435546875" lon="11.54204503633081912994384765625">
        <ele>659.79998779296875</ele>
        <time>2024-03-31T05:14:20.000Z</time>
        <extensions>
          <ns3:TrackPointExtension>
            <ns3:atemp>15.0</ns3:atemp>
            <ns3:hr>122</ns3:hr>
          </ns3:TrackPointExtension>
        </extensions>
      </trkpt>
      <trkpt lat="47.76383358053863048553466796875" lon="11.54175586067140102386474609375">
        <ele>660</ele>
        <time>2024-03-31T05:14:27.000Z</time>
        <extensions>
          <ns3:TrackPointExtension>
            <ns3:atemp>15.0</ns3:atemp>
            <ns3:hr>124</ns3:hr>
          </ns3:TrackPointExtension>
        </extensions>
      </trkpt>
      <trkpt lat="47.7638407051563262939453125" lon="11.541396193206310272216796875">
        <ele>660.4000244140625</ele>
        <time>2024-03-31T05:14:36.000Z</time>
        <extensions>
          <ns3:TrackPointExtension>
            <ns3:atemp>15.0</ns3:atemp>
            <ns3:hr>126</ns3:hr>
          </ns3:TrackPointExtension>
        </extensions>
      </trkpt>
      <trkpt lat="47.76386274956166744232177734375" lon="11.5410765074193477630615234375">
        <ele>660.79998779296875</ele>
        <time>2024-03-31T05:14:44.000Z</time>
        <extensions>
          <ns3:TrackPointExtension>
            <ns3:atemp>15.0</ns3:atemp>
            <ns3:hr>128</ns3:hr>
          </ns3:TrackPointExtension>
        </extensions>
      </trkpt>
      <trkpt lat="47.76388688944280147552490234375" lon="11.54091976583003997802734375">
        <ele>661.20001220703125</ele>
        <time>2024-03-31T05:14:48.000Z</time>
        <extensions>
          <ns3:TrackPointExtension>
            <ns3:atemp>15.0</ns3:atemp>
            <ns3:hr>130</ns3:hr>
          </ns3:TrackPointExtension>
        </extensions>
      </trkpt>
      <trkpt lat="47.7639481611549854278564453125" lon="11.54063385911285877227783203125">
        <ele>661.5999755859375</ele>
        <time>2024-03-31T05:14:55.000Z</time>
        <extensions>
          <ns3:TrackPointExtension>
            <ns3:atemp>15.0</ns3:atemp>
            <ns3:hr>133</ns3:hr>
          </ns3:TrackPointExtension>
        </extensions>
      </trkpt>
      <trkpt lat="47.763971798121929168701171875" lon="11.5405172668397426605224609375">
        <ele>661.4000244140625</ele>
        <time>2024-03-31T05:14:58.000Z</time>
        <extensions>
          <ns3:TrackPointExtension>
            <ns3:atemp>15.0</ns3:atemp>
            <ns3:hr>133</ns3:hr>
          </ns3:TrackPointExtension>
        </extensions>
      </trkpt>
      <trkpt lat="47.76396350003778934478759765625" lon="11.540420539677143096923828125">
        <ele>661.5999755859375</ele>
        <time>2024-03-31T05:15:01.000Z</time>
        <extensions>
          <ns3:TrackPointExtension>
            <ns3:atemp>15.0</ns3:atemp>
            <ns3:hr>133</ns3:hr>
          </ns3:TrackPointExtension>
        </extensions>
      </trkpt>
      <trkpt lat="47.763940952718257904052734375" lon="11.540356837213039398193359375">
        <ele>661.5999755859375</ele>
        <time>2024-03-31T05:15:03.000Z</time>
        <extensions>
          <ns3:TrackPointExtension>
            <ns3:atemp>15.0</ns3:atemp>
            <ns3:hr>134</ns3:hr>
          </ns3:TrackPointExtension>
        </extensions>
      </trkpt>
      <trkpt lat="47.76390465907752513885498046875" lon="11.54026891104876995086669921875">
        <ele>662</ele>
        <time>2024-03-31T05:15:06.000Z</time>
        <extensions>
          <ns3:TrackPointExtension>
            <ns3:atemp>15.0</ns3:atemp>
            <ns3:hr>135</ns3:hr>
          </ns3:TrackPointExtension>
        </extensions>
      </trkpt>
      <trkpt lat="47.76386124081909656524658203125" lon="11.5402396582067012786865234375">
        <ele>662.20001220703125</ele>
        <time>2024-03-31T05:15:08.000Z</time>
        <extensions>
          <ns3:TrackPointExtension>
            <ns3:atemp>15.0</ns3:atemp>
            <ns3:hr>136</ns3:hr>
          </ns3:TrackPointExtension>
        </extensions>
      </trkpt>
      <trkpt lat="47.76361883617937564849853515625" lon="11.54007461853325366973876953125">
        <ele>663.20001220703125</ele>
        <time>2024-03-31T05:15:18.000Z</time>
        <extensions>
          <ns3:TrackPointExtension>
            <ns3:atemp>15.0</ns3:atemp>
            <ns3:hr>137</ns3:hr>
          </ns3:TrackPointExtension>
        </extensions>
      </trkpt>
      <trkpt lat="47.7634115517139434814453125" lon="11.5398980118334293365478515625">
        <ele>664.20001220703125</ele>
        <time>2024-03-31T05:15:27.000Z</time>
        <extensions>
          <ns3:TrackPointExtension>
            <ns3:atemp>15.0</ns3:atemp>
            <ns3:hr>137</ns3:hr>
          </ns3:TrackPointExtension>
        </extensions>
      </trkpt>
      <trkpt lat="47.7633912675082683563232421875" lon="11.53987227939069271087646484375">
        <ele>664.20001220703125</ele>
        <time>2024-03-31T05:15:28.000Z</time>
        <extensions>
          <ns3:TrackPointExtension>
            <ns3:atemp>15.0</ns3:atemp>
            <ns3:hr>137</ns3:hr>
          </ns3:TrackPointExtension>
        </extensions>
      </trkpt>
      <trkpt lat="47.76328372769057750701904296875" lon="11.53970179148018360137939453125">
        <ele>665.5999755859375</ele>
        <time>2024-03-31T05:15:34.000Z</time>
        <extensions>
          <ns3:TrackPointExtension>
            <ns3:atemp>15.0</ns3:atemp>
            <ns3:hr>136</ns3:hr>
          </ns3:TrackPointExtension>
        </extensions>
      </trkpt>
      <trkpt lat="47.76322446763515472412109375" lon="11.5395600534975528717041015625">
        <ele>666</ele>
        <time>2024-03-31T05:15:38.000Z</time>
        <extensions>
          <ns3:TrackPointExtension>
            <ns3:atemp>15.0</ns3:atemp>
            <ns3:hr>137</ns3:hr>
          </ns3:TrackPointExtension>
        </extensions>
      </trkpt>
      <trkpt lat="47.76320493780076503753662109375" lon="11.53949073515832424163818359375">
        <ele>666.5999755859375</ele>
        <time>2024-03-31T05:15:40.000Z</time>
        <extensions>
          <ns3:TrackPointExtension>
            <ns3:atemp>15.0</ns3:atemp>
            <ns3:hr>137</ns3:hr>
          </ns3:TrackPointExtension>
        </extensions>
      </trkpt>
      <trkpt lat="47.7631532214581966400146484375" lon="11.53934941627085208892822265625">
        <ele>667</ele>
        <time>2024-03-31T05:15:44.000Z</time>
        <extensions>
          <ns3:TrackPointExtension>
            <ns3:atemp>15.0</ns3:atemp>
            <ns3:hr>140</ns3:hr>
          </ns3:TrackPointExtension>
        </extensions>
      </trkpt>
      <trkpt lat="47.7631111443042755126953125" lon="11.53924564830958843231201171875">
        <ele>667.5999755859375</ele>
        <time>2024-03-31T05:15:47.000Z</time>
        <extensions>
          <ns3:TrackPointExtension>
            <ns3:atemp>15.0</ns3:atemp>
            <ns3:hr>141</ns3:hr>
          </ns3:TrackPointExtension>
        </extensions>
      </trkpt>
      <trkpt lat="47.76308474130928516387939453125" lon="11.53918194584548473358154296875">
        <ele>668</ele>
        <time>2024-03-31T05:15:49.000Z</time>
        <extensions>
          <ns3:TrackPointExtension>
            <ns3:atemp>15.0</ns3:atemp>
            <ns3:hr>141</ns3:hr>
          </ns3:TrackPointExtension>
        </extensions>
      </trkpt>
      <trkpt lat="47.76305875740945339202880859375" lon="11.53911623172461986541748046875">
        <ele>668.4000244140625</ele>
        <time>2024-03-31T05:15:51.000Z</time>
        <extensions>
          <ns3:TrackPointExtension>
            <ns3:atemp>15.0</ns3:atemp>
            <ns3:hr>142</ns3:hr>
          </ns3:TrackPointExtension>
        </extensions>
      </trkpt>
      <trkpt lat="47.76301031000912189483642578125" lon="11.53898346237838268280029296875">
        <ele>668.79998779296875</ele>
        <time>2024-03-31T05:15:55.000Z</time>
        <extensions>
          <ns3:TrackPointExtension>
            <ns3:atemp>15.0</ns3:atemp>
            <ns3:hr>144</ns3:hr>
          </ns3:TrackPointExtension>
        </extensions>
      </trkpt>
      <trkpt lat="47.76296504773199558258056640625" lon="11.53885488398373126983642578125">
        <ele>669.20001220703125</ele>
        <time>2024-03-31T05:15:59.000Z</time>
        <extensions>
          <ns3:TrackPointExtension>
            <ns3:atemp>14.0</ns3:atemp>
            <ns3:hr>145</ns3:hr>
          </ns3:TrackPointExtension>
        </extensions>
      </trkpt>
      <trkpt lat="47.76290084235370159149169921875" lon="11.5386698953807353973388671875">
        <ele>670</ele>
        <time>2024-03-31T05:16:05.000Z</time>
        <extensions>
          <ns3:TrackPointExtension>
            <ns3:atemp>14.0</ns3:atemp>
            <ns3:hr>146</ns3:hr>
          </ns3:TrackPointExtension>
        </extensions>
      </trkpt>
      <trkpt lat="47.76286932639777660369873046875" lon="11.5385800413787364959716796875">
        <ele>670.4000244140625</ele>
        <time>2024-03-31T05:16:08.000Z</time>
        <extensions>
          <ns3:TrackPointExtension>
            <ns3:atemp>14.0</ns3:atemp>
            <ns3:hr>146</ns3:hr>
          </ns3:TrackPointExtension>
        </extensions>
      </trkpt>
      <trkpt lat="47.76282909326255321502685546875" lon="11.53843411244451999664306640625">
        <ele>671</ele>
        <time>2024-03-31T05:16:12.000Z</time>
        <extensions>
          <ns3:TrackPointExtension>
            <ns3:atemp>14.0</ns3:atemp>
            <ns3:hr>145</ns3:hr>
          </ns3:TrackPointExtension>
        </extensions>
      </trkpt>
      <trkpt lat="47.76280746795237064361572265625" lon="11.5383480302989482879638671875">
        <ele>671.20001220703125</ele>
        <time>2024-03-31T05:16:15.000Z</time>
        <extensions>
          <ns3:TrackPointExtension>
            <ns3:atemp>14.0</ns3:atemp>
            <ns3:hr>146</ns3:hr>
          </ns3:TrackPointExtension>
        </extensions>
      </trkpt>
      <trkpt lat="47.76274108327925205230712890625" lon="11.53816320933401584625244140625">
        <ele>671.5999755859375</ele>
        <time>2024-03-31T05:16:21.000Z</time>
        <extensions>
          <ns3:TrackPointExtension>
            <ns3:atemp>14.0</ns3:atemp>
            <ns3:hr>145</ns3:hr>
          </ns3:TrackPointExtension>
        </extensions>
      </trkpt>
      <trkpt lat="47.7627022750675678253173828125" lon="11.53806187212467193603515625">
        <ele>672</ele>
        <time>2024-03-31T05:16:24.000Z</time>
        <extensions>
          <ns3:TrackPointExtension>
            <ns3:atemp>14.0</ns3:atemp>
            <ns3:hr>145</ns3:hr>
          </ns3:TrackPointExtension>
        </extensions>
      </trkpt>
      <trkpt lat="47.7626337110996246337890625" lon="11.5378779731690883636474609375">
        <ele>672.79998779296875</ele>
        <time>2024-03-31T05:16:30.000Z</time>
        <extensions>
          <ns3:TrackPointExtension>
            <ns3:atemp>14.0</ns3:atemp>
            <ns3:hr>143</ns3:hr>
          </ns3:TrackPointExtension>
        </extensions>
      </trkpt>
      <trkpt lat="47.7625980041921138763427734375" lon="11.53782851994037628173828125">
        <ele>673.20001220703125</ele>
        <time>2024-03-31T05:16:32.000Z</time>
        <extensions>
          <ns3:TrackPointExtension>
            <ns3:atemp>14.0</ns3:atemp>
            <ns3:hr>143</ns3:hr>
          </ns3:TrackPointExtension>
        </extensions>
      </trkpt>
      <trkpt lat="47.76256598532199859619140625" lon="11.5376989357173442840576171875">
        <ele>673.4000244140625</ele>
        <time>2024-03-31T05:16:36.000Z</time>
        <extensions>
          <ns3:TrackPointExtension>
            <ns3:atemp>14.0</ns3:atemp>
            <ns3:hr>142</ns3:hr>
          </ns3:TrackPointExtension>
        </extensions>
      </trkpt>
      <trkpt lat="47.76253690011799335479736328125" lon="11.53748025186359882354736328125">
        <ele>674.20001220703125</ele>
        <time>2024-03-31T05:16:42.000Z</time>
        <extensions>
          <ns3:TrackPointExtension>
            <ns3:atemp>14.0</ns3:atemp>
            <ns3:hr>142</ns3:hr>
          </ns3:TrackPointExtension>
        </extensions>
      </trkpt>
      <trkpt lat="47.76253354735672473907470703125" lon="11.53740079142153263092041015625">
        <ele>674.20001220703125</ele>
        <time>2024-03-31T05:16:44.000Z</time>
        <extensions>
          <ns3:TrackPointExtension>
            <ns3:atemp>14.0</ns3:atemp>
            <ns3:hr>141</ns3:hr>
          </ns3:TrackPointExtension>
        </extensions>
      </trkpt>
      <trkpt lat="47.762498594820499420166015625" lon="11.53711044229567050933837890625">
        <ele>675.20001220703125</ele>
        <time>2024-03-31T05:16:52.000Z</time>
        <extensions>
          <ns3:TrackPointExtension>
            <ns3:atemp>14.0</ns3:atemp>
            <ns3:hr>139</ns3:hr>
          </ns3:TrackPointExtension>
        </extensions>
      </trkpt>
      <trkpt lat="47.76249549351632595062255859375" lon="11.53707339428365230560302734375">
        <ele>675.4000244140625</ele>
        <time>2024-03-31T05:16:53.000Z</time>
        <extensions>
          <ns3:TrackPointExtension>
            <ns3:atemp>14.0</ns3:atemp>
            <ns3:hr>139</ns3:hr>
          </ns3:TrackPointExtension>
        </extensions>
      </trkpt>
      <trkpt lat="47.762484848499298095703125" lon="11.5369029901921749114990234375">
        <ele>676</ele>
        <time>2024-03-31T05:16:58.000Z</time>
        <extensions>
          <ns3:TrackPointExtension>
            <ns3:atemp>14.0</ns3:atemp>
            <ns3:hr>142</ns3:hr>
          </ns3:TrackPointExtension>
        </extensions>
      </trkpt>
      <trkpt lat="47.76248241774737834930419921875" lon="11.5368367731571197509765625">
        <ele>676.4000244140625</ele>
        <time>2024-03-31T05:17:00.000Z</time>
        <extensions>
          <ns3:TrackPointExtension>
            <ns3:atemp>14.0</ns3:atemp>
            <ns3:hr>145</ns3:hr>
          </ns3:TrackPointExtension>
        </extensions>
      </trkpt>
      <trkpt lat="47.7624826692044734954833984375" lon="11.53680366463959217071533203125">
        <ele>676.4000244140625</ele>
        <time>2024-03-31T05:17:01.000Z</time>
        <extensions>
          <ns3:TrackPointExtension>
            <ns3:atemp>14.0</ns3:atemp>
            <ns3:hr>147</ns3:hr>
          </ns3:TrackPointExtension>
        </extensions>
      </trkpt>
      <trkpt lat="47.76249247603118419647216796875" lon="11.53672990389168262481689453125">
        <ele>676.79998779296875</ele>
        <time>2024-03-31T05:17:03.000Z</time>
        <extensions>
          <ns3:TrackPointExtension>
            <ns3:atemp>14.0</ns3:atemp>
            <ns3:hr>150</ns3:hr>
          </ns3:TrackPointExtension>
        </extensions>
      </trkpt>
      <trkpt lat="47.7625477127730846405029296875" lon="11.536575593054294586181640625">
        <ele>677.4000244140625</ele>
        <time>2024-03-31T05:17:08.000Z</time>
        <extensions>
          <ns3:TrackPointExtension>
            <ns3:atemp>14.0</ns3:atemp>
            <ns3:hr>151</ns3:hr>
          </ns3:TrackPointExtension>
        </extensions>
      </trkpt>
      <trkpt lat="47.7626261673867702484130859375" lon="11.53643955476582050323486328125">
        <ele>678.5999755859375</ele>
        <time>2024-03-31T05:17:13.000Z</time>
        <extensions>
          <ns3:TrackPointExtension>
            <ns3:atemp>14.0</ns3:atemp>
            <ns3:hr>150</ns3:hr>
          </ns3:TrackPointExtension>
        </extensions>
      </trkpt>
      <trkpt lat="47.7626734413206577301025390625" lon="11.53636009432375431060791015625">
        <ele>679.5999755859375</ele>
        <time>2024-03-31T05:17:16.000Z</time>
        <extensions>
          <ns3:TrackPointExtension>
            <ns3:atemp>14.0</ns3:atemp>
            <ns3:hr>150</ns3:hr>
          </ns3:TrackPointExtension>
        </extensions>
      </trkpt>
      <trkpt lat="47.7627472020685672760009765625" lon="11.53621491976082324981689453125">
        <ele>680.5999755859375</ele>
        <time>2024-03-31T05:17:21.000Z</time>
        <extensions>
          <ns3:TrackPointExtension>
            <ns3:atemp>14.0</ns3:atemp>
            <ns3:hr>149</ns3:hr>
          </ns3:TrackPointExtension>
        </extensions>
      </trkpt>
      <trkpt lat="47.762779556214809417724609375" lon="11.53615691699087619781494140625">
        <ele>681.20001220703125</ele>
        <time>2024-03-31T05:17:23.000Z</time>
        <extensions>
          <ns3:TrackPointExtension>
            <ns3:atemp>14.0</ns3:atemp>
            <ns3:hr>150</ns3:hr>
          </ns3:TrackPointExtension>
        </extensions>
      </trkpt>
      <trkpt lat="47.76284099556505680084228515625" lon="11.53603822924196720123291015625">
        <ele>681.79998779296875</ele>
        <time>2024-03-31T05:17:27.000Z</time>
        <extensions>
          <ns3:TrackPointExtension>
            <ns3:atemp>14.0</ns3:atemp>
            <ns3:hr>150</ns3:hr>
          </ns3:TrackPointExtension>
        </extensions>
      </trkpt>
      <trkpt lat="47.76289380155503749847412109375" lon="11.5359280072152614593505859375">
        <ele>682.79998779296875</ele>
        <time>2024-03-31T05:17:31.000Z</time>
        <extensions>
          <ns3:TrackPointExtension>
            <ns3:atemp>14.0</ns3:atemp>
            <ns3:hr>150</ns3:hr>
          </ns3:TrackPointExtension>
        </extensions>
      </trkpt>
      <trkpt lat="47.76298197917640209197998046875" lon="11.535664312541484832763671875">
        <ele>683.79998779296875</ele>
        <time>2024-03-31T05:17:39.000Z</time>
        <extensions>
          <ns3:TrackPointExtension>
            <ns3:atemp>14.0</ns3:atemp>
            <ns3:hr>151</ns3:hr>
          </ns3:TrackPointExtension>
        </extensions>
      </trkpt>
      <trkpt lat="47.7629958093166351318359375" lon="11.53562919236719608306884765625">
        <ele>684</ele>
        <time>2024-03-31T05:17:40.000Z</time>
        <extensions>
          <ns3:TrackPointExtension>
            <ns3:atemp>14.0</ns3:atemp>
            <ns3:hr>151</ns3:hr>
          </ns3:TrackPointExtension>
        </extensions>
      </trkpt>
      <trkpt lat="47.763061858713626861572265625" lon="11.53546758927404880523681640625">
        <ele>685</ele>
        <time>2024-03-31T05:17:46.000Z</time>
        <extensions>
          <ns3:TrackPointExtension>
            <ns3:atemp>14.0</ns3:atemp>
            <ns3:hr>150</ns3:hr>
          </ns3:TrackPointExtension>
        </extensions>
      </trkpt>
      <trkpt lat="47.76311852037906646728515625" lon="11.53536683879792690277099609375">
        <ele>685.79998779296875</ele>
        <time>2024-03-31T05:17:50.000Z</time>
        <extensions>
          <ns3:TrackPointExtension>
            <ns3:atemp>14.0</ns3:atemp>
            <ns3:hr>149</ns3:hr>
          </ns3:TrackPointExtension>
        </extensions>
      </trkpt>
      <trkpt lat="47.76313863694667816162109375" lon="11.53534068726003170013427734375">
        <ele>686</ele>
        <time>2024-03-31T05:17:51.000Z</time>
        <extensions>
          <ns3:TrackPointExtension>
            <ns3:atemp>14.0</ns3:atemp>
            <ns3:hr>148</ns3:hr>
          </ns3:TrackPointExtension>
        </extensions>
      </trkpt>
      <trkpt lat="47.763238213956356048583984375" lon="11.5352276153862476348876953125">
        <ele>687.20001220703125</ele>
        <time>2024-03-31T05:17:57.000Z</time>
        <extensions>
          <ns3:TrackPointExtension>
            <ns3:atemp>14.0</ns3:atemp>
            <ns3:hr>149</ns3:hr>
          </ns3:TrackPointExtension>
        </extensions>
      </trkpt>
      <trkpt lat="47.7632960490882396697998046875" lon="11.535149328410625457763671875">
        <ele>688.4000244140625</ele>
        <time>2024-03-31T05:18:01.000Z</time>
        <extensions>
          <ns3:TrackPointExtension>
            <ns3:atemp>14.0</ns3:atemp>
            <ns3:hr>148</ns3:hr>
          </ns3:TrackPointExtension>
        </extensions>
      </trkpt>
      <trkpt lat="47.76334340684115886688232421875" lon="11.53507950715720653533935546875">
        <ele>689.4000244140625</ele>
        <time>2024-03-31T05:18:05.000Z</time>
        <extensions>
          <ns3:TrackPointExtension>
            <ns3:atemp>14.0</ns3:atemp>
            <ns3:hr>149</ns3:hr>
          </ns3:TrackPointExtension>
        </extensions>
      </trkpt>
      <trkpt lat="47.76335681788623332977294921875" lon="11.53506039641797542572021484375">
        <ele>689.79998779296875</ele>
        <time>2024-03-31T05:18:06.000Z</time>
        <extensions>
          <ns3:TrackPointExtension>
            <ns3:atemp>14.0</ns3:atemp>
            <ns3:hr>149</ns3:hr>
          </ns3:TrackPointExtension>
        </extensions>
      </trkpt>
      <trkpt lat="47.763396799564361572265625" lon="11.53500339947640895843505859375">
        <ele>690.5999755859375</ele>
        <time>2024-03-31T05:18:09.000Z</time>
        <extensions>
          <ns3:TrackPointExtension>
            <ns3:atemp>14.0</ns3:atemp>
            <ns3:hr>150</ns3:hr>
          </ns3:TrackPointExtension>
        </extensions>
      </trkpt>
      <trkpt lat="47.76341917924582958221435546875" lon="11.53488881886005401611328125">
        <ele>691.79998779296875</ele>
        <time>2024-03-31T05:18:13.000Z</time>
        <extensions>
          <ns3:TrackPointExtension>
            <ns3:atemp>14.0</ns3:atemp>
            <ns3:hr>150</ns3:hr>
          </ns3:TrackPointExtension>
        </extensions>
      </trkpt>
      <trkpt lat="47.7634532935917377471923828125" lon="11.5347002260386943817138671875">
        <ele>692.79998779296875</ele>
        <time>2024-03-31T05:18:19.000Z</time>
        <extensions>
          <ns3:TrackPointExtension>
            <ns3:atemp>14.0</ns3:atemp>
            <ns3:hr>150</ns3:hr>
          </ns3:TrackPointExtension>
        </extensions>
      </trkpt>
      <trkpt lat="47.76346896775066852569580078125" lon="11.5346432290971279144287109375">
        <ele>693.20001220703125</ele>
        <time>2024-03-31T05:18:21.000Z</time>
        <extensions>
          <ns3:TrackPointExtension>
            <ns3:atemp>14.0</ns3:atemp>
            <ns3:hr>149</ns3:hr>
          </ns3:TrackPointExtension>
        </extensions>
      </trkpt>
      <trkpt lat="47.7635149843990802764892578125" lon="11.5345315821468830108642578125">
        <ele>693.79998779296875</ele>
        <time>2024-03-31T05:18:25.000Z</time>
        <extensions>
          <ns3:TrackPointExtension>
            <ns3:atemp>14.0</ns3:atemp>
            <ns3:hr>146</ns3:hr>
          </ns3:TrackPointExtension>
        </extensions>
      </trkpt>
      <trkpt lat="47.76357525028288364410400390625" lon="11.53446863405406475067138671875">
        <ele>694</ele>
        <time>2024-03-31T05:18:28.000Z</time>
        <extensions>
          <ns3:TrackPointExtension>
            <ns3:atemp>14.0</ns3:atemp>
            <ns3:hr>146</ns3:hr>
          </ns3:TrackPointExtension>
        </extensions>
      </trkpt>
      <trkpt lat="47.76373249478638172149658203125" lon="11.53441214002668857574462890625">
        <ele>694.5999755859375</ele>
        <time>2024-03-31T05:18:35.000Z</time>
        <extensions>
          <ns3:TrackPointExtension>
            <ns3:atemp>14.0</ns3:atemp>
            <ns3:hr>149</ns3:hr>
          </ns3:TrackPointExtension>
        </extensions>
      </trkpt>
      <trkpt lat="47.76375730521976947784423828125" lon="11.534411720931529998779296875">
        <ele>694.79998779296875</ele>
        <time>2024-03-31T05:18:36.000Z</time>
        <extensions>
          <ns3:TrackPointExtension>
            <ns3:atemp>14.0</ns3:atemp>
            <ns3:hr>149</ns3:hr>
          </ns3:TrackPointExtension>
        </extensions>
      </trkpt>
      <trkpt lat="47.763780690729618072509765625" lon="11.53440861962735652923583984375">
        <ele>695</ele>
        <time>2024-03-31T05:18:37.000Z</time>
        <extensions>
          <ns3:TrackPointExtension>
            <ns3:atemp>14.0</ns3:atemp>
            <ns3:hr>150</ns3:hr>
          </ns3:TrackPointExtension>
        </extensions>
      </trkpt>
      <trkpt lat="47.76395729742944240570068359375" lon="11.53434776701033115386962890625">
        <ele>696</ele>
        <time>2024-03-31T05:18:45.000Z</time>
        <extensions>
          <ns3:TrackPointExtension>
            <ns3:atemp>14.0</ns3:atemp>
            <ns3:hr>151</ns3:hr>
          </ns3:TrackPointExtension>
        </extensions>
      </trkpt>
      <trkpt lat="47.763973809778690338134765625" lon="11.53432848863303661346435546875">
        <ele>696.20001220703125</ele>
        <time>2024-03-31T05:18:46.000Z</time>
        <extensions>
          <ns3:TrackPointExtension>
            <ns3:atemp>14.0</ns3:atemp>
            <ns3:hr>151</ns3:hr>
          </ns3:TrackPointExtension>
        </extensions>
      </trkpt>
      <trkpt lat="47.76403910480439662933349609375" lon="11.534202508628368377685546875">
        <ele>697.20001220703125</ele>
        <time>2024-03-31T05:18:51.000Z</time>
        <extensions>
          <ns3:TrackPointExtension>
            <ns3:atemp>14.0</ns3:atemp>
            <ns3:hr>150</ns3:hr>
          </ns3:TrackPointExtension>
        </extensions>
      </trkpt>
      <trkpt lat="47.76404849253594875335693359375" lon="11.53417912311851978302001953125">
        <ele>697.5999755859375</ele>
        <time>2024-03-31T05:18:52.000Z</time>
        <extensions>
          <ns3:TrackPointExtension>
            <ns3:atemp>14.0</ns3:atemp>
            <ns3:hr>150</ns3:hr>
          </ns3:TrackPointExtension>
        </extensions>
      </trkpt>
      <trkpt lat="47.76408679783344268798828125" lon="11.53404233045876026153564453125">
        <ele>698.5999755859375</ele>
        <time>2024-03-31T05:18:57.000Z</time>
        <extensions>
          <ns3:TrackPointExtension>
            <ns3:atemp>14.0</ns3:atemp>
            <ns3:hr>149</ns3:hr>
          </ns3:TrackPointExtension>
        </extensions>
      </trkpt>
      <trkpt lat="47.76410020887851715087890625" lon="11.53397862799465656280517578125">
        <ele>699</ele>
        <time>2024-03-31T05:18:59.000Z</time>
        <extensions>
          <ns3:TrackPointExtension>
            <ns3:atemp>14.0</ns3:atemp>
            <ns3:hr>149</ns3:hr>
          </ns3:TrackPointExtension>
        </extensions>
      </trkpt>
      <trkpt lat="47.764129377901554107666015625" lon="11.533860526978969573974609375">
        <ele>699.79998779296875</ele>
        <time>2024-03-31T05:19:03.000Z</time>
        <extensions>
          <ns3:TrackPointExtension>
            <ns3:atemp>14.0</ns3:atemp>
            <ns3:hr>148</ns3:hr>
          </ns3:TrackPointExtension>
        </extensions>
      </trkpt>
      <trkpt lat="47.76413884945213794708251953125" lon="11.53374242596328258514404296875">
        <ele>700.4000244140625</ele>
        <time>2024-03-31T05:19:07.000Z</time>
        <extensions>
          <ns3:TrackPointExtension>
            <ns3:atemp>14.0</ns3:atemp>
            <ns3:hr>148</ns3:hr>
          </ns3:TrackPointExtension>
        </extensions>
      </trkpt>
      <trkpt lat="47.7641416154801845550537109375" lon="11.53364427387714385986328125">
        <ele>701</ele>
        <time>2024-03-31T05:19:10.000Z</time>
        <extensions>
          <ns3:TrackPointExtension>
            <ns3:atemp>14.0</ns3:atemp>
            <ns3:hr>148</ns3:hr>
          </ns3:TrackPointExtension>
        </extensions>
      </trkpt>
      <trkpt lat="47.7641451358795166015625" lon="11.5334717743098735809326171875">
        <ele>702</ele>
        <time>2024-03-31T05:19:15.000Z</time>
        <extensions>
          <ns3:TrackPointExtension>
            <ns3:atemp>14.0</ns3:atemp>
            <ns3:hr>149</ns3:hr>
          </ns3:TrackPointExtension>
        </extensions>
      </trkpt>
      <trkpt lat="47.76415410451591014862060546875" lon="11.53337144292891025543212890625">
        <ele>702.4000244140625</ele>
        <time>2024-03-31T05:19:18.000Z</time>
        <extensions>
          <ns3:TrackPointExtension>
            <ns3:atemp>14.0</ns3:atemp>
            <ns3:hr>149</ns3:hr>
          </ns3:TrackPointExtension>
        </extensions>
      </trkpt>
      <trkpt lat="47.76419953443109989166259765625" lon="11.5331703610718250274658203125">
        <ele>703</ele>
        <time>2024-03-31T05:19:24.000Z</time>
        <extensions>
          <ns3:TrackPointExtension>
            <ns3:atemp>14.0</ns3:atemp>
            <ns3:hr>150</ns3:hr>
          </ns3:TrackPointExtension>
        </extensions>
      </trkpt>
      <trkpt lat="47.7642095088958740234375" lon="11.533140353858470916748046875">
        <ele>703.20001220703125</ele>
        <time>2024-03-31T05:19:25.000Z</time>
        <extensions>
          <ns3:TrackPointExtension>
            <ns3:atemp>14.0</ns3:atemp>
            <ns3:hr>151</ns3:hr>
          </ns3:TrackPointExtension>
        </extensions>
      </trkpt>
      <trkpt lat="47.76425200514495372772216796875" lon="11.53290934860706329345703125">
        <ele>703.79998779296875</ele>
        <time>2024-03-31T05:19:32.000Z</time>
        <extensions>
          <ns3:TrackPointExtension>
            <ns3:atemp>14.0</ns3:atemp>
            <ns3:hr>153</ns3:hr>
          </ns3:TrackPointExtension>
        </extensions>
      </trkpt>
      <trkpt lat="47.76421948336064815521240234375" lon="11.532817147672176361083984375">
        <ele>704</ele>
        <time>2024-03-31T05:19:35.000Z</time>
        <extensions>
          <ns3:TrackPointExtension>
            <ns3:atemp>14.0</ns3:atemp>
            <ns3:hr>153</ns3:hr>
          </ns3:TrackPointExtension>
        </extensions>
      </trkpt>
      <trkpt lat="47.76419819332659244537353515625" lon="11.53272167779505252838134765625">
        <ele>704.4000244140625</ele>
        <time>2024-03-31T05:19:38.000Z</time>
        <extensions>
          <ns3:TrackPointExtension>
            <ns3:atemp>14.0</ns3:atemp>
            <ns3:hr>153</ns3:hr>
          </ns3:TrackPointExtension>
        </extensions>
      </trkpt>
      <trkpt lat="47.764150835573673248291015625" lon="11.53246787376701831817626953125">
        <ele>705</ele>
        <time>2024-03-31T05:19:46.000Z</time>
        <extensions>
          <ns3:TrackPointExtension>
            <ns3:atemp>14.0</ns3:atemp>
            <ns3:hr>152</ns3:hr>
          </ns3:TrackPointExtension>
        </extensions>
      </trkpt>
      <trkpt lat="47.764146812260150909423828125" lon="11.53243920765817165374755859375">
        <ele>705</ele>
        <time>2024-03-31T05:19:47.000Z</time>
        <extensions>
          <ns3:TrackPointExtension>
            <ns3:atemp>14.0</ns3:atemp>
            <ns3:hr>152</ns3:hr>
          </ns3:TrackPointExtension>
        </extensions>
      </trkpt>
      <trkpt lat="47.76409995742142200469970703125" lon="11.53223921544849872589111328125">
        <ele>705</ele>
        <time>2024-03-31T05:19:53.000Z</time>
        <extensions>
          <ns3:TrackPointExtension>
            <ns3:atemp>14.0</ns3:atemp>
            <ns3:hr>150</ns3:hr>
          </ns3:TrackPointExtension>
        </extensions>
      </trkpt>
      <trkpt lat="47.76407464407384395599365234375" lon="11.53213712386786937713623046875">
        <ele>705</ele>
        <time>2024-03-31T05:19:56.000Z</time>
        <extensions>
          <ns3:TrackPointExtension>
            <ns3:atemp>14.0</ns3:atemp>
            <ns3:hr>149</ns3:hr>
          </ns3:TrackPointExtension>
        </extensions>
      </trkpt>
      <trkpt lat="47.76404731906950473785400390625" lon="11.53196931816637516021728515625">
        <ele>705.5999755859375</ele>
        <time>2024-03-31T05:20:01.000Z</time>
        <extensions>
          <ns3:TrackPointExtension>
            <ns3:atemp>13.0</ns3:atemp>
            <ns3:hr>146</ns3:hr>
          </ns3:TrackPointExtension>
        </extensions>
      </trkpt>
      <trkpt lat="47.7640257775783538818359375" lon="11.53179648332297801971435546875">
        <ele>706.20001220703125</ele>
        <time>2024-03-31T05:20:06.000Z</time>
        <extensions>
          <ns3:TrackPointExtension>
            <ns3:atemp>14.0</ns3:atemp>
            <ns3:hr>145</ns3:hr>
          </ns3:TrackPointExtension>
        </extensions>
      </trkpt>
      <trkpt lat="47.76402116753160953521728515625" lon="11.5317591838538646697998046875">
        <ele>706.20001220703125</ele>
        <time>2024-03-31T05:20:07.000Z</time>
        <extensions>
          <ns3:TrackPointExtension>
            <ns3:atemp>13.0</ns3:atemp>
            <ns3:hr>144</ns3:hr>
          </ns3:TrackPointExtension>
        </extensions>
      </trkpt>
      <trkpt lat="47.76402384974062442779541015625" lon="11.531549803912639617919921875">
        <ele>707</ele>
        <time>2024-03-31T05:20:13.000Z</time>
        <extensions>
          <ns3:TrackPointExtension>
            <ns3:atemp>13.0</ns3:atemp>
            <ns3:hr>141</ns3:hr>
          </ns3:TrackPointExtension>
        </extensions>
      </trkpt>
      <trkpt lat="47.7640256099402904510498046875" lon="11.5314537473022937774658203125">
        <ele>707.20001220703125</ele>
        <time>2024-03-31T05:20:16.000Z</time>
        <extensions>
          <ns3:TrackPointExtension>
            <ns3:atemp>13.0</ns3:atemp>
            <ns3:hr>140</ns3:hr>
          </ns3:TrackPointExtension>
        </extensions>
      </trkpt>
      <trkpt lat="47.76403105817735195159912109375" lon="11.53142097406089305877685546875">
        <ele>707.20001220703125</ele>
        <time>2024-03-31T05:20:17.000Z</time>
        <extensions>
          <ns3:TrackPointExtension>
            <ns3:atemp>13.0</ns3:atemp>
            <ns3:hr>140</ns3:hr>
          </ns3:TrackPointExtension>
        </extensions>
      </trkpt>
      <trkpt lat="47.7640525996685028076171875" lon="11.53123623691499233245849609375">
        <ele>708.20001220703125</ele>
        <time>2024-03-31T05:20:23.000Z</time>
        <extensions>
          <ns3:TrackPointExtension>
            <ns3:atemp>13.0</ns3:atemp>
            <ns3:hr>139</ns3:hr>
          </ns3:TrackPointExtension>
        </extensions>
      </trkpt>
      <trkpt lat="47.76405327022075653076171875" lon="11.53120539151132106781005859375">
        <ele>708.20001220703125</ele>
        <time>2024-03-31T05:20:24.000Z</time>
        <extensions>
          <ns3:TrackPointExtension>
            <ns3:atemp>13.0</ns3:atemp>
            <ns3:hr>139</ns3:hr>
          </ns3:TrackPointExtension>
        </extensions>
      </trkpt>
      <trkpt lat="47.7640437148511409759521484375" lon="11.531044878065586090087890625">
        <ele>708.79998779296875</ele>
        <time>2024-03-31T05:20:29.000Z</time>
        <extensions>
          <ns3:TrackPointExtension>
            <ns3:atemp>13.0</ns3:atemp>
            <ns3:hr>140</ns3:hr>
          </ns3:TrackPointExtension>
        </extensions>
      </trkpt>
      <trkpt lat="47.76403491385281085968017578125" lon="11.5309873782098293304443359375">
        <ele>709.20001220703125</ele>
        <time>2024-03-31T05:20:31.000Z</time>
        <extensions>
          <ns3:TrackPointExtension>
            <ns3:atemp>13.0</ns3:atemp>
            <ns3:hr>140</ns3:hr>
          </ns3:TrackPointExtension>
        </extensions>
      </trkpt>
      <trkpt lat="47.76401882059872150421142578125" lon="11.53089442290365695953369140625">
        <ele>710.4000244140625</ele>
        <time>2024-03-31T05:20:35.000Z</time>
        <extensions>
          <ns3:TrackPointExtension>
            <ns3:atemp>13.0</ns3:atemp>
            <ns3:hr>142</ns3:hr>
          </ns3:TrackPointExtension>
        </extensions>
      </trkpt>
      <trkpt lat="47.764012031257152557373046875" lon="11.5308656729757785797119140625">
        <ele>710.5999755859375</ele>
        <time>2024-03-31T05:20:36.000Z</time>
        <extensions>
          <ns3:TrackPointExtension>
            <ns3:atemp>13.0</ns3:atemp>
            <ns3:hr>141</ns3:hr>
          </ns3:TrackPointExtension>
        </extensions>
      </trkpt>
      <trkpt lat="47.76397925801575183868408203125" lon="11.53072577901184558868408203125">
        <ele>711.5999755859375</ele>
        <time>2024-03-31T05:20:41.000Z</time>
        <extensions>
          <ns3:TrackPointExtension>
            <ns3:atemp>13.0</ns3:atemp>
            <ns3:hr>140</ns3:hr>
          </ns3:TrackPointExtension>
        </extensions>
      </trkpt>
      <trkpt lat="47.76397892273962497711181640625" lon="11.5306703746318817138671875">
        <ele>712</ele>
        <time>2024-03-31T05:20:43.000Z</time>
        <extensions>
          <ns3:TrackPointExtension>
            <ns3:atemp>13.0</ns3:atemp>
            <ns3:hr>139</ns3:hr>
          </ns3:TrackPointExtension>
        </extensions>
      </trkpt>
      <trkpt lat="47.76394489221274852752685546875" lon="11.53053768910467624664306640625">
        <ele>712.5999755859375</ele>
        <time>2024-03-31T05:20:48.000Z</time>
        <extensions>
          <ns3:TrackPointExtension>
            <ns3:atemp>13.0</ns3:atemp>
            <ns3:hr>138</ns3:hr>
          </ns3:TrackPointExtension>
        </extensions>
      </trkpt>
      <trkpt lat="47.763938605785369873046875" lon="11.5305148065090179443359375">
        <ele>713.20001220703125</ele>
        <time>2024-03-31T05:20:49.000Z</time>
        <extensions>
          <ns3:TrackPointExtension>
            <ns3:atemp>13.0</ns3:atemp>
            <ns3:hr>138</ns3:hr>
          </ns3:TrackPointExtension>
        </extensions>
      </trkpt>
      <trkpt lat="47.76394137181341648101806640625" lon="11.53048329055309295654296875">
        <ele>713.4000244140625</ele>
        <time>2024-03-31T05:20:50.000Z</time>
        <extensions>
          <ns3:TrackPointExtension>
            <ns3:atemp>13.0</ns3:atemp>
            <ns3:hr>137</ns3:hr>
          </ns3:TrackPointExtension>
        </extensions>
      </trkpt>
      <trkpt lat="47.76393835432827472686767578125" lon="11.53045169077813625335693359375">
        <ele>713.5999755859375</ele>
        <time>2024-03-31T05:20:51.000Z</time>
        <extensions>
          <ns3:TrackPointExtension>
            <ns3:atemp>13.0</ns3:atemp>
            <ns3:hr>137</ns3:hr>
          </ns3:TrackPointExtension>
        </extensions>
      </trkpt>
      <trkpt lat="47.763933576643466949462890625" lon="11.5304039977490901947021484375">
        <ele>714</ele>
        <time>2024-03-31T05:20:53.000Z</time>
        <extensions>
          <ns3:TrackPointExtension>
            <ns3:atemp>13.0</ns3:atemp>
            <ns3:hr>136</ns3:hr>
          </ns3:TrackPointExtension>
        </extensions>
      </trkpt>
      <trkpt lat="47.76389979757368564605712890625" lon="11.5302900038659572601318359375">
        <ele>715</ele>
        <time>2024-03-31T05:20:57.000Z</time>
        <extensions>
          <ns3:TrackPointExtension>
            <ns3:atemp>13.0</ns3:atemp>
            <ns3:hr>136</ns3:hr>
          </ns3:TrackPointExtension>
        </extensions>
      </trkpt>
      <trkpt lat="47.7638720534741878509521484375" lon="11.53019470162689685821533203125">
        <ele>715.4000244140625</ele>
        <time>2024-03-31T05:21:01.000Z</time>
        <extensions>
          <ns3:TrackPointExtension>
            <ns3:atemp>13.0</ns3:atemp>
            <ns3:hr>136</ns3:hr>
          </ns3:TrackPointExtension>
        </extensions>
      </trkpt>
      <trkpt lat="47.76389191858470439910888671875" lon="11.53016410768032073974609375">
        <ele>715.79998779296875</ele>
        <time>2024-03-31T05:21:06.000Z</time>
        <extensions>
          <ns3:TrackPointExtension>
            <ns3:atemp>13.0</ns3:atemp>
            <ns3:hr>138</ns3:hr>
          </ns3:TrackPointExtension>
        </extensions>
      </trkpt>
      <trkpt lat="47.76390097104012966156005859375" lon="11.530164442956447601318359375">
        <ele>715.79998779296875</ele>
        <time>2024-03-31T05:21:07.000Z</time>
        <extensions>
          <ns3:TrackPointExtension>
            <ns3:atemp>13.0</ns3:atemp>
            <ns3:hr>138</ns3:hr>
          </ns3:TrackPointExtension>
        </extensions>
      </trkpt>
      <trkpt lat="47.76393466629087924957275390625" lon="11.53016586787998676300048828125">
        <ele>715.79998779296875</ele>
        <time>2024-03-31T05:21:12.000Z</time>
        <extensions>
          <ns3:TrackPointExtension>
            <ns3:atemp>13.0</ns3:atemp>
            <ns3:hr>140</ns3:hr>
          </ns3:TrackPointExtension>
        </extensions>
      </trkpt>
      <trkpt lat="47.76393701322376728057861328125" lon="11.53016553260385990142822265625">
        <ele>715.79998779296875</ele>
        <time>2024-03-31T05:21:14.000Z</time>
        <extensions>
          <ns3:TrackPointExtension>
            <ns3:atemp>13.0</ns3:atemp>
            <ns3:hr>141</ns3:hr>
          </ns3:TrackPointExtension>
        </extensions>
      </trkpt>
      <trkpt lat="47.76392175815999507904052734375" lon="11.53016050346195697784423828125">
        <ele>715.20001220703125</ele>
        <time>2024-03-31T05:21:34.000Z</time>
        <extensions>
          <ns3:TrackPointExtension>
            <ns3:atemp>14.0</ns3:atemp>
            <ns3:hr>142</ns3:hr>
          </ns3:TrackPointExtension>
        </extensions>
      </trkpt>
      <trkpt lat="47.76390968821942806243896484375" lon="11.53015279211103916168212890625">
        <ele>715</ele>
        <time>2024-03-31T05:21:35.000Z</time>
        <extensions>
          <ns3:TrackPointExtension>
            <ns3:atemp>13.0</ns3:atemp>
            <ns3:hr>143</ns3:hr>
          </ns3:TrackPointExtension>
        </extensions>
      </trkpt>
      <trkpt lat="47.76388973928987979888916015625" lon="11.530126892030239105224609375">
        <ele>714.79998779296875</ele>
        <time>2024-03-31T05:21:37.000Z</time>
        <extensions>
          <ns3:TrackPointExtension>
            <ns3:atemp>14.0</ns3:atemp>
            <ns3:hr>143</ns3:hr>
          </ns3:TrackPointExtension>
        </extensions>
      </trkpt>
      <trkpt lat="47.76384732685983180999755859375" lon="11.53004583902657032012939453125">
        <ele>714.79998779296875</ele>
        <time>2024-03-31T05:21:40.000Z</time>
        <extensions>
          <ns3:TrackPointExtension>
            <ns3:atemp>14.0</ns3:atemp>
            <ns3:hr>143</ns3:hr>
          </ns3:TrackPointExtension>
        </extensions>
      </trkpt>
      <trkpt lat="47.76369494386017322540283203125" lon="11.52981944382190704345703125">
        <ele>715</ele>
        <time>2024-03-31T05:21:48.000Z</time>
        <extensions>
          <ns3:TrackPointExtension>
            <ns3:atemp>14.0</ns3:atemp>
            <ns3:hr>144</ns3:hr>
          </ns3:TrackPointExtension>
        </extensions>
      </trkpt>
      <trkpt lat="47.76364129967987537384033203125" lon="11.529633365571498870849609375">
        <ele>715.4000244140625</ele>
        <time>2024-03-31T05:21:54.000Z</time>
        <extensions>
          <ns3:TrackPointExtension>
            <ns3:atemp>14.0</ns3:atemp>
            <ns3:hr>144</ns3:hr>
          </ns3:TrackPointExtension>
        </extensions>
      </trkpt>
      <trkpt lat="47.7636232785880565643310546875" lon="11.5295389853417873382568359375">
        <ele>716</ele>
        <time>2024-03-31T05:21:57.000Z</time>
        <extensions>
          <ns3:TrackPointExtension>
            <ns3:atemp>14.0</ns3:atemp>
            <ns3:hr>144</ns3:hr>
          </ns3:TrackPointExtension>
        </extensions>
      </trkpt>
      <trkpt lat="47.763584889471530914306640625" lon="11.5294129215180873870849609375">
        <ele>716.5999755859375</ele>
        <time>2024-03-31T05:22:01.000Z</time>
        <extensions>
          <ns3:TrackPointExtension>
            <ns3:atemp>14.0</ns3:atemp>
            <ns3:hr>146</ns3:hr>
          </ns3:TrackPointExtension>
        </extensions>
      </trkpt>
      <trkpt lat="47.7635656110942363739013671875" lon="11.52935785241425037384033203125">
        <ele>717</ele>
        <time>2024-03-31T05:22:03.000Z</time>
        <extensions>
          <ns3:TrackPointExtension>
            <ns3:atemp>14.0</ns3:atemp>
            <ns3:hr>146</ns3:hr>
          </ns3:TrackPointExtension>
        </extensions>
      </trkpt>
      <trkpt lat="47.7634911797940731048583984375" lon="11.52915635146200656890869140625">
        <ele>718</ele>
        <time>2024-03-31T05:22:10.000Z</time>
        <extensions>
          <ns3:TrackPointExtension>
            <ns3:atemp>14.0</ns3:atemp>
            <ns3:hr>145</ns3:hr>
          </ns3:TrackPointExtension>
        </extensions>
      </trkpt>
      <trkpt lat="47.763449437916278839111328125" lon="11.52893808670341968536376953125">
        <ele>719.20001220703125</ele>
        <time>2024-03-31T05:22:17.000Z</time>
        <extensions>
          <ns3:TrackPointExtension>
            <ns3:atemp>14.0</ns3:atemp>
            <ns3:hr>144</ns3:hr>
          </ns3:TrackPointExtension>
        </extensions>
      </trkpt>
      <trkpt lat="47.7634445764124393463134765625" lon="11.52890657074749469757080078125">
        <ele>719.4000244140625</ele>
        <time>2024-03-31T05:22:18.000Z</time>
        <extensions>
          <ns3:TrackPointExtension>
            <ns3:atemp>14.0</ns3:atemp>
            <ns3:hr>144</ns3:hr>
          </ns3:TrackPointExtension>
        </extensions>
      </trkpt>
      <trkpt lat="47.7634221129119396209716796875" lon="11.52864337898790836334228515625">
        <ele>719.79998779296875</ele>
        <time>2024-03-31T05:22:26.000Z</time>
        <extensions>
          <ns3:TrackPointExtension>
            <ns3:atemp>14.0</ns3:atemp>
            <ns3:hr>144</ns3:hr>
          </ns3:TrackPointExtension>
        </extensions>
      </trkpt>
      <trkpt lat="47.76342370547354221343994140625" lon="11.52853994630277156829833984375">
        <ele>720.20001220703125</ele>
        <time>2024-03-31T05:22:31.000Z</time>
        <extensions>
          <ns3:TrackPointExtension>
            <ns3:atemp>14.0</ns3:atemp>
            <ns3:hr>147</ns3:hr>
          </ns3:TrackPointExtension>
        </extensions>
      </trkpt>
      <trkpt lat="47.763425968587398529052734375" lon="11.52849468402564525604248046875">
        <ele>720.20001220703125</ele>
        <time>2024-03-31T05:22:34.000Z</time>
        <extensions>
          <ns3:TrackPointExtension>
            <ns3:atemp>14.0</ns3:atemp>
            <ns3:hr>148</ns3:hr>
          </ns3:TrackPointExtension>
        </extensions>
      </trkpt>
      <trkpt lat="47.76344751007854938507080078125" lon="11.52851128019392490386962890625">
        <ele>720.20001220703125</ele>
        <time>2024-03-31T05:22:37.000Z</time>
        <extensions>
          <ns3:TrackPointExtension>
            <ns3:atemp>14.0</ns3:atemp>
            <ns3:hr>148</ns3:hr>
          </ns3:TrackPointExtension>
        </extensions>
      </trkpt>
      <trkpt lat="47.7634573169052600860595703125" lon="11.5285284630954265594482421875">
        <ele>720.5999755859375</ele>
        <time>2024-03-31T05:22:41.000Z</time>
        <extensions>
          <ns3:TrackPointExtension>
            <ns3:atemp>14.0</ns3:atemp>
            <ns3:hr>148</ns3:hr>
          </ns3:TrackPointExtension>
        </extensions>
      </trkpt>
      <trkpt lat="47.7634586580097675323486328125" lon="11.528503485023975372314453125">
        <ele>720</ele>
        <time>2024-03-31T05:22:49.000Z</time>
        <extensions>
          <ns3:TrackPointExtension>
            <ns3:atemp>14.0</ns3:atemp>
            <ns3:hr>146</ns3:hr>
          </ns3:TrackPointExtension>
        </extensions>
      </trkpt>
      <trkpt lat="47.7634703926742076873779296875" lon="11.528484039008617401123046875">
        <ele>720.4000244140625</ele>
        <time>2024-03-31T05:22:51.000Z</time>
        <extensions>
          <ns3:TrackPointExtension>
            <ns3:atemp>14.0</ns3:atemp>
            <ns3:hr>144</ns3:hr>
          </ns3:TrackPointExtension>
        </extensions>
      </trkpt>
      <trkpt lat="47.76347885839641094207763671875" lon="11.5284835360944271087646484375">
        <ele>720.4000244140625</ele>
        <time>2024-03-31T05:22:53.000Z</time>
        <extensions>
          <ns3:TrackPointExtension>
            <ns3:atemp>14.0</ns3:atemp>
            <ns3:hr>143</ns3:hr>
          </ns3:TrackPointExtension>
        </extensions>
      </trkpt>
      <trkpt lat="47.763478942215442657470703125" lon="11.52848244644701480865478515625">
        <ele>720.79998779296875</ele>
        <time>2024-03-31T05:22:56.000Z</time>
        <extensions>
          <ns3:TrackPointExtension>
            <ns3:atemp>14.0</ns3:atemp>
            <ns3:hr>139</ns3:hr>
          </ns3:TrackPointExtension>
        </extensions>
      </trkpt>
      <trkpt lat="47.76347148232161998748779296875" lon="11.5284909121692180633544921875">
        <ele>720.4000244140625</ele>
        <time>2024-03-31T05:23:04.000Z</time>
        <extensions>
          <ns3:TrackPointExtension>
            <ns3:atemp>14.0</ns3:atemp>
            <ns3:hr>134</ns3:hr>
          </ns3:TrackPointExtension>
        </extensions>
      </trkpt>
      <trkpt lat="47.763471901416778564453125" lon="11.528494097292423248291015625">
        <ele>720.20001220703125</ele>
        <time>2024-03-31T05:23:05.000Z</time>
        <extensions>
          <ns3:TrackPointExtension>
            <ns3:atemp>14.0</ns3:atemp>
            <ns3:hr>134</ns3:hr>
          </ns3:TrackPointExtension>
        </extensions>
      </trkpt>
      <trkpt lat="47.7634744159877300262451171875" lon="11.52849577367305755615234375">
        <ele>720.20001220703125</ele>
        <time>2024-03-31T05:23:06.000Z</time>
        <extensions>
          <ns3:TrackPointExtension>
            <ns3:atemp>14.0</ns3:atemp>
            <ns3:hr>134</ns3:hr>
          </ns3:TrackPointExtension>
        </extensions>
      </trkpt>
      <trkpt lat="47.76346762664616107940673828125" lon="11.528496779501438140869140625">
        <ele>719.79998779296875</ele>
        <time>2024-03-31T05:23:12.000Z</time>
        <extensions>
          <ns3:TrackPointExtension>
            <ns3:atemp>14.0</ns3:atemp>
            <ns3:hr>135</ns3:hr>
          </ns3:TrackPointExtension>
        </extensions>
      </trkpt>
      <trkpt lat="47.76345103047788143157958984375" lon="11.5285143814980983734130859375">
        <ele>715.5999755859375</ele>
        <time>2024-03-31T05:26:00.000Z</time>
        <extensions>
          <ns3:TrackPointExtension>
            <ns3:atemp>16.0</ns3:atemp>
            <ns3:hr>100</ns3:hr>
          </ns3:TrackPointExtension>
        </extensions>
      </trkpt>
      <trkpt lat="47.763447426259517669677734375" lon="11.52853223495185375213623046875">
        <ele>720.4000244140625</ele>
        <time>2024-03-31T05:26:01.000Z</time>
        <extensions>
          <ns3:TrackPointExtension>
            <ns3:atemp>16.0</ns3:atemp>
            <ns3:hr>100</ns3:hr>
          </ns3:TrackPointExtension>
        </extensions>
      </trkpt>
      <trkpt lat="47.76344683952629566192626953125" lon="11.52855872176587581634521484375">
        <ele>720.4000244140625</ele>
        <time>2024-03-31T05:26:02.000Z</time>
        <extensions>
          <ns3:TrackPointExtension>
            <ns3:atemp>16.0</ns3:atemp>
            <ns3:hr>100</ns3:hr>
          </ns3:TrackPointExtension>
        </extensions>
      </trkpt>
      <trkpt lat="47.763447426259517669677734375" lon="11.5285809338092803955078125">
        <ele>720.4000244140625</ele>
        <time>2024-03-31T05:26:03.000Z</time>
        <extensions>
          <ns3:TrackPointExtension>
            <ns3:atemp>16.0</ns3:atemp>
            <ns3:hr>100</ns3:hr>
          </ns3:TrackPointExtension>
        </extensions>
      </trkpt>
      <trkpt lat="47.763445079326629638671875" lon="11.52882568538188934326171875">
        <ele>720</ele>
        <time>2024-03-31T05:26:14.000Z</time>
        <extensions>
          <ns3:TrackPointExtension>
            <ns3:atemp>16.0</ns3:atemp>
            <ns3:hr>102</ns3:hr>
          </ns3:TrackPointExtension>
        </extensions>
      </trkpt>
      <trkpt lat="47.76346050202846527099609375" lon="11.528960801661014556884765625">
        <ele>719.4000244140625</ele>
        <time>2024-03-31T05:26:22.000Z</time>
        <extensions>
          <ns3:TrackPointExtension>
            <ns3:atemp>16.0</ns3:atemp>
            <ns3:hr>102</ns3:hr>
          </ns3:TrackPointExtension>
        </extensions>
      </trkpt>
      <trkpt lat="47.76351875625550746917724609375" lon="11.52913405559957027435302734375">
        <ele>718.20001220703125</ele>
        <time>2024-03-31T05:26:32.000Z</time>
        <extensions>
          <ns3:TrackPointExtension>
            <ns3:atemp>16.0</ns3:atemp>
            <ns3:hr>102</ns3:hr>
          </ns3:TrackPointExtension>
        </extensions>
      </trkpt>
      <trkpt lat="47.76356368325650691986083984375" lon="11.52925827540457248687744140625">
        <ele>717.79998779296875</ele>
        <time>2024-03-31T05:26:37.000Z</time>
        <extensions>
          <ns3:TrackPointExtension>
            <ns3:atemp>16.0</ns3:atemp>
            <ns3:hr>103</ns3:hr>
          </ns3:TrackPointExtension>
        </extensions>
      </trkpt>
      <trkpt lat="47.7636021561920642852783203125" lon="11.52934863232076168060302734375">
        <ele>717</ele>
        <time>2024-03-31T05:26:42.000Z</time>
        <extensions>
          <ns3:TrackPointExtension>
            <ns3:atemp>16.0</ns3:atemp>
            <ns3:hr>102</ns3:hr>
          </ns3:TrackPointExtension>
        </extensions>
      </trkpt>
      <trkpt lat="47.76361816562712192535400390625" lon="11.52939825318753719329833984375">
        <ele>716.5999755859375</ele>
        <time>2024-03-31T05:26:44.000Z</time>
        <extensions>
          <ns3:TrackPointExtension>
            <ns3:atemp>16.0</ns3:atemp>
            <ns3:hr>103</ns3:hr>
          </ns3:TrackPointExtension>
        </extensions>
      </trkpt>
      <trkpt lat="47.763659991323947906494140625" lon="11.52954510413110256195068359375">
        <ele>716</ele>
        <time>2024-03-31T05:26:48.000Z</time>
        <extensions>
          <ns3:TrackPointExtension>
            <ns3:atemp>16.0</ns3:atemp>
            <ns3:hr>103</ns3:hr>
          </ns3:TrackPointExtension>
        </extensions>
      </trkpt>
      <trkpt lat="47.76371958665549755096435546875" lon="11.529777534306049346923828125">
        <ele>714.4000244140625</ele>
        <time>2024-03-31T05:26:54.000Z</time>
        <extensions>
          <ns3:TrackPointExtension>
            <ns3:atemp>16.0</ns3:atemp>
            <ns3:hr>103</ns3:hr>
          </ns3:TrackPointExtension>
        </extensions>
      </trkpt>
      <trkpt lat="47.7637875638902187347412109375" lon="11.52992195449769496917724609375">
        <ele>713.4000244140625</ele>
        <time>2024-03-31T05:26:58.000Z</time>
        <extensions>
          <ns3:TrackPointExtension>
            <ns3:atemp>16.0</ns3:atemp>
            <ns3:hr>104</ns3:hr>
          </ns3:TrackPointExtension>
        </extensions>
      </trkpt>
      <trkpt lat="47.7638246119022369384765625" lon="11.52998649515211582183837890625">
        <ele>712.5999755859375</ele>
        <time>2024-03-31T05:27:00.000Z</time>
        <extensions>
          <ns3:TrackPointExtension>
            <ns3:atemp>16.0</ns3:atemp>
            <ns3:hr>105</ns3:hr>
          </ns3:TrackPointExtension>
        </extensions>
      </trkpt>
      <trkpt lat="47.76388269849121570587158203125" lon="11.53009512461721897125244140625">
        <ele>712.4000244140625</ele>
        <time>2024-03-31T05:27:03.000Z</time>
        <extensions>
          <ns3:TrackPointExtension>
            <ns3:atemp>16.0</ns3:atemp>
            <ns3:hr>107</ns3:hr>
          </ns3:TrackPointExtension>
        </extensions>
      </trkpt>
      <trkpt lat="47.76391807012259960174560546875" lon="11.530240885913372039794921875">
        <ele>712</ele>
        <time>2024-03-31T05:27:07.000Z</time>
        <extensions>
          <ns3:TrackPointExtension>
            <ns3:atemp>16.0</ns3:atemp>
            <ns3:hr>108</ns3:hr>
          </ns3:TrackPointExtension>
        </extensions>
      </trkpt>
      <trkpt lat="47.76393014006316661834716796875" lon="11.53037005104124546051025390625">
        <ele>711.20001220703125</ele>
        <time>2024-03-31T05:27:11.000Z</time>
        <extensions>
          <ns3:TrackPointExtension>
            <ns3:atemp>16.0</ns3:atemp>
            <ns3:hr>110</ns3:hr>
          </ns3:TrackPointExtension>
        </extensions>
      </trkpt>
      <trkpt lat="47.7639411203563213348388671875" lon="11.53042939491569995880126953125">
        <ele>711</ele>
        <time>2024-03-31T05:27:13.000Z</time>
        <extensions>
          <ns3:TrackPointExtension>
            <ns3:atemp>16.0</ns3:atemp>
            <ns3:hr>111</ns3:hr>
          </ns3:TrackPointExtension>
        </extensions>
      </trkpt>
      <trkpt lat="47.76395243592560291290283203125" lon="11.53049879707396030426025390625">
        <ele>710.20001220703125</ele>
        <time>2024-03-31T05:27:15.000Z</time>
        <extensions>
          <ns3:TrackPointExtension>
            <ns3:atemp>16.0</ns3:atemp>
            <ns3:hr>112</ns3:hr>
          </ns3:TrackPointExtension>
        </extensions>
      </trkpt>
      <trkpt lat="47.76397280395030975341796875" lon="11.5306044928729534149169921875">
        <ele>709</ele>
        <time>2024-03-31T05:27:18.000Z</time>
        <extensions>
          <ns3:TrackPointExtension>
            <ns3:atemp>16.0</ns3:atemp>
            <ns3:hr>113</ns3:hr>
          </ns3:TrackPointExtension>
        </extensions>
      </trkpt>
      <trkpt lat="47.76397816836833953857421875" lon="11.53063793666660785675048828125">
        <ele>708.5999755859375</ele>
        <time>2024-03-31T05:27:19.000Z</time>
        <extensions>
          <ns3:TrackPointExtension>
            <ns3:atemp>16.0</ns3:atemp>
            <ns3:hr>113</ns3:hr>
          </ns3:TrackPointExtension>
        </extensions>
      </trkpt>
      <trkpt lat="47.76399292051792144775390625" lon="11.53071002103388309478759765625">
        <ele>707.79998779296875</ele>
        <time>2024-03-31T05:27:21.000Z</time>
        <extensions>
          <ns3:TrackPointExtension>
            <ns3:atemp>16.0</ns3:atemp>
            <ns3:hr>114</ns3:hr>
          </ns3:TrackPointExtension>
        </extensions>
      </trkpt>
      <trkpt lat="47.76401245035231113433837890625" lon="11.53082636184990406036376953125">
        <ele>706.5999755859375</ele>
        <time>2024-03-31T05:27:24.000Z</time>
        <extensions>
          <ns3:TrackPointExtension>
            <ns3:atemp>16.0</ns3:atemp>
            <ns3:hr>114</ns3:hr>
          </ns3:TrackPointExtension>
        </extensions>
      </trkpt>
      <trkpt lat="47.76401932351291179656982421875" lon="11.530867852270603179931640625">
        <ele>706.20001220703125</ele>
        <time>2024-03-31T05:27:25.000Z</time>
        <extensions>
          <ns3:TrackPointExtension>
            <ns3:atemp>16.0</ns3:atemp>
            <ns3:hr>114</ns3:hr>
          </ns3:TrackPointExtension>
        </extensions>
      </trkpt>
      <trkpt lat="47.764032818377017974853515625" lon="11.53094387613236904144287109375">
        <ele>705.4000244140625</ele>
        <time>2024-03-31T05:27:27.000Z</time>
        <extensions>
          <ns3:TrackPointExtension>
            <ns3:atemp>16.0</ns3:atemp>
            <ns3:hr>114</ns3:hr>
          </ns3:TrackPointExtension>
        </extensions>
      </trkpt>
      <trkpt lat="47.76405670680105686187744140625" lon="11.53109927661716938018798828125">
        <ele>704.20001220703125</ele>
        <time>2024-03-31T05:27:31.000Z</time>
        <extensions>
          <ns3:TrackPointExtension>
            <ns3:atemp>16.0</ns3:atemp>
            <ns3:hr>115</ns3:hr>
          </ns3:TrackPointExtension>
        </extensions>
      </trkpt>
      <trkpt lat="47.76405620388686656951904296875" lon="11.53119097463786602020263671875">
        <ele>703.5999755859375</ele>
        <time>2024-03-31T05:27:33.000Z</time>
        <extensions>
          <ns3:TrackPointExtension>
            <ns3:atemp>16.0</ns3:atemp>
            <ns3:hr>115</ns3:hr>
          </ns3:TrackPointExtension>
        </extensions>
      </trkpt>
      <trkpt lat="47.76405117474496364593505859375" lon="11.5313022024929523468017578125">
        <ele>703</ele>
        <time>2024-03-31T05:27:35.000Z</time>
        <extensions>
          <ns3:TrackPointExtension>
            <ns3:atemp>16.0</ns3:atemp>
            <ns3:hr>115</ns3:hr>
          </ns3:TrackPointExtension>
        </extensions>
      </trkpt>
      <trkpt lat="47.76403239928185939788818359375" lon="11.53159196488559246063232421875">
        <ele>702.20001220703125</ele>
        <time>2024-03-31T05:27:40.000Z</time>
        <extensions>
          <ns3:TrackPointExtension>
            <ns3:atemp>16.0</ns3:atemp>
            <ns3:hr>116</ns3:hr>
          </ns3:TrackPointExtension>
        </extensions>
      </trkpt>
      <trkpt lat="47.76403055526316165924072265625" lon="11.53168785385787487030029296875">
        <ele>702</ele>
        <time>2024-03-31T05:27:42.000Z</time>
        <extensions>
          <ns3:TrackPointExtension>
            <ns3:atemp>16.0</ns3:atemp>
            <ns3:hr>118</ns3:hr>
          </ns3:TrackPointExtension>
        </extensions>
      </trkpt>
      <trkpt lat="47.76404228992760181427001953125" lon="11.53178525157272815704345703125">
        <ele>701.79998779296875</ele>
        <time>2024-03-31T05:27:45.000Z</time>
        <extensions>
          <ns3:TrackPointExtension>
            <ns3:atemp>16.0</ns3:atemp>
            <ns3:hr>117</ns3:hr>
          </ns3:TrackPointExtension>
        </extensions>
      </trkpt>
      <trkpt lat="47.76406005956232547760009765625" lon="11.5319734252989292144775390625">
        <ele>700.79998779296875</ele>
        <time>2024-03-31T05:27:51.000Z</time>
        <extensions>
          <ns3:TrackPointExtension>
            <ns3:atemp>16.0</ns3:atemp>
            <ns3:hr>116</ns3:hr>
          </ns3:TrackPointExtension>
        </extensions>
      </trkpt>
      <trkpt lat="47.764062322676181793212890625" lon="11.5320275723934173583984375">
        <ele>700.5999755859375</ele>
        <time>2024-03-31T05:27:52.000Z</time>
        <extensions>
          <ns3:TrackPointExtension>
            <ns3:atemp>16.0</ns3:atemp>
            <ns3:hr>116</ns3:hr>
          </ns3:TrackPointExtension>
        </extensions>
      </trkpt>
      <trkpt lat="47.76411470957100391387939453125" lon="11.53224810026586055755615234375">
        <ele>699.5999755859375</ele>
        <time>2024-03-31T05:27:57.000Z</time>
        <extensions>
          <ns3:TrackPointExtension>
            <ns3:atemp>16.0</ns3:atemp>
            <ns3:hr>116</ns3:hr>
          </ns3:TrackPointExtension>
        </extensions>
      </trkpt>
      <trkpt lat="47.76417237706482410430908203125" lon="11.53245245106518268585205078125">
        <ele>699.4000244140625</ele>
        <time>2024-03-31T05:28:02.000Z</time>
        <extensions>
          <ns3:TrackPointExtension>
            <ns3:atemp>16.0</ns3:atemp>
            <ns3:hr>119</ns3:hr>
          </ns3:TrackPointExtension>
        </extensions>
      </trkpt>
      <trkpt lat="47.76419333182275295257568359375" lon="11.53253459371626377105712890625">
        <ele>699.5999755859375</ele>
        <time>2024-03-31T05:28:04.000Z</time>
        <extensions>
          <ns3:TrackPointExtension>
            <ns3:atemp>16.0</ns3:atemp>
            <ns3:hr>119</ns3:hr>
          </ns3:TrackPointExtension>
        </extensions>
      </trkpt>
      <trkpt lat="47.764250077307224273681640625" lon="11.53282175771892070770263671875">
        <ele>699</ele>
        <time>2024-03-31T05:28:11.000Z</time>
        <extensions>
          <ns3:TrackPointExtension>
            <ns3:atemp>16.0</ns3:atemp>
            <ns3:hr>121</ns3:hr>
          </ns3:TrackPointExtension>
        </extensions>
      </trkpt>
      <trkpt lat="47.76426910422742366790771484375" lon="11.53289996087551116943359375">
        <ele>698.5999755859375</ele>
        <time>2024-03-31T05:28:13.000Z</time>
        <extensions>
          <ns3:TrackPointExtension>
            <ns3:atemp>16.0</ns3:atemp>
            <ns3:hr>121</ns3:hr>
          </ns3:TrackPointExtension>
        </extensions>
      </trkpt>
      <trkpt lat="47.764252759516239166259765625" lon="11.5330701135098934173583984375">
        <ele>698.20001220703125</ele>
        <time>2024-03-31T05:28:17.000Z</time>
        <extensions>
          <ns3:TrackPointExtension>
            <ns3:atemp>16.0</ns3:atemp>
            <ns3:hr>122</ns3:hr>
          </ns3:TrackPointExtension>
        </extensions>
      </trkpt>
      <trkpt lat="47.76421696878969669342041015625" lon="11.53322987258434295654296875">
        <ele>697.5999755859375</ele>
        <time>2024-03-31T05:28:21.000Z</time>
        <extensions>
          <ns3:TrackPointExtension>
            <ns3:atemp>16.0</ns3:atemp>
            <ns3:hr>122</ns3:hr>
          </ns3:TrackPointExtension>
        </extensions>
      </trkpt>
      <trkpt lat="47.76419064961373805999755859375" lon="11.5334647335112094879150390625">
        <ele>696.4000244140625</ele>
        <time>2024-03-31T05:28:27.000Z</time>
        <extensions>
          <ns3:TrackPointExtension>
            <ns3:atemp>16.0</ns3:atemp>
            <ns3:hr>122</ns3:hr>
          </ns3:TrackPointExtension>
        </extensions>
      </trkpt>
      <trkpt lat="47.76418603956699371337890625" lon="11.53348124586045742034912109375">
        <ele>696.20001220703125</ele>
        <time>2024-03-31T05:28:28.000Z</time>
        <extensions>
          <ns3:TrackPointExtension>
            <ns3:atemp>16.0</ns3:atemp>
            <ns3:hr>121</ns3:hr>
          </ns3:TrackPointExtension>
        </extensions>
      </trkpt>
      <trkpt lat="47.76418360881507396697998046875" lon="11.533485688269138336181640625">
        <ele>695.5999755859375</ele>
        <time>2024-03-31T05:28:31.000Z</time>
        <extensions>
          <ns3:TrackPointExtension>
            <ns3:atemp>16.0</ns3:atemp>
            <ns3:hr>122</ns3:hr>
          </ns3:TrackPointExtension>
        </extensions>
      </trkpt>
      <trkpt lat="47.76417673565447330474853515625" lon="11.5335314534604549407958984375">
        <ele>695.5999755859375</ele>
        <time>2024-03-31T05:28:47.000Z</time>
        <extensions>
          <ns3:TrackPointExtension>
            <ns3:atemp>16.0</ns3:atemp>
            <ns3:hr>120</ns3:hr>
          </ns3:TrackPointExtension>
        </extensions>
      </trkpt>
      <trkpt lat="47.7641456387937068939208984375" lon="11.53376975096762180328369140625">
        <ele>695.20001220703125</ele>
        <time>2024-03-31T05:28:52.000Z</time>
        <extensions>
          <ns3:TrackPointExtension>
            <ns3:atemp>16.0</ns3:atemp>
            <ns3:hr>120</ns3:hr>
          </ns3:TrackPointExtension>
        </extensions>
      </trkpt>
      <trkpt lat="47.7641057409346103668212890625" lon="11.533956415951251983642578125">
        <ele>694</ele>
        <time>2024-03-31T05:28:56.000Z</time>
        <extensions>
          <ns3:TrackPointExtension>
            <ns3:atemp>16.0</ns3:atemp>
            <ns3:hr>117</ns3:hr>
          </ns3:TrackPointExtension>
        </extensions>
      </trkpt>
      <trkpt lat="47.76407749392092227935791015625" lon="11.5340749360620975494384765625">
        <ele>693.20001220703125</ele>
        <time>2024-03-31T05:28:59.000Z</time>
        <extensions>
          <ns3:TrackPointExtension>
            <ns3:atemp>16.0</ns3:atemp>
            <ns3:hr>120</ns3:hr>
          </ns3:TrackPointExtension>
        </extensions>
      </trkpt>
      <trkpt lat="47.7640633285045623779296875" lon="11.53411793522536754608154296875">
        <ele>692.79998779296875</ele>
        <time>2024-03-31T05:29:00.000Z</time>
        <extensions>
          <ns3:TrackPointExtension>
            <ns3:atemp>16.0</ns3:atemp>
            <ns3:hr>118</ns3:hr>
          </ns3:TrackPointExtension>
        </extensions>
      </trkpt>
      <trkpt lat="47.76404547505080699920654296875" lon="11.53415665961802005767822265625">
        <ele>692.4000244140625</ele>
        <time>2024-03-31T05:29:01.000Z</time>
        <extensions>
          <ns3:TrackPointExtension>
            <ns3:atemp>16.0</ns3:atemp>
            <ns3:hr>118</ns3:hr>
          </ns3:TrackPointExtension>
        </extensions>
      </trkpt>
      <trkpt lat="47.7639954350888729095458984375" lon="11.53427383862435817718505859375">
        <ele>691.79998779296875</ele>
        <time>2024-03-31T05:29:04.000Z</time>
        <extensions>
          <ns3:TrackPointExtension>
            <ns3:atemp>16.0</ns3:atemp>
            <ns3:hr>119</ns3:hr>
          </ns3:TrackPointExtension>
        </extensions>
      </trkpt>
      <trkpt lat="47.76389292441308498382568359375" lon="11.5343810431659221649169921875">
        <ele>690.5999755859375</ele>
        <time>2024-03-31T05:29:08.000Z</time>
        <extensions>
          <ns3:TrackPointExtension>
            <ns3:atemp>16.0</ns3:atemp>
            <ns3:hr>120</ns3:hr>
          </ns3:TrackPointExtension>
        </extensions>
      </trkpt>
      <trkpt lat="47.7637946046888828277587890625" lon="11.53442119248211383819580078125">
        <ele>689.4000244140625</ele>
        <time>2024-03-31T05:29:11.000Z</time>
        <extensions>
          <ns3:TrackPointExtension>
            <ns3:atemp>16.0</ns3:atemp>
            <ns3:hr>122</ns3:hr>
          </ns3:TrackPointExtension>
        </extensions>
      </trkpt>
      <trkpt lat="47.76362839154899120330810546875" lon="11.53447098098695278167724609375">
        <ele>688.4000244140625</ele>
        <time>2024-03-31T05:29:16.000Z</time>
        <extensions>
          <ns3:TrackPointExtension>
            <ns3:atemp>16.0</ns3:atemp>
            <ns3:hr>124</ns3:hr>
          </ns3:TrackPointExtension>
        </extensions>
      </trkpt>
      <trkpt lat="47.76359536685049533843994140625" lon="11.53448891825973987579345703125">
        <ele>688.4000244140625</ele>
        <time>2024-03-31T05:29:17.000Z</time>
        <extensions>
          <ns3:TrackPointExtension>
            <ns3:atemp>16.0</ns3:atemp>
            <ns3:hr>125</ns3:hr>
          </ns3:TrackPointExtension>
        </extensions>
      </trkpt>
      <trkpt lat="47.76350366882979869842529296875" lon="11.53462462127208709716796875">
        <ele>687.4000244140625</ele>
        <time>2024-03-31T05:29:21.000Z</time>
        <extensions>
          <ns3:TrackPointExtension>
            <ns3:atemp>16.0</ns3:atemp>
            <ns3:hr>125</ns3:hr>
          </ns3:TrackPointExtension>
        </extensions>
      </trkpt>
      <trkpt lat="47.76348866522312164306640625" lon="11.53466694988310337066650390625">
        <ele>687.20001220703125</ele>
        <time>2024-03-31T05:29:22.000Z</time>
        <extensions>
          <ns3:TrackPointExtension>
            <ns3:atemp>16.0</ns3:atemp>
            <ns3:hr>125</ns3:hr>
          </ns3:TrackPointExtension>
        </extensions>
      </trkpt>
      <trkpt lat="47.76344843208789825439453125" lon="11.5348712168633937835693359375">
        <ele>686.20001220703125</ele>
        <time>2024-03-31T05:29:27.000Z</time>
        <extensions>
          <ns3:TrackPointExtension>
            <ns3:atemp>16.0</ns3:atemp>
            <ns3:hr>127</ns3:hr>
          </ns3:TrackPointExtension>
        </extensions>
      </trkpt>
      <trkpt lat="47.763379700481891632080078125" lon="11.535070203244686126708984375">
        <ele>685</ele>
        <time>2024-03-31T05:29:32.000Z</time>
        <extensions>
          <ns3:TrackPointExtension>
            <ns3:atemp>16.0</ns3:atemp>
            <ns3:hr>127</ns3:hr>
          </ns3:TrackPointExtension>
        </extensions>
      </trkpt>
      <trkpt lat="47.76333577930927276611328125" lon="11.535162739455699920654296875">
        <ele>684.20001220703125</ele>
        <time>2024-03-31T05:29:34.000Z</time>
        <extensions>
          <ns3:TrackPointExtension>
            <ns3:atemp>16.0</ns3:atemp>
            <ns3:hr>127</ns3:hr>
          </ns3:TrackPointExtension>
        </extensions>
      </trkpt>
      <trkpt lat="47.76331909932196140289306640625" lon="11.53519148938357830047607421875">
        <ele>683.79998779296875</ele>
        <time>2024-03-31T05:29:35.000Z</time>
        <extensions>
          <ns3:TrackPointExtension>
            <ns3:atemp>16.0</ns3:atemp>
            <ns3:hr>127</ns3:hr>
          </ns3:TrackPointExtension>
        </extensions>
      </trkpt>
      <trkpt lat="47.76324567385017871856689453125" lon="11.535287462174892425537109375">
        <ele>682.4000244140625</ele>
        <time>2024-03-31T05:29:38.000Z</time>
        <extensions>
          <ns3:TrackPointExtension>
            <ns3:atemp>16.0</ns3:atemp>
            <ns3:hr>126</ns3:hr>
          </ns3:TrackPointExtension>
        </extensions>
      </trkpt>
      <trkpt lat="47.76320175267755985260009765625" lon="11.5353439562022686004638671875">
        <ele>681.5999755859375</ele>
        <time>2024-03-31T05:29:40.000Z</time>
        <extensions>
          <ns3:TrackPointExtension>
            <ns3:atemp>16.0</ns3:atemp>
            <ns3:hr>126</ns3:hr>
          </ns3:TrackPointExtension>
        </extensions>
      </trkpt>
      <trkpt lat="47.7631783671677112579345703125" lon="11.5353701077401638031005859375">
        <ele>681.20001220703125</ele>
        <time>2024-03-31T05:29:41.000Z</time>
        <extensions>
          <ns3:TrackPointExtension>
            <ns3:atemp>16.0</ns3:atemp>
            <ns3:hr>126</ns3:hr>
          </ns3:TrackPointExtension>
        </extensions>
      </trkpt>
      <trkpt lat="47.76312145404517650604248046875" lon="11.535457782447338104248046875">
        <ele>680</ele>
        <time>2024-03-31T05:29:44.000Z</time>
        <extensions>
          <ns3:TrackPointExtension>
            <ns3:atemp>16.0</ns3:atemp>
            <ns3:hr>124</ns3:hr>
          </ns3:TrackPointExtension>
        </extensions>
      </trkpt>
      <trkpt lat="47.76310452260076999664306640625" lon="11.5355001948773860931396484375">
        <ele>679.4000244140625</ele>
        <time>2024-03-31T05:29:45.000Z</time>
        <extensions>
          <ns3:TrackPointExtension>
            <ns3:atemp>16.0</ns3:atemp>
            <ns3:hr>124</ns3:hr>
          </ns3:TrackPointExtension>
        </extensions>
      </trkpt>
      <trkpt lat="47.76307736523449420928955078125" lon="11.53556968085467815399169921875">
        <ele>678.79998779296875</ele>
        <time>2024-03-31T05:29:47.000Z</time>
        <extensions>
          <ns3:TrackPointExtension>
            <ns3:atemp>16.0</ns3:atemp>
            <ns3:hr>123</ns3:hr>
          </ns3:TrackPointExtension>
        </extensions>
      </trkpt>
      <trkpt lat="47.7630067057907581329345703125" lon="11.5357519872486591339111328125">
        <ele>677.5999755859375</ele>
        <time>2024-03-31T05:29:52.000Z</time>
        <extensions>
          <ns3:TrackPointExtension>
            <ns3:atemp>16.0</ns3:atemp>
            <ns3:hr>122</ns3:hr>
          </ns3:TrackPointExtension>
        </extensions>
      </trkpt>
      <trkpt lat="47.76299388147890567779541015625" lon="11.53578425757586956024169921875">
        <ele>677.4000244140625</ele>
        <time>2024-03-31T05:29:53.000Z</time>
        <extensions>
          <ns3:TrackPointExtension>
            <ns3:atemp>16.0</ns3:atemp>
            <ns3:hr>122</ns3:hr>
          </ns3:TrackPointExtension>
        </extensions>
      </trkpt>
      <trkpt lat="47.76292380876839160919189453125" lon="11.53594301082193851470947265625">
        <ele>676.5999755859375</ele>
        <time>2024-03-31T05:29:58.000Z</time>
        <extensions>
          <ns3:TrackPointExtension>
            <ns3:atemp>16.0</ns3:atemp>
            <ns3:hr>119</ns3:hr>
          </ns3:TrackPointExtension>
        </extensions>
      </trkpt>
      <trkpt lat="47.7629010938107967376708984375" lon="11.5359972417354583740234375">
        <ele>676.4000244140625</ele>
        <time>2024-03-31T05:30:00.000Z</time>
        <extensions>
          <ns3:TrackPointExtension>
            <ns3:atemp>16.0</ns3:atemp>
            <ns3:hr>118</ns3:hr>
          </ns3:TrackPointExtension>
        </extensions>
      </trkpt>
      <trkpt lat="47.76285440661013126373291015625" lon="11.536102183163166046142578125">
        <ele>675.4000244140625</ele>
        <time>2024-03-31T05:30:03.000Z</time>
        <extensions>
          <ns3:TrackPointExtension>
            <ns3:atemp>16.0</ns3:atemp>
            <ns3:hr>118</ns3:hr>
          </ns3:TrackPointExtension>
        </extensions>
      </trkpt>
      <trkpt lat="47.762768156826496124267578125" lon="11.5362921170890331268310546875">
        <ele>674.5999755859375</ele>
        <time>2024-03-31T05:30:09.000Z</time>
        <extensions>
          <ns3:TrackPointExtension>
            <ns3:atemp>16.0</ns3:atemp>
            <ns3:hr>118</ns3:hr>
          </ns3:TrackPointExtension>
        </extensions>
      </trkpt>
      <trkpt lat="47.76275181211531162261962890625" lon="11.53632841072976589202880859375">
        <ele>674.4000244140625</ele>
        <time>2024-03-31T05:30:10.000Z</time>
        <extensions>
          <ns3:TrackPointExtension>
            <ns3:atemp>16.0</ns3:atemp>
            <ns3:hr>118</ns3:hr>
          </ns3:TrackPointExtension>
        </extensions>
      </trkpt>
      <trkpt lat="47.76267637498676776885986328125" lon="11.53645816259086132049560546875">
        <ele>673</ele>
        <time>2024-03-31T05:30:14.000Z</time>
        <extensions>
          <ns3:TrackPointExtension>
            <ns3:atemp>16.0</ns3:atemp>
            <ns3:hr>117</ns3:hr>
          </ns3:TrackPointExtension>
        </extensions>
      </trkpt>
      <trkpt lat="47.7626164443790912628173828125" lon="11.53653879649937152862548828125">
        <ele>672.4000244140625</ele>
        <time>2024-03-31T05:30:17.000Z</time>
        <extensions>
          <ns3:TrackPointExtension>
            <ns3:atemp>16.0</ns3:atemp>
            <ns3:hr>117</ns3:hr>
          </ns3:TrackPointExtension>
        </extensions>
      </trkpt>
      <trkpt lat="47.7625943161547183990478515625" lon="11.5365653671324253082275390625">
        <ele>672</ele>
        <time>2024-03-31T05:30:18.000Z</time>
        <extensions>
          <ns3:TrackPointExtension>
            <ns3:atemp>16.0</ns3:atemp>
            <ns3:hr>117</ns3:hr>
          </ns3:TrackPointExtension>
        </extensions>
      </trkpt>
      <trkpt lat="47.76255181990563869476318359375" lon="11.53666670434176921844482421875">
        <ele>671</ele>
        <time>2024-03-31T05:30:21.000Z</time>
        <extensions>
          <ns3:TrackPointExtension>
            <ns3:atemp>16.0</ns3:atemp>
            <ns3:hr>118</ns3:hr>
          </ns3:TrackPointExtension>
        </extensions>
      </trkpt>
      <trkpt lat="47.76253840886056423187255859375" lon="11.53678522445261478424072265625">
        <ele>670.20001220703125</ele>
        <time>2024-03-31T05:30:24.000Z</time>
        <extensions>
          <ns3:TrackPointExtension>
            <ns3:atemp>16.0</ns3:atemp>
            <ns3:hr>118</ns3:hr>
          </ns3:TrackPointExtension>
        </extensions>
      </trkpt>
      <trkpt lat="47.762532122433185577392578125" lon="11.5368959493935108184814453125">
        <ele>669.79998779296875</ele>
        <time>2024-03-31T05:30:27.000Z</time>
        <extensions>
          <ns3:TrackPointExtension>
            <ns3:atemp>16.0</ns3:atemp>
            <ns3:hr>119</ns3:hr>
          </ns3:TrackPointExtension>
        </extensions>
      </trkpt>
      <trkpt lat="47.76254243217408657073974609375" lon="11.5370672754943370819091796875">
        <ele>669.4000244140625</ele>
        <time>2024-03-31T05:30:31.000Z</time>
        <extensions>
          <ns3:TrackPointExtension>
            <ns3:atemp>16.0</ns3:atemp>
            <ns3:hr>119</ns3:hr>
          </ns3:TrackPointExtension>
        </extensions>
      </trkpt>
      <trkpt lat="47.76254930533468723297119140625" lon="11.537207253277301788330078125">
        <ele>668.79998779296875</ele>
        <time>2024-03-31T05:30:34.000Z</time>
        <extensions>
          <ns3:TrackPointExtension>
            <ns3:atemp>16.0</ns3:atemp>
            <ns3:hr>118</ns3:hr>
          </ns3:TrackPointExtension>
        </extensions>
      </trkpt>
      <trkpt lat="47.76256221346557140350341796875" lon="11.53739995323121547698974609375">
        <ele>668</ele>
        <time>2024-03-31T05:30:38.000Z</time>
        <extensions>
          <ns3:TrackPointExtension>
            <ns3:atemp>16.0</ns3:atemp>
            <ns3:hr>118</ns3:hr>
          </ns3:TrackPointExtension>
        </extensions>
      </trkpt>
      <trkpt lat="47.7625698409974575042724609375" lon="11.53745192103087902069091796875">
        <ele>667.5999755859375</ele>
        <time>2024-03-31T05:30:39.000Z</time>
        <extensions>
          <ns3:TrackPointExtension>
            <ns3:atemp>16.0</ns3:atemp>
            <ns3:hr>118</ns3:hr>
          </ns3:TrackPointExtension>
        </extensions>
      </trkpt>
      <trkpt lat="47.762605883181095123291015625" lon="11.53767538256943225860595703125">
        <ele>666.79998779296875</ele>
        <time>2024-03-31T05:30:44.000Z</time>
        <extensions>
          <ns3:TrackPointExtension>
            <ns3:atemp>16.0</ns3:atemp>
            <ns3:hr>118</ns3:hr>
          </ns3:TrackPointExtension>
        </extensions>
      </trkpt>
      <trkpt lat="47.7626362256705760955810546875" lon="11.53779490850865840911865234375">
        <ele>666.4000244140625</ele>
        <time>2024-03-31T05:30:47.000Z</time>
        <extensions>
          <ns3:TrackPointExtension>
            <ns3:atemp>16.0</ns3:atemp>
            <ns3:hr>121</ns3:hr>
          </ns3:TrackPointExtension>
        </extensions>
      </trkpt>
      <trkpt lat="47.76269967667758464813232421875" lon="11.53794125653803348541259765625">
        <ele>665.79998779296875</ele>
        <time>2024-03-31T05:30:51.000Z</time>
        <extensions>
          <ns3:TrackPointExtension>
            <ns3:atemp>16.0</ns3:atemp>
            <ns3:hr>120</ns3:hr>
          </ns3:TrackPointExtension>
        </extensions>
      </trkpt>
      <trkpt lat="47.76274594478309154510498046875" lon="11.538045443594455718994140625">
        <ele>665.4000244140625</ele>
        <time>2024-03-31T05:30:54.000Z</time>
        <extensions>
          <ns3:TrackPointExtension>
            <ns3:atemp>16.0</ns3:atemp>
            <ns3:hr>121</ns3:hr>
          </ns3:TrackPointExtension>
        </extensions>
      </trkpt>
      <trkpt lat="47.76275415904819965362548828125" lon="11.53806413523852825164794921875">
        <ele>665.20001220703125</ele>
        <time>2024-03-31T05:30:57.000Z</time>
        <extensions>
          <ns3:TrackPointExtension>
            <ns3:atemp>16.0</ns3:atemp>
            <ns3:hr>122</ns3:hr>
          </ns3:TrackPointExtension>
        </extensions>
      </trkpt>
      <trkpt lat="47.76275885291397571563720703125" lon="11.538046784698963165283203125">
        <ele>665.20001220703125</ele>
        <time>2024-03-31T05:31:01.000Z</time>
        <extensions>
          <ns3:TrackPointExtension>
            <ns3:atemp>16.0</ns3:atemp>
            <ns3:hr>123</ns3:hr>
          </ns3:TrackPointExtension>
        </extensions>
      </trkpt>
      <trkpt lat="47.7627597749233245849609375" lon="11.53805558569729328155517578125">
        <ele>665.20001220703125</ele>
        <time>2024-03-31T05:31:04.000Z</time>
        <extensions>
          <ns3:TrackPointExtension>
            <ns3:atemp>16.0</ns3:atemp>
            <ns3:hr>121</ns3:hr>
          </ns3:TrackPointExtension>
        </extensions>
      </trkpt>
      <trkpt lat="47.762758098542690277099609375" lon="11.53805139474570751190185546875">
        <ele>665.20001220703125</ele>
        <time>2024-03-31T05:31:06.000Z</time>
        <extensions>
          <ns3:TrackPointExtension>
            <ns3:atemp>16.0</ns3:atemp>
            <ns3:hr>119</ns3:hr>
          </ns3:TrackPointExtension>
        </extensions>
      </trkpt>
      <trkpt lat="47.7627639658749103546142578125" lon="11.53808332979679107666015625">
        <ele>665</ele>
        <time>2024-03-31T05:31:12.000Z</time>
        <extensions>
          <ns3:TrackPointExtension>
            <ns3:atemp>16.0</ns3:atemp>
            <ns3:hr>117</ns3:hr>
          </ns3:TrackPointExtension>
        </extensions>
      </trkpt>
      <trkpt lat="47.7627686597406864166259765625" lon="11.53810612857341766357421875">
        <ele>664.79998779296875</ele>
        <time>2024-03-31T05:31:13.000Z</time>
        <extensions>
          <ns3:TrackPointExtension>
            <ns3:atemp>16.0</ns3:atemp>
            <ns3:hr>117</ns3:hr>
          </ns3:TrackPointExtension>
        </extensions>
      </trkpt>
      <trkpt lat="47.76281400583684444427490234375" lon="11.53824233449995517730712890625">
        <ele>664.4000244140625</ele>
        <time>2024-03-31T05:31:18.000Z</time>
        <extensions>
          <ns3:TrackPointExtension>
            <ns3:atemp>16.0</ns3:atemp>
            <ns3:hr>115</ns3:hr>
          </ns3:TrackPointExtension>
        </extensions>
      </trkpt>
      <trkpt lat="47.76283546350896358489990234375" lon="11.5383208729326725006103515625">
        <ele>664</ele>
        <time>2024-03-31T05:31:20.000Z</time>
        <extensions>
          <ns3:TrackPointExtension>
            <ns3:atemp>16.0</ns3:atemp>
            <ns3:hr>115</ns3:hr>
          </ns3:TrackPointExtension>
        </extensions>
      </trkpt>
      <trkpt lat="47.7629027701914310455322265625" lon="11.53849697671830654144287109375">
        <ele>663.4000244140625</ele>
        <time>2024-03-31T05:31:25.000Z</time>
        <extensions>
          <ns3:TrackPointExtension>
            <ns3:atemp>16.0</ns3:atemp>
            <ns3:hr>115</ns3:hr>
          </ns3:TrackPointExtension>
        </extensions>
      </trkpt>
      <trkpt lat="47.76291743852198123931884765625" lon="11.538533270359039306640625">
        <ele>663.20001220703125</ele>
        <time>2024-03-31T05:31:26.000Z</time>
        <extensions>
          <ns3:TrackPointExtension>
            <ns3:atemp>16.0</ns3:atemp>
            <ns3:hr>115</ns3:hr>
          </ns3:TrackPointExtension>
        </extensions>
      </trkpt>
      <trkpt lat="47.7630170993506908416748046875" lon="11.53880543075501918792724609375">
        <ele>662.4000244140625</ele>
        <time>2024-03-31T05:31:33.000Z</time>
        <extensions>
          <ns3:TrackPointExtension>
            <ns3:atemp>16.0</ns3:atemp>
            <ns3:hr>116</ns3:hr>
          </ns3:TrackPointExtension>
        </extensions>
      </trkpt>
      <trkpt lat="47.7630298398435115814208984375" lon="11.5388479270040988922119140625">
        <ele>662.20001220703125</ele>
        <time>2024-03-31T05:31:34.000Z</time>
        <extensions>
          <ns3:TrackPointExtension>
            <ns3:atemp>16.0</ns3:atemp>
            <ns3:hr>116</ns3:hr>
          </ns3:TrackPointExtension>
        </extensions>
      </trkpt>
      <trkpt lat="47.76308842934668064117431640625" lon="11.5389971248805522918701171875">
        <ele>661.5999755859375</ele>
        <time>2024-03-31T05:31:38.000Z</time>
        <extensions>
          <ns3:TrackPointExtension>
            <ns3:atemp>16.0</ns3:atemp>
            <ns3:hr>116</ns3:hr>
          </ns3:TrackPointExtension>
        </extensions>
      </trkpt>
      <trkpt lat="47.7631525509059429168701171875" lon="11.53915897943079471588134765625">
        <ele>661.20001220703125</ele>
        <time>2024-03-31T05:31:42.000Z</time>
        <extensions>
          <ns3:TrackPointExtension>
            <ns3:atemp>16.0</ns3:atemp>
            <ns3:hr>115</ns3:hr>
          </ns3:TrackPointExtension>
        </extensions>
      </trkpt>
      <trkpt lat="47.76318364776670932769775390625" lon="11.53922603465616703033447265625">
        <ele>661</ele>
        <time>2024-03-31T05:31:44.000Z</time>
        <extensions>
          <ns3:TrackPointExtension>
            <ns3:atemp>16.0</ns3:atemp>
            <ns3:hr>115</ns3:hr>
          </ns3:TrackPointExtension>
        </extensions>
      </trkpt>
      <trkpt lat="47.76327718980610370635986328125" lon="11.53944186866283416748046875">
        <ele>660.20001220703125</ele>
        <time>2024-03-31T05:31:50.000Z</time>
        <extensions>
          <ns3:TrackPointExtension>
            <ns3:atemp>16.0</ns3:atemp>
            <ns3:hr>116</ns3:hr>
          </ns3:TrackPointExtension>
        </extensions>
      </trkpt>
      <trkpt lat="47.763300575315952301025390625" lon="11.5395640768110752105712890625">
        <ele>659.5999755859375</ele>
        <time>2024-03-31T05:31:53.000Z</time>
        <extensions>
          <ns3:TrackPointExtension>
            <ns3:atemp>16.0</ns3:atemp>
            <ns3:hr>116</ns3:hr>
          </ns3:TrackPointExtension>
        </extensions>
      </trkpt>
      <trkpt lat="47.76334240101277828216552734375" lon="11.53968402184545993804931640625">
        <ele>658.79998779296875</ele>
        <time>2024-03-31T05:31:56.000Z</time>
        <extensions>
          <ns3:TrackPointExtension>
            <ns3:atemp>16.0</ns3:atemp>
            <ns3:hr>117</ns3:hr>
          </ns3:TrackPointExtension>
        </extensions>
      </trkpt>
      <trkpt lat="47.76341364718973636627197265625" lon="11.53981880284845829010009765625">
        <ele>658</ele>
        <time>2024-03-31T05:32:00.000Z</time>
        <extensions>
          <ns3:TrackPointExtension>
            <ns3:atemp>16.0</ns3:atemp>
            <ns3:hr>118</ns3:hr>
          </ns3:TrackPointExtension>
        </extensions>
      </trkpt>
      <trkpt lat="47.76345656253397464752197265625" lon="11.53988032601773738861083984375">
        <ele>657.79998779296875</ele>
        <time>2024-03-31T05:32:02.000Z</time>
        <extensions>
          <ns3:TrackPointExtension>
            <ns3:atemp>16.0</ns3:atemp>
            <ns3:hr>119</ns3:hr>
          </ns3:TrackPointExtension>
        </extensions>
      </trkpt>
      <trkpt lat="47.76358229108154773712158203125" lon="11.54001720249652862548828125">
        <ele>657</ele>
        <time>2024-03-31T05:32:07.000Z</time>
        <extensions>
          <ns3:TrackPointExtension>
            <ns3:atemp>16.0</ns3:atemp>
            <ns3:hr>120</ns3:hr>
          </ns3:TrackPointExtension>
        </extensions>
      </trkpt>
      <trkpt lat="47.76366225443780422210693359375" lon="11.54008752666413784027099609375">
        <ele>656.5999755859375</ele>
        <time>2024-03-31T05:32:10.000Z</time>
        <extensions>
          <ns3:TrackPointExtension>
            <ns3:atemp>16.0</ns3:atemp>
            <ns3:hr>121</ns3:hr>
          </ns3:TrackPointExtension>
        </extensions>
      </trkpt>
      <trkpt lat="47.76380105875432491302490234375" lon="11.54021979309618473052978515625">
        <ele>655.79998779296875</ele>
        <time>2024-03-31T05:32:16.000Z</time>
        <extensions>
          <ns3:TrackPointExtension>
            <ns3:atemp>16.0</ns3:atemp>
            <ns3:hr>122</ns3:hr>
          </ns3:TrackPointExtension>
        </extensions>
      </trkpt>
      <trkpt lat="47.76382394134998321533203125" lon="11.5402431786060333251953125">
        <ele>655.5999755859375</ele>
        <time>2024-03-31T05:32:17.000Z</time>
        <extensions>
          <ns3:TrackPointExtension>
            <ns3:atemp>16.0</ns3:atemp>
            <ns3:hr>122</ns3:hr>
          </ns3:TrackPointExtension>
        </extensions>
      </trkpt>
      <trkpt lat="47.763924188911914825439453125" lon="11.5403100661933422088623046875">
        <ele>655.20001220703125</ele>
        <time>2024-03-31T05:32:21.000Z</time>
        <extensions>
          <ns3:TrackPointExtension>
            <ns3:atemp>16.0</ns3:atemp>
            <ns3:hr>121</ns3:hr>
          </ns3:TrackPointExtension>
        </extensions>
      </trkpt>
      <trkpt lat="47.76398479007184505462646484375" lon="11.5404468588531017303466796875">
        <ele>654.79998779296875</ele>
        <time>2024-03-31T05:32:25.000Z</time>
        <extensions>
          <ns3:TrackPointExtension>
            <ns3:atemp>16.0</ns3:atemp>
            <ns3:hr>121</ns3:hr>
          </ns3:TrackPointExtension>
        </extensions>
      </trkpt>
      <trkpt lat="47.7639669366180896759033203125" lon="11.5406119823455810546875">
        <ele>654.5999755859375</ele>
        <time>2024-03-31T05:32:29.000Z</time>
        <extensions>
          <ns3:TrackPointExtension>
            <ns3:atemp>16.0</ns3:atemp>
            <ns3:hr>121</ns3:hr>
          </ns3:TrackPointExtension>
        </extensions>
      </trkpt>
      <trkpt lat="47.7638787589967250823974609375" lon="11.54102462343871593475341796875">
        <ele>654.20001220703125</ele>
        <time>2024-03-31T05:32:39.000Z</time>
        <extensions>
          <ns3:TrackPointExtension>
            <ns3:atemp>16.0</ns3:atemp>
            <ns3:hr>121</ns3:hr>
          </ns3:TrackPointExtension>
        </extensions>
      </trkpt>
      <trkpt lat="47.7638583071529865264892578125" lon="11.5413055010139942169189453125">
        <ele>654</ele>
        <time>2024-03-31T05:32:45.000Z</time>
        <extensions>
          <ns3:TrackPointExtension>
            <ns3:atemp>16.0</ns3:atemp>
            <ns3:hr>124</ns3:hr>
          </ns3:TrackPointExtension>
        </extensions>
      </trkpt>
      <trkpt lat="47.76385084725916385650634765625" lon="11.54143936000764369964599609375">
        <ele>654</ele>
        <time>2024-03-31T05:32:48.000Z</time>
        <extensions>
          <ns3:TrackPointExtension>
            <ns3:atemp>16.0</ns3:atemp>
            <ns3:hr>125</ns3:hr>
          </ns3:TrackPointExtension>
        </extensions>
      </trkpt>
      <trkpt lat="47.76389745064079761505126953125" lon="11.5416347421705722808837890625">
        <ele>653.5999755859375</ele>
        <time>2024-03-31T05:32:53.000Z</time>
        <extensions>
          <ns3:TrackPointExtension>
            <ns3:atemp>16.0</ns3:atemp>
            <ns3:hr>123</ns3:hr>
          </ns3:TrackPointExtension>
        </extensions>
      </trkpt>
      <trkpt lat="47.76390449143946170806884765625" lon="11.54167489148676395416259765625">
        <ele>653.5999755859375</ele>
        <time>2024-03-31T05:32:54.000Z</time>
        <extensions>
          <ns3:TrackPointExtension>
            <ns3:atemp>16.0</ns3:atemp>
            <ns3:hr>123</ns3:hr>
          </ns3:TrackPointExtension>
        </extensions>
      </trkpt>
      <trkpt lat="47.763914801180362701416015625" lon="11.54187806881964206695556640625">
        <ele>653.4000244140625</ele>
        <time>2024-03-31T05:32:59.000Z</time>
        <extensions>
          <ns3:TrackPointExtension>
            <ns3:atemp>16.0</ns3:atemp>
            <ns3:hr>123</ns3:hr>
          </ns3:TrackPointExtension>
        </extensions>
      </trkpt>
      <trkpt lat="47.763891331851482391357421875" lon="11.5422157756984233856201171875">
        <ele>653.20001220703125</ele>
        <time>2024-03-31T05:33:07.000Z</time>
        <extensions>
          <ns3:TrackPointExtension>
            <ns3:atemp>16.0</ns3:atemp>
            <ns3:hr>126</ns3:hr>
          </ns3:TrackPointExtension>
        </extensions>
      </trkpt>
      <trkpt lat="47.76388973928987979888916015625" lon="11.5422570146620273590087890625">
        <ele>653.20001220703125</ele>
        <time>2024-03-31T05:33:08.000Z</time>
        <extensions>
          <ns3:TrackPointExtension>
            <ns3:atemp>16.0</ns3:atemp>
            <ns3:hr>126</ns3:hr>
          </ns3:TrackPointExtension>
        </extensions>
      </trkpt>
      <trkpt lat="47.76385889388620853424072265625" lon="11.54254828579723834991455078125">
        <ele>653</ele>
        <time>2024-03-31T05:33:15.000Z</time>
        <extensions>
          <ns3:TrackPointExtension>
            <ns3:atemp>16.0</ns3:atemp>
            <ns3:hr>126</ns3:hr>
          </ns3:TrackPointExtension>
        </extensions>
      </trkpt>
      <trkpt lat="47.76382653973996639251708984375" lon="11.542719863355159759521484375">
        <ele>652.79998779296875</ele>
        <time>2024-03-31T05:33:19.000Z</time>
        <extensions>
          <ns3:TrackPointExtension>
            <ns3:atemp>16.0</ns3:atemp>
            <ns3:hr>129</ns3:hr>
          </ns3:TrackPointExtension>
        </extensions>
      </trkpt>
      <trkpt lat="47.76381279341876506805419921875" lon="11.54286176897585391998291015625">
        <ele>652.5999755859375</ele>
        <time>2024-03-31T05:33:23.000Z</time>
        <extensions>
          <ns3:TrackPointExtension>
            <ns3:atemp>16.0</ns3:atemp>
            <ns3:hr>131</ns3:hr>
          </ns3:TrackPointExtension>
        </extensions>
      </trkpt>
      <trkpt lat="47.76382704265415668487548828125" lon="11.54289512895047664642333984375">
        <ele>652.5999755859375</ele>
        <time>2024-03-31T05:33:24.000Z</time>
        <extensions>
          <ns3:TrackPointExtension>
            <ns3:atemp>16.0</ns3:atemp>
            <ns3:hr>131</ns3:hr>
          </ns3:TrackPointExtension>
        </extensions>
      </trkpt>
      <trkpt lat="47.76384732685983180999755859375" lon="11.5429215319454669952392578125">
        <ele>652.5999755859375</ele>
        <time>2024-03-31T05:33:25.000Z</time>
        <extensions>
          <ns3:TrackPointExtension>
            <ns3:atemp>16.0</ns3:atemp>
            <ns3:hr>128</ns3:hr>
          </ns3:TrackPointExtension>
        </extensions>
      </trkpt>
      <trkpt lat="47.763875909149646759033203125" lon="11.542942486703395843505859375">
        <ele>652.5999755859375</ele>
        <time>2024-03-31T05:33:26.000Z</time>
        <extensions>
          <ns3:TrackPointExtension>
            <ns3:atemp>16.0</ns3:atemp>
            <ns3:hr>131</ns3:hr>
          </ns3:TrackPointExtension>
        </extensions>
      </trkpt>
      <trkpt lat="47.76390633545815944671630859375" lon="11.5429550595581531524658203125">
        <ele>652.4000244140625</ele>
        <time>2024-03-31T05:33:27.000Z</time>
        <extensions>
          <ns3:TrackPointExtension>
            <ns3:atemp>16.0</ns3:atemp>
            <ns3:hr>131</ns3:hr>
          </ns3:TrackPointExtension>
        </extensions>
      </trkpt>
      <trkpt lat="47.76411772705614566802978515625" lon="11.54305069707334041595458984375">
        <ele>652.4000244140625</ele>
        <time>2024-03-31T05:33:35.000Z</time>
        <extensions>
          <ns3:TrackPointExtension>
            <ns3:atemp>16.0</ns3:atemp>
            <ns3:hr>135</ns3:hr>
          </ns3:TrackPointExtension>
        </extensions>
      </trkpt>
      <trkpt lat="47.76414236985146999359130859375" lon="11.54307265765964984893798828125">
        <ele>652.4000244140625</ele>
        <time>2024-03-31T05:33:36.000Z</time>
        <extensions>
          <ns3:TrackPointExtension>
            <ns3:atemp>16.0</ns3:atemp>
            <ns3:hr>133</ns3:hr>
          </ns3:TrackPointExtension>
        </extensions>
      </trkpt>
      <trkpt lat="47.764174304902553558349609375" lon="11.54313434846699237823486328125">
        <ele>652.4000244140625</ele>
        <time>2024-03-31T05:33:38.000Z</time>
        <extensions>
          <ns3:TrackPointExtension>
            <ns3:atemp>16.0</ns3:atemp>
            <ns3:hr>132</ns3:hr>
          </ns3:TrackPointExtension>
        </extensions>
      </trkpt>
      <trkpt lat="47.76417656801640987396240234375" lon="11.5432185865938663482666015625">
        <ele>652.20001220703125</ele>
        <time>2024-03-31T05:33:40.000Z</time>
        <extensions>
          <ns3:TrackPointExtension>
            <ns3:atemp>16.0</ns3:atemp>
            <ns3:hr>134</ns3:hr>
          </ns3:TrackPointExtension>
        </extensions>
      </trkpt>
      <trkpt lat="47.76412761770188808441162109375" lon="11.54350969009101390838623046875">
        <ele>652.20001220703125</ele>
        <time>2024-03-31T05:33:47.000Z</time>
        <extensions>
          <ns3:TrackPointExtension>
            <ns3:atemp>16.0</ns3:atemp>
            <ns3:hr>134</ns3:hr>
          </ns3:TrackPointExtension>
        </extensions>
      </trkpt>
      <trkpt lat="47.76412158273160457611083984375" lon="11.54359820298850536346435546875">
        <ele>652.20001220703125</ele>
        <time>2024-03-31T05:33:49.000Z</time>
        <extensions>
          <ns3:TrackPointExtension>
            <ns3:atemp>16.0</ns3:atemp>
            <ns3:hr>136</ns3:hr>
          </ns3:TrackPointExtension>
        </extensions>
      </trkpt>
      <trkpt lat="47.764099203050136566162109375" lon="11.54377673752605915069580078125">
        <ele>652.20001220703125</ele>
        <time>2024-03-31T05:33:53.000Z</time>
        <extensions>
          <ns3:TrackPointExtension>
            <ns3:atemp>16.0</ns3:atemp>
            <ns3:hr>139</ns3:hr>
          </ns3:TrackPointExtension>
        </extensions>
      </trkpt>
      <trkpt lat="47.76406131684780120849609375" lon="11.543905735015869140625">
        <ele>652.20001220703125</ele>
        <time>2024-03-31T05:33:56.000Z</time>
        <extensions>
          <ns3:TrackPointExtension>
            <ns3:atemp>16.0</ns3:atemp>
            <ns3:hr>140</ns3:hr>
          </ns3:TrackPointExtension>
        </extensions>
      </trkpt>
      <trkpt lat="47.7639461494982242584228515625" lon="11.544307731091976165771484375">
        <ele>652.20001220703125</ele>
        <time>2024-03-31T05:34:06.000Z</time>
        <extensions>
          <ns3:TrackPointExtension>
            <ns3:atemp>16.0</ns3:atemp>
            <ns3:hr>141</ns3:hr>
          </ns3:TrackPointExtension>
        </extensions>
      </trkpt>
      <trkpt lat="47.76389175094664096832275390625" lon="11.544574610888957977294921875">
        <ele>652.4000244140625</ele>
        <time>2024-03-31T05:34:13.000Z</time>
        <extensions>
          <ns3:TrackPointExtension>
            <ns3:atemp>15.0</ns3:atemp>
            <ns3:hr>145</ns3:hr>
          </ns3:TrackPointExtension>
        </extensions>
      </trkpt>
      <trkpt lat="47.76388789527118206024169921875" lon="11.5446086414158344268798828125">
        <ele>652.4000244140625</ele>
        <time>2024-03-31T05:34:14.000Z</time>
        <extensions>
          <ns3:TrackPointExtension>
            <ns3:atemp>16.0</ns3:atemp>
            <ns3:hr>142</ns3:hr>
          </ns3:TrackPointExtension>
        </extensions>
      </trkpt>
      <trkpt lat="47.7638847939670085906982421875" lon="11.54464024119079113006591796875">
        <ele>652.5999755859375</ele>
        <time>2024-03-31T05:34:15.000Z</time>
        <extensions>
          <ns3:TrackPointExtension>
            <ns3:atemp>16.0</ns3:atemp>
            <ns3:hr>141</ns3:hr>
          </ns3:TrackPointExtension>
        </extensions>
      </trkpt>
      <trkpt lat="47.763874232769012451171875" lon="11.5447920374572277069091796875">
        <ele>652.4000244140625</ele>
        <time>2024-03-31T05:34:21.000Z</time>
        <extensions>
          <ns3:TrackPointExtension>
            <ns3:atemp>16.0</ns3:atemp>
            <ns3:hr>140</ns3:hr>
          </ns3:TrackPointExtension>
        </extensions>
      </trkpt>
      <trkpt lat="47.7638492546975612640380859375" lon="11.5449103899300098419189453125">
        <ele>652.20001220703125</ele>
        <time>2024-03-31T05:34:27.000Z</time>
        <extensions>
          <ns3:TrackPointExtension>
            <ns3:atemp>16.0</ns3:atemp>
            <ns3:hr>141</ns3:hr>
          </ns3:TrackPointExtension>
        </extensions>
      </trkpt>
      <trkpt lat="47.76382905431091785430908203125" lon="11.5449955500662326812744140625">
        <ele>651.79998779296875</ele>
        <time>2024-03-31T05:34:31.000Z</time>
        <extensions>
          <ns3:TrackPointExtension>
            <ns3:atemp>16.0</ns3:atemp>
            <ns3:hr>138</ns3:hr>
          </ns3:TrackPointExtension>
        </extensions>
      </trkpt>
      <trkpt lat="47.76379938237369060516357421875" lon="11.545109041035175323486328125">
        <ele>651.5999755859375</ele>
        <time>2024-03-31T05:34:34.000Z</time>
        <extensions>
          <ns3:TrackPointExtension>
            <ns3:atemp>16.0</ns3:atemp>
            <ns3:hr>137</ns3:hr>
          </ns3:TrackPointExtension>
        </extensions>
      </trkpt>
      <trkpt lat="47.7637790143489837646484375" lon="11.54518355615437030792236328125">
        <ele>651.4000244140625</ele>
        <time>2024-03-31T05:34:36.000Z</time>
        <extensions>
          <ns3:TrackPointExtension>
            <ns3:atemp>16.0</ns3:atemp>
            <ns3:hr>137</ns3:hr>
          </ns3:TrackPointExtension>
        </extensions>
      </trkpt>
      <trkpt lat="47.76370382867753505706787109375" lon="11.54544021002948284149169921875">
        <ele>651.79998779296875</ele>
        <time>2024-03-31T05:34:43.000Z</time>
        <extensions>
          <ns3:TrackPointExtension>
            <ns3:atemp>16.0</ns3:atemp>
            <ns3:hr>136</ns3:hr>
          </ns3:TrackPointExtension>
        </extensions>
      </trkpt>
      <trkpt lat="47.7636665292084217071533203125" lon="11.54560625553131103515625">
        <ele>651.79998779296875</ele>
        <time>2024-03-31T05:34:49.000Z</time>
        <extensions>
          <ns3:TrackPointExtension>
            <ns3:atemp>16.0</ns3:atemp>
            <ns3:hr>135</ns3:hr>
          </ns3:TrackPointExtension>
        </extensions>
      </trkpt>
      <trkpt lat="47.7636073529720306396484375" lon="11.5458364225924015045166015625">
        <ele>652.4000244140625</ele>
        <time>2024-03-31T05:34:55.000Z</time>
        <extensions>
          <ns3:TrackPointExtension>
            <ns3:atemp>16.0</ns3:atemp>
            <ns3:hr>131</ns3:hr>
          </ns3:TrackPointExtension>
        </extensions>
      </trkpt>
      <trkpt lat="47.76360156945884227752685546875" lon="11.54587917029857635498046875">
        <ele>652.4000244140625</ele>
        <time>2024-03-31T05:34:56.000Z</time>
        <extensions>
          <ns3:TrackPointExtension>
            <ns3:atemp>16.0</ns3:atemp>
            <ns3:hr>130</ns3:hr>
          </ns3:TrackPointExtension>
        </extensions>
      </trkpt>
      <trkpt lat="47.7635927684605121612548828125" lon="11.545974723994731903076171875">
        <ele>652.4000244140625</ele>
        <time>2024-03-31T05:34:58.000Z</time>
        <extensions>
          <ns3:TrackPointExtension>
            <ns3:atemp>16.0</ns3:atemp>
            <ns3:hr>127</ns3:hr>
          </ns3:TrackPointExtension>
        </extensions>
      </trkpt>
      <trkpt lat="47.7635806985199451446533203125" lon="11.54614361934363842010498046875">
        <ele>652.4000244140625</ele>
        <time>2024-03-31T05:35:02.000Z</time>
        <extensions>
          <ns3:TrackPointExtension>
            <ns3:atemp>16.0</ns3:atemp>
            <ns3:hr>124</ns3:hr>
          </ns3:TrackPointExtension>
        </extensions>
      </trkpt>
      <trkpt lat="47.76357005350291728973388671875" lon="11.54631905257701873779296875">
        <ele>651.79998779296875</ele>
        <time>2024-03-31T05:35:07.000Z</time>
        <extensions>
          <ns3:TrackPointExtension>
            <ns3:atemp>16.0</ns3:atemp>
            <ns3:hr>123</ns3:hr>
          </ns3:TrackPointExtension>
        </extensions>
      </trkpt>
      <trkpt lat="47.76357156224548816680908203125" lon="11.5464506484568119049072265625">
        <ele>651.4000244140625</ele>
        <time>2024-03-31T05:35:13.000Z</time>
        <extensions>
          <ns3:TrackPointExtension>
            <ns3:atemp>16.0</ns3:atemp>
            <ns3:hr>125</ns3:hr>
          </ns3:TrackPointExtension>
        </extensions>
      </trkpt>
      <trkpt lat="47.76357290334999561309814453125" lon="11.54647353105247020721435546875">
        <ele>651.4000244140625</ele>
        <time>2024-03-31T05:35:14.000Z</time>
        <extensions>
          <ns3:TrackPointExtension>
            <ns3:atemp>16.0</ns3:atemp>
            <ns3:hr>126</ns3:hr>
          </ns3:TrackPointExtension>
        </extensions>
      </trkpt>
      <trkpt lat="47.7635749988257884979248046875" lon="11.54668358154594898223876953125">
        <ele>651.20001220703125</ele>
        <time>2024-03-31T05:35:24.000Z</time>
        <extensions>
          <ns3:TrackPointExtension>
            <ns3:atemp>16.0</ns3:atemp>
            <ns3:hr>125</ns3:hr>
          </ns3:TrackPointExtension>
        </extensions>
      </trkpt>
      <trkpt lat="47.76357441209256649017333984375" lon="11.54674359597265720367431640625">
        <ele>651.20001220703125</ele>
        <time>2024-03-31T05:35:27.000Z</time>
        <extensions>
          <ns3:TrackPointExtension>
            <ns3:atemp>16.0</ns3:atemp>
            <ns3:hr>122</ns3:hr>
          </ns3:TrackPointExtension>
        </extensions>
      </trkpt>
      <trkpt lat="47.76357273571193218231201171875" lon="11.54680059291422367095947265625">
        <ele>650.79998779296875</ele>
        <time>2024-03-31T05:35:30.000Z</time>
        <extensions>
          <ns3:TrackPointExtension>
            <ns3:atemp>16.0</ns3:atemp>
            <ns3:hr>118</ns3:hr>
          </ns3:TrackPointExtension>
        </extensions>
      </trkpt>
      <trkpt lat="47.76357441209256649017333984375" lon="11.54684065841138362884521484375">
        <ele>650.79998779296875</ele>
        <time>2024-03-31T05:35:32.000Z</time>
        <extensions>
          <ns3:TrackPointExtension>
            <ns3:atemp>16.0</ns3:atemp>
            <ns3:hr>114</ns3:hr>
          </ns3:TrackPointExtension>
        </extensions>
      </trkpt>
      <trkpt lat="47.76357910595834255218505859375" lon="11.5469247289001941680908203125">
        <ele>650.79998779296875</ele>
        <time>2024-03-31T05:35:36.000Z</time>
        <extensions>
          <ns3:TrackPointExtension>
            <ns3:atemp>16.0</ns3:atemp>
            <ns3:hr>112</ns3:hr>
          </ns3:TrackPointExtension>
        </extensions>
      </trkpt>
      <trkpt lat="47.76357374154031276702880859375" lon="11.547105945646762847900390625">
        <ele>650.5999755859375</ele>
        <time>2024-03-31T05:35:45.000Z</time>
        <extensions>
          <ns3:TrackPointExtension>
            <ns3:atemp>16.0</ns3:atemp>
            <ns3:hr>111</ns3:hr>
          </ns3:TrackPointExtension>
        </extensions>
      </trkpt>
      <trkpt lat="47.76357139460742473602294921875" lon="11.54718632809817790985107421875">
        <ele>650.5999755859375</ele>
        <time>2024-03-31T05:35:51.000Z</time>
        <extensions>
          <ns3:TrackPointExtension>
            <ns3:atemp>16.0</ns3:atemp>
            <ns3:hr>108</ns3:hr>
          </ns3:TrackPointExtension>
        </extensions>
      </trkpt>
      <trkpt lat="47.7635595761239528656005859375" lon="11.547183729708194732666015625">
        <ele>650.5999755859375</ele>
        <time>2024-03-31T05:35:52.000Z</time>
        <extensions>
          <ns3:TrackPointExtension>
            <ns3:atemp>16.0</ns3:atemp>
            <ns3:hr>107</ns3:hr>
          </ns3:TrackPointExtension>
        </extensions>
      </trkpt>
      <trkpt lat="47.763546667993068695068359375" lon="11.5471902675926685333251953125">
        <ele>650.5999755859375</ele>
        <time>2024-03-31T05:35:53.000Z</time>
        <extensions>
          <ns3:TrackPointExtension>
            <ns3:atemp>16.0</ns3:atemp>
            <ns3:hr>106</ns3:hr>
          </ns3:TrackPointExtension>
        </extensions>
      </trkpt>
      <trkpt lat="47.7635270543396472930908203125" lon="11.547218263149261474609375">
        <ele>650.5999755859375</ele>
        <time>2024-03-31T05:35:55.000Z</time>
        <extensions>
          <ns3:TrackPointExtension>
            <ns3:atemp>16.0</ns3:atemp>
            <ns3:hr>105</ns3:hr>
          </ns3:TrackPointExtension>
        </extensions>
      </trkpt>
      <trkpt lat="47.7635180018842220306396484375" lon="11.54725153930485248565673828125">
        <ele>650.5999755859375</ele>
        <time>2024-03-31T05:35:57.000Z</time>
        <extensions>
          <ns3:TrackPointExtension>
            <ns3:atemp>16.0</ns3:atemp>
            <ns3:hr>105</ns3:hr>
          </ns3:TrackPointExtension>
        </extensions>
      </trkpt>
      <trkpt lat="47.7635107934474945068359375" lon="11.54742973856627941131591796875">
        <ele>651.4000244140625</ele>
        <time>2024-03-31T05:36:02.000Z</time>
        <extensions>
          <ns3:TrackPointExtension>
            <ns3:atemp>16.0</ns3:atemp>
            <ns3:hr>105</ns3:hr>
          </ns3:TrackPointExtension>
        </extensions>
      </trkpt>
      <trkpt lat="47.76350752450525760650634765625" lon="11.54766728170216083526611328125">
        <ele>652.4000244140625</ele>
        <time>2024-03-31T05:36:07.000Z</time>
        <extensions>
          <ns3:TrackPointExtension>
            <ns3:atemp>16.0</ns3:atemp>
            <ns3:hr>107</ns3:hr>
          </ns3:TrackPointExtension>
        </extensions>
      </trkpt>
      <trkpt lat="47.7635161578655242919921875" lon="11.54770449735224246978759765625">
        <ele>652.5999755859375</ele>
        <time>2024-03-31T05:36:08.000Z</time>
        <extensions>
          <ns3:TrackPointExtension>
            <ns3:atemp>16.0</ns3:atemp>
            <ns3:hr>107</ns3:hr>
          </ns3:TrackPointExtension>
        </extensions>
      </trkpt>
      <trkpt lat="47.76353484950959682464599609375" lon="11.54773182235658168792724609375">
        <ele>652.5999755859375</ele>
        <time>2024-03-31T05:36:09.000Z</time>
        <extensions>
          <ns3:TrackPointExtension>
            <ns3:atemp>16.0</ns3:atemp>
            <ns3:hr>108</ns3:hr>
          </ns3:TrackPointExtension>
        </extensions>
      </trkpt>
      <trkpt lat="47.76355563662946224212646484375" lon="11.54774598777294158935546875">
        <ele>652.5999755859375</ele>
        <time>2024-03-31T05:36:10.000Z</time>
        <extensions>
          <ns3:TrackPointExtension>
            <ns3:atemp>16.0</ns3:atemp>
            <ns3:hr>108</ns3:hr>
          </ns3:TrackPointExtension>
        </extensions>
      </trkpt>
      <trkpt lat="47.76361078955233097076416015625" lon="11.547746993601322174072265625">
        <ele>652.79998779296875</ele>
        <time>2024-03-31T05:36:12.000Z</time>
        <extensions>
          <ns3:TrackPointExtension>
            <ns3:atemp>16.0</ns3:atemp>
            <ns3:hr>111</ns3:hr>
          </ns3:TrackPointExtension>
        </extensions>
      </trkpt>
      <trkpt lat="47.763639874756336212158203125" lon="11.54774925671517848968505859375">
        <ele>653</ele>
        <time>2024-03-31T05:36:13.000Z</time>
        <extensions>
          <ns3:TrackPointExtension>
            <ns3:atemp>16.0</ns3:atemp>
            <ns3:hr>109</ns3:hr>
          </ns3:TrackPointExtension>
        </extensions>
      </trkpt>
      <trkpt lat="47.76377926580607891082763671875" lon="11.5477464906871318817138671875">
        <ele>653.4000244140625</ele>
        <time>2024-03-31T05:36:18.000Z</time>
        <extensions>
          <ns3:TrackPointExtension>
            <ns3:atemp>16.0</ns3:atemp>
            <ns3:hr>111</ns3:hr>
          </ns3:TrackPointExtension>
        </extensions>
      </trkpt>
      <trkpt lat="47.7639223448932170867919921875" lon="11.54774908907711505889892578125">
        <ele>653.79998779296875</ele>
        <time>2024-03-31T05:36:23.000Z</time>
        <extensions>
          <ns3:TrackPointExtension>
            <ns3:atemp>16.0</ns3:atemp>
            <ns3:hr>114</ns3:hr>
          </ns3:TrackPointExtension>
        </extensions>
      </trkpt>
      <trkpt lat="47.7639867179095745086669921875" lon="11.5477505140006542205810546875">
        <ele>654</ele>
        <time>2024-03-31T05:36:25.000Z</time>
        <extensions>
          <ns3:TrackPointExtension>
            <ns3:atemp>16.0</ns3:atemp>
            <ns3:hr>113</ns3:hr>
          </ns3:TrackPointExtension>
        </extensions>
      </trkpt>
      <trkpt lat="47.7640145458281040191650390625" lon="11.5477548725903034210205078125">
        <ele>654</ele>
        <time>2024-03-31T05:36:26.000Z</time>
        <extensions>
          <ns3:TrackPointExtension>
            <ns3:atemp>16.0</ns3:atemp>
            <ns3:hr>110</ns3:hr>
          </ns3:TrackPointExtension>
        </extensions>
      </trkpt>
      <trkpt lat="47.76408654637634754180908203125" lon="11.547764427959918975830078125">
        <ele>654.20001220703125</ele>
        <time>2024-03-31T05:36:30.000Z</time>
        <extensions>
          <ns3:TrackPointExtension>
            <ns3:atemp>16.0</ns3:atemp>
            <ns3:hr>109</ns3:hr>
          </ns3:TrackPointExtension>
        </extensions>
      </trkpt>
      <trkpt lat="47.7641114406287670135498046875" lon="11.54776467941701412200927734375">
        <ele>654.20001220703125</ele>
        <time>2024-03-31T05:36:32.000Z</time>
        <extensions>
          <ns3:TrackPointExtension>
            <ns3:atemp>16.0</ns3:atemp>
            <ns3:hr>112</ns3:hr>
          </ns3:TrackPointExtension>
        </extensions>
      </trkpt>
      <trkpt lat="47.76421076618134975433349609375" lon="11.54777280986309051513671875">
        <ele>654</ele>
        <time>2024-03-31T05:36:37.000Z</time>
        <extensions>
          <ns3:TrackPointExtension>
            <ns3:atemp>16.0</ns3:atemp>
            <ns3:hr>115</ns3:hr>
          </ns3:TrackPointExtension>
        </extensions>
      </trkpt>
      <trkpt lat="47.764317803084850311279296875" lon="11.5477748215198516845703125">
        <ele>653.79998779296875</ele>
        <time>2024-03-31T05:36:41.000Z</time>
        <extensions>
          <ns3:TrackPointExtension>
            <ns3:atemp>16.0</ns3:atemp>
            <ns3:hr>118</ns3:hr>
          </ns3:TrackPointExtension>
        </extensions>
      </trkpt>
      <trkpt lat="47.76439793407917022705078125" lon="11.54777976684272289276123046875">
        <ele>653.79998779296875</ele>
        <time>2024-03-31T05:36:44.000Z</time>
        <extensions>
          <ns3:TrackPointExtension>
            <ns3:atemp>16.0</ns3:atemp>
            <ns3:hr>120</ns3:hr>
          </ns3:TrackPointExtension>
        </extensions>
      </trkpt>
      <trkpt lat="47.7645302005112171173095703125" lon="11.547797285020351409912109375">
        <ele>653.79998779296875</ele>
        <time>2024-03-31T05:36:51.000Z</time>
        <extensions>
          <ns3:TrackPointExtension>
            <ns3:atemp>16.0</ns3:atemp>
            <ns3:hr>120</ns3:hr>
          </ns3:TrackPointExtension>
        </extensions>
      </trkpt>
      <trkpt lat="47.764638997614383697509765625" lon="11.54778697527945041656494140625">
        <ele>653.5999755859375</ele>
        <time>2024-03-31T05:36:59.000Z</time>
        <extensions>
          <ns3:TrackPointExtension>
            <ns3:atemp>16.0</ns3:atemp>
            <ns3:hr>121</ns3:hr>
          </ns3:TrackPointExtension>
        </extensions>
      </trkpt>
      <trkpt lat="47.76475458405911922454833984375" lon="11.54785587452352046966552734375">
        <ele>652.5999755859375</ele>
        <time>2024-03-31T05:37:07.000Z</time>
        <extensions>
          <ns3:TrackPointExtension>
            <ns3:atemp>16.0</ns3:atemp>
            <ns3:hr>118</ns3:hr>
          </ns3:TrackPointExtension>
        </extensions>
      </trkpt>
      <trkpt lat="47.7647821605205535888671875" lon="11.547877080738544464111328125">
        <ele>652.4000244140625</ele>
        <time>2024-03-31T05:37:08.000Z</time>
        <extensions>
          <ns3:TrackPointExtension>
            <ns3:atemp>16.0</ns3:atemp>
            <ns3:hr>118</ns3:hr>
          </ns3:TrackPointExtension>
        </extensions>
      </trkpt>
      <trkpt lat="47.76486690156161785125732421875" lon="11.54800540767610073089599609375">
        <ele>651.79998779296875</ele>
        <time>2024-03-31T05:37:11.000Z</time>
        <extensions>
          <ns3:TrackPointExtension>
            <ns3:atemp>16.0</ns3:atemp>
            <ns3:hr>116</ns3:hr>
          </ns3:TrackPointExtension>
        </extensions>
      </trkpt>
      <trkpt lat="47.76490529067814350128173828125" lon="11.54818561859428882598876953125">
        <ele>651.4000244140625</ele>
        <time>2024-03-31T05:37:15.000Z</time>
        <extensions>
          <ns3:TrackPointExtension>
            <ns3:atemp>16.0</ns3:atemp>
            <ns3:hr>116</ns3:hr>
          </ns3:TrackPointExtension>
        </extensions>
      </trkpt>
      <trkpt lat="47.76491870172321796417236328125" lon="11.5482361614704132080078125">
        <ele>651.20001220703125</ele>
        <time>2024-03-31T05:37:16.000Z</time>
        <extensions>
          <ns3:TrackPointExtension>
            <ns3:atemp>16.0</ns3:atemp>
            <ns3:hr>116</ns3:hr>
          </ns3:TrackPointExtension>
        </extensions>
      </trkpt>
      <trkpt lat="47.7649566717445850372314453125" lon="11.54843791387975215911865234375">
        <ele>651.4000244140625</ele>
        <time>2024-03-31T05:37:21.000Z</time>
        <extensions>
          <ns3:TrackPointExtension>
            <ns3:atemp>16.0</ns3:atemp>
            <ns3:hr>117</ns3:hr>
          </ns3:TrackPointExtension>
        </extensions>
      </trkpt>
      <trkpt lat="47.7649053744971752166748046875" lon="11.54857235960662364959716796875">
        <ele>652.20001220703125</ele>
        <time>2024-03-31T05:37:25.000Z</time>
        <extensions>
          <ns3:TrackPointExtension>
            <ns3:atemp>16.0</ns3:atemp>
            <ns3:hr>120</ns3:hr>
          </ns3:TrackPointExtension>
        </extensions>
      </trkpt>
      <trkpt lat="47.764886431396007537841796875" lon="11.54865785501897335052490234375">
        <ele>652.4000244140625</ele>
        <time>2024-03-31T05:37:27.000Z</time>
        <extensions>
          <ns3:TrackPointExtension>
            <ns3:atemp>16.0</ns3:atemp>
            <ns3:hr>121</ns3:hr>
          </ns3:TrackPointExtension>
        </extensions>
      </trkpt>
      <trkpt lat="47.7648758701980113983154296875" lon="11.54869976453483104705810546875">
        <ele>652.5999755859375</ele>
        <time>2024-03-31T05:37:28.000Z</time>
        <extensions>
          <ns3:TrackPointExtension>
            <ns3:atemp>16.0</ns3:atemp>
            <ns3:hr>121</ns3:hr>
          </ns3:TrackPointExtension>
        </extensions>
      </trkpt>
      <trkpt lat="47.76489808224141597747802734375" lon="11.548813842236995697021484375">
        <ele>653.20001220703125</ele>
        <time>2024-03-31T05:37:32.000Z</time>
        <extensions>
          <ns3:TrackPointExtension>
            <ns3:atemp>16.0</ns3:atemp>
            <ns3:hr>123</ns3:hr>
          </ns3:TrackPointExtension>
        </extensions>
      </trkpt>
      <trkpt lat="47.76491669006645679473876953125" lon="11.5488166920840740203857421875">
        <ele>653.5999755859375</ele>
        <time>2024-03-31T05:37:33.000Z</time>
        <extensions>
          <ns3:TrackPointExtension>
            <ns3:atemp>16.0</ns3:atemp>
            <ns3:hr>123</ns3:hr>
          </ns3:TrackPointExtension>
        </extensions>
      </trkpt>
      <trkpt lat="47.76497192680835723876953125" lon="11.548798084259033203125">
        <ele>655</ele>
        <time>2024-03-31T05:37:36.000Z</time>
        <extensions>
          <ns3:TrackPointExtension>
            <ns3:atemp>16.0</ns3:atemp>
            <ns3:hr>123</ns3:hr>
          </ns3:TrackPointExtension>
        </extensions>
      </trkpt>
      <trkpt lat="47.765039987862110137939453125" lon="11.54874552972614765167236328125">
        <ele>655.79998779296875</ele>
        <time>2024-03-31T05:37:39.000Z</time>
        <extensions>
          <ns3:TrackPointExtension>
            <ns3:atemp>16.0</ns3:atemp>
            <ns3:hr>123</ns3:hr>
          </ns3:TrackPointExtension>
        </extensions>
      </trkpt>
      <trkpt lat="47.76505247689783573150634765625" lon="11.54872633516788482666015625">
        <ele>656.4000244140625</ele>
        <time>2024-03-31T05:37:40.000Z</time>
        <extensions>
          <ns3:TrackPointExtension>
            <ns3:atemp>16.0</ns3:atemp>
            <ns3:hr>124</ns3:hr>
          </ns3:TrackPointExtension>
        </extensions>
      </trkpt>
      <trkpt lat="47.76510159485042095184326171875" lon="11.548675037920475006103515625">
        <ele>657.4000244140625</ele>
        <time>2024-03-31T05:37:43.000Z</time>
        <extensions>
          <ns3:TrackPointExtension>
            <ns3:atemp>16.0</ns3:atemp>
            <ns3:hr>127</ns3:hr>
          </ns3:TrackPointExtension>
        </extensions>
      </trkpt>
      <trkpt lat="47.76512422598898410797119140625" lon="11.54866288416087627410888671875">
        <ele>657.5999755859375</ele>
        <time>2024-03-31T05:37:44.000Z</time>
        <extensions>
          <ns3:TrackPointExtension>
            <ns3:atemp>16.0</ns3:atemp>
            <ns3:hr>128</ns3:hr>
          </ns3:TrackPointExtension>
        </extensions>
      </trkpt>
      <trkpt lat="47.7651735953986644744873046875" lon="11.54865198768675327301025390625">
        <ele>658.20001220703125</ele>
        <time>2024-03-31T05:37:46.000Z</time>
        <extensions>
          <ns3:TrackPointExtension>
            <ns3:atemp>16.0</ns3:atemp>
            <ns3:hr>131</ns3:hr>
          </ns3:TrackPointExtension>
        </extensions>
      </trkpt>
      <trkpt lat="47.76521391235291957855224609375" lon="11.548659615218639373779296875">
        <ele>658.5999755859375</ele>
        <time>2024-03-31T05:37:48.000Z</time>
        <extensions>
          <ns3:TrackPointExtension>
            <ns3:atemp>16.0</ns3:atemp>
            <ns3:hr>132</ns3:hr>
          </ns3:TrackPointExtension>
        </extensions>
      </trkpt>
      <trkpt lat="47.76522011496126651763916015625" lon="11.5486731939017772674560546875">
        <ele>659</ele>
        <time>2024-03-31T05:37:49.000Z</time>
        <extensions>
          <ns3:TrackPointExtension>
            <ns3:atemp>16.0</ns3:atemp>
            <ns3:hr>133</ns3:hr>
          </ns3:TrackPointExtension>
        </extensions>
      </trkpt>
      <trkpt lat="47.76521273888647556304931640625" lon="11.54868702404201030731201171875">
        <ele>659.20001220703125</ele>
        <time>2024-03-31T05:37:50.000Z</time>
        <extensions>
          <ns3:TrackPointExtension>
            <ns3:atemp>16.0</ns3:atemp>
            <ns3:hr>134</ns3:hr>
          </ns3:TrackPointExtension>
        </extensions>
      </trkpt>
      <trkpt lat="47.76515725068747997283935546875" lon="11.5487704239785671234130859375">
        <ele>660.20001220703125</ele>
        <time>2024-03-31T05:37:54.000Z</time>
        <extensions>
          <ns3:TrackPointExtension>
            <ns3:atemp>16.0</ns3:atemp>
            <ns3:hr>133</ns3:hr>
          </ns3:TrackPointExtension>
        </extensions>
      </trkpt>
      <trkpt lat="47.76508064009249210357666015625" lon="11.548891961574554443359375">
        <ele>661.5999755859375</ele>
        <time>2024-03-31T05:37:59.000Z</time>
        <extensions>
          <ns3:TrackPointExtension>
            <ns3:atemp>16.0</ns3:atemp>
            <ns3:hr>132</ns3:hr>
          </ns3:TrackPointExtension>
        </extensions>
      </trkpt>
      <trkpt lat="47.7650213800370693206787109375" lon="11.54896966181695461273193359375">
        <ele>662.20001220703125</ele>
        <time>2024-03-31T05:38:02.000Z</time>
        <extensions>
          <ns3:TrackPointExtension>
            <ns3:atemp>16.0</ns3:atemp>
            <ns3:hr>131</ns3:hr>
          </ns3:TrackPointExtension>
        </extensions>
      </trkpt>
      <trkpt lat="47.76500419713556766510009765625" lon="11.5489970706403255462646484375">
        <ele>662.5999755859375</ele>
        <time>2024-03-31T05:38:03.000Z</time>
        <extensions>
          <ns3:TrackPointExtension>
            <ns3:atemp>16.0</ns3:atemp>
            <ns3:hr>131</ns3:hr>
          </ns3:TrackPointExtension>
        </extensions>
      </trkpt>
      <trkpt lat="47.7649345435202121734619140625" lon="11.54914082027971744537353515625">
        <ele>663.79998779296875</ele>
        <time>2024-03-31T05:38:08.000Z</time>
        <extensions>
          <ns3:TrackPointExtension>
            <ns3:atemp>16.0</ns3:atemp>
            <ns3:hr>131</ns3:hr>
          </ns3:TrackPointExtension>
        </extensions>
      </trkpt>
      <trkpt lat="47.76491618715226650238037109375" lon="11.5491747669875621795654296875">
        <ele>664</ele>
        <time>2024-03-31T05:38:09.000Z</time>
        <extensions>
          <ns3:TrackPointExtension>
            <ns3:atemp>16.0</ns3:atemp>
            <ns3:hr>131</ns3:hr>
          </ns3:TrackPointExtension>
        </extensions>
      </trkpt>
      <trkpt lat="47.76481241919100284576416015625" lon="11.54935254715383052825927734375">
        <ele>665</ele>
        <time>2024-03-31T05:38:16.000Z</time>
        <extensions>
          <ns3:TrackPointExtension>
            <ns3:atemp>16.0</ns3:atemp>
            <ns3:hr>129</ns3:hr>
          </ns3:TrackPointExtension>
        </extensions>
      </trkpt>
      <trkpt lat="47.7647816576063632965087890625" lon="11.54940669424831867218017578125">
        <ele>665.4000244140625</ele>
        <time>2024-03-31T05:38:18.000Z</time>
        <extensions>
          <ns3:TrackPointExtension>
            <ns3:atemp>16.0</ns3:atemp>
            <ns3:hr>129</ns3:hr>
          </ns3:TrackPointExtension>
        </extensions>
      </trkpt>
      <trkpt lat="47.7646639756858348846435546875" lon="11.54957131482660770416259765625">
        <ele>666.20001220703125</ele>
        <time>2024-03-31T05:38:23.000Z</time>
        <extensions>
          <ns3:TrackPointExtension>
            <ns3:atemp>16.0</ns3:atemp>
            <ns3:hr>129</ns3:hr>
          </ns3:TrackPointExtension>
        </extensions>
      </trkpt>
      <trkpt lat="47.7646076492965221405029296875" lon="11.5496371127665042877197265625">
        <ele>666.79998779296875</ele>
        <time>2024-03-31T05:38:26.000Z</time>
        <extensions>
          <ns3:TrackPointExtension>
            <ns3:atemp>16.0</ns3:atemp>
            <ns3:hr>129</ns3:hr>
          </ns3:TrackPointExtension>
        </extensions>
      </trkpt>
      <trkpt lat="47.764587700366973876953125" lon="11.54964826069772243499755859375">
        <ele>667.4000244140625</ele>
        <time>2024-03-31T05:38:27.000Z</time>
        <extensions>
          <ns3:TrackPointExtension>
            <ns3:atemp>16.0</ns3:atemp>
            <ns3:hr>128</ns3:hr>
          </ns3:TrackPointExtension>
        </extensions>
      </trkpt>
      <trkpt lat="47.7644986845552921295166015625" lon="11.549709029495716094970703125">
        <ele>668.4000244140625</ele>
        <time>2024-03-31T05:38:32.000Z</time>
        <extensions>
          <ns3:TrackPointExtension>
            <ns3:atemp>16.0</ns3:atemp>
            <ns3:hr>129</ns3:hr>
          </ns3:TrackPointExtension>
        </extensions>
      </trkpt>
      <trkpt lat="47.7644651569426059722900390625" lon="11.54973350465297698974609375">
        <ele>668.79998779296875</ele>
        <time>2024-03-31T05:38:34.000Z</time>
        <extensions>
          <ns3:TrackPointExtension>
            <ns3:atemp>16.0</ns3:atemp>
            <ns3:hr>132</ns3:hr>
          </ns3:TrackPointExtension>
        </extensions>
      </trkpt>
      <trkpt lat="47.76441805064678192138671875" lon="11.54977398924529552459716796875">
        <ele>669.79998779296875</ele>
        <time>2024-03-31T05:38:38.000Z</time>
        <extensions>
          <ns3:TrackPointExtension>
            <ns3:atemp>16.0</ns3:atemp>
            <ns3:hr>129</ns3:hr>
          </ns3:TrackPointExtension>
        </extensions>
      </trkpt>
      <trkpt lat="47.76438443921506404876708984375" lon="11.54980349354445934295654296875">
        <ele>670.4000244140625</ele>
        <time>2024-03-31T05:38:40.000Z</time>
        <extensions>
          <ns3:TrackPointExtension>
            <ns3:atemp>16.0</ns3:atemp>
            <ns3:hr>129</ns3:hr>
          </ns3:TrackPointExtension>
        </extensions>
      </trkpt>
      <trkpt lat="47.76436113752424716949462890625" lon="11.54985546134412288665771484375">
        <ele>670.79998779296875</ele>
        <time>2024-03-31T05:38:42.000Z</time>
        <extensions>
          <ns3:TrackPointExtension>
            <ns3:atemp>16.0</ns3:atemp>
            <ns3:hr>131</ns3:hr>
          </ns3:TrackPointExtension>
        </extensions>
      </trkpt>
      <trkpt lat="47.7643531747162342071533203125" lon="11.54997683130204677581787109375">
        <ele>671.79998779296875</ele>
        <time>2024-03-31T05:38:46.000Z</time>
        <extensions>
          <ns3:TrackPointExtension>
            <ns3:atemp>16.0</ns3:atemp>
            <ns3:hr>131</ns3:hr>
          </ns3:TrackPointExtension>
        </extensions>
      </trkpt>
      <trkpt lat="47.76435979641973972320556640625" lon="11.55005796812474727630615234375">
        <ele>672.79998779296875</ele>
        <time>2024-03-31T05:38:49.000Z</time>
        <extensions>
          <ns3:TrackPointExtension>
            <ns3:atemp>16.0</ns3:atemp>
            <ns3:hr>131</ns3:hr>
          </ns3:TrackPointExtension>
        </extensions>
      </trkpt>
      <trkpt lat="47.7643685974180698394775390625" lon="11.55008646659553050994873046875">
        <ele>673.4000244140625</ele>
        <time>2024-03-31T05:38:50.000Z</time>
        <extensions>
          <ns3:TrackPointExtension>
            <ns3:atemp>16.0</ns3:atemp>
            <ns3:hr>129</ns3:hr>
          </ns3:TrackPointExtension>
        </extensions>
      </trkpt>
      <trkpt lat="47.764380834996700286865234375" lon="11.55015301890671253204345703125">
        <ele>674.20001220703125</ele>
        <time>2024-03-31T05:38:52.000Z</time>
        <extensions>
          <ns3:TrackPointExtension>
            <ns3:atemp>16.0</ns3:atemp>
            <ns3:hr>131</ns3:hr>
          </ns3:TrackPointExtension>
        </extensions>
      </trkpt>
      <trkpt lat="47.76437873952090740203857421875" lon="11.550181768834590911865234375">
        <ele>674.5999755859375</ele>
        <time>2024-03-31T05:38:53.000Z</time>
        <extensions>
          <ns3:TrackPointExtension>
            <ns3:atemp>16.0</ns3:atemp>
            <ns3:hr>130</ns3:hr>
          </ns3:TrackPointExtension>
        </extensions>
      </trkpt>
      <trkpt lat="47.76440220884978771209716796875" lon="11.55026634223759174346923828125">
        <ele>675.79998779296875</ele>
        <time>2024-03-31T05:38:56.000Z</time>
        <extensions>
          <ns3:TrackPointExtension>
            <ns3:atemp>16.0</ns3:atemp>
            <ns3:hr>130</ns3:hr>
          </ns3:TrackPointExtension>
        </extensions>
      </trkpt>
      <trkpt lat="47.7644168771803379058837890625" lon="11.5503358282148838043212890625">
        <ele>676.4000244140625</ele>
        <time>2024-03-31T05:38:59.000Z</time>
        <extensions>
          <ns3:TrackPointExtension>
            <ns3:atemp>16.0</ns3:atemp>
            <ns3:hr>127</ns3:hr>
          </ns3:TrackPointExtension>
        </extensions>
      </trkpt>
      <trkpt lat="47.76442517526447772979736328125" lon="11.55035971663892269134521484375">
        <ele>676.79998779296875</ele>
        <time>2024-03-31T05:39:00.000Z</time>
        <extensions>
          <ns3:TrackPointExtension>
            <ns3:atemp>16.0</ns3:atemp>
            <ns3:hr>127</ns3:hr>
          </ns3:TrackPointExtension>
        </extensions>
      </trkpt>
      <trkpt lat="47.76443808339536190032958984375" lon="11.55041721649467945098876953125">
        <ele>678</ele>
        <time>2024-03-31T05:39:03.000Z</time>
        <extensions>
          <ns3:TrackPointExtension>
            <ns3:atemp>16.0</ns3:atemp>
            <ns3:hr>128</ns3:hr>
          </ns3:TrackPointExtension>
        </extensions>
      </trkpt>
      <trkpt lat="47.764438502490520477294921875" lon="11.5504655800759792327880859375">
        <ele>678.5999755859375</ele>
        <time>2024-03-31T05:39:06.000Z</time>
        <extensions>
          <ns3:TrackPointExtension>
            <ns3:atemp>16.0</ns3:atemp>
            <ns3:hr>126</ns3:hr>
          </ns3:TrackPointExtension>
        </extensions>
      </trkpt>
      <trkpt lat="47.76443925686180591583251953125" lon="11.5504903905093669891357421875">
        <ele>679</ele>
        <time>2024-03-31T05:39:08.000Z</time>
        <extensions>
          <ns3:TrackPointExtension>
            <ns3:atemp>16.0</ns3:atemp>
            <ns3:hr>124</ns3:hr>
          </ns3:TrackPointExtension>
        </extensions>
      </trkpt>
      <trkpt lat="47.76443808339536190032958984375" lon="11.55050187371671199798583984375">
        <ele>679</ele>
        <time>2024-03-31T05:39:09.000Z</time>
        <extensions>
          <ns3:TrackPointExtension>
            <ns3:atemp>16.0</ns3:atemp>
            <ns3:hr>126</ns3:hr>
          </ns3:TrackPointExtension>
        </extensions>
      </trkpt>
      <trkpt lat="47.76443858630955219268798828125" lon="11.55053975991904735565185546875">
        <ele>680</ele>
        <time>2024-03-31T05:39:12.000Z</time>
        <extensions>
          <ns3:TrackPointExtension>
            <ns3:atemp>16.0</ns3:atemp>
            <ns3:hr>126</ns3:hr>
          </ns3:TrackPointExtension>
        </extensions>
      </trkpt>
      <trkpt lat="47.76444797404110431671142578125" lon="11.55056498944759368896484375">
        <ele>680.20001220703125</ele>
        <time>2024-03-31T05:39:13.000Z</time>
        <extensions>
          <ns3:TrackPointExtension>
            <ns3:atemp>16.0</ns3:atemp>
            <ns3:hr>124</ns3:hr>
          </ns3:TrackPointExtension>
        </extensions>
      </trkpt>
      <trkpt lat="47.76446976698935031890869140625" lon="11.5506268478929996490478515625">
        <ele>681.20001220703125</ele>
        <time>2024-03-31T05:39:16.000Z</time>
        <extensions>
          <ns3:TrackPointExtension>
            <ns3:atemp>16.0</ns3:atemp>
            <ns3:hr>126</ns3:hr>
          </ns3:TrackPointExtension>
        </extensions>
      </trkpt>
      <trkpt lat="47.76447177864611148834228515625" lon="11.55067236162722110748291015625">
        <ele>682.4000244140625</ele>
        <time>2024-03-31T05:39:19.000Z</time>
        <extensions>
          <ns3:TrackPointExtension>
            <ns3:atemp>16.0</ns3:atemp>
            <ns3:hr>124</ns3:hr>
          </ns3:TrackPointExtension>
        </extensions>
      </trkpt>
      <trkpt lat="47.7644695155322551727294921875" lon="11.55068912543356418609619140625">
        <ele>682.5999755859375</ele>
        <time>2024-03-31T05:39:20.000Z</time>
        <extensions>
          <ns3:TrackPointExtension>
            <ns3:atemp>16.0</ns3:atemp>
            <ns3:hr>125</ns3:hr>
          </ns3:TrackPointExtension>
        </extensions>
      </trkpt>
      <trkpt lat="47.7644859440624713897705078125" lon="11.5507804043591022491455078125">
        <ele>683.4000244140625</ele>
        <time>2024-03-31T05:39:25.000Z</time>
        <extensions>
          <ns3:TrackPointExtension>
            <ns3:atemp>16.0</ns3:atemp>
            <ns3:hr>124</ns3:hr>
          </ns3:TrackPointExtension>
        </extensions>
      </trkpt>
      <trkpt lat="47.76449256576597690582275390625" lon="11.5508005209267139434814453125">
        <ele>683.5999755859375</ele>
        <time>2024-03-31T05:39:26.000Z</time>
        <extensions>
          <ns3:TrackPointExtension>
            <ns3:atemp>16.0</ns3:atemp>
            <ns3:hr>125</ns3:hr>
          </ns3:TrackPointExtension>
        </extensions>
      </trkpt>
      <trkpt lat="47.7644996903836727142333984375" lon="11.55084134079515933990478515625">
        <ele>684.20001220703125</ele>
        <time>2024-03-31T05:39:28.000Z</time>
        <extensions>
          <ns3:TrackPointExtension>
            <ns3:atemp>16.0</ns3:atemp>
            <ns3:hr>125</ns3:hr>
          </ns3:TrackPointExtension>
        </extensions>
      </trkpt>
      <trkpt lat="47.764499187469482421875" lon="11.550863049924373626708984375">
        <ele>684.4000244140625</ele>
        <time>2024-03-31T05:39:29.000Z</time>
        <extensions>
          <ns3:TrackPointExtension>
            <ns3:atemp>16.0</ns3:atemp>
            <ns3:hr>124</ns3:hr>
          </ns3:TrackPointExtension>
        </extensions>
      </trkpt>
      <trkpt lat="47.764492817223072052001953125" lon="11.5509356372058391571044921875">
        <ele>685.79998779296875</ele>
        <time>2024-03-31T05:39:34.000Z</time>
        <extensions>
          <ns3:TrackPointExtension>
            <ns3:atemp>16.0</ns3:atemp>
            <ns3:hr>123</ns3:hr>
          </ns3:TrackPointExtension>
        </extensions>
      </trkpt>
      <trkpt lat="47.76449440978467464447021484375" lon="11.55097327195107936859130859375">
        <ele>686.20001220703125</ele>
        <time>2024-03-31T05:39:36.000Z</time>
        <extensions>
          <ns3:TrackPointExtension>
            <ns3:atemp>16.0</ns3:atemp>
            <ns3:hr>125</ns3:hr>
          </ns3:TrackPointExtension>
        </extensions>
      </trkpt>
      <trkpt lat="47.76449155993759632110595703125" lon="11.55099372379481792449951171875">
        <ele>686.20001220703125</ele>
        <time>2024-03-31T05:39:37.000Z</time>
        <extensions>
          <ns3:TrackPointExtension>
            <ns3:atemp>16.0</ns3:atemp>
            <ns3:hr>124</ns3:hr>
          </ns3:TrackPointExtension>
        </extensions>
      </trkpt>
      <trkpt lat="47.7644963376224040985107421875" lon="11.55102364718914031982421875">
        <ele>686.79998779296875</ele>
        <time>2024-03-31T05:39:39.000Z</time>
        <extensions>
          <ns3:TrackPointExtension>
            <ns3:atemp>16.0</ns3:atemp>
            <ns3:hr>123</ns3:hr>
          </ns3:TrackPointExtension>
        </extensions>
      </trkpt>
      <trkpt lat="47.7644926495850086212158203125" lon="11.55107301659882068634033203125">
        <ele>687.5999755859375</ele>
        <time>2024-03-31T05:39:42.000Z</time>
        <extensions>
          <ns3:TrackPointExtension>
            <ns3:atemp>16.0</ns3:atemp>
            <ns3:hr>121</ns3:hr>
          </ns3:TrackPointExtension>
        </extensions>
      </trkpt>
      <trkpt lat="47.764489464461803436279296875" lon="11.551086343824863433837890625">
        <ele>688</ele>
        <time>2024-03-31T05:39:43.000Z</time>
        <extensions>
          <ns3:TrackPointExtension>
            <ns3:atemp>16.0</ns3:atemp>
            <ns3:hr>120</ns3:hr>
          </ns3:TrackPointExtension>
        </extensions>
      </trkpt>
      <trkpt lat="47.764484770596027374267578125" lon="11.55113470740616321563720703125">
        <ele>689.20001220703125</ele>
        <time>2024-03-31T05:39:46.000Z</time>
        <extensions>
          <ns3:TrackPointExtension>
            <ns3:atemp>16.0</ns3:atemp>
            <ns3:hr>122</ns3:hr>
          </ns3:TrackPointExtension>
        </extensions>
      </trkpt>
      <trkpt lat="47.76447772979736328125" lon="11.55120545066893100738525390625">
        <ele>689.79998779296875</ele>
        <time>2024-03-31T05:39:50.000Z</time>
        <extensions>
          <ns3:TrackPointExtension>
            <ns3:atemp>16.0</ns3:atemp>
            <ns3:hr>122</ns3:hr>
          </ns3:TrackPointExtension>
        </extensions>
      </trkpt>
      <trkpt lat="47.76447462849318981170654296875" lon="11.551238559186458587646484375">
        <ele>690.4000244140625</ele>
        <time>2024-03-31T05:39:52.000Z</time>
        <extensions>
          <ns3:TrackPointExtension>
            <ns3:atemp>16.0</ns3:atemp>
            <ns3:hr>124</ns3:hr>
          </ns3:TrackPointExtension>
        </extensions>
      </trkpt>
      <trkpt lat="47.7644735388457775115966796875" lon="11.55125431716442108154296875">
        <ele>690.5999755859375</ele>
        <time>2024-03-31T05:39:53.000Z</time>
        <extensions>
          <ns3:TrackPointExtension>
            <ns3:atemp>16.0</ns3:atemp>
            <ns3:hr>127</ns3:hr>
          </ns3:TrackPointExtension>
        </extensions>
      </trkpt>
      <trkpt lat="47.76447194628417491912841796875" lon="11.5512675605714321136474609375">
        <ele>690.79998779296875</ele>
        <time>2024-03-31T05:39:54.000Z</time>
        <extensions>
          <ns3:TrackPointExtension>
            <ns3:atemp>16.0</ns3:atemp>
            <ns3:hr>122</ns3:hr>
          </ns3:TrackPointExtension>
        </extensions>
      </trkpt>
      <trkpt lat="47.7644629776477813720703125" lon="11.5513019263744354248046875">
        <ele>691.4000244140625</ele>
        <time>2024-03-31T05:39:56.000Z</time>
        <extensions>
          <ns3:TrackPointExtension>
            <ns3:atemp>16.0</ns3:atemp>
            <ns3:hr>120</ns3:hr>
          </ns3:TrackPointExtension>
        </extensions>
      </trkpt>
      <trkpt lat="47.76444495655596256256103515625" lon="11.5513413213193416595458984375">
        <ele>692.4000244140625</ele>
        <time>2024-03-31T05:39:59.000Z</time>
        <extensions>
          <ns3:TrackPointExtension>
            <ns3:atemp>16.0</ns3:atemp>
            <ns3:hr>116</ns3:hr>
          </ns3:TrackPointExtension>
        </extensions>
      </trkpt>
      <trkpt lat="47.7644390054047107696533203125" lon="11.551357246935367584228515625">
        <ele>692.79998779296875</ele>
        <time>2024-03-31T05:40:00.000Z</time>
        <extensions>
          <ns3:TrackPointExtension>
            <ns3:atemp>16.0</ns3:atemp>
            <ns3:hr>115</ns3:hr>
          </ns3:TrackPointExtension>
        </extensions>
      </trkpt>
      <trkpt lat="47.76443305425345897674560546875" lon="11.55138918198645114898681640625">
        <ele>693.4000244140625</ele>
        <time>2024-03-31T05:40:02.000Z</time>
        <extensions>
          <ns3:TrackPointExtension>
            <ns3:atemp>16.0</ns3:atemp>
            <ns3:hr>116</ns3:hr>
          </ns3:TrackPointExtension>
        </extensions>
      </trkpt>
      <trkpt lat="47.76443204842507839202880859375" lon="11.55143142677843570709228515625">
        <ele>693.79998779296875</ele>
        <time>2024-03-31T05:40:04.000Z</time>
        <extensions>
          <ns3:TrackPointExtension>
            <ns3:atemp>16.0</ns3:atemp>
            <ns3:hr>115</ns3:hr>
          </ns3:TrackPointExtension>
        </extensions>
      </trkpt>
      <trkpt lat="47.76440757326781749725341796875" lon="11.55154709704220294952392578125">
        <ele>695</ele>
        <time>2024-03-31T05:40:10.000Z</time>
        <extensions>
          <ns3:TrackPointExtension>
            <ns3:atemp>16.0</ns3:atemp>
            <ns3:hr>113</ns3:hr>
          </ns3:TrackPointExtension>
        </extensions>
      </trkpt>
      <trkpt lat="47.7644026279449462890625" lon="11.55155933462083339691162109375">
        <ele>695.20001220703125</ele>
        <time>2024-03-31T05:40:11.000Z</time>
        <extensions>
          <ns3:TrackPointExtension>
            <ns3:atemp>16.0</ns3:atemp>
            <ns3:hr>113</ns3:hr>
          </ns3:TrackPointExtension>
        </extensions>
      </trkpt>
      <trkpt lat="47.764389216899871826171875" lon="11.55161281116306781768798828125">
        <ele>696</ele>
        <time>2024-03-31T05:40:14.000Z</time>
        <extensions>
          <ns3:TrackPointExtension>
            <ns3:atemp>16.0</ns3:atemp>
            <ns3:hr>115</ns3:hr>
          </ns3:TrackPointExtension>
        </extensions>
      </trkpt>
      <trkpt lat="47.76438695378601551055908203125" lon="11.55162739567458629608154296875">
        <ele>696.20001220703125</ele>
        <time>2024-03-31T05:40:15.000Z</time>
        <extensions>
          <ns3:TrackPointExtension>
            <ns3:atemp>16.0</ns3:atemp>
            <ns3:hr>112</ns3:hr>
          </ns3:TrackPointExtension>
        </extensions>
      </trkpt>
      <trkpt lat="47.7643799968063831329345703125" lon="11.55168405734002590179443359375">
        <ele>697</ele>
        <time>2024-03-31T05:40:18.000Z</time>
        <extensions>
          <ns3:TrackPointExtension>
            <ns3:atemp>16.0</ns3:atemp>
            <ns3:hr>112</ns3:hr>
          </ns3:TrackPointExtension>
        </extensions>
      </trkpt>
      <trkpt lat="47.76437220163643360137939453125" lon="11.5517416410148143768310546875">
        <ele>697.79998779296875</ele>
        <time>2024-03-31T05:40:21.000Z</time>
        <extensions>
          <ns3:TrackPointExtension>
            <ns3:atemp>16.0</ns3:atemp>
            <ns3:hr>112</ns3:hr>
          </ns3:TrackPointExtension>
        </extensions>
      </trkpt>
      <trkpt lat="47.76436851359903812408447265625" lon="11.55175714753568172454833984375">
        <ele>698.20001220703125</ele>
        <time>2024-03-31T05:40:22.000Z</time>
        <extensions>
          <ns3:TrackPointExtension>
            <ns3:atemp>16.0</ns3:atemp>
            <ns3:hr>111</ns3:hr>
          </ns3:TrackPointExtension>
        </extensions>
      </trkpt>
      <trkpt lat="47.764367423951625823974609375" lon="11.55178195796906948089599609375">
        <ele>698.5999755859375</ele>
        <time>2024-03-31T05:40:24.000Z</time>
        <extensions>
          <ns3:TrackPointExtension>
            <ns3:atemp>16.0</ns3:atemp>
            <ns3:hr>112</ns3:hr>
          </ns3:TrackPointExtension>
        </extensions>
      </trkpt>
      <trkpt lat="47.76437220163643360137939453125" lon="11.55182587914168834686279296875">
        <ele>699.4000244140625</ele>
        <time>2024-03-31T05:40:26.000Z</time>
        <extensions>
          <ns3:TrackPointExtension>
            <ns3:atemp>16.0</ns3:atemp>
            <ns3:hr>111</ns3:hr>
          </ns3:TrackPointExtension>
        </extensions>
      </trkpt>
      <trkpt lat="47.76435912586748600006103515625" lon="11.55188337899744510650634765625">
        <ele>700.20001220703125</ele>
        <time>2024-03-31T05:40:29.000Z</time>
        <extensions>
          <ns3:TrackPointExtension>
            <ns3:atemp>16.0</ns3:atemp>
            <ns3:hr>112</ns3:hr>
          </ns3:TrackPointExtension>
        </extensions>
      </trkpt>
      <trkpt lat="47.7643565274775028228759765625" lon="11.551901064813137054443359375">
        <ele>700.4000244140625</ele>
        <time>2024-03-31T05:40:30.000Z</time>
        <extensions>
          <ns3:TrackPointExtension>
            <ns3:atemp>16.0</ns3:atemp>
            <ns3:hr>111</ns3:hr>
          </ns3:TrackPointExtension>
        </extensions>
      </trkpt>
      <trkpt lat="47.76433180086314678192138671875" lon="11.5519599057734012603759765625">
        <ele>701.4000244140625</ele>
        <time>2024-03-31T05:40:34.000Z</time>
        <extensions>
          <ns3:TrackPointExtension>
            <ns3:atemp>16.0</ns3:atemp>
            <ns3:hr>109</ns3:hr>
          </ns3:TrackPointExtension>
        </extensions>
      </trkpt>
      <trkpt lat="47.7643293701112270355224609375" lon="11.55197021551430225372314453125">
        <ele>701.5999755859375</ele>
        <time>2024-03-31T05:40:35.000Z</time>
        <extensions>
          <ns3:TrackPointExtension>
            <ns3:atemp>15.0</ns3:atemp>
            <ns3:hr>110</ns3:hr>
          </ns3:TrackPointExtension>
        </extensions>
      </trkpt>
      <trkpt lat="47.76431252248585224151611328125" lon="11.5520956926047801971435546875">
        <ele>702.5999755859375</ele>
        <time>2024-03-31T05:40:42.000Z</time>
        <extensions>
          <ns3:TrackPointExtension>
            <ns3:atemp>16.0</ns3:atemp>
            <ns3:hr>109</ns3:hr>
          </ns3:TrackPointExtension>
        </extensions>
      </trkpt>
      <trkpt lat="47.76430028490722179412841796875" lon="11.5521208383142948150634765625">
        <ele>703.20001220703125</ele>
        <time>2024-03-31T05:40:44.000Z</time>
        <extensions>
          <ns3:TrackPointExtension>
            <ns3:atemp>16.0</ns3:atemp>
            <ns3:hr>108</ns3:hr>
          </ns3:TrackPointExtension>
        </extensions>
      </trkpt>
      <trkpt lat="47.76429005898535251617431640625" lon="11.5521307289600372314453125">
        <ele>703.4000244140625</ele>
        <time>2024-03-31T05:40:45.000Z</time>
        <extensions>
          <ns3:TrackPointExtension>
            <ns3:atemp>15.0</ns3:atemp>
            <ns3:hr>108</ns3:hr>
          </ns3:TrackPointExtension>
        </extensions>
      </trkpt>
      <trkpt lat="47.76427530683577060699462890625" lon="11.55213600955903530120849609375">
        <ele>703.79998779296875</ele>
        <time>2024-03-31T05:40:47.000Z</time>
        <extensions>
          <ns3:TrackPointExtension>
            <ns3:atemp>15.0</ns3:atemp>
            <ns3:hr>107</ns3:hr>
          </ns3:TrackPointExtension>
        </extensions>
      </trkpt>
      <trkpt lat="47.764247395098209381103515625" lon="11.55216760933399200439453125">
        <ele>704.79998779296875</ele>
        <time>2024-03-31T05:40:51.000Z</time>
        <extensions>
          <ns3:TrackPointExtension>
            <ns3:atemp>15.0</ns3:atemp>
            <ns3:hr>105</ns3:hr>
          </ns3:TrackPointExtension>
        </extensions>
      </trkpt>
      <trkpt lat="47.76423633098602294921875" lon="11.55219334177672863006591796875">
        <ele>705</ele>
        <time>2024-03-31T05:40:52.000Z</time>
        <extensions>
          <ns3:TrackPointExtension>
            <ns3:atemp>16.0</ns3:atemp>
            <ns3:hr>105</ns3:hr>
          </ns3:TrackPointExtension>
        </extensions>
      </trkpt>
      <trkpt lat="47.7642287872731685638427734375" lon="11.55224899761378765106201171875">
        <ele>705.79998779296875</ele>
        <time>2024-03-31T05:40:55.000Z</time>
        <extensions>
          <ns3:TrackPointExtension>
            <ns3:atemp>15.0</ns3:atemp>
            <ns3:hr>103</ns3:hr>
          </ns3:TrackPointExtension>
        </extensions>
      </trkpt>
      <trkpt lat="47.7642162144184112548828125" lon="11.55231739394366741180419921875">
        <ele>706.79998779296875</ele>
        <time>2024-03-31T05:40:58.000Z</time>
        <extensions>
          <ns3:TrackPointExtension>
            <ns3:atemp>16.0</ns3:atemp>
            <ns3:hr>102</ns3:hr>
          </ns3:TrackPointExtension>
        </extensions>
      </trkpt>
      <trkpt lat="47.76421076618134975433349609375" lon="11.5523313917219638824462890625">
        <ele>707</ele>
        <time>2024-03-31T05:40:59.000Z</time>
        <extensions>
          <ns3:TrackPointExtension>
            <ns3:atemp>15.0</ns3:atemp>
            <ns3:hr>101</ns3:hr>
          </ns3:TrackPointExtension>
        </extensions>
      </trkpt>
      <trkpt lat="47.76419852860271930694580078125" lon="11.55242376029491424560546875">
        <ele>708</ele>
        <time>2024-03-31T05:41:04.000Z</time>
        <extensions>
          <ns3:TrackPointExtension>
            <ns3:atemp>16.0</ns3:atemp>
            <ns3:hr>101</ns3:hr>
          </ns3:TrackPointExtension>
        </extensions>
      </trkpt>
      <trkpt lat="47.76419014669954776763916015625" lon="11.5524499118328094482421875">
        <ele>708</ele>
        <time>2024-03-31T05:41:05.000Z</time>
        <extensions>
          <ns3:TrackPointExtension>
            <ns3:atemp>15.0</ns3:atemp>
            <ns3:hr>101</ns3:hr>
          </ns3:TrackPointExtension>
        </extensions>
      </trkpt>
      <trkpt lat="47.76418578810989856719970703125" lon="11.5524728782474994659423828125">
        <ele>708.4000244140625</ele>
        <time>2024-03-31T05:41:06.000Z</time>
        <extensions>
          <ns3:TrackPointExtension>
            <ns3:atemp>15.0</ns3:atemp>
            <ns3:hr>101</ns3:hr>
          </ns3:TrackPointExtension>
        </extensions>
      </trkpt>
      <trkpt lat="47.7641773223876953125" lon="11.5525627322494983673095703125">
        <ele>709</ele>
        <time>2024-03-31T05:41:10.000Z</time>
        <extensions>
          <ns3:TrackPointExtension>
            <ns3:atemp>15.0</ns3:atemp>
            <ns3:hr>103</ns3:hr>
          </ns3:TrackPointExtension>
        </extensions>
      </trkpt>
      <trkpt lat="47.76416449807584285736083984375" lon="11.5526430308818817138671875">
        <ele>710</ele>
        <time>2024-03-31T05:41:14.000Z</time>
        <extensions>
          <ns3:TrackPointExtension>
            <ns3:atemp>15.0</ns3:atemp>
            <ns3:hr>103</ns3:hr>
          </ns3:TrackPointExtension>
        </extensions>
      </trkpt>
      <trkpt lat="47.76414857245981693267822265625" lon="11.55272173695266246795654296875">
        <ele>711</ele>
        <time>2024-03-31T05:41:18.000Z</time>
        <extensions>
          <ns3:TrackPointExtension>
            <ns3:atemp>15.0</ns3:atemp>
            <ns3:hr>104</ns3:hr>
          </ns3:TrackPointExtension>
        </extensions>
      </trkpt>
      <trkpt lat="47.76413918472826480865478515625" lon="11.552747972309589385986328125">
        <ele>711.4000244140625</ele>
        <time>2024-03-31T05:41:20.000Z</time>
        <extensions>
          <ns3:TrackPointExtension>
            <ns3:atemp>15.0</ns3:atemp>
            <ns3:hr>104</ns3:hr>
          </ns3:TrackPointExtension>
        </extensions>
      </trkpt>
      <trkpt lat="47.7641196548938751220703125" lon="11.552829444408416748046875">
        <ele>712.20001220703125</ele>
        <time>2024-03-31T05:41:25.000Z</time>
        <extensions>
          <ns3:TrackPointExtension>
            <ns3:atemp>15.0</ns3:atemp>
            <ns3:hr>105</ns3:hr>
          </ns3:TrackPointExtension>
        </extensions>
      </trkpt>
      <trkpt lat="47.76410096324980258941650390625" lon="11.55289239250123500823974609375">
        <ele>712.5999755859375</ele>
        <time>2024-03-31T05:41:29.000Z</time>
        <extensions>
          <ns3:TrackPointExtension>
            <ns3:atemp>15.0</ns3:atemp>
            <ns3:hr>105</ns3:hr>
          </ns3:TrackPointExtension>
        </extensions>
      </trkpt>
      <trkpt lat="47.76409811340272426605224609375" lon="11.55292105861008167266845703125">
        <ele>712.79998779296875</ele>
        <time>2024-03-31T05:41:31.000Z</time>
        <extensions>
          <ns3:TrackPointExtension>
            <ns3:atemp>16.0</ns3:atemp>
            <ns3:hr>105</ns3:hr>
          </ns3:TrackPointExtension>
        </extensions>
      </trkpt>
      <trkpt lat="47.76408151723444461822509765625" lon="11.55300714075565338134765625">
        <ele>713</ele>
        <time>2024-03-31T05:41:36.000Z</time>
        <extensions>
          <ns3:TrackPointExtension>
            <ns3:atemp>16.0</ns3:atemp>
            <ns3:hr>106</ns3:hr>
          </ns3:TrackPointExtension>
        </extensions>
      </trkpt>
      <trkpt lat="47.7640705369412899017333984375" lon="11.553070843219757080078125">
        <ele>713.20001220703125</ele>
        <time>2024-03-31T05:41:39.000Z</time>
        <extensions>
          <ns3:TrackPointExtension>
            <ns3:atemp>16.0</ns3:atemp>
            <ns3:hr>106</ns3:hr>
          </ns3:TrackPointExtension>
        </extensions>
      </trkpt>
      <trkpt lat="47.764056958258152008056640625" lon="11.55318072997033596038818359375">
        <ele>713.20001220703125</ele>
        <time>2024-03-31T05:41:44.000Z</time>
        <extensions>
          <ns3:TrackPointExtension>
            <ns3:atemp>16.0</ns3:atemp>
            <ns3:hr>103</ns3:hr>
          </ns3:TrackPointExtension>
        </extensions>
      </trkpt>
      <trkpt lat="47.76405335403978824615478515625" lon="11.5532148443162441253662109375">
        <ele>713</ele>
        <time>2024-03-31T05:41:45.000Z</time>
        <extensions>
          <ns3:TrackPointExtension>
            <ns3:atemp>16.0</ns3:atemp>
            <ns3:hr>102</ns3:hr>
          </ns3:TrackPointExtension>
        </extensions>
      </trkpt>
      <trkpt lat="47.76400624774396419525146484375" lon="11.553431935608386993408203125">
        <ele>713.4000244140625</ele>
        <time>2024-03-31T05:41:52.000Z</time>
        <extensions>
          <ns3:TrackPointExtension>
            <ns3:atemp>16.0</ns3:atemp>
            <ns3:hr>101</ns3:hr>
          </ns3:TrackPointExtension>
        </extensions>
      </trkpt>
      <trkpt lat="47.76401949115097522735595703125" lon="11.5534262359142303466796875">
        <ele>713.4000244140625</ele>
        <time>2024-03-31T05:41:55.000Z</time>
        <extensions>
          <ns3:TrackPointExtension>
            <ns3:atemp>16.0</ns3:atemp>
            <ns3:hr>101</ns3:hr>
          </ns3:TrackPointExtension>
        </extensions>
      </trkpt>
      <trkpt lat="47.7640360035002231597900390625" lon="11.5533898584544658660888671875">
        <ele>713.20001220703125</ele>
        <time>2024-03-31T05:42:01.000Z</time>
        <extensions>
          <ns3:TrackPointExtension>
            <ns3:atemp>16.0</ns3:atemp>
            <ns3:hr>101</ns3:hr>
          </ns3:TrackPointExtension>
        </extensions>
      </trkpt>
      <trkpt lat="47.76402737013995647430419921875" lon="11.55342548154294490814208984375">
        <ele>710.79998779296875</ele>
        <time>2024-03-31T05:43:21.000Z</time>
        <extensions>
          <ns3:TrackPointExtension>
            <ns3:atemp>16.0</ns3:atemp>
            <ns3:hr>98</ns3:hr>
          </ns3:TrackPointExtension>
        </extensions>
      </trkpt>
      <trkpt lat="47.76402108371257781982421875" lon="11.553466804325580596923828125">
        <ele>711</ele>
        <time>2024-03-31T05:43:22.000Z</time>
        <extensions>
          <ns3:TrackPointExtension>
            <ns3:atemp>16.0</ns3:atemp>
            <ns3:hr>98</ns3:hr>
          </ns3:TrackPointExtension>
        </extensions>
      </trkpt>
      <trkpt lat="47.7639672718942165374755859375" lon="11.55379042960703372955322265625">
        <ele>711.20001220703125</ele>
        <time>2024-03-31T05:43:28.000Z</time>
        <extensions>
          <ns3:TrackPointExtension>
            <ns3:atemp>16.0</ns3:atemp>
            <ns3:hr>96</ns3:hr>
          </ns3:TrackPointExtension>
        </extensions>
      </trkpt>
      <trkpt lat="47.76393433101475238800048828125" lon="11.5540255419909954071044921875">
        <ele>711.5999755859375</ele>
        <time>2024-03-31T05:43:33.000Z</time>
        <extensions>
          <ns3:TrackPointExtension>
            <ns3:atemp>16.0</ns3:atemp>
            <ns3:hr>100</ns3:hr>
          </ns3:TrackPointExtension>
        </extensions>
      </trkpt>
      <trkpt lat="47.76392946951091289520263671875" lon="11.55407206155359745025634765625">
        <ele>711.5999755859375</ele>
        <time>2024-03-31T05:43:34.000Z</time>
        <extensions>
          <ns3:TrackPointExtension>
            <ns3:atemp>16.0</ns3:atemp>
            <ns3:hr>97</ns3:hr>
          </ns3:TrackPointExtension>
        </extensions>
      </trkpt>
      <trkpt lat="47.76392226107418537139892578125" lon="11.55412721447646617889404296875">
        <ele>711.79998779296875</ele>
        <time>2024-03-31T05:43:35.000Z</time>
        <extensions>
          <ns3:TrackPointExtension>
            <ns3:atemp>16.0</ns3:atemp>
            <ns3:hr>100</ns3:hr>
          </ns3:TrackPointExtension>
        </extensions>
      </trkpt>
      <trkpt lat="47.76391354389488697052001953125" lon="11.55422494746744632720947265625">
        <ele>711.79998779296875</ele>
        <time>2024-03-31T05:43:37.000Z</time>
        <extensions>
          <ns3:TrackPointExtension>
            <ns3:atemp>16.0</ns3:atemp>
            <ns3:hr>99</ns3:hr>
          </ns3:TrackPointExtension>
        </extensions>
      </trkpt>
      <trkpt lat="47.7639032341539859771728515625" lon="11.5543343313038349151611328125">
        <ele>712</ele>
        <time>2024-03-31T05:43:39.000Z</time>
        <extensions>
          <ns3:TrackPointExtension>
            <ns3:atemp>16.0</ns3:atemp>
            <ns3:hr>100</ns3:hr>
          </ns3:TrackPointExtension>
        </extensions>
      </trkpt>
      <trkpt lat="47.7638747356832027435302734375" lon="11.554615460336208343505859375">
        <ele>712</ele>
        <time>2024-03-31T05:43:45.000Z</time>
        <extensions>
          <ns3:TrackPointExtension>
            <ns3:atemp>16.0</ns3:atemp>
            <ns3:hr>99</ns3:hr>
          </ns3:TrackPointExtension>
        </extensions>
      </trkpt>
      <trkpt lat="47.7638579718768596649169921875" lon="11.5547299571335315704345703125">
        <ele>713</ele>
        <time>2024-03-31T05:43:48.000Z</time>
        <extensions>
          <ns3:TrackPointExtension>
            <ns3:atemp>16.0</ns3:atemp>
            <ns3:hr>101</ns3:hr>
          </ns3:TrackPointExtension>
        </extensions>
      </trkpt>
      <trkpt lat="47.7638536132872104644775390625" lon="11.55480782501399517059326171875">
        <ele>713.5999755859375</ele>
        <time>2024-03-31T05:43:51.000Z</time>
        <extensions>
          <ns3:TrackPointExtension>
            <ns3:atemp>16.0</ns3:atemp>
            <ns3:hr>102</ns3:hr>
          </ns3:TrackPointExtension>
        </extensions>
      </trkpt>
      <trkpt lat="47.76380156166851520538330078125" lon="11.5550149418413639068603515625">
        <ele>713.79998779296875</ele>
        <time>2024-03-31T05:43:59.000Z</time>
        <extensions>
          <ns3:TrackPointExtension>
            <ns3:atemp>16.0</ns3:atemp>
            <ns3:hr>104</ns3:hr>
          </ns3:TrackPointExtension>
        </extensions>
      </trkpt>
      <trkpt lat="47.7637278847396373748779296875" lon="11.55510940589010715484619140625">
        <ele>714.20001220703125</ele>
        <time>2024-03-31T05:44:03.000Z</time>
        <extensions>
          <ns3:TrackPointExtension>
            <ns3:atemp>16.0</ns3:atemp>
            <ns3:hr>103</ns3:hr>
          </ns3:TrackPointExtension>
        </extensions>
      </trkpt>
      <trkpt lat="47.7637107856571674346923828125" lon="11.55513790436089038848876953125">
        <ele>714.20001220703125</ele>
        <time>2024-03-31T05:44:04.000Z</time>
        <extensions>
          <ns3:TrackPointExtension>
            <ns3:atemp>17.0</ns3:atemp>
            <ns3:hr>105</ns3:hr>
          </ns3:TrackPointExtension>
        </extensions>
      </trkpt>
      <trkpt lat="47.763663344085216522216796875" lon="11.55520345084369182586669921875">
        <ele>715.20001220703125</ele>
        <time>2024-03-31T05:44:07.000Z</time>
        <extensions>
          <ns3:TrackPointExtension>
            <ns3:atemp>16.0</ns3:atemp>
            <ns3:hr>105</ns3:hr>
          </ns3:TrackPointExtension>
        </extensions>
      </trkpt>
      <trkpt lat="47.76361682452261447906494140625" lon="11.55526413582265377044677734375">
        <ele>715.79998779296875</ele>
        <time>2024-03-31T05:44:11.000Z</time>
        <extensions>
          <ns3:TrackPointExtension>
            <ns3:atemp>17.0</ns3:atemp>
            <ns3:hr>105</ns3:hr>
          </ns3:TrackPointExtension>
        </extensions>
      </trkpt>
      <trkpt lat="47.76354557834565639495849609375" lon="11.55546278692781925201416015625">
        <ele>715.4000244140625</ele>
        <time>2024-03-31T05:44:20.000Z</time>
        <extensions>
          <ns3:TrackPointExtension>
            <ns3:atemp>17.0</ns3:atemp>
            <ns3:hr>106</ns3:hr>
          </ns3:TrackPointExtension>
        </extensions>
      </trkpt>
      <trkpt lat="47.7635391242802143096923828125" lon="11.5554700791835784912109375">
        <ele>715.4000244140625</ele>
        <time>2024-03-31T05:44:23.000Z</time>
        <extensions>
          <ns3:TrackPointExtension>
            <ns3:atemp>17.0</ns3:atemp>
            <ns3:hr>106</ns3:hr>
          </ns3:TrackPointExtension>
        </extensions>
      </trkpt>
      <trkpt lat="47.76355513371527194976806640625" lon="11.55551173724234104156494140625">
        <ele>715.20001220703125</ele>
        <time>2024-03-31T05:44:29.000Z</time>
        <extensions>
          <ns3:TrackPointExtension>
            <ns3:atemp>17.0</ns3:atemp>
            <ns3:hr>106</ns3:hr>
          </ns3:TrackPointExtension>
        </extensions>
      </trkpt>
      <trkpt lat="47.763580195605754852294921875" lon="11.5556935407221317291259765625">
        <ele>714.4000244140625</ele>
        <time>2024-03-31T05:44:36.000Z</time>
        <extensions>
          <ns3:TrackPointExtension>
            <ns3:atemp>17.0</ns3:atemp>
            <ns3:hr>106</ns3:hr>
          </ns3:TrackPointExtension>
        </extensions>
      </trkpt>
      <trkpt lat="47.76357793249189853668212890625" lon="11.55572799034416675567626953125">
        <ele>714.20001220703125</ele>
        <time>2024-03-31T05:44:37.000Z</time>
        <extensions>
          <ns3:TrackPointExtension>
            <ns3:atemp>17.0</ns3:atemp>
            <ns3:hr>105</ns3:hr>
          </ns3:TrackPointExtension>
        </extensions>
      </trkpt>
      <trkpt lat="47.76355815120041370391845703125" lon="11.55586394481360912322998046875">
        <ele>713.5999755859375</ele>
        <time>2024-03-31T05:44:40.000Z</time>
        <extensions>
          <ns3:TrackPointExtension>
            <ns3:atemp>17.0</ns3:atemp>
            <ns3:hr>107</ns3:hr>
          </ns3:TrackPointExtension>
        </extensions>
      </trkpt>
      <trkpt lat="47.76355748064815998077392578125" lon="11.55603191815316677093505859375">
        <ele>713</ele>
        <time>2024-03-31T05:44:44.000Z</time>
        <extensions>
          <ns3:TrackPointExtension>
            <ns3:atemp>17.0</ns3:atemp>
            <ns3:hr>105</ns3:hr>
          </ns3:TrackPointExtension>
        </extensions>
      </trkpt>
      <trkpt lat="47.7635733224451541900634765625" lon="11.5561535395681858062744140625">
        <ele>713</ele>
        <time>2024-03-31T05:44:47.000Z</time>
        <extensions>
          <ns3:TrackPointExtension>
            <ns3:atemp>17.0</ns3:atemp>
            <ns3:hr>107</ns3:hr>
          </ns3:TrackPointExtension>
        </extensions>
      </trkpt>
      <trkpt lat="47.76357390917837619781494140625" lon="11.55620592646300792694091796875">
        <ele>712.5999755859375</ele>
        <time>2024-03-31T05:44:49.000Z</time>
        <extensions>
          <ns3:TrackPointExtension>
            <ns3:atemp>17.0</ns3:atemp>
            <ns3:hr>110</ns3:hr>
          </ns3:TrackPointExtension>
        </extensions>
      </trkpt>
      <trkpt lat="47.76357960887253284454345703125" lon="11.5562216006219387054443359375">
        <ele>712.5999755859375</ele>
        <time>2024-03-31T05:44:51.000Z</time>
        <extensions>
          <ns3:TrackPointExtension>
            <ns3:atemp>17.0</ns3:atemp>
            <ns3:hr>111</ns3:hr>
          </ns3:TrackPointExtension>
        </extensions>
      </trkpt>
      <trkpt lat="47.7635813690721988677978515625" lon="11.556222774088382720947265625">
        <ele>712.5999755859375</ele>
        <time>2024-03-31T05:44:53.000Z</time>
        <extensions>
          <ns3:TrackPointExtension>
            <ns3:atemp>17.0</ns3:atemp>
            <ns3:hr>112</ns3:hr>
          </ns3:TrackPointExtension>
        </extensions>
      </trkpt>
      <trkpt lat="47.7635770104825496673583984375" lon="11.55625252984464168548583984375">
        <ele>712.5999755859375</ele>
        <time>2024-03-31T05:44:56.000Z</time>
        <extensions>
          <ns3:TrackPointExtension>
            <ns3:atemp>17.0</ns3:atemp>
            <ns3:hr>114</ns3:hr>
          </ns3:TrackPointExtension>
        </extensions>
      </trkpt>
      <trkpt lat="47.76356217451393604278564453125" lon="11.55630550347268581390380859375">
        <ele>712.4000244140625</ele>
        <time>2024-03-31T05:44:59.000Z</time>
        <extensions>
          <ns3:TrackPointExtension>
            <ns3:atemp>17.0</ns3:atemp>
            <ns3:hr>116</ns3:hr>
          </ns3:TrackPointExtension>
        </extensions>
      </trkpt>
      <trkpt lat="47.76355144567787647247314453125" lon="11.5563573874533176422119140625">
        <ele>711.5999755859375</ele>
        <time>2024-03-31T05:45:01.000Z</time>
        <extensions>
          <ns3:TrackPointExtension>
            <ns3:atemp>17.0</ns3:atemp>
            <ns3:hr>116</ns3:hr>
          </ns3:TrackPointExtension>
        </extensions>
      </trkpt>
      <trkpt lat="47.76351842097938060760498046875" lon="11.55651655979454517364501953125">
        <ele>710.5999755859375</ele>
        <time>2024-03-31T05:45:05.000Z</time>
        <extensions>
          <ns3:TrackPointExtension>
            <ns3:atemp>17.0</ns3:atemp>
            <ns3:hr>117</ns3:hr>
          </ns3:TrackPointExtension>
        </extensions>
      </trkpt>
      <trkpt lat="47.7634864859282970428466796875" lon="11.5566931664943695068359375">
        <ele>709.5999755859375</ele>
        <time>2024-03-31T05:45:09.000Z</time>
        <extensions>
          <ns3:TrackPointExtension>
            <ns3:atemp>17.0</ns3:atemp>
            <ns3:hr>114</ns3:hr>
          </ns3:TrackPointExtension>
        </extensions>
      </trkpt>
      <trkpt lat="47.76347483508288860321044921875" lon="11.5567365847527980804443359375">
        <ele>709.4000244140625</ele>
        <time>2024-03-31T05:45:10.000Z</time>
        <extensions>
          <ns3:TrackPointExtension>
            <ns3:atemp>17.0</ns3:atemp>
            <ns3:hr>114</ns3:hr>
          </ns3:TrackPointExtension>
        </extensions>
      </trkpt>
      <trkpt lat="47.7634563110768795013427734375" lon="11.556812860071659088134765625">
        <ele>709.20001220703125</ele>
        <time>2024-03-31T05:45:12.000Z</time>
        <extensions>
          <ns3:TrackPointExtension>
            <ns3:atemp>17.0</ns3:atemp>
            <ns3:hr>113</ns3:hr>
          </ns3:TrackPointExtension>
        </extensions>
      </trkpt>
      <trkpt lat="47.7634459175169467926025390625" lon="11.55694068409502506256103515625">
        <ele>708.4000244140625</ele>
        <time>2024-03-31T05:45:16.000Z</time>
        <extensions>
          <ns3:TrackPointExtension>
            <ns3:atemp>17.0</ns3:atemp>
            <ns3:hr>115</ns3:hr>
          </ns3:TrackPointExtension>
        </extensions>
      </trkpt>
      <trkpt lat="47.7634425647556781768798828125" lon="11.55697488225996494293212890625">
        <ele>708.20001220703125</ele>
        <time>2024-03-31T05:45:17.000Z</time>
        <extensions>
          <ns3:TrackPointExtension>
            <ns3:atemp>17.0</ns3:atemp>
            <ns3:hr>115</ns3:hr>
          </ns3:TrackPointExtension>
        </extensions>
      </trkpt>
      <trkpt lat="47.7634318359196186065673828125" lon="11.55701343901455402374267578125">
        <ele>708</ele>
        <time>2024-03-31T05:45:18.000Z</time>
        <extensions>
          <ns3:TrackPointExtension>
            <ns3:atemp>17.0</ns3:atemp>
            <ns3:hr>116</ns3:hr>
          </ns3:TrackPointExtension>
        </extensions>
      </trkpt>
      <trkpt lat="47.76336570270359516143798828125" lon="11.5571208111941814422607421875">
        <ele>707</ele>
        <time>2024-03-31T05:45:21.000Z</time>
        <extensions>
          <ns3:TrackPointExtension>
            <ns3:atemp>17.0</ns3:atemp>
            <ns3:hr>117</ns3:hr>
          </ns3:TrackPointExtension>
        </extensions>
      </trkpt>
      <trkpt lat="47.7633047662675380706787109375" lon="11.5573234856128692626953125">
        <ele>705.79998779296875</ele>
        <time>2024-03-31T05:45:25.000Z</time>
        <extensions>
          <ns3:TrackPointExtension>
            <ns3:atemp>17.0</ns3:atemp>
            <ns3:hr>119</ns3:hr>
          </ns3:TrackPointExtension>
        </extensions>
      </trkpt>
      <trkpt lat="47.76328724808990955352783203125" lon="11.55736832879483699798583984375">
        <ele>705.5999755859375</ele>
        <time>2024-03-31T05:45:26.000Z</time>
        <extensions>
          <ns3:TrackPointExtension>
            <ns3:atemp>17.0</ns3:atemp>
            <ns3:hr>118</ns3:hr>
          </ns3:TrackPointExtension>
        </extensions>
      </trkpt>
      <trkpt lat="47.7632491104304790496826171875" lon="11.557518951594829559326171875">
        <ele>704.4000244140625</ele>
        <time>2024-03-31T05:45:29.000Z</time>
        <extensions>
          <ns3:TrackPointExtension>
            <ns3:atemp>17.0</ns3:atemp>
            <ns3:hr>120</ns3:hr>
          </ns3:TrackPointExtension>
        </extensions>
      </trkpt>
      <trkpt lat="47.76320166885852813720703125" lon="11.55767795629799365997314453125">
        <ele>703.20001220703125</ele>
        <time>2024-03-31T05:45:32.000Z</time>
        <extensions>
          <ns3:TrackPointExtension>
            <ns3:atemp>17.0</ns3:atemp>
            <ns3:hr>121</ns3:hr>
          </ns3:TrackPointExtension>
        </extensions>
      </trkpt>
      <trkpt lat="47.76319102384150028228759765625" lon="11.5577176026999950408935546875">
        <ele>702.79998779296875</ele>
        <time>2024-03-31T05:45:33.000Z</time>
        <extensions>
          <ns3:TrackPointExtension>
            <ns3:atemp>17.0</ns3:atemp>
            <ns3:hr>122</ns3:hr>
          </ns3:TrackPointExtension>
        </extensions>
      </trkpt>
      <trkpt lat="47.763163112103939056396484375" lon="11.557809300720691680908203125">
        <ele>701.5999755859375</ele>
        <time>2024-03-31T05:45:35.000Z</time>
        <extensions>
          <ns3:TrackPointExtension>
            <ns3:atemp>17.0</ns3:atemp>
            <ns3:hr>123</ns3:hr>
          </ns3:TrackPointExtension>
        </extensions>
      </trkpt>
      <trkpt lat="47.763114161789417266845703125" lon="11.5579180978238582611083984375">
        <ele>700.4000244140625</ele>
        <time>2024-03-31T05:45:38.000Z</time>
        <extensions>
          <ns3:TrackPointExtension>
            <ns3:atemp>17.0</ns3:atemp>
            <ns3:hr>125</ns3:hr>
          </ns3:TrackPointExtension>
        </extensions>
      </trkpt>
      <trkpt lat="47.76309982873499393463134765625" lon="11.55795355327427387237548828125">
        <ele>700</ele>
        <time>2024-03-31T05:45:39.000Z</time>
        <extensions>
          <ns3:TrackPointExtension>
            <ns3:atemp>17.0</ns3:atemp>
            <ns3:hr>125</ns3:hr>
          </ns3:TrackPointExtension>
        </extensions>
      </trkpt>
      <trkpt lat="47.76306898333132266998291015625" lon="11.55803334899246692657470703125">
        <ele>699.20001220703125</ele>
        <time>2024-03-31T05:45:41.000Z</time>
        <extensions>
          <ns3:TrackPointExtension>
            <ns3:atemp>17.0</ns3:atemp>
            <ns3:hr>125</ns3:hr>
          </ns3:TrackPointExtension>
        </extensions>
      </trkpt>
      <trkpt lat="47.763024978339672088623046875" lon="11.55813124962151050567626953125">
        <ele>698.20001220703125</ele>
        <time>2024-03-31T05:45:45.000Z</time>
        <extensions>
          <ns3:TrackPointExtension>
            <ns3:atemp>17.0</ns3:atemp>
            <ns3:hr>125</ns3:hr>
          </ns3:TrackPointExtension>
        </extensions>
      </trkpt>
      <trkpt lat="47.7630100585520267486572265625" lon="11.55815857462584972381591796875">
        <ele>698</ele>
        <time>2024-03-31T05:45:46.000Z</time>
        <extensions>
          <ns3:TrackPointExtension>
            <ns3:atemp>17.0</ns3:atemp>
            <ns3:hr>124</ns3:hr>
          </ns3:TrackPointExtension>
        </extensions>
      </trkpt>
      <trkpt lat="47.762928418815135955810546875" lon="11.558306850492954254150390625">
        <ele>697</ele>
        <time>2024-03-31T05:45:50.000Z</time>
        <extensions>
          <ns3:TrackPointExtension>
            <ns3:atemp>17.0</ns3:atemp>
            <ns3:hr>123</ns3:hr>
          </ns3:TrackPointExtension>
        </extensions>
      </trkpt>
      <trkpt lat="47.76288650929927825927734375" lon="11.5583918429911136627197265625">
        <ele>696.20001220703125</ele>
        <time>2024-03-31T05:45:52.000Z</time>
        <extensions>
          <ns3:TrackPointExtension>
            <ns3:atemp>17.0</ns3:atemp>
            <ns3:hr>123</ns3:hr>
          </ns3:TrackPointExtension>
        </extensions>
      </trkpt>
      <trkpt lat="47.7628670632839202880859375" lon="11.5584290586411952972412109375">
        <ele>695.79998779296875</ele>
        <time>2024-03-31T05:45:53.000Z</time>
        <extensions>
          <ns3:TrackPointExtension>
            <ns3:atemp>17.0</ns3:atemp>
            <ns3:hr>123</ns3:hr>
          </ns3:TrackPointExtension>
        </extensions>
      </trkpt>
      <trkpt lat="47.76279154233634471893310546875" lon="11.55856191180646419525146484375">
        <ele>694.79998779296875</ele>
        <time>2024-03-31T05:45:57.000Z</time>
        <extensions>
          <ns3:TrackPointExtension>
            <ns3:atemp>17.0</ns3:atemp>
            <ns3:hr>125</ns3:hr>
          </ns3:TrackPointExtension>
        </extensions>
      </trkpt>
      <trkpt lat="47.76275030337274074554443359375" lon="11.55864271335303783416748046875">
        <ele>694.20001220703125</ele>
        <time>2024-03-31T05:45:59.000Z</time>
        <extensions>
          <ns3:TrackPointExtension>
            <ns3:atemp>17.0</ns3:atemp>
            <ns3:hr>126</ns3:hr>
          </ns3:TrackPointExtension>
        </extensions>
      </trkpt>
      <trkpt lat="47.7627061307430267333984375" lon="11.5587090142071247100830078125">
        <ele>693.4000244140625</ele>
        <time>2024-03-31T05:46:01.000Z</time>
        <extensions>
          <ns3:TrackPointExtension>
            <ns3:atemp>17.0</ns3:atemp>
            <ns3:hr>127</ns3:hr>
          </ns3:TrackPointExtension>
        </extensions>
      </trkpt>
      <trkpt lat="47.7625973336398601531982421875" lon="11.5588525123894214630126953125">
        <ele>692.4000244140625</ele>
        <time>2024-03-31T05:46:06.000Z</time>
        <extensions>
          <ns3:TrackPointExtension>
            <ns3:atemp>17.0</ns3:atemp>
            <ns3:hr>128</ns3:hr>
          </ns3:TrackPointExtension>
        </extensions>
      </trkpt>
      <trkpt lat="47.76255919598042964935302734375" lon="11.55889919959008693695068359375">
        <ele>691.5999755859375</ele>
        <time>2024-03-31T05:46:08.000Z</time>
        <extensions>
          <ns3:TrackPointExtension>
            <ns3:atemp>17.0</ns3:atemp>
            <ns3:hr>127</ns3:hr>
          </ns3:TrackPointExtension>
        </extensions>
      </trkpt>
      <trkpt lat="47.7625453658401966094970703125" lon="11.55891395173966884613037109375">
        <ele>691</ele>
        <time>2024-03-31T05:46:09.000Z</time>
        <extensions>
          <ns3:TrackPointExtension>
            <ns3:atemp>17.0</ns3:atemp>
            <ns3:hr>127</ns3:hr>
          </ns3:TrackPointExtension>
        </extensions>
      </trkpt>
      <trkpt lat="47.76248845271766185760498046875" lon="11.558994837105274200439453125">
        <ele>689.79998779296875</ele>
        <time>2024-03-31T05:46:13.000Z</time>
        <extensions>
          <ns3:TrackPointExtension>
            <ns3:atemp>17.0</ns3:atemp>
            <ns3:hr>127</ns3:hr>
          </ns3:TrackPointExtension>
        </extensions>
      </trkpt>
      <trkpt lat="47.76245559565722942352294921875" lon="11.55907572247087955474853515625">
        <ele>687.79998779296875</ele>
        <time>2024-03-31T05:46:16.000Z</time>
        <extensions>
          <ns3:TrackPointExtension>
            <ns3:atemp>17.0</ns3:atemp>
            <ns3:hr>125</ns3:hr>
          </ns3:TrackPointExtension>
        </extensions>
      </trkpt>
      <trkpt lat="47.7624213136732578277587890625" lon="11.55918653123080730438232421875">
        <ele>686.4000244140625</ele>
        <time>2024-03-31T05:46:19.000Z</time>
        <extensions>
          <ns3:TrackPointExtension>
            <ns3:atemp>17.0</ns3:atemp>
            <ns3:hr>123</ns3:hr>
          </ns3:TrackPointExtension>
        </extensions>
      </trkpt>
      <trkpt lat="47.762381248176097869873046875" lon="11.55929968692362308502197265625">
        <ele>684.5999755859375</ele>
        <time>2024-03-31T05:46:22.000Z</time>
        <extensions>
          <ns3:TrackPointExtension>
            <ns3:atemp>17.0</ns3:atemp>
            <ns3:hr>121</ns3:hr>
          </ns3:TrackPointExtension>
        </extensions>
      </trkpt>
      <trkpt lat="47.762345708906650543212890625" lon="11.55938384123146533966064453125">
        <ele>683.5999755859375</ele>
        <time>2024-03-31T05:46:24.000Z</time>
        <extensions>
          <ns3:TrackPointExtension>
            <ns3:atemp>17.0</ns3:atemp>
            <ns3:hr>121</ns3:hr>
          </ns3:TrackPointExtension>
        </extensions>
      </trkpt>
      <trkpt lat="47.76233020238578319549560546875" lon="11.55942373909056186676025390625">
        <ele>682.79998779296875</ele>
        <time>2024-03-31T05:46:25.000Z</time>
        <extensions>
          <ns3:TrackPointExtension>
            <ns3:atemp>16.0</ns3:atemp>
            <ns3:hr>121</ns3:hr>
          </ns3:TrackPointExtension>
        </extensions>
      </trkpt>
      <trkpt lat="47.76230354793369770050048828125" lon="11.55951828695833683013916015625">
        <ele>681.4000244140625</ele>
        <time>2024-03-31T05:46:27.000Z</time>
        <extensions>
          <ns3:TrackPointExtension>
            <ns3:atemp>16.0</ns3:atemp>
            <ns3:hr>120</ns3:hr>
          </ns3:TrackPointExtension>
        </extensions>
      </trkpt>
      <trkpt lat="47.7622804976999759674072265625" lon="11.559653319418430328369140625">
        <ele>680.20001220703125</ele>
        <time>2024-03-31T05:46:31.000Z</time>
        <extensions>
          <ns3:TrackPointExtension>
            <ns3:atemp>16.0</ns3:atemp>
            <ns3:hr>121</ns3:hr>
          </ns3:TrackPointExtension>
        </extensions>
      </trkpt>
      <trkpt lat="47.76226934976875782012939453125" lon="11.5597138367593288421630859375">
        <ele>679.20001220703125</ele>
        <time>2024-03-31T05:46:33.000Z</time>
        <extensions>
          <ns3:TrackPointExtension>
            <ns3:atemp>16.0</ns3:atemp>
            <ns3:hr>121</ns3:hr>
          </ns3:TrackPointExtension>
        </extensions>
      </trkpt>
      <trkpt lat="47.76225560344755649566650390625" lon="11.55981517396867275238037109375">
        <ele>677.79998779296875</ele>
        <time>2024-03-31T05:46:36.000Z</time>
        <extensions>
          <ns3:TrackPointExtension>
            <ns3:atemp>17.0</ns3:atemp>
            <ns3:hr>121</ns3:hr>
          </ns3:TrackPointExtension>
        </extensions>
      </trkpt>
      <trkpt lat="47.7622573636472225189208984375" lon="11.559844426810741424560546875">
        <ele>677.4000244140625</ele>
        <time>2024-03-31T05:46:37.000Z</time>
        <extensions>
          <ns3:TrackPointExtension>
            <ns3:atemp>16.0</ns3:atemp>
            <ns3:hr>121</ns3:hr>
          </ns3:TrackPointExtension>
        </extensions>
      </trkpt>
      <trkpt lat="47.76225912384688854217529296875" lon="11.5598811395466327667236328125">
        <ele>676.20001220703125</ele>
        <time>2024-03-31T05:46:39.000Z</time>
        <extensions>
          <ns3:TrackPointExtension>
            <ns3:atemp>16.0</ns3:atemp>
            <ns3:hr>120</ns3:hr>
          </ns3:TrackPointExtension>
        </extensions>
      </trkpt>
      <trkpt lat="47.76227228343486785888671875" lon="11.55992497690021991729736328125">
        <ele>675</ele>
        <time>2024-03-31T05:46:42.000Z</time>
        <extensions>
          <ns3:TrackPointExtension>
            <ns3:atemp>17.0</ns3:atemp>
            <ns3:hr>120</ns3:hr>
          </ns3:TrackPointExtension>
        </extensions>
      </trkpt>
      <trkpt lat="47.76227421127259731292724609375" lon="11.5599401481449604034423828125">
        <ele>674.5999755859375</ele>
        <time>2024-03-31T05:46:43.000Z</time>
        <extensions>
          <ns3:TrackPointExtension>
            <ns3:atemp>16.0</ns3:atemp>
            <ns3:hr>120</ns3:hr>
          </ns3:TrackPointExtension>
        </extensions>
      </trkpt>
      <trkpt lat="47.7622801624238491058349609375" lon="11.5599823929369449615478515625">
        <ele>673.79998779296875</ele>
        <time>2024-03-31T05:46:45.000Z</time>
        <extensions>
          <ns3:TrackPointExtension>
            <ns3:atemp>16.0</ns3:atemp>
            <ns3:hr>120</ns3:hr>
          </ns3:TrackPointExtension>
        </extensions>
      </trkpt>
      <trkpt lat="47.76227840222418308258056640625" lon="11.56000074930489063262939453125">
        <ele>673.4000244140625</ele>
        <time>2024-03-31T05:46:46.000Z</time>
        <extensions>
          <ns3:TrackPointExtension>
            <ns3:atemp>17.0</ns3:atemp>
            <ns3:hr>120</ns3:hr>
          </ns3:TrackPointExtension>
        </extensions>
      </trkpt>
      <trkpt lat="47.76226826012134552001953125" lon="11.56004802323877811431884765625">
        <ele>672.79998779296875</ele>
        <time>2024-03-31T05:46:49.000Z</time>
        <extensions>
          <ns3:TrackPointExtension>
            <ns3:atemp>16.0</ns3:atemp>
            <ns3:hr>120</ns3:hr>
          </ns3:TrackPointExtension>
        </extensions>
      </trkpt>
      <trkpt lat="47.762239761650562286376953125" lon="11.56012010760605335235595703125">
        <ele>671.5999755859375</ele>
        <time>2024-03-31T05:46:53.000Z</time>
        <extensions>
          <ns3:TrackPointExtension>
            <ns3:atemp>16.0</ns3:atemp>
            <ns3:hr>119</ns3:hr>
          </ns3:TrackPointExtension>
        </extensions>
      </trkpt>
      <trkpt lat="47.76223464868962764739990234375" lon="11.560173667967319488525390625">
        <ele>670.5999755859375</ele>
        <time>2024-03-31T05:46:56.000Z</time>
        <extensions>
          <ns3:TrackPointExtension>
            <ns3:atemp>17.0</ns3:atemp>
            <ns3:hr>119</ns3:hr>
          </ns3:TrackPointExtension>
        </extensions>
      </trkpt>
      <trkpt lat="47.76223196648061275482177734375" lon="11.5601835586130619049072265625">
        <ele>670.4000244140625</ele>
        <time>2024-03-31T05:46:57.000Z</time>
        <extensions>
          <ns3:TrackPointExtension>
            <ns3:atemp>16.0</ns3:atemp>
            <ns3:hr>119</ns3:hr>
          </ns3:TrackPointExtension>
        </extensions>
      </trkpt>
      <trkpt lat="47.76222006417810916900634765625" lon="11.56021147035062313079833984375">
        <ele>669</ele>
        <time>2024-03-31T05:47:01.000Z</time>
        <extensions>
          <ns3:TrackPointExtension>
            <ns3:atemp>16.0</ns3:atemp>
            <ns3:hr>117</ns3:hr>
          </ns3:TrackPointExtension>
        </extensions>
      </trkpt>
      <trkpt lat="47.762205898761749267578125" lon="11.5602137334644794464111328125">
        <ele>668.5999755859375</ele>
        <time>2024-03-31T05:47:02.000Z</time>
        <extensions>
          <ns3:TrackPointExtension>
            <ns3:atemp>17.0</ns3:atemp>
            <ns3:hr>116</ns3:hr>
          </ns3:TrackPointExtension>
        </extensions>
      </trkpt>
      <trkpt lat="47.76217832230031490325927734375" lon="11.56023343093693256378173828125">
        <ele>668.20001220703125</ele>
        <time>2024-03-31T05:47:04.000Z</time>
        <extensions>
          <ns3:TrackPointExtension>
            <ns3:atemp>17.0</ns3:atemp>
            <ns3:hr>116</ns3:hr>
          </ns3:TrackPointExtension>
        </extensions>
      </trkpt>
      <trkpt lat="47.76211596094071865081787109375" lon="11.56028640456497669219970703125">
        <ele>667.79998779296875</ele>
        <time>2024-03-31T05:47:07.000Z</time>
        <extensions>
          <ns3:TrackPointExtension>
            <ns3:atemp>16.0</ns3:atemp>
            <ns3:hr>112</ns3:hr>
          </ns3:TrackPointExtension>
        </extensions>
      </trkpt>
      <trkpt lat="47.76208679191768169403076171875" lon="11.56030945479869842529296875">
        <ele>667.79998779296875</ele>
        <time>2024-03-31T05:47:08.000Z</time>
        <extensions>
          <ns3:TrackPointExtension>
            <ns3:atemp>17.0</ns3:atemp>
            <ns3:hr>111</ns3:hr>
          </ns3:TrackPointExtension>
        </extensions>
      </trkpt>
      <trkpt lat="47.76203147135674953460693359375" lon="11.56033895909786224365234375">
        <ele>667</ele>
        <time>2024-03-31T05:47:10.000Z</time>
        <extensions>
          <ns3:TrackPointExtension>
            <ns3:atemp>17.0</ns3:atemp>
            <ns3:hr>108</ns3:hr>
          </ns3:TrackPointExtension>
        </extensions>
      </trkpt>
      <trkpt lat="47.7620045654475688934326171875" lon="11.56034558080136775970458984375">
        <ele>666.5999755859375</ele>
        <time>2024-03-31T05:47:11.000Z</time>
        <extensions>
          <ns3:TrackPointExtension>
            <ns3:atemp>16.0</ns3:atemp>
            <ns3:hr>108</ns3:hr>
          </ns3:TrackPointExtension>
        </extensions>
      </trkpt>
      <trkpt lat="47.7619663439691066741943359375" lon="11.56033401377499103546142578125">
        <ele>666.20001220703125</ele>
        <time>2024-03-31T05:47:13.000Z</time>
        <extensions>
          <ns3:TrackPointExtension>
            <ns3:atemp>16.0</ns3:atemp>
            <ns3:hr>107</ns3:hr>
          </ns3:TrackPointExtension>
        </extensions>
      </trkpt>
      <trkpt lat="47.7619499154388904571533203125" lon="11.56033786945044994354248046875">
        <ele>665.79998779296875</ele>
        <time>2024-03-31T05:47:14.000Z</time>
        <extensions>
          <ns3:TrackPointExtension>
            <ns3:atemp>17.0</ns3:atemp>
            <ns3:hr>107</ns3:hr>
          </ns3:TrackPointExtension>
        </extensions>
      </trkpt>
      <trkpt lat="47.7619428746402263641357421875" lon="11.5603505261242389678955078125">
        <ele>665.4000244140625</ele>
        <time>2024-03-31T05:47:15.000Z</time>
        <extensions>
          <ns3:TrackPointExtension>
            <ns3:atemp>16.0</ns3:atemp>
            <ns3:hr>107</ns3:hr>
          </ns3:TrackPointExtension>
        </extensions>
      </trkpt>
      <trkpt lat="47.76190892793238162994384765625" lon="11.5604293160140514373779296875">
        <ele>664.79998779296875</ele>
        <time>2024-03-31T05:47:18.000Z</time>
        <extensions>
          <ns3:TrackPointExtension>
            <ns3:atemp>16.0</ns3:atemp>
            <ns3:hr>108</ns3:hr>
          </ns3:TrackPointExtension>
        </extensions>
      </trkpt>
      <trkpt lat="47.76188679970800876617431640625" lon="11.56048656441271305084228515625">
        <ele>664.4000244140625</ele>
        <time>2024-03-31T05:47:20.000Z</time>
        <extensions>
          <ns3:TrackPointExtension>
            <ns3:atemp>16.0</ns3:atemp>
            <ns3:hr>108</ns3:hr>
          </ns3:TrackPointExtension>
        </extensions>
      </trkpt>
      <trkpt lat="47.76185528375208377838134765625" lon="11.5605416335165500640869140625">
        <ele>664.4000244140625</ele>
        <time>2024-03-31T05:47:24.000Z</time>
        <extensions>
          <ns3:TrackPointExtension>
            <ns3:atemp>16.0</ns3:atemp>
            <ns3:hr>108</ns3:hr>
          </ns3:TrackPointExtension>
        </extensions>
      </trkpt>
      <trkpt lat="47.7618479914963245391845703125" lon="11.5605453215539455413818359375">
        <ele>664.4000244140625</ele>
        <time>2024-03-31T05:47:25.000Z</time>
        <extensions>
          <ns3:TrackPointExtension>
            <ns3:atemp>16.0</ns3:atemp>
            <ns3:hr>108</ns3:hr>
          </ns3:TrackPointExtension>
        </extensions>
      </trkpt>
      <trkpt lat="47.76181940920650959014892578125" lon="11.56054004095494747161865234375">
        <ele>664.79998779296875</ele>
        <time>2024-03-31T05:47:30.000Z</time>
        <extensions>
          <ns3:TrackPointExtension>
            <ns3:atemp>16.0</ns3:atemp>
            <ns3:hr>108</ns3:hr>
          </ns3:TrackPointExtension>
        </extensions>
      </trkpt>
      <trkpt lat="47.76183080859482288360595703125" lon="11.56053484417498111724853515625">
        <ele>664.79998779296875</ele>
        <time>2024-03-31T05:47:31.000Z</time>
        <extensions>
          <ns3:TrackPointExtension>
            <ns3:atemp>16.0</ns3:atemp>
            <ns3:hr>108</ns3:hr>
          </ns3:TrackPointExtension>
        </extensions>
      </trkpt>
      <trkpt lat="47.76183919049799442291259765625" lon="11.56051271595060825347900390625">
        <ele>665</ele>
        <time>2024-03-31T05:47:34.000Z</time>
        <extensions>
          <ns3:TrackPointExtension>
            <ns3:atemp>16.0</ns3:atemp>
            <ns3:hr>109</ns3:hr>
          </ns3:TrackPointExtension>
        </extensions>
      </trkpt>
      <trkpt lat="47.7618567086756229400634765625" lon="11.56048254109919071197509765625">
        <ele>664.79998779296875</ele>
        <time>2024-03-31T05:47:36.000Z</time>
        <extensions>
          <ns3:TrackPointExtension>
            <ns3:atemp>16.0</ns3:atemp>
            <ns3:hr>108</ns3:hr>
          </ns3:TrackPointExtension>
        </extensions>
      </trkpt>
      <trkpt lat="47.7618396095931529998779296875" lon="11.5604376979172229766845703125">
        <ele>664.4000244140625</ele>
        <time>2024-03-31T05:47:38.000Z</time>
        <extensions>
          <ns3:TrackPointExtension>
            <ns3:atemp>16.0</ns3:atemp>
            <ns3:hr>108</ns3:hr>
          </ns3:TrackPointExtension>
        </extensions>
      </trkpt>
      <trkpt lat="47.7612029202282428741455078125" lon="11.56083407811820507049560546875">
        <ele>668.5999755859375</ele>
        <time>2024-03-31T05:48:19.000Z</time>
        <extensions>
          <ns3:TrackPointExtension>
            <ns3:atemp>16.0</ns3:atemp>
            <ns3:hr>105</ns3:hr>
          </ns3:TrackPointExtension>
        </extensions>
      </trkpt>
      <trkpt lat="47.76127475313842296600341796875" lon="11.56085754744708538055419921875">
        <ele>668.79998779296875</ele>
        <time>2024-03-31T05:48:20.000Z</time>
        <extensions>
          <ns3:TrackPointExtension>
            <ns3:atemp>16.0</ns3:atemp>
            <ns3:hr>106</ns3:hr>
          </ns3:TrackPointExtension>
        </extensions>
      </trkpt>
      <trkpt lat="47.761277519166469573974609375" lon="11.56107120215892791748046875">
        <ele>669.20001220703125</ele>
        <time>2024-03-31T05:48:24.000Z</time>
        <extensions>
          <ns3:TrackPointExtension>
            <ns3:atemp>16.0</ns3:atemp>
            <ns3:hr>108</ns3:hr>
          </ns3:TrackPointExtension>
        </extensions>
      </trkpt>
      <trkpt lat="47.7612791955471038818359375" lon="11.561150662600994110107421875">
        <ele>669.79998779296875</ele>
        <time>2024-03-31T05:48:26.000Z</time>
        <extensions>
          <ns3:TrackPointExtension>
            <ns3:atemp>16.0</ns3:atemp>
            <ns3:hr>113</ns3:hr>
          </ns3:TrackPointExtension>
        </extensions>
      </trkpt>
      <trkpt lat="47.76127927936613559722900390625" lon="11.56118611805140972137451171875">
        <ele>670</ele>
        <time>2024-03-31T05:48:27.000Z</time>
        <extensions>
          <ns3:TrackPointExtension>
            <ns3:atemp>16.0</ns3:atemp>
            <ns3:hr>109</ns3:hr>
          </ns3:TrackPointExtension>
        </extensions>
      </trkpt>
      <trkpt lat="47.76121038012206554412841796875" lon="11.561331041157245635986328125">
        <ele>670.4000244140625</ele>
        <time>2024-03-31T05:48:31.000Z</time>
        <extensions>
          <ns3:TrackPointExtension>
            <ns3:atemp>16.0</ns3:atemp>
            <ns3:hr>108</ns3:hr>
          </ns3:TrackPointExtension>
        </extensions>
      </trkpt>
      <trkpt lat="47.7611727453768253326416015625" lon="11.56139147467911243438720703125">
        <ele>670.4000244140625</ele>
        <time>2024-03-31T05:48:33.000Z</time>
        <extensions>
          <ns3:TrackPointExtension>
            <ns3:atemp>16.0</ns3:atemp>
            <ns3:hr>111</ns3:hr>
          </ns3:TrackPointExtension>
        </extensions>
      </trkpt>
      <trkpt lat="47.761154137551784515380859375" lon="11.56141846440732479095458984375">
        <ele>670.5999755859375</ele>
        <time>2024-03-31T05:48:34.000Z</time>
        <extensions>
          <ns3:TrackPointExtension>
            <ns3:atemp>16.0</ns3:atemp>
            <ns3:hr>114</ns3:hr>
          </ns3:TrackPointExtension>
        </extensions>
      </trkpt>
      <trkpt lat="47.76110879145562648773193359375" lon="11.56153120100498199462890625">
        <ele>670.79998779296875</ele>
        <time>2024-03-31T05:48:37.000Z</time>
        <extensions>
          <ns3:TrackPointExtension>
            <ns3:atemp>16.0</ns3:atemp>
            <ns3:hr>114</ns3:hr>
          </ns3:TrackPointExtension>
        </extensions>
      </trkpt>
      <trkpt lat="47.76109035126864910125732421875" lon="11.5615712665021419525146484375">
        <ele>670.79998779296875</ele>
        <time>2024-03-31T05:48:38.000Z</time>
        <extensions>
          <ns3:TrackPointExtension>
            <ns3:atemp>16.0</ns3:atemp>
            <ns3:hr>116</ns3:hr>
          </ns3:TrackPointExtension>
        </extensions>
      </trkpt>
      <trkpt lat="47.76107358746230602264404296875" lon="11.56160940416157245635986328125">
        <ele>671</ele>
        <time>2024-03-31T05:48:39.000Z</time>
        <extensions>
          <ns3:TrackPointExtension>
            <ns3:atemp>16.0</ns3:atemp>
            <ns3:hr>113</ns3:hr>
          </ns3:TrackPointExtension>
        </extensions>
      </trkpt>
      <trkpt lat="47.7610190212726593017578125" lon="11.5617110766470432281494140625">
        <ele>671</ele>
        <time>2024-03-31T05:48:42.000Z</time>
        <extensions>
          <ns3:TrackPointExtension>
            <ns3:atemp>16.0</ns3:atemp>
            <ns3:hr>116</ns3:hr>
          </ns3:TrackPointExtension>
        </extensions>
      </trkpt>
      <trkpt lat="47.76096663437783718109130859375" lon="11.561815850436687469482421875">
        <ele>671.5999755859375</ele>
        <time>2024-03-31T05:48:45.000Z</time>
        <extensions>
          <ns3:TrackPointExtension>
            <ns3:atemp>16.0</ns3:atemp>
            <ns3:hr>114</ns3:hr>
          </ns3:TrackPointExtension>
        </extensions>
      </trkpt>
      <trkpt lat="47.76094249449670314788818359375" lon="11.5618564188480377197265625">
        <ele>671.79998779296875</ele>
        <time>2024-03-31T05:48:46.000Z</time>
        <extensions>
          <ns3:TrackPointExtension>
            <ns3:atemp>16.0</ns3:atemp>
            <ns3:hr>117</ns3:hr>
          </ns3:TrackPointExtension>
        </extensions>
      </trkpt>
      <trkpt lat="47.76092204265296459197998046875" lon="11.56189355067908763885498046875">
        <ele>672</ele>
        <time>2024-03-31T05:48:47.000Z</time>
        <extensions>
          <ns3:TrackPointExtension>
            <ns3:atemp>16.0</ns3:atemp>
            <ns3:hr>118</ns3:hr>
          </ns3:TrackPointExtension>
        </extensions>
      </trkpt>
      <trkpt lat="47.760842330753803253173828125" lon="11.56206554733216762542724609375">
        <ele>672.79998779296875</ele>
        <time>2024-03-31T05:48:52.000Z</time>
        <extensions>
          <ns3:TrackPointExtension>
            <ns3:atemp>17.0</ns3:atemp>
            <ns3:hr>118</ns3:hr>
          </ns3:TrackPointExtension>
        </extensions>
      </trkpt>
      <trkpt lat="47.760794050991535186767578125" lon="11.5621657110750675201416015625">
        <ele>673.20001220703125</ele>
        <time>2024-03-31T05:48:55.000Z</time>
        <extensions>
          <ns3:TrackPointExtension>
            <ns3:atemp>16.0</ns3:atemp>
            <ns3:hr>120</ns3:hr>
          </ns3:TrackPointExtension>
        </extensions>
      </trkpt>
      <trkpt lat="47.76076479814946651458740234375" lon="11.56229722313582897186279296875">
        <ele>673.5999755859375</ele>
        <time>2024-03-31T05:48:59.000Z</time>
        <extensions>
          <ns3:TrackPointExtension>
            <ns3:atemp>16.0</ns3:atemp>
            <ns3:hr>121</ns3:hr>
          </ns3:TrackPointExtension>
        </extensions>
      </trkpt>
      <trkpt lat="47.76072858832776546478271484375" lon="11.5624574013054370880126953125">
        <ele>674.20001220703125</ele>
        <time>2024-03-31T05:49:04.000Z</time>
        <extensions>
          <ns3:TrackPointExtension>
            <ns3:atemp>16.0</ns3:atemp>
            <ns3:hr>122</ns3:hr>
          </ns3:TrackPointExtension>
        </extensions>
      </trkpt>
      <trkpt lat="47.7607281692326068878173828125" lon="11.56257734633982181549072265625">
        <ele>674.79998779296875</ele>
        <time>2024-03-31T05:49:08.000Z</time>
        <extensions>
          <ns3:TrackPointExtension>
            <ns3:atemp>16.0</ns3:atemp>
            <ns3:hr>123</ns3:hr>
          </ns3:TrackPointExtension>
        </extensions>
      </trkpt>
      <trkpt lat="47.76074652560055255889892578125" lon="11.5626704692840576171875">
        <ele>675</ele>
        <time>2024-03-31T05:49:10.000Z</time>
        <extensions>
          <ns3:TrackPointExtension>
            <ns3:atemp>16.0</ns3:atemp>
            <ns3:hr>123</ns3:hr>
          </ns3:TrackPointExtension>
        </extensions>
      </trkpt>
      <trkpt lat="47.7607633732259273529052734375" lon="11.56269888393580913543701171875">
        <ele>675.20001220703125</ele>
        <time>2024-03-31T05:49:11.000Z</time>
        <extensions>
          <ns3:TrackPointExtension>
            <ns3:atemp>16.0</ns3:atemp>
            <ns3:hr>124</ns3:hr>
          </ns3:TrackPointExtension>
        </extensions>
      </trkpt>
      <trkpt lat="47.7607969008386135101318359375" lon="11.56275185756385326385498046875">
        <ele>675.5999755859375</ele>
        <time>2024-03-31T05:49:13.000Z</time>
        <extensions>
          <ns3:TrackPointExtension>
            <ns3:atemp>16.0</ns3:atemp>
            <ns3:hr>129</ns3:hr>
          </ns3:TrackPointExtension>
        </extensions>
      </trkpt>
      <trkpt lat="47.760852389037609100341796875" lon="11.56285059638321399688720703125">
        <ele>676</ele>
        <time>2024-03-31T05:49:16.000Z</time>
        <extensions>
          <ns3:TrackPointExtension>
            <ns3:atemp>16.0</ns3:atemp>
            <ns3:hr>128</ns3:hr>
          </ns3:TrackPointExtension>
        </extensions>
      </trkpt>
      <trkpt lat="47.7608746849000453948974609375" lon="11.56296039931476116180419921875">
        <ele>676.4000244140625</ele>
        <time>2024-03-31T05:49:19.000Z</time>
        <extensions>
          <ns3:TrackPointExtension>
            <ns3:atemp>16.0</ns3:atemp>
            <ns3:hr>129</ns3:hr>
          </ns3:TrackPointExtension>
        </extensions>
      </trkpt>
      <trkpt lat="47.76092137210071086883544921875" lon="11.56306182034313678741455078125">
        <ele>676.79998779296875</ele>
        <time>2024-03-31T05:49:22.000Z</time>
        <extensions>
          <ns3:TrackPointExtension>
            <ns3:atemp>16.0</ns3:atemp>
            <ns3:hr>130</ns3:hr>
          </ns3:TrackPointExtension>
        </extensions>
      </trkpt>
      <trkpt lat="47.76094065047800540924072265625" lon="11.56313139013946056365966796875">
        <ele>676.79998779296875</ele>
        <time>2024-03-31T05:49:24.000Z</time>
        <extensions>
          <ns3:TrackPointExtension>
            <ns3:atemp>16.0</ns3:atemp>
            <ns3:hr>133</ns3:hr>
          </ns3:TrackPointExtension>
        </extensions>
      </trkpt>
      <trkpt lat="47.76097635738551616668701171875" lon="11.56321026384830474853515625">
        <ele>677</ele>
        <time>2024-03-31T05:49:26.000Z</time>
        <extensions>
          <ns3:TrackPointExtension>
            <ns3:atemp>16.0</ns3:atemp>
            <ns3:hr>133</ns3:hr>
          </ns3:TrackPointExtension>
        </extensions>
      </trkpt>
      <trkpt lat="47.76102815754711627960205078125" lon="11.5632841922342777252197265625">
        <ele>677.4000244140625</ele>
        <time>2024-03-31T05:49:29.000Z</time>
        <extensions>
          <ns3:TrackPointExtension>
            <ns3:atemp>16.0</ns3:atemp>
            <ns3:hr>134</ns3:hr>
          </ns3:TrackPointExtension>
        </extensions>
      </trkpt>
      <trkpt lat="47.76115086860954761505126953125" lon="11.5634327195584774017333984375">
        <ele>677.79998779296875</ele>
        <time>2024-03-31T05:49:35.000Z</time>
        <extensions>
          <ns3:TrackPointExtension>
            <ns3:atemp>16.0</ns3:atemp>
            <ns3:hr>133</ns3:hr>
          </ns3:TrackPointExtension>
        </extensions>
      </trkpt>
      <trkpt lat="47.76127777062356472015380859375" lon="11.56355082057416439056396484375">
        <ele>678.5999755859375</ele>
        <time>2024-03-31T05:49:41.000Z</time>
        <extensions>
          <ns3:TrackPointExtension>
            <ns3:atemp>16.0</ns3:atemp>
            <ns3:hr>132</ns3:hr>
          </ns3:TrackPointExtension>
        </extensions>
      </trkpt>
      <trkpt lat="47.7612998150289058685302734375" lon="11.5635772235691547393798828125">
        <ele>678.79998779296875</ele>
        <time>2024-03-31T05:49:42.000Z</time>
        <extensions>
          <ns3:TrackPointExtension>
            <ns3:atemp>16.0</ns3:atemp>
            <ns3:hr>129</ns3:hr>
          </ns3:TrackPointExtension>
        </extensions>
      </trkpt>
      <trkpt lat="47.7613219432532787322998046875" lon="11.5636080689728260040283203125">
        <ele>678.79998779296875</ele>
        <time>2024-03-31T05:49:43.000Z</time>
        <extensions>
          <ns3:TrackPointExtension>
            <ns3:atemp>16.0</ns3:atemp>
            <ns3:hr>132</ns3:hr>
          </ns3:TrackPointExtension>
        </extensions>
      </trkpt>
      <trkpt lat="47.76139947585761547088623046875" lon="11.56377847306430339813232421875">
        <ele>679.5999755859375</ele>
        <time>2024-03-31T05:49:49.000Z</time>
        <extensions>
          <ns3:TrackPointExtension>
            <ns3:atemp>16.0</ns3:atemp>
            <ns3:hr>132</ns3:hr>
          </ns3:TrackPointExtension>
        </extensions>
      </trkpt>
      <trkpt lat="47.76141322217881679534912109375" lon="11.5638010203838348388671875">
        <ele>679.5999755859375</ele>
        <time>2024-03-31T05:49:50.000Z</time>
        <extensions>
          <ns3:TrackPointExtension>
            <ns3:atemp>16.0</ns3:atemp>
            <ns3:hr>132</ns3:hr>
          </ns3:TrackPointExtension>
        </extensions>
      </trkpt>
      <trkpt lat="47.7615272998809814453125" lon="11.5639249049127101898193359375">
        <ele>680.20001220703125</ele>
        <time>2024-03-31T05:49:55.000Z</time>
        <extensions>
          <ns3:TrackPointExtension>
            <ns3:atemp>16.0</ns3:atemp>
            <ns3:hr>133</ns3:hr>
          </ns3:TrackPointExtension>
        </extensions>
      </trkpt>
      <trkpt lat="47.76155789382755756378173828125" lon="11.56399874947965145111083984375">
        <ele>680.79998779296875</ele>
        <time>2024-03-31T05:49:57.000Z</time>
        <extensions>
          <ns3:TrackPointExtension>
            <ns3:atemp>16.0</ns3:atemp>
            <ns3:hr>132</ns3:hr>
          </ns3:TrackPointExtension>
        </extensions>
      </trkpt>
      <trkpt lat="47.7616129629313945770263671875" lon="11.56413353048264980316162109375">
        <ele>681.20001220703125</ele>
        <time>2024-03-31T05:50:01.000Z</time>
        <extensions>
          <ns3:TrackPointExtension>
            <ns3:atemp>16.0</ns3:atemp>
            <ns3:hr>129</ns3:hr>
          </ns3:TrackPointExtension>
        </extensions>
      </trkpt>
      <trkpt lat="47.76162947528064250946044921875" lon="11.564164459705352783203125">
        <ele>681.4000244140625</ele>
        <time>2024-03-31T05:50:02.000Z</time>
        <extensions>
          <ns3:TrackPointExtension>
            <ns3:atemp>16.0</ns3:atemp>
            <ns3:hr>131</ns3:hr>
          </ns3:TrackPointExtension>
        </extensions>
      </trkpt>
      <trkpt lat="47.76168663986027240753173828125" lon="11.56430519185960292816162109375">
        <ele>681.79998779296875</ele>
        <time>2024-03-31T05:50:06.000Z</time>
        <extensions>
          <ns3:TrackPointExtension>
            <ns3:atemp>16.0</ns3:atemp>
            <ns3:hr>130</ns3:hr>
          </ns3:TrackPointExtension>
        </extensions>
      </trkpt>
      <trkpt lat="47.76173240505158901214599609375" lon="11.56440057791769504547119140625">
        <ele>682.20001220703125</ele>
        <time>2024-03-31T05:50:09.000Z</time>
        <extensions>
          <ns3:TrackPointExtension>
            <ns3:atemp>16.0</ns3:atemp>
            <ns3:hr>127</ns3:hr>
          </ns3:TrackPointExtension>
        </extensions>
      </trkpt>
      <trkpt lat="47.7617619931697845458984375" lon="11.56447215937077999114990234375">
        <ele>682.20001220703125</ele>
        <time>2024-03-31T05:50:11.000Z</time>
        <extensions>
          <ns3:TrackPointExtension>
            <ns3:atemp>16.0</ns3:atemp>
            <ns3:hr>128</ns3:hr>
          </ns3:TrackPointExtension>
        </extensions>
      </trkpt>
      <trkpt lat="47.761848159134387969970703125" lon="11.564733088016510009765625">
        <ele>682.5999755859375</ele>
        <time>2024-03-31T05:50:18.000Z</time>
        <extensions>
          <ns3:TrackPointExtension>
            <ns3:atemp>16.0</ns3:atemp>
            <ns3:hr>126</ns3:hr>
          </ns3:TrackPointExtension>
        </extensions>
      </trkpt>
      <trkpt lat="47.761914543807506561279296875" lon="11.56496283598244190216064453125">
        <ele>682.79998779296875</ele>
        <time>2024-03-31T05:50:24.000Z</time>
        <extensions>
          <ns3:TrackPointExtension>
            <ns3:atemp>16.0</ns3:atemp>
            <ns3:hr>124</ns3:hr>
          </ns3:TrackPointExtension>
        </extensions>
      </trkpt>
      <trkpt lat="47.76191881857812404632568359375" lon="11.564996950328350067138671875">
        <ele>683</ele>
        <time>2024-03-31T05:50:25.000Z</time>
        <extensions>
          <ns3:TrackPointExtension>
            <ns3:atemp>16.0</ns3:atemp>
            <ns3:hr>125</ns3:hr>
          </ns3:TrackPointExtension>
        </extensions>
      </trkpt>
      <trkpt lat="47.76189216412603855133056640625" lon="11.56522820703685283660888671875">
        <ele>683.4000244140625</ele>
        <time>2024-03-31T05:50:31.000Z</time>
        <extensions>
          <ns3:TrackPointExtension>
            <ns3:atemp>16.0</ns3:atemp>
            <ns3:hr>122</ns3:hr>
          </ns3:TrackPointExtension>
        </extensions>
      </trkpt>
      <trkpt lat="47.76185008697211742401123046875" lon="11.56538880430161952972412109375">
        <ele>684</ele>
        <time>2024-03-31T05:50:35.000Z</time>
        <extensions>
          <ns3:TrackPointExtension>
            <ns3:atemp>16.0</ns3:atemp>
            <ns3:hr>121</ns3:hr>
          </ns3:TrackPointExtension>
        </extensions>
      </trkpt>
      <trkpt lat="47.7618329040706157684326171875" lon="11.56547480262815952301025390625">
        <ele>684</ele>
        <time>2024-03-31T05:50:37.000Z</time>
        <extensions>
          <ns3:TrackPointExtension>
            <ns3:atemp>16.0</ns3:atemp>
            <ns3:hr>120</ns3:hr>
          </ns3:TrackPointExtension>
        </extensions>
      </trkpt>
      <trkpt lat="47.76178102008998394012451171875" lon="11.565813012421131134033203125">
        <ele>684.20001220703125</ele>
        <time>2024-03-31T05:50:44.000Z</time>
        <extensions>
          <ns3:TrackPointExtension>
            <ns3:atemp>16.0</ns3:atemp>
            <ns3:hr>121</ns3:hr>
          </ns3:TrackPointExtension>
        </extensions>
      </trkpt>
      <trkpt lat="47.76170440949499607086181640625" lon="11.5660272538661956787109375">
        <ele>684.5999755859375</ele>
        <time>2024-03-31T05:50:49.000Z</time>
        <extensions>
          <ns3:TrackPointExtension>
            <ns3:atemp>16.0</ns3:atemp>
            <ns3:hr>118</ns3:hr>
          </ns3:TrackPointExtension>
        </extensions>
      </trkpt>
      <trkpt lat="47.76164330542087554931640625" lon="11.56611551530659198760986328125">
        <ele>684.79998779296875</ele>
        <time>2024-03-31T05:50:51.000Z</time>
        <extensions>
          <ns3:TrackPointExtension>
            <ns3:atemp>16.0</ns3:atemp>
            <ns3:hr>117</ns3:hr>
          </ns3:TrackPointExtension>
        </extensions>
      </trkpt>
      <trkpt lat="47.76155118830502033233642578125" lon="11.5662708319723606109619140625">
        <ele>684.79998779296875</ele>
        <time>2024-03-31T05:50:56.000Z</time>
        <extensions>
          <ns3:TrackPointExtension>
            <ns3:atemp>16.0</ns3:atemp>
            <ns3:hr>114</ns3:hr>
          </ns3:TrackPointExtension>
        </extensions>
      </trkpt>
      <trkpt lat="47.7615422196686267852783203125" lon="11.56630796380341053009033203125">
        <ele>684.79998779296875</ele>
        <time>2024-03-31T05:50:57.000Z</time>
        <extensions>
          <ns3:TrackPointExtension>
            <ns3:atemp>16.0</ns3:atemp>
            <ns3:hr>114</ns3:hr>
          </ns3:TrackPointExtension>
        </extensions>
      </trkpt>
      <trkpt lat="47.76144674979150295257568359375" lon="11.5665289945900440216064453125">
        <ele>685</ele>
        <time>2024-03-31T05:51:03.000Z</time>
        <extensions>
          <ns3:TrackPointExtension>
            <ns3:atemp>16.0</ns3:atemp>
            <ns3:hr>115</ns3:hr>
          </ns3:TrackPointExtension>
        </extensions>
      </trkpt>
      <trkpt lat="47.76139629073441028594970703125" lon="11.56659831292927265167236328125">
        <ele>684.79998779296875</ele>
        <time>2024-03-31T05:51:05.000Z</time>
        <extensions>
          <ns3:TrackPointExtension>
            <ns3:atemp>16.0</ns3:atemp>
            <ns3:hr>114</ns3:hr>
          </ns3:TrackPointExtension>
        </extensions>
      </trkpt>
      <trkpt lat="47.76122219860553741455078125" lon="11.56674080528318881988525390625">
        <ele>684.79998779296875</ele>
        <time>2024-03-31T05:51:13.000Z</time>
        <extensions>
          <ns3:TrackPointExtension>
            <ns3:atemp>16.0</ns3:atemp>
            <ns3:hr>111</ns3:hr>
          </ns3:TrackPointExtension>
        </extensions>
      </trkpt>
      <trkpt lat="47.7610404789447784423828125" lon="11.56701304949820041656494140625">
        <ele>685.20001220703125</ele>
        <time>2024-03-31T05:51:22.000Z</time>
        <extensions>
          <ns3:TrackPointExtension>
            <ns3:atemp>16.0</ns3:atemp>
            <ns3:hr>109</ns3:hr>
          </ns3:TrackPointExtension>
        </extensions>
      </trkpt>
      <trkpt lat="47.76102547533810138702392578125" lon="11.56703400425612926483154296875">
        <ele>685.20001220703125</ele>
        <time>2024-03-31T05:51:23.000Z</time>
        <extensions>
          <ns3:TrackPointExtension>
            <ns3:atemp>16.0</ns3:atemp>
            <ns3:hr>106</ns3:hr>
          </ns3:TrackPointExtension>
        </extensions>
      </trkpt>
      <trkpt lat="47.7609139122068881988525390625" lon="11.56716518104076385498046875">
        <ele>685.5999755859375</ele>
        <time>2024-03-31T05:51:28.000Z</time>
        <extensions>
          <ns3:TrackPointExtension>
            <ns3:atemp>16.0</ns3:atemp>
            <ns3:hr>109</ns3:hr>
          </ns3:TrackPointExtension>
        </extensions>
      </trkpt>
      <trkpt lat="47.7608850784599781036376953125" lon="11.5671859681606292724609375">
        <ele>685.79998779296875</ele>
        <time>2024-03-31T05:51:29.000Z</time>
        <extensions>
          <ns3:TrackPointExtension>
            <ns3:atemp>16.0</ns3:atemp>
            <ns3:hr>109</ns3:hr>
          </ns3:TrackPointExtension>
        </extensions>
      </trkpt>
      <trkpt lat="47.7607925422489643096923828125" lon="11.56727406196296215057373046875">
        <ele>686</ele>
        <time>2024-03-31T05:51:32.000Z</time>
        <extensions>
          <ns3:TrackPointExtension>
            <ns3:atemp>16.0</ns3:atemp>
            <ns3:hr>109</ns3:hr>
          </ns3:TrackPointExtension>
        </extensions>
      </trkpt>
      <trkpt lat="47.76073898188769817352294921875" lon="11.56737984158098697662353515625">
        <ele>686</ele>
        <time>2024-03-31T05:51:35.000Z</time>
        <extensions>
          <ns3:TrackPointExtension>
            <ns3:atemp>16.0</ns3:atemp>
            <ns3:hr>109</ns3:hr>
          </ns3:TrackPointExtension>
        </extensions>
      </trkpt>
      <trkpt lat="47.76072506792843341827392578125" lon="11.567409597337245941162109375">
        <ele>686</ele>
        <time>2024-03-31T05:51:36.000Z</time>
        <extensions>
          <ns3:TrackPointExtension>
            <ns3:atemp>16.0</ns3:atemp>
            <ns3:hr>109</ns3:hr>
          </ns3:TrackPointExtension>
        </extensions>
      </trkpt>
      <trkpt lat="47.76063538156449794769287109375" lon="11.56759299337863922119140625">
        <ele>686.20001220703125</ele>
        <time>2024-03-31T05:51:42.000Z</time>
        <extensions>
          <ns3:TrackPointExtension>
            <ns3:atemp>16.0</ns3:atemp>
            <ns3:hr>106</ns3:hr>
          </ns3:TrackPointExtension>
        </extensions>
      </trkpt>
      <trkpt lat="47.760617695748805999755859375" lon="11.56762140803039073944091796875">
        <ele>686.4000244140625</ele>
        <time>2024-03-31T05:51:43.000Z</time>
        <extensions>
          <ns3:TrackPointExtension>
            <ns3:atemp>16.0</ns3:atemp>
            <ns3:hr>107</ns3:hr>
          </ns3:TrackPointExtension>
        </extensions>
      </trkpt>
      <trkpt lat="47.7605246566236019134521484375" lon="11.56774185597896575927734375">
        <ele>686.79998779296875</ele>
        <time>2024-03-31T05:51:48.000Z</time>
        <extensions>
          <ns3:TrackPointExtension>
            <ns3:atemp>16.0</ns3:atemp>
            <ns3:hr>110</ns3:hr>
          </ns3:TrackPointExtension>
        </extensions>
      </trkpt>
      <trkpt lat="47.7604985050857067108154296875" lon="11.56782777048647403717041015625">
        <ele>686.79998779296875</ele>
        <time>2024-03-31T05:51:51.000Z</time>
        <extensions>
          <ns3:TrackPointExtension>
            <ns3:atemp>16.0</ns3:atemp>
            <ns3:hr>107</ns3:hr>
          </ns3:TrackPointExtension>
        </extensions>
      </trkpt>
      <trkpt lat="47.76051853783428668975830078125" lon="11.56788862310349941253662109375">
        <ele>686.79998779296875</ele>
        <time>2024-03-31T05:51:53.000Z</time>
        <extensions>
          <ns3:TrackPointExtension>
            <ns3:atemp>16.0</ns3:atemp>
            <ns3:hr>108</ns3:hr>
          </ns3:TrackPointExtension>
        </extensions>
      </trkpt>
      <trkpt lat="47.76057285256683826446533203125" lon="11.56793338246643543243408203125">
        <ele>686.79998779296875</ele>
        <time>2024-03-31T05:51:55.000Z</time>
        <extensions>
          <ns3:TrackPointExtension>
            <ns3:atemp>16.0</ns3:atemp>
            <ns3:hr>105</ns3:hr>
          </ns3:TrackPointExtension>
        </extensions>
      </trkpt>
      <trkpt lat="47.7606537379324436187744140625" lon="11.56798015348613262176513671875">
        <ele>687</ele>
        <time>2024-03-31T05:51:58.000Z</time>
        <extensions>
          <ns3:TrackPointExtension>
            <ns3:atemp>16.0</ns3:atemp>
            <ns3:hr>104</ns3:hr>
          </ns3:TrackPointExtension>
        </extensions>
      </trkpt>
      <trkpt lat="47.76066564023494720458984375" lon="11.56800806522369384765625">
        <ele>687.20001220703125</ele>
        <time>2024-03-31T05:51:59.000Z</time>
        <extensions>
          <ns3:TrackPointExtension>
            <ns3:atemp>16.0</ns3:atemp>
            <ns3:hr>105</ns3:hr>
          </ns3:TrackPointExtension>
        </extensions>
      </trkpt>
      <trkpt lat="47.760698162019252777099609375" lon="11.5681946463882923126220703125">
        <ele>688</ele>
        <time>2024-03-31T05:52:04.000Z</time>
        <extensions>
          <ns3:TrackPointExtension>
            <ns3:atemp>16.0</ns3:atemp>
            <ns3:hr>106</ns3:hr>
          </ns3:TrackPointExtension>
        </extensions>
      </trkpt>
      <trkpt lat="47.7606976591050624847412109375" lon="11.5682285092771053314208984375">
        <ele>688</ele>
        <time>2024-03-31T05:52:05.000Z</time>
        <extensions>
          <ns3:TrackPointExtension>
            <ns3:atemp>16.0</ns3:atemp>
            <ns3:hr>104</ns3:hr>
          </ns3:TrackPointExtension>
        </extensions>
      </trkpt>
      <trkpt lat="47.76072196662425994873046875" lon="11.56837946735322475433349609375">
        <ele>688.4000244140625</ele>
        <time>2024-03-31T05:52:09.000Z</time>
        <extensions>
          <ns3:TrackPointExtension>
            <ns3:atemp>16.0</ns3:atemp>
            <ns3:hr>107</ns3:hr>
          </ns3:TrackPointExtension>
        </extensions>
      </trkpt>
      <trkpt lat="47.7607207931578159332275390625" lon="11.568421460688114166259765625">
        <ele>688.5999755859375</ele>
        <time>2024-03-31T05:52:10.000Z</time>
        <extensions>
          <ns3:TrackPointExtension>
            <ns3:atemp>16.0</ns3:atemp>
            <ns3:hr>105</ns3:hr>
          </ns3:TrackPointExtension>
        </extensions>
      </trkpt>
      <trkpt lat="47.7607207931578159332275390625" lon="11.56846127472817897796630859375">
        <ele>688.5999755859375</ele>
        <time>2024-03-31T05:52:11.000Z</time>
        <extensions>
          <ns3:TrackPointExtension>
            <ns3:atemp>16.0</ns3:atemp>
            <ns3:hr>108</ns3:hr>
          </ns3:TrackPointExtension>
        </extensions>
      </trkpt>
      <trkpt lat="47.76072372682392597198486328125" lon="11.56853537075221538543701171875">
        <ele>689</ele>
        <time>2024-03-31T05:52:13.000Z</time>
        <extensions>
          <ns3:TrackPointExtension>
            <ns3:atemp>16.0</ns3:atemp>
            <ns3:hr>108</ns3:hr>
          </ns3:TrackPointExtension>
        </extensions>
      </trkpt>
      <trkpt lat="47.7607362158596515655517578125" lon="11.568695046007633209228515625">
        <ele>689.4000244140625</ele>
        <time>2024-03-31T05:52:17.000Z</time>
        <extensions>
          <ns3:TrackPointExtension>
            <ns3:atemp>16.0</ns3:atemp>
            <ns3:hr>111</ns3:hr>
          </ns3:TrackPointExtension>
        </extensions>
      </trkpt>
      <trkpt lat="47.76075406931340694427490234375" lon="11.568721868097782135009765625">
        <ele>689.5999755859375</ele>
        <time>2024-03-31T05:52:18.000Z</time>
        <extensions>
          <ns3:TrackPointExtension>
            <ns3:atemp>16.0</ns3:atemp>
            <ns3:hr>112</ns3:hr>
          </ns3:TrackPointExtension>
        </extensions>
      </trkpt>
      <trkpt lat="47.76086085475981235504150390625" lon="11.5688501112163066864013671875">
        <ele>689.5999755859375</ele>
        <time>2024-03-31T05:52:23.000Z</time>
        <extensions>
          <ns3:TrackPointExtension>
            <ns3:atemp>16.0</ns3:atemp>
            <ns3:hr>112</ns3:hr>
          </ns3:TrackPointExtension>
        </extensions>
      </trkpt>
      <trkpt lat="47.76087560690939426422119140625" lon="11.56887777149677276611328125">
        <ele>689.5999755859375</ele>
        <time>2024-03-31T05:52:24.000Z</time>
        <extensions>
          <ns3:TrackPointExtension>
            <ns3:atemp>16.0</ns3:atemp>
            <ns3:hr>115</ns3:hr>
          </ns3:TrackPointExtension>
        </extensions>
      </trkpt>
      <trkpt lat="47.76095397770404815673828125" lon="11.56907348893582820892333984375">
        <ele>689.20001220703125</ele>
        <time>2024-03-31T05:52:30.000Z</time>
        <extensions>
          <ns3:TrackPointExtension>
            <ns3:atemp>16.0</ns3:atemp>
            <ns3:hr>118</ns3:hr>
          </ns3:TrackPointExtension>
        </extensions>
      </trkpt>
      <trkpt lat="47.76092908345162868499755859375" lon="11.5692899934947490692138671875">
        <ele>689.20001220703125</ele>
        <time>2024-03-31T05:52:35.000Z</time>
        <extensions>
          <ns3:TrackPointExtension>
            <ns3:atemp>16.0</ns3:atemp>
            <ns3:hr>120</ns3:hr>
          </ns3:TrackPointExtension>
        </extensions>
      </trkpt>
      <trkpt lat="47.760890610516071319580078125" lon="11.5695826895534992218017578125">
        <ele>689</ele>
        <time>2024-03-31T05:52:42.000Z</time>
        <extensions>
          <ns3:TrackPointExtension>
            <ns3:atemp>16.0</ns3:atemp>
            <ns3:hr>120</ns3:hr>
          </ns3:TrackPointExtension>
        </extensions>
      </trkpt>
      <trkpt lat="47.7608849108219146728515625" lon="11.56982534565031528472900390625">
        <ele>688.79998779296875</ele>
        <time>2024-03-31T05:52:48.000Z</time>
        <extensions>
          <ns3:TrackPointExtension>
            <ns3:atemp>16.0</ns3:atemp>
            <ns3:hr>117</ns3:hr>
          </ns3:TrackPointExtension>
        </extensions>
      </trkpt>
      <trkpt lat="47.7608998306095600128173828125" lon="11.56990849412977695465087890625">
        <ele>688.79998779296875</ele>
        <time>2024-03-31T05:52:50.000Z</time>
        <extensions>
          <ns3:TrackPointExtension>
            <ns3:atemp>16.0</ns3:atemp>
            <ns3:hr>120</ns3:hr>
          </ns3:TrackPointExtension>
        </extensions>
      </trkpt>
      <trkpt lat="47.76090343482792377471923828125" lon="11.569953002035617828369140625">
        <ele>688.79998779296875</ele>
        <time>2024-03-31T05:52:51.000Z</time>
        <extensions>
          <ns3:TrackPointExtension>
            <ns3:atemp>16.0</ns3:atemp>
            <ns3:hr>116</ns3:hr>
          </ns3:TrackPointExtension>
        </extensions>
      </trkpt>
      <trkpt lat="47.7609519660472869873046875" lon="11.57015609554946422576904296875">
        <ele>688.5999755859375</ele>
        <time>2024-03-31T05:52:56.000Z</time>
        <extensions>
          <ns3:TrackPointExtension>
            <ns3:atemp>16.0</ns3:atemp>
            <ns3:hr>118</ns3:hr>
          </ns3:TrackPointExtension>
        </extensions>
      </trkpt>
      <trkpt lat="47.761020362377166748046875" lon="11.570489108562469482421875">
        <ele>688.4000244140625</ele>
        <time>2024-03-31T05:53:04.000Z</time>
        <extensions>
          <ns3:TrackPointExtension>
            <ns3:atemp>16.0</ns3:atemp>
            <ns3:hr>115</ns3:hr>
          </ns3:TrackPointExtension>
        </extensions>
      </trkpt>
      <trkpt lat="47.76102899573743343353271484375" lon="11.570525653660297393798828125">
        <ele>688.20001220703125</ele>
        <time>2024-03-31T05:53:05.000Z</time>
        <extensions>
          <ns3:TrackPointExtension>
            <ns3:atemp>16.0</ns3:atemp>
            <ns3:hr>115</ns3:hr>
          </ns3:TrackPointExtension>
        </extensions>
      </trkpt>
      <trkpt lat="47.7610351145267486572265625" lon="11.57085564918816089630126953125">
        <ele>688.20001220703125</ele>
        <time>2024-03-31T05:53:12.000Z</time>
        <extensions>
          <ns3:TrackPointExtension>
            <ns3:atemp>16.0</ns3:atemp>
            <ns3:hr>114</ns3:hr>
          </ns3:TrackPointExtension>
        </extensions>
      </trkpt>
      <trkpt lat="47.76103603653609752655029296875" lon="11.57094935886561870574951171875">
        <ele>688</ele>
        <time>2024-03-31T05:53:14.000Z</time>
        <extensions>
          <ns3:TrackPointExtension>
            <ns3:atemp>16.0</ns3:atemp>
            <ns3:hr>116</ns3:hr>
          </ns3:TrackPointExtension>
        </extensions>
      </trkpt>
      <trkpt lat="47.76104693301022052764892578125" lon="11.57111582346260547637939453125">
        <ele>688</ele>
        <time>2024-03-31T05:53:18.000Z</time>
        <extensions>
          <ns3:TrackPointExtension>
            <ns3:atemp>16.0</ns3:atemp>
            <ns3:hr>113</ns3:hr>
          </ns3:TrackPointExtension>
        </extensions>
      </trkpt>
      <trkpt lat="47.7610513754189014434814453125" lon="11.57119679264724254608154296875">
        <ele>688</ele>
        <time>2024-03-31T05:53:20.000Z</time>
        <extensions>
          <ns3:TrackPointExtension>
            <ns3:atemp>16.0</ns3:atemp>
            <ns3:hr>113</ns3:hr>
          </ns3:TrackPointExtension>
        </extensions>
      </trkpt>
      <trkpt lat="47.76102639734745025634765625" lon="11.57145948149263858795166015625">
        <ele>688.5999755859375</ele>
        <time>2024-03-31T05:53:27.000Z</time>
        <extensions>
          <ns3:TrackPointExtension>
            <ns3:atemp>16.0</ns3:atemp>
            <ns3:hr>112</ns3:hr>
          </ns3:TrackPointExtension>
        </extensions>
      </trkpt>
      <trkpt lat="47.76102446950972080230712890625" lon="11.57155319117009639739990234375">
        <ele>688.5999755859375</ele>
        <time>2024-03-31T05:53:29.000Z</time>
        <extensions>
          <ns3:TrackPointExtension>
            <ns3:atemp>16.0</ns3:atemp>
            <ns3:hr>108</ns3:hr>
          </ns3:TrackPointExtension>
        </extensions>
      </trkpt>
      <trkpt lat="47.76100921444594860076904296875" lon="11.5716751478612422943115234375">
        <ele>689</ele>
        <time>2024-03-31T05:53:32.000Z</time>
        <extensions>
          <ns3:TrackPointExtension>
            <ns3:atemp>16.0</ns3:atemp>
            <ns3:hr>109</ns3:hr>
          </ns3:TrackPointExtension>
        </extensions>
      </trkpt>
      <trkpt lat="47.76099555194377899169921875" lon="11.57178067602217197418212890625">
        <ele>689.20001220703125</ele>
        <time>2024-03-31T05:53:35.000Z</time>
        <extensions>
          <ns3:TrackPointExtension>
            <ns3:atemp>16.0</ns3:atemp>
            <ns3:hr>109</ns3:hr>
          </ns3:TrackPointExtension>
        </extensions>
      </trkpt>
      <trkpt lat="47.760971747338771820068359375" lon="11.5719017945230007171630859375">
        <ele>689.5999755859375</ele>
        <time>2024-03-31T05:53:39.000Z</time>
        <extensions>
          <ns3:TrackPointExtension>
            <ns3:atemp>16.0</ns3:atemp>
            <ns3:hr>112</ns3:hr>
          </ns3:TrackPointExtension>
        </extensions>
      </trkpt>
      <trkpt lat="47.7609615214169025421142578125" lon="11.571936495602130889892578125">
        <ele>689.79998779296875</ele>
        <time>2024-03-31T05:53:40.000Z</time>
        <extensions>
          <ns3:TrackPointExtension>
            <ns3:atemp>16.0</ns3:atemp>
            <ns3:hr>113</ns3:hr>
          </ns3:TrackPointExtension>
        </extensions>
      </trkpt>
    </trkseg>
  </trk>
</gpx>
