<?xml version="1.0" encoding="UTF-8"?>
<gpx creator="Garmin Connect" version="1.1"
  xsi:schemaLocation="http://www.topografix.com/GPX/1/1 http://www.topografix.com/GPX/11.xsd"
  xmlns:ns3="http://www.garmin.com/xmlschemas/TrackPointExtension/v1"
  xmlns="http://www.topografix.com/GPX/1/1"
  xmlns:xsi="http://www.w3.org/2001/XMLSchema-instance" xmlns:ns2="http://www.garmin.com/xmlschemas/GpxExtensions/v3">
  <metadata>
    <link href="connect.garmin.com">
      <text>Garmin Connect</text>
    </link>
    <time>2025-10-05T07:31:48.000Z</time>
  </metadata>
  <trk>
    <name>Allersberg Tracker</name>
    <type>other</type>
    <trkseg>
      <trkpt lat="49.2629415728151798248291015625" lon="11.2119024060666561126708984375">
        <ele>388.600006103515625</ele>
        <time>2025-10-05T07:31:48.000Z</time>
        <extensions>
          <ns3:TrackPointExtension>
            <ns3:atemp>29.0</ns3:atemp>
            <ns3:hr>102</ns3:hr>
          </ns3:TrackPointExtension>
        </extensions>
      </trkpt>
      <trkpt lat="49.26296998746693134307861328125" lon="11.211894191801548004150390625">
        <ele>388.600006103515625</ele>
        <time>2025-10-05T07:31:49.000Z</time>
        <extensions>
          <ns3:TrackPointExtension>
            <ns3:atemp>30.0</ns3:atemp>
            <ns3:hr>103</ns3:hr>
          </ns3:TrackPointExtension>
        </extensions>
      </trkpt>
      <trkpt lat="49.26297535188496112823486328125" lon="11.21189477853477001190185546875">
        <ele>388.600006103515625</ele>
        <time>2025-10-05T07:31:50.000Z</time>
        <extensions>
          <ns3:TrackPointExtension>
            <ns3:atemp>29.0</ns3:atemp>
            <ns3:hr>98</ns3:hr>
          </ns3:TrackPointExtension>
        </extensions>
      </trkpt>
      <trkpt lat="49.263016171753406524658203125" lon="11.21188379824161529541015625">
        <ele>389</ele>
        <time>2025-10-05T07:31:54.000Z</time>
        <extensions>
          <ns3:TrackPointExtension>
            <ns3:atemp>29.0</ns3:atemp>
            <ns3:hr>101</ns3:hr>
          </ns3:TrackPointExtension>
        </extensions>
      </trkpt>
      <trkpt lat="49.26310141570866107940673828125" lon="11.2118859775364398956298828125">
        <ele>389</ele>
        <time>2025-10-05T07:32:01.000Z</time>
        <extensions>
          <ns3:TrackPointExtension>
            <ns3:atemp>29.0</ns3:atemp>
            <ns3:hr>100</ns3:hr>
          </ns3:TrackPointExtension>
        </extensions>
      </trkpt>
      <trkpt lat="49.26322194747626781463623046875" lon="11.21187985874712467193603515625">
        <ele>389</ele>
        <time>2025-10-05T07:32:12.000Z</time>
        <extensions>
          <ns3:TrackPointExtension>
            <ns3:atemp>29.0</ns3:atemp>
            <ns3:hr>102</ns3:hr>
          </ns3:TrackPointExtension>
        </extensions>
      </trkpt>
      <trkpt lat="49.26335756666958332061767578125" lon="11.21184582822024822235107421875">
        <ele>389.399993896484375</ele>
        <time>2025-10-05T07:32:18.000Z</time>
        <extensions>
          <ns3:TrackPointExtension>
            <ns3:atemp>29.0</ns3:atemp>
            <ns3:hr>104</ns3:hr>
          </ns3:TrackPointExtension>
        </extensions>
      </trkpt>
      <trkpt lat="49.2634047567844390869140625" lon="11.21183929033577442169189453125">
        <ele>389.600006103515625</ele>
        <time>2025-10-05T07:32:20.000Z</time>
        <extensions>
          <ns3:TrackPointExtension>
            <ns3:atemp>29.0</ns3:atemp>
            <ns3:hr>106</ns3:hr>
          </ns3:TrackPointExtension>
        </extensions>
      </trkpt>
      <trkpt lat="49.2634314112365245819091796875" lon="11.2118361890316009521484375">
        <ele>389.600006103515625</ele>
        <time>2025-10-05T07:32:21.000Z</time>
        <extensions>
          <ns3:TrackPointExtension>
            <ns3:atemp>29.0</ns3:atemp>
            <ns3:hr>106</ns3:hr>
          </ns3:TrackPointExtension>
        </extensions>
      </trkpt>
      <trkpt lat="49.26350944675505161285400390625" lon="11.21182906441390514373779296875">
        <ele>390.399993896484375</ele>
        <time>2025-10-05T07:32:24.000Z</time>
        <extensions>
          <ns3:TrackPointExtension>
            <ns3:atemp>29.0</ns3:atemp>
            <ns3:hr>109</ns3:hr>
          </ns3:TrackPointExtension>
        </extensions>
      </trkpt>
      <trkpt lat="49.263534843921661376953125" lon="11.211824119091033935546875">
        <ele>390.399993896484375</ele>
        <time>2025-10-05T07:32:25.000Z</time>
        <extensions>
          <ns3:TrackPointExtension>
            <ns3:atemp>29.0</ns3:atemp>
            <ns3:hr>109</ns3:hr>
          </ns3:TrackPointExtension>
        </extensions>
      </trkpt>
      <trkpt lat="49.26366853527724742889404296875" lon="11.21179168112576007843017578125">
        <ele>390.600006103515625</ele>
        <time>2025-10-05T07:32:30.000Z</time>
        <extensions>
          <ns3:TrackPointExtension>
            <ns3:atemp>29.0</ns3:atemp>
            <ns3:hr>112</ns3:hr>
          </ns3:TrackPointExtension>
        </extensions>
      </trkpt>
      <trkpt lat="49.26369619555771350860595703125" lon="11.21178564615547657012939453125">
        <ele>390.79998779296875</ele>
        <time>2025-10-05T07:32:31.000Z</time>
        <extensions>
          <ns3:TrackPointExtension>
            <ns3:atemp>29.0</ns3:atemp>
            <ns3:hr>113</ns3:hr>
          </ns3:TrackPointExtension>
        </extensions>
      </trkpt>
      <trkpt lat="49.26374631933867931365966796875" lon="11.21177659370005130767822265625">
        <ele>391</ele>
        <time>2025-10-05T07:32:33.000Z</time>
        <extensions>
          <ns3:TrackPointExtension>
            <ns3:atemp>29.0</ns3:atemp>
            <ns3:hr>114</ns3:hr>
          </ns3:TrackPointExtension>
        </extensions>
      </trkpt>
      <trkpt lat="49.26378764212131500244140625" lon="11.21177609078586101531982421875">
        <ele>391.20001220703125</ele>
        <time>2025-10-05T07:32:35.000Z</time>
        <extensions>
          <ns3:TrackPointExtension>
            <ns3:atemp>29.0</ns3:atemp>
            <ns3:hr>117</ns3:hr>
          </ns3:TrackPointExtension>
        </extensions>
      </trkpt>
      <trkpt lat="49.26386618055403232574462890625" lon="11.21175698004662990570068359375">
        <ele>391.600006103515625</ele>
        <time>2025-10-05T07:32:38.000Z</time>
        <extensions>
          <ns3:TrackPointExtension>
            <ns3:atemp>29.0</ns3:atemp>
            <ns3:hr>120</ns3:hr>
          </ns3:TrackPointExtension>
        </extensions>
      </trkpt>
      <trkpt lat="49.263917393982410430908203125" lon="11.2117488496005535125732421875">
        <ele>391.79998779296875</ele>
        <time>2025-10-05T07:32:40.000Z</time>
        <extensions>
          <ns3:TrackPointExtension>
            <ns3:atemp>29.0</ns3:atemp>
            <ns3:hr>121</ns3:hr>
          </ns3:TrackPointExtension>
        </extensions>
      </trkpt>
      <trkpt lat="49.26396341063082218170166015625" lon="11.21174700558185577392578125">
        <ele>392.20001220703125</ele>
        <time>2025-10-05T07:32:42.000Z</time>
        <extensions>
          <ns3:TrackPointExtension>
            <ns3:atemp>28.0</ns3:atemp>
            <ns3:hr>121</ns3:hr>
          </ns3:TrackPointExtension>
        </extensions>
      </trkpt>
      <trkpt lat="49.26404169760644435882568359375" lon="11.21174030005931854248046875">
        <ele>392.79998779296875</ele>
        <time>2025-10-05T07:32:45.000Z</time>
        <extensions>
          <ns3:TrackPointExtension>
            <ns3:atemp>28.0</ns3:atemp>
            <ns3:hr>123</ns3:hr>
          </ns3:TrackPointExtension>
        </extensions>
      </trkpt>
      <trkpt lat="49.26406986080110073089599609375" lon="11.2117354385554790496826171875">
        <ele>393</ele>
        <time>2025-10-05T07:32:46.000Z</time>
        <extensions>
          <ns3:TrackPointExtension>
            <ns3:atemp>28.0</ns3:atemp>
            <ns3:hr>123</ns3:hr>
          </ns3:TrackPointExtension>
        </extensions>
      </trkpt>
      <trkpt lat="49.2641391791403293609619140625" lon="11.21172018349170684814453125">
        <ele>393.20001220703125</ele>
        <time>2025-10-05T07:32:49.000Z</time>
        <extensions>
          <ns3:TrackPointExtension>
            <ns3:atemp>28.0</ns3:atemp>
            <ns3:hr>126</ns3:hr>
          </ns3:TrackPointExtension>
        </extensions>
      </trkpt>
      <trkpt lat="49.26421369425952434539794921875" lon="11.21171305887401103973388671875">
        <ele>393.399993896484375</ele>
        <time>2025-10-05T07:32:52.000Z</time>
        <extensions>
          <ns3:TrackPointExtension>
            <ns3:atemp>28.0</ns3:atemp>
            <ns3:hr>129</ns3:hr>
          </ns3:TrackPointExtension>
        </extensions>
      </trkpt>
      <trkpt lat="49.264321736991405487060546875" lon="11.21169394813477993011474609375">
        <ele>394</ele>
        <time>2025-10-05T07:32:56.000Z</time>
        <extensions>
          <ns3:TrackPointExtension>
            <ns3:atemp>28.0</ns3:atemp>
            <ns3:hr>130</ns3:hr>
          </ns3:TrackPointExtension>
        </extensions>
      </trkpt>
      <trkpt lat="49.26440128125250339508056640625" lon="11.211674250662326812744140625">
        <ele>394.399993896484375</ele>
        <time>2025-10-05T07:32:59.000Z</time>
        <extensions>
          <ns3:TrackPointExtension>
            <ns3:atemp>28.0</ns3:atemp>
            <ns3:hr>133</ns3:hr>
          </ns3:TrackPointExtension>
        </extensions>
      </trkpt>
      <trkpt lat="49.2644508183002471923828125" lon="11.2116646952927112579345703125">
        <ele>394.399993896484375</ele>
        <time>2025-10-05T07:33:01.000Z</time>
        <extensions>
          <ns3:TrackPointExtension>
            <ns3:atemp>28.0</ns3:atemp>
            <ns3:hr>135</ns3:hr>
          </ns3:TrackPointExtension>
        </extensions>
      </trkpt>
      <trkpt lat="49.2646586894989013671875" lon="11.21164114214479923248291015625">
        <ele>395</ele>
        <time>2025-10-05T07:33:10.000Z</time>
        <extensions>
          <ns3:TrackPointExtension>
            <ns3:atemp>28.0</ns3:atemp>
            <ns3:hr>138</ns3:hr>
          </ns3:TrackPointExtension>
        </extensions>
      </trkpt>
      <trkpt lat="49.264687187969684600830078125" lon="11.2116392143070697784423828125">
        <ele>395</ele>
        <time>2025-10-05T07:33:11.000Z</time>
        <extensions>
          <ns3:TrackPointExtension>
            <ns3:atemp>28.0</ns3:atemp>
            <ns3:hr>138</ns3:hr>
          </ns3:TrackPointExtension>
        </extensions>
      </trkpt>
      <trkpt lat="49.26471426151692867279052734375" lon="11.21163628064095973968505859375">
        <ele>395.20001220703125</ele>
        <time>2025-10-05T07:33:12.000Z</time>
        <extensions>
          <ns3:TrackPointExtension>
            <ns3:atemp>28.0</ns3:atemp>
            <ns3:hr>138</ns3:hr>
          </ns3:TrackPointExtension>
        </extensions>
      </trkpt>
      <trkpt lat="49.26483596675097942352294921875" lon="11.21161733753979206085205078125">
        <ele>396.20001220703125</ele>
        <time>2025-10-05T07:33:17.000Z</time>
        <extensions>
          <ns3:TrackPointExtension>
            <ns3:atemp>28.0</ns3:atemp>
            <ns3:hr>141</ns3:hr>
          </ns3:TrackPointExtension>
        </extensions>
      </trkpt>
      <trkpt lat="49.26486480049788951873779296875" lon="11.21160627342760562896728515625">
        <ele>396.20001220703125</ele>
        <time>2025-10-05T07:33:18.000Z</time>
        <extensions>
          <ns3:TrackPointExtension>
            <ns3:atemp>28.0</ns3:atemp>
            <ns3:hr>142</ns3:hr>
          </ns3:TrackPointExtension>
        </extensions>
      </trkpt>
      <trkpt lat="49.26494208164513111114501953125" lon="11.211583055555820465087890625">
        <ele>397</ele>
        <time>2025-10-05T07:33:23.000Z</time>
        <extensions>
          <ns3:TrackPointExtension>
            <ns3:atemp>27.0</ns3:atemp>
            <ns3:hr>144</ns3:hr>
          </ns3:TrackPointExtension>
        </extensions>
      </trkpt>
      <trkpt lat="49.2650310136377811431884765625" lon="11.2115711532533168792724609375">
        <ele>397.20001220703125</ele>
        <time>2025-10-05T07:33:29.000Z</time>
        <extensions>
          <ns3:TrackPointExtension>
            <ns3:atemp>27.0</ns3:atemp>
            <ns3:hr>144</ns3:hr>
          </ns3:TrackPointExtension>
        </extensions>
      </trkpt>
      <trkpt lat="49.265064038336277008056640625" lon="11.21155816130340099334716796875">
        <ele>397.600006103515625</ele>
        <time>2025-10-05T07:33:31.000Z</time>
        <extensions>
          <ns3:TrackPointExtension>
            <ns3:atemp>27.0</ns3:atemp>
            <ns3:hr>143</ns3:hr>
          </ns3:TrackPointExtension>
        </extensions>
      </trkpt>
      <trkpt lat="49.26509312354028224945068359375" lon="11.2115483544766902923583984375">
        <ele>398.600006103515625</ele>
        <time>2025-10-05T07:33:33.000Z</time>
        <extensions>
          <ns3:TrackPointExtension>
            <ns3:atemp>27.0</ns3:atemp>
            <ns3:hr>143</ns3:hr>
          </ns3:TrackPointExtension>
        </extensions>
      </trkpt>
      <trkpt lat="49.26519571803510189056396484375" lon="11.21150552295148372650146484375">
        <ele>399.600006103515625</ele>
        <time>2025-10-05T07:33:40.000Z</time>
        <extensions>
          <ns3:TrackPointExtension>
            <ns3:atemp>27.0</ns3:atemp>
            <ns3:hr>143</ns3:hr>
          </ns3:TrackPointExtension>
        </extensions>
      </trkpt>
      <trkpt lat="49.26521080546081066131591796875" lon="11.21152010746300220489501953125">
        <ele>399.600006103515625</ele>
        <time>2025-10-05T07:33:43.000Z</time>
        <extensions>
          <ns3:TrackPointExtension>
            <ns3:atemp>27.0</ns3:atemp>
            <ns3:hr>142</ns3:hr>
          </ns3:TrackPointExtension>
        </extensions>
      </trkpt>
      <trkpt lat="49.26523762755095958709716796875" lon="11.21152915991842746734619140625">
        <ele>399.79998779296875</ele>
        <time>2025-10-05T07:33:45.000Z</time>
        <extensions>
          <ns3:TrackPointExtension>
            <ns3:atemp>27.0</ns3:atemp>
            <ns3:hr>141</ns3:hr>
          </ns3:TrackPointExtension>
        </extensions>
      </trkpt>
      <trkpt lat="49.26526688039302825927734375" lon="11.21151826344430446624755859375">
        <ele>400</ele>
        <time>2025-10-05T07:33:47.000Z</time>
        <extensions>
          <ns3:TrackPointExtension>
            <ns3:atemp>27.0</ns3:atemp>
            <ns3:hr>140</ns3:hr>
          </ns3:TrackPointExtension>
        </extensions>
      </trkpt>
      <trkpt lat="49.265313483774662017822265625" lon="11.21150552295148372650146484375">
        <ele>400.79998779296875</ele>
        <time>2025-10-05T07:33:50.000Z</time>
        <extensions>
          <ns3:TrackPointExtension>
            <ns3:atemp>27.0</ns3:atemp>
            <ns3:hr>139</ns3:hr>
          </ns3:TrackPointExtension>
        </extensions>
      </trkpt>
      <trkpt lat="49.26539889536798000335693359375" lon="11.21148691512644290924072265625">
        <ele>401.600006103515625</ele>
        <time>2025-10-05T07:33:56.000Z</time>
        <extensions>
          <ns3:TrackPointExtension>
            <ns3:atemp>27.0</ns3:atemp>
            <ns3:hr>136</ns3:hr>
          </ns3:TrackPointExtension>
        </extensions>
      </trkpt>
      <trkpt lat="49.26547869108617305755615234375" lon="11.2114665471017360687255859375">
        <ele>401.79998779296875</ele>
        <time>2025-10-05T07:33:59.000Z</time>
        <extensions>
          <ns3:TrackPointExtension>
            <ns3:atemp>26.0</ns3:atemp>
            <ns3:hr>137</ns3:hr>
          </ns3:TrackPointExtension>
        </extensions>
      </trkpt>
      <trkpt lat="49.26552864722907543182373046875" lon="11.2114598415791988372802734375">
        <ele>402</ele>
        <time>2025-10-05T07:34:01.000Z</time>
        <extensions>
          <ns3:TrackPointExtension>
            <ns3:atemp>26.0</ns3:atemp>
            <ns3:hr>138</ns3:hr>
          </ns3:TrackPointExtension>
        </extensions>
      </trkpt>
      <trkpt lat="49.26560752093791961669921875" lon="11.21144131757318973541259765625">
        <ele>402</ele>
        <time>2025-10-05T07:34:04.000Z</time>
        <extensions>
          <ns3:TrackPointExtension>
            <ns3:atemp>26.0</ns3:atemp>
            <ns3:hr>137</ns3:hr>
          </ns3:TrackPointExtension>
        </extensions>
      </trkpt>
      <trkpt lat="49.2658440582454204559326171875" lon="11.2113887630403041839599609375">
        <ele>402.399993896484375</ele>
        <time>2025-10-05T07:34:12.000Z</time>
        <extensions>
          <ns3:TrackPointExtension>
            <ns3:atemp>26.0</ns3:atemp>
            <ns3:hr>134</ns3:hr>
          </ns3:TrackPointExtension>
        </extensions>
      </trkpt>
      <trkpt lat="49.26587171852588653564453125" lon="11.211384572088718414306640625">
        <ele>402.399993896484375</ele>
        <time>2025-10-05T07:34:13.000Z</time>
        <extensions>
          <ns3:TrackPointExtension>
            <ns3:atemp>26.0</ns3:atemp>
            <ns3:hr>134</ns3:hr>
          </ns3:TrackPointExtension>
        </extensions>
      </trkpt>
      <trkpt lat="49.26601781509816646575927734375" lon="11.21134308166801929473876953125">
        <ele>403</ele>
        <time>2025-10-05T07:34:19.000Z</time>
        <extensions>
          <ns3:TrackPointExtension>
            <ns3:atemp>26.0</ns3:atemp>
            <ns3:hr>131</ns3:hr>
          </ns3:TrackPointExtension>
        </extensions>
      </trkpt>
      <trkpt lat="49.2660452239215373992919921875" lon="11.21133436448872089385986328125">
        <ele>403</ele>
        <time>2025-10-05T07:34:20.000Z</time>
        <extensions>
          <ns3:TrackPointExtension>
            <ns3:atemp>26.0</ns3:atemp>
            <ns3:hr>131</ns3:hr>
          </ns3:TrackPointExtension>
        </extensions>
      </trkpt>
      <trkpt lat="49.2661209963262081146240234375" lon="11.2113062851130962371826171875">
        <ele>403.20001220703125</ele>
        <time>2025-10-05T07:34:23.000Z</time>
        <extensions>
          <ns3:TrackPointExtension>
            <ns3:atemp>26.0</ns3:atemp>
            <ns3:hr>131</ns3:hr>
          </ns3:TrackPointExtension>
        </extensions>
      </trkpt>
      <trkpt lat="49.266173131763935089111328125" lon="11.2112901918590068817138671875">
        <ele>404</ele>
        <time>2025-10-05T07:34:25.000Z</time>
        <extensions>
          <ns3:TrackPointExtension>
            <ns3:atemp>26.0</ns3:atemp>
            <ns3:hr>132</ns3:hr>
          </ns3:TrackPointExtension>
        </extensions>
      </trkpt>
      <trkpt lat="49.2662250995635986328125" lon="11.21127284131944179534912109375">
        <ele>405</ele>
        <time>2025-10-05T07:34:28.000Z</time>
        <extensions>
          <ns3:TrackPointExtension>
            <ns3:atemp>26.0</ns3:atemp>
            <ns3:hr>133</ns3:hr>
          </ns3:TrackPointExtension>
        </extensions>
      </trkpt>
      <trkpt lat="49.26627262495458126068115234375" lon="11.21126010082662105560302734375">
        <ele>406</ele>
        <time>2025-10-05T07:34:30.000Z</time>
        <extensions>
          <ns3:TrackPointExtension>
            <ns3:atemp>26.0</ns3:atemp>
            <ns3:hr>134</ns3:hr>
          </ns3:TrackPointExtension>
        </extensions>
      </trkpt>
      <trkpt lat="49.2662926577031612396240234375" lon="11.211249120533466339111328125">
        <ele>406.20001220703125</ele>
        <time>2025-10-05T07:34:31.000Z</time>
        <extensions>
          <ns3:TrackPointExtension>
            <ns3:atemp>26.0</ns3:atemp>
            <ns3:hr>134</ns3:hr>
          </ns3:TrackPointExtension>
        </extensions>
      </trkpt>
      <trkpt lat="49.26633062772452831268310546875" lon="11.2112234719097614288330078125">
        <ele>406.79998779296875</ele>
        <time>2025-10-05T07:34:33.000Z</time>
        <extensions>
          <ns3:TrackPointExtension>
            <ns3:atemp>26.0</ns3:atemp>
            <ns3:hr>135</ns3:hr>
          </ns3:TrackPointExtension>
        </extensions>
      </trkpt>
      <trkpt lat="49.2663794942200183868408203125" lon="11.211187429726123809814453125">
        <ele>407.399993896484375</ele>
        <time>2025-10-05T07:34:35.000Z</time>
        <extensions>
          <ns3:TrackPointExtension>
            <ns3:atemp>26.0</ns3:atemp>
            <ns3:hr>136</ns3:hr>
          </ns3:TrackPointExtension>
        </extensions>
      </trkpt>
      <trkpt lat="49.2664276063442230224609375" lon="11.21116722933948040008544921875">
        <ele>407.79998779296875</ele>
        <time>2025-10-05T07:34:38.000Z</time>
        <extensions>
          <ns3:TrackPointExtension>
            <ns3:atemp>26.0</ns3:atemp>
            <ns3:hr>137</ns3:hr>
          </ns3:TrackPointExtension>
        </extensions>
      </trkpt>
      <trkpt lat="49.26646842621266841888427734375" lon="11.21115298010408878326416015625">
        <ele>408.399993896484375</ele>
        <time>2025-10-05T07:34:40.000Z</time>
        <extensions>
          <ns3:TrackPointExtension>
            <ns3:atemp>26.0</ns3:atemp>
            <ns3:hr>138</ns3:hr>
          </ns3:TrackPointExtension>
        </extensions>
      </trkpt>
      <trkpt lat="49.2665726132690906524658203125" lon="11.21110260486602783203125">
        <ele>408.79998779296875</ele>
        <time>2025-10-05T07:34:44.000Z</time>
        <extensions>
          <ns3:TrackPointExtension>
            <ns3:atemp>26.0</ns3:atemp>
            <ns3:hr>141</ns3:hr>
          </ns3:TrackPointExtension>
        </extensions>
      </trkpt>
      <trkpt lat="49.26662734709680080413818359375" lon="11.2110759504139423370361328125">
        <ele>409.20001220703125</ele>
        <time>2025-10-05T07:34:46.000Z</time>
        <extensions>
          <ns3:TrackPointExtension>
            <ns3:atemp>25.0</ns3:atemp>
            <ns3:hr>142</ns3:hr>
          </ns3:TrackPointExtension>
        </extensions>
      </trkpt>
      <trkpt lat="49.26667579449713230133056640625" lon="11.211061365902423858642578125">
        <ele>409.600006103515625</ele>
        <time>2025-10-05T07:34:48.000Z</time>
        <extensions>
          <ns3:TrackPointExtension>
            <ns3:atemp>25.0</ns3:atemp>
            <ns3:hr>142</ns3:hr>
          </ns3:TrackPointExtension>
        </extensions>
      </trkpt>
      <trkpt lat="49.26677738316357135772705078125" lon="11.21101350523531436920166015625">
        <ele>410.600006103515625</ele>
        <time>2025-10-05T07:34:53.000Z</time>
        <extensions>
          <ns3:TrackPointExtension>
            <ns3:atemp>25.0</ns3:atemp>
            <ns3:hr>145</ns3:hr>
          </ns3:TrackPointExtension>
        </extensions>
      </trkpt>
      <trkpt lat="49.2668787203729152679443359375" lon="11.21098249219357967376708984375">
        <ele>411.20001220703125</ele>
        <time>2025-10-05T07:34:57.000Z</time>
        <extensions>
          <ns3:TrackPointExtension>
            <ns3:atemp>25.0</ns3:atemp>
            <ns3:hr>147</ns3:hr>
          </ns3:TrackPointExtension>
        </extensions>
      </trkpt>
      <trkpt lat="49.2669357173144817352294921875" lon="11.21095935814082622528076171875">
        <ele>411.399993896484375</ele>
        <time>2025-10-05T07:34:59.000Z</time>
        <extensions>
          <ns3:TrackPointExtension>
            <ns3:atemp>25.0</ns3:atemp>
            <ns3:hr>147</ns3:hr>
          </ns3:TrackPointExtension>
        </extensions>
      </trkpt>
      <trkpt lat="49.26697938703000545501708984375" lon="11.21095131151378154754638671875">
        <ele>411.600006103515625</ele>
        <time>2025-10-05T07:35:01.000Z</time>
        <extensions>
          <ns3:TrackPointExtension>
            <ns3:atemp>25.0</ns3:atemp>
            <ns3:hr>147</ns3:hr>
          </ns3:TrackPointExtension>
        </extensions>
      </trkpt>
      <trkpt lat="49.26712372340261936187744140625" lon="11.2109002657234668731689453125">
        <ele>412</ele>
        <time>2025-10-05T07:35:07.000Z</time>
        <extensions>
          <ns3:TrackPointExtension>
            <ns3:atemp>25.0</ns3:atemp>
            <ns3:hr>148</ns3:hr>
          </ns3:TrackPointExtension>
        </extensions>
      </trkpt>
      <trkpt lat="49.26719983108341693878173828125" lon="11.21088593266904354095458984375">
        <ele>412.600006103515625</ele>
        <time>2025-10-05T07:35:10.000Z</time>
        <extensions>
          <ns3:TrackPointExtension>
            <ns3:atemp>25.0</ns3:atemp>
            <ns3:hr>149</ns3:hr>
          </ns3:TrackPointExtension>
        </extensions>
      </trkpt>
      <trkpt lat="49.267415665090084075927734375" lon="11.21083145029842853546142578125">
        <ele>413.20001220703125</ele>
        <time>2025-10-05T07:35:18.000Z</time>
        <extensions>
          <ns3:TrackPointExtension>
            <ns3:atemp>25.0</ns3:atemp>
            <ns3:hr>149</ns3:hr>
          </ns3:TrackPointExtension>
        </extensions>
      </trkpt>
      <trkpt lat="49.2675697244703769683837890625" lon="11.2107892893254756927490234375">
        <ele>413.600006103515625</ele>
        <time>2025-10-05T07:35:24.000Z</time>
        <extensions>
          <ns3:TrackPointExtension>
            <ns3:atemp>25.0</ns3:atemp>
            <ns3:hr>149</ns3:hr>
          </ns3:TrackPointExtension>
        </extensions>
      </trkpt>
      <trkpt lat="49.2675898410379886627197265625" lon="11.21079088188707828521728515625">
        <ele>413.79998779296875</ele>
        <time>2025-10-05T07:35:25.000Z</time>
        <extensions>
          <ns3:TrackPointExtension>
            <ns3:atemp>25.0</ns3:atemp>
            <ns3:hr>149</ns3:hr>
          </ns3:TrackPointExtension>
        </extensions>
      </trkpt>
      <trkpt lat="49.26762915216386318206787109375" lon="11.21079389937222003936767578125">
        <ele>414.399993896484375</ele>
        <time>2025-10-05T07:35:28.000Z</time>
        <extensions>
          <ns3:TrackPointExtension>
            <ns3:atemp>25.0</ns3:atemp>
            <ns3:hr>150</ns3:hr>
          </ns3:TrackPointExtension>
        </extensions>
      </trkpt>
      <trkpt lat="49.267642311751842498779296875" lon="11.2107886187732219696044921875">
        <ele>414.79998779296875</ele>
        <time>2025-10-05T07:35:29.000Z</time>
        <extensions>
          <ns3:TrackPointExtension>
            <ns3:atemp>25.0</ns3:atemp>
            <ns3:hr>150</ns3:hr>
          </ns3:TrackPointExtension>
        </extensions>
      </trkpt>
      <trkpt lat="49.26773007027804851531982421875" lon="11.210773698985576629638671875">
        <ele>415.20001220703125</ele>
        <time>2025-10-05T07:35:36.000Z</time>
        <extensions>
          <ns3:TrackPointExtension>
            <ns3:atemp>25.0</ns3:atemp>
            <ns3:hr>148</ns3:hr>
          </ns3:TrackPointExtension>
        </extensions>
      </trkpt>
      <trkpt lat="49.26785311661660671234130859375" lon="11.21070169843733310699462890625">
        <ele>413.79998779296875</ele>
        <time>2025-10-05T07:35:43.000Z</time>
        <extensions>
          <ns3:TrackPointExtension>
            <ns3:atemp>24.0</ns3:atemp>
            <ns3:hr>147</ns3:hr>
          </ns3:TrackPointExtension>
        </extensions>
      </trkpt>
      <trkpt lat="49.2678768374025821685791015625" lon="11.2106866948306560516357421875">
        <ele>413.79998779296875</ele>
        <time>2025-10-05T07:35:44.000Z</time>
        <extensions>
          <ns3:TrackPointExtension>
            <ns3:atemp>25.0</ns3:atemp>
            <ns3:hr>147</ns3:hr>
          </ns3:TrackPointExtension>
        </extensions>
      </trkpt>
      <trkpt lat="49.26809183321893215179443359375" lon="11.21060480363667011260986328125">
        <ele>414.399993896484375</ele>
        <time>2025-10-05T07:35:52.000Z</time>
        <extensions>
          <ns3:TrackPointExtension>
            <ns3:atemp>24.0</ns3:atemp>
            <ns3:hr>144</ns3:hr>
          </ns3:TrackPointExtension>
        </extensions>
      </trkpt>
      <trkpt lat="49.26811479963362216949462890625" lon="11.21059902012348175048828125">
        <ele>414.399993896484375</ele>
        <time>2025-10-05T07:35:53.000Z</time>
        <extensions>
          <ns3:TrackPointExtension>
            <ns3:atemp>24.0</ns3:atemp>
            <ns3:hr>143</ns3:hr>
          </ns3:TrackPointExtension>
        </extensions>
      </trkpt>
      <trkpt lat="49.268290735781192779541015625" lon="11.21056356467306613922119140625">
        <ele>414.79998779296875</ele>
        <time>2025-10-05T07:36:00.000Z</time>
        <extensions>
          <ns3:TrackPointExtension>
            <ns3:atemp>24.0</ns3:atemp>
            <ns3:hr>141</ns3:hr>
          </ns3:TrackPointExtension>
        </extensions>
      </trkpt>
      <trkpt lat="49.268345721065998077392578125" lon="11.21054269373416900634765625">
        <ele>415</ele>
        <time>2025-10-05T07:36:02.000Z</time>
        <extensions>
          <ns3:TrackPointExtension>
            <ns3:atemp>24.0</ns3:atemp>
            <ns3:hr>140</ns3:hr>
          </ns3:TrackPointExtension>
        </extensions>
      </trkpt>
      <trkpt lat="49.26846130751073360443115234375" lon="11.210511513054370880126953125">
        <ele>415</ele>
        <time>2025-10-05T07:36:06.000Z</time>
        <extensions>
          <ns3:TrackPointExtension>
            <ns3:atemp>24.0</ns3:atemp>
            <ns3:hr>137</ns3:hr>
          </ns3:TrackPointExtension>
        </extensions>
      </trkpt>
      <trkpt lat="49.26852836273610591888427734375" lon="11.21050690300762653350830078125">
        <ele>414.79998779296875</ele>
        <time>2025-10-05T07:36:09.000Z</time>
        <extensions>
          <ns3:TrackPointExtension>
            <ns3:atemp>24.0</ns3:atemp>
            <ns3:hr>136</ns3:hr>
          </ns3:TrackPointExtension>
        </extensions>
      </trkpt>
      <trkpt lat="49.2687415145337581634521484375" lon="11.21044085361063480377197265625">
        <ele>414.600006103515625</ele>
        <time>2025-10-05T07:36:17.000Z</time>
        <extensions>
          <ns3:TrackPointExtension>
            <ns3:atemp>24.0</ns3:atemp>
            <ns3:hr>133</ns3:hr>
          </ns3:TrackPointExtension>
        </extensions>
      </trkpt>
      <trkpt lat="49.2687646485865116119384765625" lon="11.2104399316012859344482421875">
        <ele>414.79998779296875</ele>
        <time>2025-10-05T07:36:18.000Z</time>
        <extensions>
          <ns3:TrackPointExtension>
            <ns3:atemp>24.0</ns3:atemp>
            <ns3:hr>133</ns3:hr>
          </ns3:TrackPointExtension>
        </extensions>
      </trkpt>
      <trkpt lat="49.26894544623792171478271484375" lon="11.210412271320819854736328125">
        <ele>415.20001220703125</ele>
        <time>2025-10-05T07:36:26.000Z</time>
        <extensions>
          <ns3:TrackPointExtension>
            <ns3:atemp>24.0</ns3:atemp>
            <ns3:hr>133</ns3:hr>
          </ns3:TrackPointExtension>
        </extensions>
      </trkpt>
      <trkpt lat="49.2690347135066986083984375" lon="11.2104010395705699920654296875">
        <ele>414.79998779296875</ele>
        <time>2025-10-05T07:36:33.000Z</time>
        <extensions>
          <ns3:TrackPointExtension>
            <ns3:atemp>24.0</ns3:atemp>
            <ns3:hr>130</ns3:hr>
          </ns3:TrackPointExtension>
        </extensions>
      </trkpt>
      <trkpt lat="49.26904938183724880218505859375" lon="11.2103996984660625457763671875">
        <ele>414.79998779296875</ele>
        <time>2025-10-05T07:36:34.000Z</time>
        <extensions>
          <ns3:TrackPointExtension>
            <ns3:atemp>24.0</ns3:atemp>
            <ns3:hr>129</ns3:hr>
          </ns3:TrackPointExtension>
        </extensions>
      </trkpt>
      <trkpt lat="49.26916656084358692169189453125" lon="11.2103872932493686676025390625">
        <ele>415</ele>
        <time>2025-10-05T07:36:40.000Z</time>
        <extensions>
          <ns3:TrackPointExtension>
            <ns3:atemp>24.0</ns3:atemp>
            <ns3:hr>126</ns3:hr>
          </ns3:TrackPointExtension>
        </extensions>
      </trkpt>
      <trkpt lat="49.269194304943084716796875" lon="11.21038083918392658233642578125">
        <ele>414.79998779296875</ele>
        <time>2025-10-05T07:36:41.000Z</time>
        <extensions>
          <ns3:TrackPointExtension>
            <ns3:atemp>24.0</ns3:atemp>
            <ns3:hr>126</ns3:hr>
          </ns3:TrackPointExtension>
        </extensions>
      </trkpt>
      <trkpt lat="49.26936018280684947967529296875" lon="11.210363321006298065185546875">
        <ele>414</ele>
        <time>2025-10-05T07:36:49.000Z</time>
        <extensions>
          <ns3:TrackPointExtension>
            <ns3:atemp>24.0</ns3:atemp>
            <ns3:hr>124</ns3:hr>
          </ns3:TrackPointExtension>
        </extensions>
      </trkpt>
      <trkpt lat="49.26939337514340877532958984375" lon="11.21035016141831874847412109375">
        <ele>413.600006103515625</ele>
        <time>2025-10-05T07:36:51.000Z</time>
        <extensions>
          <ns3:TrackPointExtension>
            <ns3:atemp>24.0</ns3:atemp>
            <ns3:hr>122</ns3:hr>
          </ns3:TrackPointExtension>
        </extensions>
      </trkpt>
      <trkpt lat="49.26942271180450916290283203125" lon="11.210347898304462432861328125">
        <ele>413.399993896484375</ele>
        <time>2025-10-05T07:36:53.000Z</time>
        <extensions>
          <ns3:TrackPointExtension>
            <ns3:atemp>24.0</ns3:atemp>
            <ns3:hr>120</ns3:hr>
          </ns3:TrackPointExtension>
        </extensions>
      </trkpt>
      <trkpt lat="49.2694539763033390045166015625" lon="11.2103500775992870330810546875">
        <ele>413.20001220703125</ele>
        <time>2025-10-05T07:36:55.000Z</time>
        <extensions>
          <ns3:TrackPointExtension>
            <ns3:atemp>24.0</ns3:atemp>
            <ns3:hr>120</ns3:hr>
          </ns3:TrackPointExtension>
        </extensions>
      </trkpt>
      <trkpt lat="49.26952354609966278076171875" lon="11.21037765406072139739990234375">
        <ele>412.399993896484375</ele>
        <time>2025-10-05T07:37:00.000Z</time>
        <extensions>
          <ns3:TrackPointExtension>
            <ns3:atemp>24.0</ns3:atemp>
            <ns3:hr>119</ns3:hr>
          </ns3:TrackPointExtension>
        </extensions>
      </trkpt>
      <trkpt lat="49.2695428244769573211669921875" lon="11.2103792466223239898681640625">
        <ele>412</ele>
        <time>2025-10-05T07:37:01.000Z</time>
        <extensions>
          <ns3:TrackPointExtension>
            <ns3:atemp>24.0</ns3:atemp>
            <ns3:hr>120</ns3:hr>
          </ns3:TrackPointExtension>
        </extensions>
      </trkpt>
      <trkpt lat="49.2696194350719451904296875" lon="11.21036474592983722686767578125">
        <ele>411</ele>
        <time>2025-10-05T07:37:04.000Z</time>
        <extensions>
          <ns3:TrackPointExtension>
            <ns3:atemp>24.0</ns3:atemp>
            <ns3:hr>120</ns3:hr>
          </ns3:TrackPointExtension>
        </extensions>
      </trkpt>
      <trkpt lat="49.26969814114272594451904296875" lon="11.21034957468509674072265625">
        <ele>409.79998779296875</ele>
        <time>2025-10-05T07:37:07.000Z</time>
        <extensions>
          <ns3:TrackPointExtension>
            <ns3:atemp>23.0</ns3:atemp>
            <ns3:hr>119</ns3:hr>
          </ns3:TrackPointExtension>
        </extensions>
      </trkpt>
      <trkpt lat="49.2697198502719402313232421875" lon="11.21035452000796794891357421875">
        <ele>409.20001220703125</ele>
        <time>2025-10-05T07:37:08.000Z</time>
        <extensions>
          <ns3:TrackPointExtension>
            <ns3:atemp>24.0</ns3:atemp>
            <ns3:hr>118</ns3:hr>
          </ns3:TrackPointExtension>
        </extensions>
      </trkpt>
      <trkpt lat="49.2697644419968128204345703125" lon="11.21035418473184108734130859375">
        <ele>408.600006103515625</ele>
        <time>2025-10-05T07:37:10.000Z</time>
        <extensions>
          <ns3:TrackPointExtension>
            <ns3:atemp>23.0</ns3:atemp>
            <ns3:hr>117</ns3:hr>
          </ns3:TrackPointExtension>
        </extensions>
      </trkpt>
      <trkpt lat="49.269808866083621978759765625" lon="11.210350580513477325439453125">
        <ele>407.600006103515625</ele>
        <time>2025-10-05T07:37:12.000Z</time>
        <extensions>
          <ns3:TrackPointExtension>
            <ns3:atemp>23.0</ns3:atemp>
            <ns3:hr>115</ns3:hr>
          </ns3:TrackPointExtension>
        </extensions>
      </trkpt>
      <trkpt lat="49.26988220773637294769287109375" lon="11.21032065711915493011474609375">
        <ele>406.20001220703125</ele>
        <time>2025-10-05T07:37:15.000Z</time>
        <extensions>
          <ns3:TrackPointExtension>
            <ns3:atemp>23.0</ns3:atemp>
            <ns3:hr>113</ns3:hr>
          </ns3:TrackPointExtension>
        </extensions>
      </trkpt>
      <trkpt lat="49.26990668289363384246826171875" lon="11.21030791662633419036865234375">
        <ele>406</ele>
        <time>2025-10-05T07:37:16.000Z</time>
        <extensions>
          <ns3:TrackPointExtension>
            <ns3:atemp>23.0</ns3:atemp>
            <ns3:hr>112</ns3:hr>
          </ns3:TrackPointExtension>
        </extensions>
      </trkpt>
      <trkpt lat="49.27005973644554615020751953125" lon="11.2102629058063030242919921875">
        <ele>405.20001220703125</ele>
        <time>2025-10-05T07:37:21.000Z</time>
        <extensions>
          <ns3:TrackPointExtension>
            <ns3:atemp>23.0</ns3:atemp>
            <ns3:hr>114</ns3:hr>
          </ns3:TrackPointExtension>
        </extensions>
      </trkpt>
      <trkpt lat="49.2701711319386959075927734375" lon="11.21024589054286479949951171875">
        <ele>404.600006103515625</ele>
        <time>2025-10-05T07:37:25.000Z</time>
        <extensions>
          <ns3:TrackPointExtension>
            <ns3:atemp>23.0</ns3:atemp>
            <ns3:hr>115</ns3:hr>
          </ns3:TrackPointExtension>
        </extensions>
      </trkpt>
      <trkpt lat="49.27023458294570446014404296875" lon="11.21023532934486865997314453125">
        <ele>404.20001220703125</ele>
        <time>2025-10-05T07:37:27.000Z</time>
        <extensions>
          <ns3:TrackPointExtension>
            <ns3:atemp>23.0</ns3:atemp>
            <ns3:hr>116</ns3:hr>
          </ns3:TrackPointExtension>
        </extensions>
      </trkpt>
      <trkpt lat="49.2703588865697383880615234375" lon="11.2102059088647365570068359375">
        <ele>403.20001220703125</ele>
        <time>2025-10-05T07:37:31.000Z</time>
        <extensions>
          <ns3:TrackPointExtension>
            <ns3:atemp>23.0</ns3:atemp>
            <ns3:hr>116</ns3:hr>
          </ns3:TrackPointExtension>
        </extensions>
      </trkpt>
      <trkpt lat="49.27045251242816448211669921875" lon="11.21018730103969573974609375">
        <ele>402.79998779296875</ele>
        <time>2025-10-05T07:37:34.000Z</time>
        <extensions>
          <ns3:TrackPointExtension>
            <ns3:atemp>23.0</ns3:atemp>
            <ns3:hr>115</ns3:hr>
          </ns3:TrackPointExtension>
        </extensions>
      </trkpt>
      <trkpt lat="49.2704815976321697235107421875" lon="11.2101790867745876312255859375">
        <ele>402.79998779296875</ele>
        <time>2025-10-05T07:37:35.000Z</time>
        <extensions>
          <ns3:TrackPointExtension>
            <ns3:atemp>23.0</ns3:atemp>
            <ns3:hr>115</ns3:hr>
          </ns3:TrackPointExtension>
        </extensions>
      </trkpt>
      <trkpt lat="49.270597435534000396728515625" lon="11.2101435475051403045654296875">
        <ele>402.20001220703125</ele>
        <time>2025-10-05T07:37:39.000Z</time>
        <extensions>
          <ns3:TrackPointExtension>
            <ns3:atemp>23.0</ns3:atemp>
            <ns3:hr>115</ns3:hr>
          </ns3:TrackPointExtension>
        </extensions>
      </trkpt>
      <trkpt lat="49.27072408609092235565185546875" lon="11.21011211536824703216552734375">
        <ele>401.20001220703125</ele>
        <time>2025-10-05T07:37:43.000Z</time>
        <extensions>
          <ns3:TrackPointExtension>
            <ns3:atemp>23.0</ns3:atemp>
            <ns3:hr>116</ns3:hr>
          </ns3:TrackPointExtension>
        </extensions>
      </trkpt>
      <trkpt lat="49.27078661508858203887939453125" lon="11.2101009674370288848876953125">
        <ele>401</ele>
        <time>2025-10-05T07:37:45.000Z</time>
        <extensions>
          <ns3:TrackPointExtension>
            <ns3:atemp>23.0</ns3:atemp>
            <ns3:hr>116</ns3:hr>
          </ns3:TrackPointExtension>
        </extensions>
      </trkpt>
      <trkpt lat="49.27093128673732280731201171875" lon="11.21008227579295635223388671875">
        <ele>400.79998779296875</ele>
        <time>2025-10-05T07:37:51.000Z</time>
        <extensions>
          <ns3:TrackPointExtension>
            <ns3:atemp>23.0</ns3:atemp>
            <ns3:hr>118</ns3:hr>
          </ns3:TrackPointExtension>
        </extensions>
      </trkpt>
      <trkpt lat="49.271050728857517242431640625" lon="11.2100610695779323577880859375">
        <ele>400.399993896484375</ele>
        <time>2025-10-05T07:37:56.000Z</time>
        <extensions>
          <ns3:TrackPointExtension>
            <ns3:atemp>23.0</ns3:atemp>
            <ns3:hr>121</ns3:hr>
          </ns3:TrackPointExtension>
        </extensions>
      </trkpt>
      <trkpt lat="49.271150641143321990966796875" lon="11.2100178189575672149658203125">
        <ele>400.20001220703125</ele>
        <time>2025-10-05T07:38:00.000Z</time>
        <extensions>
          <ns3:TrackPointExtension>
            <ns3:atemp>23.0</ns3:atemp>
            <ns3:hr>121</ns3:hr>
          </ns3:TrackPointExtension>
        </extensions>
      </trkpt>
      <trkpt lat="49.27117804996669292449951171875" lon="11.21001304127275943756103515625">
        <ele>400</ele>
        <time>2025-10-05T07:38:01.000Z</time>
        <extensions>
          <ns3:TrackPointExtension>
            <ns3:atemp>23.0</ns3:atemp>
            <ns3:hr>121</ns3:hr>
          </ns3:TrackPointExtension>
        </extensions>
      </trkpt>
      <trkpt lat="49.27133948542177677154541015625" lon="11.20998169295489788055419921875">
        <ele>400</ele>
        <time>2025-10-05T07:38:08.000Z</time>
        <extensions>
          <ns3:TrackPointExtension>
            <ns3:atemp>23.0</ns3:atemp>
            <ns3:hr>122</ns3:hr>
          </ns3:TrackPointExtension>
        </extensions>
      </trkpt>
      <trkpt lat="49.27147376351058483123779296875" lon="11.20997917838394641876220703125">
        <ele>399.600006103515625</ele>
        <time>2025-10-05T07:38:13.000Z</time>
        <extensions>
          <ns3:TrackPointExtension>
            <ns3:atemp>23.0</ns3:atemp>
            <ns3:hr>122</ns3:hr>
          </ns3:TrackPointExtension>
        </extensions>
      </trkpt>
      <trkpt lat="49.27161357365548610687255859375" lon="11.2099323235452175140380859375">
        <ele>399.399993896484375</ele>
        <time>2025-10-05T07:38:18.000Z</time>
        <extensions>
          <ns3:TrackPointExtension>
            <ns3:atemp>23.0</ns3:atemp>
            <ns3:hr>122</ns3:hr>
          </ns3:TrackPointExtension>
        </extensions>
      </trkpt>
      <trkpt lat="49.2717182636260986328125" lon="11.2099101953208446502685546875">
        <ele>399.399993896484375</ele>
        <time>2025-10-05T07:38:23.000Z</time>
        <extensions>
          <ns3:TrackPointExtension>
            <ns3:atemp>22.0</ns3:atemp>
            <ns3:hr>119</ns3:hr>
          </ns3:TrackPointExtension>
        </extensions>
      </trkpt>
      <trkpt lat="49.27174449898302555084228515625" lon="11.20989921502768993377685546875">
        <ele>399.399993896484375</ele>
        <time>2025-10-05T07:38:24.000Z</time>
        <extensions>
          <ns3:TrackPointExtension>
            <ns3:atemp>22.0</ns3:atemp>
            <ns3:hr>119</ns3:hr>
          </ns3:TrackPointExtension>
        </extensions>
      </trkpt>
      <trkpt lat="49.271897971630096435546875" lon="11.20982520282268524169921875">
        <ele>399.20001220703125</ele>
        <time>2025-10-05T07:38:30.000Z</time>
        <extensions>
          <ns3:TrackPointExtension>
            <ns3:atemp>22.0</ns3:atemp>
            <ns3:hr>120</ns3:hr>
          </ns3:TrackPointExtension>
        </extensions>
      </trkpt>
      <trkpt lat="49.2720590718090534210205078125" lon="11.2097905017435550689697265625">
        <ele>399.20001220703125</ele>
        <time>2025-10-05T07:38:36.000Z</time>
        <extensions>
          <ns3:TrackPointExtension>
            <ns3:atemp>22.0</ns3:atemp>
            <ns3:hr>121</ns3:hr>
          </ns3:TrackPointExtension>
        </extensions>
      </trkpt>
      <trkpt lat="49.2720982991158962249755859375" lon="11.2097941897809505462646484375">
        <ele>398.79998779296875</ele>
        <time>2025-10-05T07:38:38.000Z</time>
        <extensions>
          <ns3:TrackPointExtension>
            <ns3:atemp>22.0</ns3:atemp>
            <ns3:hr>121</ns3:hr>
          </ns3:TrackPointExtension>
        </extensions>
      </trkpt>
      <trkpt lat="49.272152446210384368896484375" lon="11.20978723280131816864013671875">
        <ele>398.399993896484375</ele>
        <time>2025-10-05T07:38:42.000Z</time>
        <extensions>
          <ns3:TrackPointExtension>
            <ns3:atemp>22.0</ns3:atemp>
            <ns3:hr>122</ns3:hr>
          </ns3:TrackPointExtension>
        </extensions>
      </trkpt>
      <trkpt lat="49.27220030687749385833740234375" lon="11.2097824551165103912353515625">
        <ele>398.20001220703125</ele>
        <time>2025-10-05T07:38:45.000Z</time>
        <extensions>
          <ns3:TrackPointExtension>
            <ns3:atemp>22.0</ns3:atemp>
            <ns3:hr>122</ns3:hr>
          </ns3:TrackPointExtension>
        </extensions>
      </trkpt>
      <trkpt lat="49.2722614109516143798828125" lon="11.20974984951317310333251953125">
        <ele>398.20001220703125</ele>
        <time>2025-10-05T07:38:47.000Z</time>
        <extensions>
          <ns3:TrackPointExtension>
            <ns3:atemp>22.0</ns3:atemp>
            <ns3:hr>122</ns3:hr>
          </ns3:TrackPointExtension>
        </extensions>
      </trkpt>
      <trkpt lat="49.272288568317890167236328125" lon="11.20973761193454265594482421875">
        <ele>398.20001220703125</ele>
        <time>2025-10-05T07:38:48.000Z</time>
        <extensions>
          <ns3:TrackPointExtension>
            <ns3:atemp>22.0</ns3:atemp>
            <ns3:hr>122</ns3:hr>
          </ns3:TrackPointExtension>
        </extensions>
      </trkpt>
      <trkpt lat="49.27231438457965850830078125" lon="11.20972822420299053192138671875">
        <ele>398.20001220703125</ele>
        <time>2025-10-05T07:38:49.000Z</time>
        <extensions>
          <ns3:TrackPointExtension>
            <ns3:atemp>22.0</ns3:atemp>
            <ns3:hr>122</ns3:hr>
          </ns3:TrackPointExtension>
        </extensions>
      </trkpt>
      <trkpt lat="49.27252435125410556793212890625" lon="11.2096751667559146881103515625">
        <ele>398.20001220703125</ele>
        <time>2025-10-05T07:38:55.000Z</time>
        <extensions>
          <ns3:TrackPointExtension>
            <ns3:atemp>22.0</ns3:atemp>
            <ns3:hr>122</ns3:hr>
          </ns3:TrackPointExtension>
        </extensions>
      </trkpt>
      <trkpt lat="49.27263214252889156341552734375" lon="11.2096141465008258819580078125">
        <ele>397.600006103515625</ele>
        <time>2025-10-05T07:39:01.000Z</time>
        <extensions>
          <ns3:TrackPointExtension>
            <ns3:atemp>22.0</ns3:atemp>
            <ns3:hr>120</ns3:hr>
          </ns3:TrackPointExtension>
        </extensions>
      </trkpt>
      <trkpt lat="49.27273549139499664306640625" lon="11.20955966413021087646484375">
        <ele>396.79998779296875</ele>
        <time>2025-10-05T07:39:08.000Z</time>
        <extensions>
          <ns3:TrackPointExtension>
            <ns3:atemp>22.0</ns3:atemp>
            <ns3:hr>122</ns3:hr>
          </ns3:TrackPointExtension>
        </extensions>
      </trkpt>
      <trkpt lat="49.272797517478466033935546875" lon="11.2095407210290431976318359375">
        <ele>396.600006103515625</ele>
        <time>2025-10-05T07:39:10.000Z</time>
        <extensions>
          <ns3:TrackPointExtension>
            <ns3:atemp>22.0</ns3:atemp>
            <ns3:hr>122</ns3:hr>
          </ns3:TrackPointExtension>
        </extensions>
      </trkpt>
      <trkpt lat="49.27286247722804546356201171875" lon="11.20951331220567226409912109375">
        <ele>396</ele>
        <time>2025-10-05T07:39:17.000Z</time>
        <extensions>
          <ns3:TrackPointExtension>
            <ns3:atemp>22.0</ns3:atemp>
            <ns3:hr>119</ns3:hr>
          </ns3:TrackPointExtension>
        </extensions>
      </trkpt>
      <trkpt lat="49.2728674225509166717529296875" lon="11.20952957309782505035400390625">
        <ele>396</ele>
        <time>2025-10-05T07:39:18.000Z</time>
        <extensions>
          <ns3:TrackPointExtension>
            <ns3:atemp>22.0</ns3:atemp>
            <ns3:hr>117</ns3:hr>
          </ns3:TrackPointExtension>
        </extensions>
      </trkpt>
      <trkpt lat="49.273011423647403717041015625" lon="11.20946804992854595184326171875">
        <ele>395.600006103515625</ele>
        <time>2025-10-05T07:39:24.000Z</time>
        <extensions>
          <ns3:TrackPointExtension>
            <ns3:atemp>22.0</ns3:atemp>
            <ns3:hr>116</ns3:hr>
          </ns3:TrackPointExtension>
        </extensions>
      </trkpt>
      <trkpt lat="49.2730553448200225830078125" lon="11.20940686203539371490478515625">
        <ele>395.399993896484375</ele>
        <time>2025-10-05T07:39:26.000Z</time>
        <extensions>
          <ns3:TrackPointExtension>
            <ns3:atemp>22.0</ns3:atemp>
            <ns3:hr>115</ns3:hr>
          </ns3:TrackPointExtension>
        </extensions>
      </trkpt>
      <trkpt lat="49.27310563623905181884765625" lon="11.20930326171219348907470703125">
        <ele>395</ele>
        <time>2025-10-05T07:39:29.000Z</time>
        <extensions>
          <ns3:TrackPointExtension>
            <ns3:atemp>22.0</ns3:atemp>
            <ns3:hr>113</ns3:hr>
          </ns3:TrackPointExtension>
        </extensions>
      </trkpt>
      <trkpt lat="49.2732053808867931365966796875" lon="11.20900335721671581268310546875">
        <ele>394.600006103515625</ele>
        <time>2025-10-05T07:39:38.000Z</time>
        <extensions>
          <ns3:TrackPointExtension>
            <ns3:atemp>22.0</ns3:atemp>
            <ns3:hr>111</ns3:hr>
          </ns3:TrackPointExtension>
        </extensions>
      </trkpt>
      <trkpt lat="49.27331476472318172454833984375" lon="11.20889774523675441741943359375">
        <ele>394.79998779296875</ele>
        <time>2025-10-05T07:39:43.000Z</time>
        <extensions>
          <ns3:TrackPointExtension>
            <ns3:atemp>22.0</ns3:atemp>
            <ns3:hr>114</ns3:hr>
          </ns3:TrackPointExtension>
        </extensions>
      </trkpt>
      <trkpt lat="49.27332214079797267913818359375" lon="11.2088798917829990386962890625">
        <ele>394.79998779296875</ele>
        <time>2025-10-05T07:39:44.000Z</time>
        <extensions>
          <ns3:TrackPointExtension>
            <ns3:atemp>22.0</ns3:atemp>
            <ns3:hr>114</ns3:hr>
          </ns3:TrackPointExtension>
        </extensions>
      </trkpt>
      <trkpt lat="49.27332767285406589508056640625" lon="11.20874184183776378631591796875">
        <ele>394.20001220703125</ele>
        <time>2025-10-05T07:39:48.000Z</time>
        <extensions>
          <ns3:TrackPointExtension>
            <ns3:atemp>22.0</ns3:atemp>
            <ns3:hr>115</ns3:hr>
          </ns3:TrackPointExtension>
        </extensions>
      </trkpt>
      <trkpt lat="49.2733358033001422882080078125" lon="11.20865131728351116180419921875">
        <ele>393.79998779296875</ele>
        <time>2025-10-05T07:39:50.000Z</time>
        <extensions>
          <ns3:TrackPointExtension>
            <ns3:atemp>22.0</ns3:atemp>
            <ns3:hr>116</ns3:hr>
          </ns3:TrackPointExtension>
        </extensions>
      </trkpt>
      <trkpt lat="49.2733951471745967864990234375" lon="11.2083122693002223968505859375">
        <ele>393.79998779296875</ele>
        <time>2025-10-05T07:39:58.000Z</time>
        <extensions>
          <ns3:TrackPointExtension>
            <ns3:atemp>22.0</ns3:atemp>
            <ns3:hr>119</ns3:hr>
          </ns3:TrackPointExtension>
        </extensions>
      </trkpt>
      <trkpt lat="49.273411072790622711181640625" lon="11.20809945277869701385498046875">
        <ele>394</ele>
        <time>2025-10-05T07:40:03.000Z</time>
        <extensions>
          <ns3:TrackPointExtension>
            <ns3:atemp>22.0</ns3:atemp>
            <ns3:hr>122</ns3:hr>
          </ns3:TrackPointExtension>
        </extensions>
      </trkpt>
      <trkpt lat="49.2734166048467159271240234375" lon="11.20800574310123920440673828125">
        <ele>394</ele>
        <time>2025-10-05T07:40:05.000Z</time>
        <extensions>
          <ns3:TrackPointExtension>
            <ns3:atemp>22.0</ns3:atemp>
            <ns3:hr>123</ns3:hr>
          </ns3:TrackPointExtension>
        </extensions>
      </trkpt>
      <trkpt lat="49.2733961530029773712158203125" lon="11.2079106085002422332763671875">
        <ele>394</ele>
        <time>2025-10-05T07:40:07.000Z</time>
        <extensions>
          <ns3:TrackPointExtension>
            <ns3:atemp>22.0</ns3:atemp>
            <ns3:hr>124</ns3:hr>
          </ns3:TrackPointExtension>
        </extensions>
      </trkpt>
      <trkpt lat="49.2733435146510601043701171875" lon="11.20772930793464183807373046875">
        <ele>394</ele>
        <time>2025-10-05T07:40:11.000Z</time>
        <extensions>
          <ns3:TrackPointExtension>
            <ns3:atemp>22.0</ns3:atemp>
            <ns3:hr>125</ns3:hr>
          </ns3:TrackPointExtension>
        </extensions>
      </trkpt>
      <trkpt lat="49.27336673252284526824951171875" lon="11.2074928544461727142333984375">
        <ele>393.79998779296875</ele>
        <time>2025-10-05T07:40:18.000Z</time>
        <extensions>
          <ns3:TrackPointExtension>
            <ns3:atemp>21.0</ns3:atemp>
            <ns3:hr>124</ns3:hr>
          </ns3:TrackPointExtension>
        </extensions>
      </trkpt>
      <trkpt lat="49.27344334311783313751220703125" lon="11.20717710815370082855224609375">
        <ele>394</ele>
        <time>2025-10-05T07:40:26.000Z</time>
        <extensions>
          <ns3:TrackPointExtension>
            <ns3:atemp>21.0</ns3:atemp>
            <ns3:hr>127</ns3:hr>
          </ns3:TrackPointExtension>
        </extensions>
      </trkpt>
      <trkpt lat="49.27347687073051929473876953125" lon="11.20704165659844875335693359375">
        <ele>394</ele>
        <time>2025-10-05T07:40:30.000Z</time>
        <extensions>
          <ns3:TrackPointExtension>
            <ns3:atemp>21.0</ns3:atemp>
            <ns3:hr>130</ns3:hr>
          </ns3:TrackPointExtension>
        </extensions>
      </trkpt>
      <trkpt lat="49.27352632395923137664794921875" lon="11.2068955600261688232421875">
        <ele>394</ele>
        <time>2025-10-05T07:40:35.000Z</time>
        <extensions>
          <ns3:TrackPointExtension>
            <ns3:atemp>21.0</ns3:atemp>
            <ns3:hr>133</ns3:hr>
          </ns3:TrackPointExtension>
        </extensions>
      </trkpt>
      <trkpt lat="49.273578040301799774169921875" lon="11.20664502494037151336669921875">
        <ele>393.79998779296875</ele>
        <time>2025-10-05T07:40:41.000Z</time>
        <extensions>
          <ns3:TrackPointExtension>
            <ns3:atemp>21.0</ns3:atemp>
            <ns3:hr>136</ns3:hr>
          </ns3:TrackPointExtension>
        </extensions>
      </trkpt>
      <trkpt lat="49.27356437779963016510009765625" lon="11.206529438495635986328125">
        <ele>393.79998779296875</ele>
        <time>2025-10-05T07:40:43.000Z</time>
        <extensions>
          <ns3:TrackPointExtension>
            <ns3:atemp>21.0</ns3:atemp>
            <ns3:hr>139</ns3:hr>
          </ns3:TrackPointExtension>
        </extensions>
      </trkpt>
      <trkpt lat="49.273583404719829559326171875" lon="11.20645693503320217132568359375">
        <ele>393.600006103515625</ele>
        <time>2025-10-05T07:40:45.000Z</time>
        <extensions>
          <ns3:TrackPointExtension>
            <ns3:atemp>21.0</ns3:atemp>
            <ns3:hr>142</ns3:hr>
          </ns3:TrackPointExtension>
        </extensions>
      </trkpt>
      <trkpt lat="49.273602180182933807373046875" lon="11.20635266415774822235107421875">
        <ele>393.600006103515625</ele>
        <time>2025-10-05T07:40:48.000Z</time>
        <extensions>
          <ns3:TrackPointExtension>
            <ns3:atemp>21.0</ns3:atemp>
            <ns3:hr>141</ns3:hr>
          </ns3:TrackPointExtension>
        </extensions>
      </trkpt>
      <trkpt lat="49.27364802919328212738037109375" lon="11.20620422065258026123046875">
        <ele>393.600006103515625</ele>
        <time>2025-10-05T07:40:53.000Z</time>
        <extensions>
          <ns3:TrackPointExtension>
            <ns3:atemp>21.0</ns3:atemp>
            <ns3:hr>141</ns3:hr>
          </ns3:TrackPointExtension>
        </extensions>
      </trkpt>
      <trkpt lat="49.27367049269378185272216796875" lon="11.20611243881285190582275390625">
        <ele>393.600006103515625</ele>
        <time>2025-10-05T07:40:56.000Z</time>
        <extensions>
          <ns3:TrackPointExtension>
            <ns3:atemp>21.0</ns3:atemp>
            <ns3:hr>142</ns3:hr>
          </ns3:TrackPointExtension>
        </extensions>
      </trkpt>
      <trkpt lat="49.2737056128680706024169921875" lon="11.20597681961953639984130859375">
        <ele>393.79998779296875</ele>
        <time>2025-10-05T07:41:02.000Z</time>
        <extensions>
          <ns3:TrackPointExtension>
            <ns3:atemp>21.0</ns3:atemp>
            <ns3:hr>144</ns3:hr>
          </ns3:TrackPointExtension>
        </extensions>
      </trkpt>
      <trkpt lat="49.27371810190379619598388671875" lon="11.20589970611035823822021484375">
        <ele>394</ele>
        <time>2025-10-05T07:41:07.000Z</time>
        <extensions>
          <ns3:TrackPointExtension>
            <ns3:atemp>21.0</ns3:atemp>
            <ns3:hr>144</ns3:hr>
          </ns3:TrackPointExtension>
        </extensions>
      </trkpt>
      <trkpt lat="49.27376017905771732330322265625" lon="11.20566844940185546875">
        <ele>394</ele>
        <time>2025-10-05T07:41:14.000Z</time>
        <extensions>
          <ns3:TrackPointExtension>
            <ns3:atemp>21.0</ns3:atemp>
            <ns3:hr>144</ns3:hr>
          </ns3:TrackPointExtension>
        </extensions>
      </trkpt>
      <trkpt lat="49.27380493842065334320068359375" lon="11.2054533697664737701416015625">
        <ele>393.399993896484375</ele>
        <time>2025-10-05T07:41:20.000Z</time>
        <extensions>
          <ns3:TrackPointExtension>
            <ns3:atemp>21.0</ns3:atemp>
            <ns3:hr>141</ns3:hr>
          </ns3:TrackPointExtension>
        </extensions>
      </trkpt>
      <trkpt lat="49.27380778826773166656494140625" lon="11.2054211832582950592041015625">
        <ele>393.399993896484375</ele>
        <time>2025-10-05T07:41:21.000Z</time>
        <extensions>
          <ns3:TrackPointExtension>
            <ns3:atemp>21.0</ns3:atemp>
            <ns3:hr>140</ns3:hr>
          </ns3:TrackPointExtension>
        </extensions>
      </trkpt>
      <trkpt lat="49.2738695628941059112548828125" lon="11.2051888369023799896240234375">
        <ele>393.20001220703125</ele>
        <time>2025-10-05T07:41:27.000Z</time>
        <extensions>
          <ns3:TrackPointExtension>
            <ns3:atemp>21.0</ns3:atemp>
            <ns3:hr>137</ns3:hr>
          </ns3:TrackPointExtension>
        </extensions>
      </trkpt>
      <trkpt lat="49.2738658748567104339599609375" lon="11.20515539310872554779052734375">
        <ele>393.20001220703125</ele>
        <time>2025-10-05T07:41:28.000Z</time>
        <extensions>
          <ns3:TrackPointExtension>
            <ns3:atemp>21.0</ns3:atemp>
            <ns3:hr>137</ns3:hr>
          </ns3:TrackPointExtension>
        </extensions>
      </trkpt>
      <trkpt lat="49.2738618515431880950927734375" lon="11.2051271460950374603271484375">
        <ele>393</ele>
        <time>2025-10-05T07:41:29.000Z</time>
        <extensions>
          <ns3:TrackPointExtension>
            <ns3:atemp>21.0</ns3:atemp>
            <ns3:hr>137</ns3:hr>
          </ns3:TrackPointExtension>
        </extensions>
      </trkpt>
      <trkpt lat="49.27392027340829372406005859375" lon="11.20490645058453083038330078125">
        <ele>392.79998779296875</ele>
        <time>2025-10-05T07:41:34.000Z</time>
        <extensions>
          <ns3:TrackPointExtension>
            <ns3:atemp>21.0</ns3:atemp>
            <ns3:hr>139</ns3:hr>
          </ns3:TrackPointExtension>
        </extensions>
      </trkpt>
      <trkpt lat="49.27399621345102787017822265625" lon="11.20476865209639072418212890625">
        <ele>393.20001220703125</ele>
        <time>2025-10-05T07:41:39.000Z</time>
        <extensions>
          <ns3:TrackPointExtension>
            <ns3:atemp>21.0</ns3:atemp>
            <ns3:hr>137</ns3:hr>
          </ns3:TrackPointExtension>
        </extensions>
      </trkpt>
      <trkpt lat="49.27400945685803890228271484375" lon="11.20474669151008129119873046875">
        <ele>393.20001220703125</ele>
        <time>2025-10-05T07:41:40.000Z</time>
        <extensions>
          <ns3:TrackPointExtension>
            <ns3:atemp>21.0</ns3:atemp>
            <ns3:hr>135</ns3:hr>
          </ns3:TrackPointExtension>
        </extensions>
      </trkpt>
      <trkpt lat="49.2741086147725582122802734375" lon="11.20448903180658817291259765625">
        <ele>393</ele>
        <time>2025-10-05T07:41:46.000Z</time>
        <extensions>
          <ns3:TrackPointExtension>
            <ns3:atemp>21.0</ns3:atemp>
            <ns3:hr>135</ns3:hr>
          </ns3:TrackPointExtension>
        </extensions>
      </trkpt>
      <trkpt lat="49.27417038939893245697021484375" lon="11.2043409235775470733642578125">
        <ele>393</ele>
        <time>2025-10-05T07:41:50.000Z</time>
        <extensions>
          <ns3:TrackPointExtension>
            <ns3:atemp>20.0</ns3:atemp>
            <ns3:hr>139</ns3:hr>
          </ns3:TrackPointExtension>
        </extensions>
      </trkpt>
      <trkpt lat="49.2742155678570270538330078125" lon="11.2042547576129436492919921875">
        <ele>393</ele>
        <time>2025-10-05T07:41:52.000Z</time>
        <extensions>
          <ns3:TrackPointExtension>
            <ns3:atemp>20.0</ns3:atemp>
            <ns3:hr>139</ns3:hr>
          </ns3:TrackPointExtension>
        </extensions>
      </trkpt>
      <trkpt lat="49.2743972875177860260009765625" lon="11.20395778678357601165771484375">
        <ele>392.600006103515625</ele>
        <time>2025-10-05T07:42:00.000Z</time>
        <extensions>
          <ns3:TrackPointExtension>
            <ns3:atemp>20.0</ns3:atemp>
            <ns3:hr>141</ns3:hr>
          </ns3:TrackPointExtension>
        </extensions>
      </trkpt>
      <trkpt lat="49.2745739780366420745849609375" lon="11.2036621570587158203125">
        <ele>392.399993896484375</ele>
        <time>2025-10-05T07:42:09.000Z</time>
        <extensions>
          <ns3:TrackPointExtension>
            <ns3:atemp>20.0</ns3:atemp>
            <ns3:hr>140</ns3:hr>
          </ns3:TrackPointExtension>
        </extensions>
      </trkpt>
      <trkpt lat="49.27462720312178134918212890625" lon="11.20344364084303379058837890625">
        <ele>392</ele>
        <time>2025-10-05T07:42:15.000Z</time>
        <extensions>
          <ns3:TrackPointExtension>
            <ns3:atemp>20.0</ns3:atemp>
            <ns3:hr>143</ns3:hr>
          </ns3:TrackPointExtension>
        </extensions>
      </trkpt>
      <trkpt lat="49.2746440507471561431884765625" lon="11.2034132145345211029052734375">
        <ele>392</ele>
        <time>2025-10-05T07:42:16.000Z</time>
        <extensions>
          <ns3:TrackPointExtension>
            <ns3:atemp>20.0</ns3:atemp>
            <ns3:hr>143</ns3:hr>
          </ns3:TrackPointExtension>
        </extensions>
      </trkpt>
      <trkpt lat="49.2746953479945659637451171875" lon="11.203321851789951324462890625">
        <ele>392</ele>
        <time>2025-10-05T07:42:19.000Z</time>
        <extensions>
          <ns3:TrackPointExtension>
            <ns3:atemp>20.0</ns3:atemp>
            <ns3:hr>146</ns3:hr>
          </ns3:TrackPointExtension>
        </extensions>
      </trkpt>
      <trkpt lat="49.2747478187084197998046875" lon="11.203200481832027435302734375">
        <ele>392</ele>
        <time>2025-10-05T07:42:23.000Z</time>
        <extensions>
          <ns3:TrackPointExtension>
            <ns3:atemp>20.0</ns3:atemp>
            <ns3:hr>145</ns3:hr>
          </ns3:TrackPointExtension>
        </extensions>
      </trkpt>
      <trkpt lat="49.2748743854463100433349609375" lon="11.20300836861133575439453125">
        <ele>391.600006103515625</ele>
        <time>2025-10-05T07:42:30.000Z</time>
        <extensions>
          <ns3:TrackPointExtension>
            <ns3:atemp>20.0</ns3:atemp>
            <ns3:hr>144</ns3:hr>
          </ns3:TrackPointExtension>
        </extensions>
      </trkpt>
      <trkpt lat="49.2750121839344501495361328125" lon="11.2027215398848056793212890625">
        <ele>391.79998779296875</ele>
        <time>2025-10-05T07:42:38.000Z</time>
        <extensions>
          <ns3:TrackPointExtension>
            <ns3:atemp>20.0</ns3:atemp>
            <ns3:hr>145</ns3:hr>
          </ns3:TrackPointExtension>
        </extensions>
      </trkpt>
      <trkpt lat="49.27504244260489940643310546875" lon="11.20262405835092067718505859375">
        <ele>391.79998779296875</ele>
        <time>2025-10-05T07:42:41.000Z</time>
        <extensions>
          <ns3:TrackPointExtension>
            <ns3:atemp>20.0</ns3:atemp>
            <ns3:hr>145</ns3:hr>
          </ns3:TrackPointExtension>
        </extensions>
      </trkpt>
      <trkpt lat="49.2750936560332775115966796875" lon="11.20250486768782138824462890625">
        <ele>392.20001220703125</ele>
        <time>2025-10-05T07:42:45.000Z</time>
        <extensions>
          <ns3:TrackPointExtension>
            <ns3:atemp>20.0</ns3:atemp>
            <ns3:hr>144</ns3:hr>
          </ns3:TrackPointExtension>
        </extensions>
      </trkpt>
      <trkpt lat="49.2751851864159107208251953125" lon="11.202352233231067657470703125">
        <ele>392.20001220703125</ele>
        <time>2025-10-05T07:42:51.000Z</time>
        <extensions>
          <ns3:TrackPointExtension>
            <ns3:atemp>20.0</ns3:atemp>
            <ns3:hr>141</ns3:hr>
          </ns3:TrackPointExtension>
        </extensions>
      </trkpt>
      <trkpt lat="49.27521125413477420806884765625" lon="11.2022984214127063751220703125">
        <ele>392.20001220703125</ele>
        <time>2025-10-05T07:42:53.000Z</time>
        <extensions>
          <ns3:TrackPointExtension>
            <ns3:atemp>20.0</ns3:atemp>
            <ns3:hr>140</ns3:hr>
          </ns3:TrackPointExtension>
        </extensions>
      </trkpt>
      <trkpt lat="49.27534905262291431427001953125" lon="11.20203983969986438751220703125">
        <ele>392.20001220703125</ele>
        <time>2025-10-05T07:43:01.000Z</time>
        <extensions>
          <ns3:TrackPointExtension>
            <ns3:atemp>20.0</ns3:atemp>
            <ns3:hr>140</ns3:hr>
          </ns3:TrackPointExtension>
        </extensions>
      </trkpt>
      <trkpt lat="49.2754232324659824371337890625" lon="11.201781593263149261474609375">
        <ele>392.600006103515625</ele>
        <time>2025-10-05T07:43:08.000Z</time>
        <extensions>
          <ns3:TrackPointExtension>
            <ns3:atemp>20.0</ns3:atemp>
            <ns3:hr>142</ns3:hr>
          </ns3:TrackPointExtension>
        </extensions>
      </trkpt>
      <trkpt lat="49.27546187303960323333740234375" lon="11.20156668126583099365234375">
        <ele>392.79998779296875</ele>
        <time>2025-10-05T07:43:14.000Z</time>
        <extensions>
          <ns3:TrackPointExtension>
            <ns3:atemp>20.0</ns3:atemp>
            <ns3:hr>143</ns3:hr>
          </ns3:TrackPointExtension>
        </extensions>
      </trkpt>
      <trkpt lat="49.27552490495145320892333984375" lon="11.20135386474430561065673828125">
        <ele>392.79998779296875</ele>
        <time>2025-10-05T07:43:20.000Z</time>
        <extensions>
          <ns3:TrackPointExtension>
            <ns3:atemp>20.0</ns3:atemp>
            <ns3:hr>143</ns3:hr>
          </ns3:TrackPointExtension>
        </extensions>
      </trkpt>
      <trkpt lat="49.27558374591171741485595703125" lon="11.2011717259883880615234375">
        <ele>392.79998779296875</ele>
        <time>2025-10-05T07:43:26.000Z</time>
        <extensions>
          <ns3:TrackPointExtension>
            <ns3:atemp>20.0</ns3:atemp>
            <ns3:hr>141</ns3:hr>
          </ns3:TrackPointExtension>
        </extensions>
      </trkpt>
      <trkpt lat="49.27567326463758945465087890625" lon="11.20099092833697795867919921875">
        <ele>392.600006103515625</ele>
        <time>2025-10-05T07:43:31.000Z</time>
        <extensions>
          <ns3:TrackPointExtension>
            <ns3:atemp>19.0</ns3:atemp>
            <ns3:hr>141</ns3:hr>
          </ns3:TrackPointExtension>
        </extensions>
      </trkpt>
      <trkpt lat="49.27573285996913909912109375" lon="11.2008688040077686309814453125">
        <ele>392.79998779296875</ele>
        <time>2025-10-05T07:43:35.000Z</time>
        <extensions>
          <ns3:TrackPointExtension>
            <ns3:atemp>19.0</ns3:atemp>
            <ns3:hr>139</ns3:hr>
          </ns3:TrackPointExtension>
        </extensions>
      </trkpt>
      <trkpt lat="49.27585347555577754974365234375" lon="11.200594715774059295654296875">
        <ele>392.600006103515625</ele>
        <time>2025-10-05T07:43:43.000Z</time>
        <extensions>
          <ns3:TrackPointExtension>
            <ns3:atemp>19.0</ns3:atemp>
            <ns3:hr>138</ns3:hr>
          </ns3:TrackPointExtension>
        </extensions>
      </trkpt>
      <trkpt lat="49.27598775364458560943603515625" lon="11.20025969110429286956787109375">
        <ele>392.600006103515625</ele>
        <time>2025-10-05T07:43:52.000Z</time>
        <extensions>
          <ns3:TrackPointExtension>
            <ns3:atemp>19.0</ns3:atemp>
            <ns3:hr>138</ns3:hr>
          </ns3:TrackPointExtension>
        </extensions>
      </trkpt>
      <trkpt lat="49.2761170864105224609375" lon="11.20010345242917537689208984375">
        <ele>392.399993896484375</ele>
        <time>2025-10-05T07:43:58.000Z</time>
        <extensions>
          <ns3:TrackPointExtension>
            <ns3:atemp>19.0</ns3:atemp>
            <ns3:hr>141</ns3:hr>
          </ns3:TrackPointExtension>
        </extensions>
      </trkpt>
      <trkpt lat="49.27616192959249019622802734375" lon="11.19998208247125148773193359375">
        <ele>392.399993896484375</ele>
        <time>2025-10-05T07:44:01.000Z</time>
        <extensions>
          <ns3:TrackPointExtension>
            <ns3:atemp>19.0</ns3:atemp>
            <ns3:hr>140</ns3:hr>
          </ns3:TrackPointExtension>
        </extensions>
      </trkpt>
      <trkpt lat="49.2763231135904788970947265625" lon="11.1997131071984767913818359375">
        <ele>392.399993896484375</ele>
        <time>2025-10-05T07:44:09.000Z</time>
        <extensions>
          <ns3:TrackPointExtension>
            <ns3:atemp>19.0</ns3:atemp>
            <ns3:hr>141</ns3:hr>
          </ns3:TrackPointExtension>
        </extensions>
      </trkpt>
      <trkpt lat="49.27652754820883274078369140625" lon="11.199514456093311309814453125">
        <ele>392</ele>
        <time>2025-10-05T07:44:19.000Z</time>
        <extensions>
          <ns3:TrackPointExtension>
            <ns3:atemp>19.0</ns3:atemp>
            <ns3:hr>140</ns3:hr>
          </ns3:TrackPointExtension>
        </extensions>
      </trkpt>
      <trkpt lat="49.276710189878940582275390625" lon="11.19929887354373931884765625">
        <ele>391.399993896484375</ele>
        <time>2025-10-05T07:44:29.000Z</time>
        <extensions>
          <ns3:TrackPointExtension>
            <ns3:atemp>19.0</ns3:atemp>
            <ns3:hr>140</ns3:hr>
          </ns3:TrackPointExtension>
        </extensions>
      </trkpt>
      <trkpt lat="49.27685645408928394317626953125" lon="11.19916199706494808197021484375">
        <ele>391.20001220703125</ele>
        <time>2025-10-05T07:44:35.000Z</time>
        <extensions>
          <ns3:TrackPointExtension>
            <ns3:atemp>19.0</ns3:atemp>
            <ns3:hr>139</ns3:hr>
          </ns3:TrackPointExtension>
        </extensions>
      </trkpt>
      <trkpt lat="49.2768753133714199066162109375" lon="11.19914439506828784942626953125">
        <ele>391.20001220703125</ele>
        <time>2025-10-05T07:44:36.000Z</time>
        <extensions>
          <ns3:TrackPointExtension>
            <ns3:atemp>19.0</ns3:atemp>
            <ns3:hr>140</ns3:hr>
          </ns3:TrackPointExtension>
        </extensions>
      </trkpt>
      <trkpt lat="49.27703130058944225311279296875" lon="11.19891188107430934906005859375">
        <ele>391.20001220703125</ele>
        <time>2025-10-05T07:44:43.000Z</time>
        <extensions>
          <ns3:TrackPointExtension>
            <ns3:atemp>19.0</ns3:atemp>
            <ns3:hr>140</ns3:hr>
          </ns3:TrackPointExtension>
        </extensions>
      </trkpt>
      <trkpt lat="49.277101792395114898681640625" lon="11.19879805482923984527587890625">
        <ele>391.20001220703125</ele>
        <time>2025-10-05T07:44:48.000Z</time>
        <extensions>
          <ns3:TrackPointExtension>
            <ns3:atemp>19.0</ns3:atemp>
            <ns3:hr>143</ns3:hr>
          </ns3:TrackPointExtension>
        </extensions>
      </trkpt>
      <trkpt lat="49.2771442048251628875732421875" lon="11.19870685972273349761962890625">
        <ele>391.20001220703125</ele>
        <time>2025-10-05T07:44:51.000Z</time>
        <extensions>
          <ns3:TrackPointExtension>
            <ns3:atemp>19.0</ns3:atemp>
            <ns3:hr>142</ns3:hr>
          </ns3:TrackPointExtension>
        </extensions>
      </trkpt>
      <trkpt lat="49.27725543268024921417236328125" lon="11.198520027101039886474609375">
        <ele>391.399993896484375</ele>
        <time>2025-10-05T07:44:58.000Z</time>
        <extensions>
          <ns3:TrackPointExtension>
            <ns3:atemp>19.0</ns3:atemp>
            <ns3:hr>139</ns3:hr>
          </ns3:TrackPointExtension>
        </extensions>
      </trkpt>
      <trkpt lat="49.27732852287590503692626953125" lon="11.19837443344295024871826171875">
        <ele>391.600006103515625</ele>
        <time>2025-10-05T07:45:05.000Z</time>
        <extensions>
          <ns3:TrackPointExtension>
            <ns3:atemp>19.0</ns3:atemp>
            <ns3:hr>139</ns3:hr>
          </ns3:TrackPointExtension>
        </extensions>
      </trkpt>
      <trkpt lat="49.27735668607056140899658203125" lon="11.19836051948368549346923828125">
        <ele>391.79998779296875</ele>
        <time>2025-10-05T07:45:09.000Z</time>
        <extensions>
          <ns3:TrackPointExtension>
            <ns3:atemp>19.0</ns3:atemp>
            <ns3:hr>138</ns3:hr>
          </ns3:TrackPointExtension>
        </extensions>
      </trkpt>
      <trkpt lat="49.2773862741887569427490234375" lon="11.198423802852630615234375">
        <ele>391.20001220703125</ele>
        <time>2025-10-05T07:45:12.000Z</time>
        <extensions>
          <ns3:TrackPointExtension>
            <ns3:atemp>19.0</ns3:atemp>
            <ns3:hr>136</ns3:hr>
          </ns3:TrackPointExtension>
        </extensions>
      </trkpt>
      <trkpt lat="49.277415610849857330322265625" lon="11.1984786204993724822998046875">
        <ele>391</ele>
        <time>2025-10-05T07:45:15.000Z</time>
        <extensions>
          <ns3:TrackPointExtension>
            <ns3:atemp>19.0</ns3:atemp>
            <ns3:hr>135</ns3:hr>
          </ns3:TrackPointExtension>
        </extensions>
      </trkpt>
      <trkpt lat="49.27743447013199329376220703125" lon="11.19853519834578037261962890625">
        <ele>390.79998779296875</ele>
        <time>2025-10-05T07:45:19.000Z</time>
        <extensions>
          <ns3:TrackPointExtension>
            <ns3:atemp>19.0</ns3:atemp>
            <ns3:hr>134</ns3:hr>
          </ns3:TrackPointExtension>
        </extensions>
      </trkpt>
      <trkpt lat="49.27745307795703411102294921875" lon="11.19866981171071529388427734375">
        <ele>390.20001220703125</ele>
        <time>2025-10-05T07:45:25.000Z</time>
        <extensions>
          <ns3:TrackPointExtension>
            <ns3:atemp>19.0</ns3:atemp>
            <ns3:hr>131</ns3:hr>
          </ns3:TrackPointExtension>
        </extensions>
      </trkpt>
      <trkpt lat="49.277482666075229644775390625" lon="11.1986724101006984710693359375">
        <ele>389.79998779296875</ele>
        <time>2025-10-05T07:45:27.000Z</time>
        <extensions>
          <ns3:TrackPointExtension>
            <ns3:atemp>19.0</ns3:atemp>
            <ns3:hr>130</ns3:hr>
          </ns3:TrackPointExtension>
        </extensions>
      </trkpt>
      <trkpt lat="49.27749884314835071563720703125" lon="11.19867785833775997161865234375">
        <ele>389.600006103515625</ele>
        <time>2025-10-05T07:45:29.000Z</time>
        <extensions>
          <ns3:TrackPointExtension>
            <ns3:atemp>19.0</ns3:atemp>
            <ns3:hr>127</ns3:hr>
          </ns3:TrackPointExtension>
        </extensions>
      </trkpt>
      <trkpt lat="49.27748794667422771453857421875" lon="11.1987056024372577667236328125">
        <ele>389.399993896484375</ele>
        <time>2025-10-05T07:45:31.000Z</time>
        <extensions>
          <ns3:TrackPointExtension>
            <ns3:atemp>19.0</ns3:atemp>
            <ns3:hr>128</ns3:hr>
          </ns3:TrackPointExtension>
        </extensions>
      </trkpt>
      <trkpt lat="49.27744268439710140228271484375" lon="11.1987525410950183868408203125">
        <ele>389</ele>
        <time>2025-10-05T07:45:34.000Z</time>
        <extensions>
          <ns3:TrackPointExtension>
            <ns3:atemp>19.0</ns3:atemp>
            <ns3:hr>128</ns3:hr>
          </ns3:TrackPointExtension>
        </extensions>
      </trkpt>
      <trkpt lat="49.27742240019142627716064453125" lon="11.1987535469233989715576171875">
        <ele>388.79998779296875</ele>
        <time>2025-10-05T07:45:35.000Z</time>
        <extensions>
          <ns3:TrackPointExtension>
            <ns3:atemp>19.0</ns3:atemp>
            <ns3:hr>127</ns3:hr>
          </ns3:TrackPointExtension>
        </extensions>
      </trkpt>
      <trkpt lat="49.27741250954568386077880859375" lon="11.1987424828112125396728515625">
        <ele>388.399993896484375</ele>
        <time>2025-10-05T07:45:40.000Z</time>
        <extensions>
          <ns3:TrackPointExtension>
            <ns3:atemp>19.0</ns3:atemp>
            <ns3:hr>125</ns3:hr>
          </ns3:TrackPointExtension>
        </extensions>
      </trkpt>
      <trkpt lat="49.27740664221346378326416015625" lon="11.19876000098884105682373046875">
        <ele>388.399993896484375</ele>
        <time>2025-10-05T07:45:41.000Z</time>
        <extensions>
          <ns3:TrackPointExtension>
            <ns3:atemp>19.0</ns3:atemp>
            <ns3:hr>126</ns3:hr>
          </ns3:TrackPointExtension>
        </extensions>
      </trkpt>
      <trkpt lat="49.2774077318608760833740234375" lon="11.19880425743758678436279296875">
        <ele>387.79998779296875</ele>
        <time>2025-10-05T07:45:48.000Z</time>
        <extensions>
          <ns3:TrackPointExtension>
            <ns3:atemp>19.0</ns3:atemp>
            <ns3:hr>126</ns3:hr>
          </ns3:TrackPointExtension>
        </extensions>
      </trkpt>
      <trkpt lat="49.27740680985152721405029296875" lon="11.19879998266696929931640625">
        <ele>387.600006103515625</ele>
        <time>2025-10-05T07:45:49.000Z</time>
        <extensions>
          <ns3:TrackPointExtension>
            <ns3:atemp>19.0</ns3:atemp>
            <ns3:hr>125</ns3:hr>
          </ns3:TrackPointExtension>
        </extensions>
      </trkpt>
      <trkpt lat="49.27738769911229610443115234375" lon="11.1987532116472721099853515625">
        <ele>387.600006103515625</ele>
        <time>2025-10-05T07:45:51.000Z</time>
        <extensions>
          <ns3:TrackPointExtension>
            <ns3:atemp>19.0</ns3:atemp>
            <ns3:hr>127</ns3:hr>
          </ns3:TrackPointExtension>
        </extensions>
      </trkpt>
      <trkpt lat="49.27737378515303134918212890625" lon="11.19856822304427623748779296875">
        <ele>388.399993896484375</ele>
        <time>2025-10-05T07:45:58.000Z</time>
        <extensions>
          <ns3:TrackPointExtension>
            <ns3:atemp>19.0</ns3:atemp>
            <ns3:hr>127</ns3:hr>
          </ns3:TrackPointExtension>
        </extensions>
      </trkpt>
      <trkpt lat="49.27735383622348308563232421875" lon="11.19851742871105670928955078125">
        <ele>388.399993896484375</ele>
        <time>2025-10-05T07:46:01.000Z</time>
        <extensions>
          <ns3:TrackPointExtension>
            <ns3:atemp>19.0</ns3:atemp>
            <ns3:hr>128</ns3:hr>
          </ns3:TrackPointExtension>
        </extensions>
      </trkpt>
      <trkpt lat="49.27730220369994640350341796875" lon="11.19837409816682338714599609375">
        <ele>388.600006103515625</ele>
        <time>2025-10-05T07:46:09.000Z</time>
        <extensions>
          <ns3:TrackPointExtension>
            <ns3:atemp>19.0</ns3:atemp>
            <ns3:hr>129</ns3:hr>
          </ns3:TrackPointExtension>
        </extensions>
      </trkpt>
      <trkpt lat="49.277300275862216949462890625" lon="11.19833034463226795196533203125">
        <ele>388.600006103515625</ele>
        <time>2025-10-05T07:46:11.000Z</time>
        <extensions>
          <ns3:TrackPointExtension>
            <ns3:atemp>19.0</ns3:atemp>
            <ns3:hr>130</ns3:hr>
          </ns3:TrackPointExtension>
        </extensions>
      </trkpt>
      <trkpt lat="49.2773135192692279815673828125" lon="11.19830419309437274932861328125">
        <ele>388.79998779296875</ele>
        <time>2025-10-05T07:46:12.000Z</time>
        <extensions>
          <ns3:TrackPointExtension>
            <ns3:atemp>19.0</ns3:atemp>
            <ns3:hr>131</ns3:hr>
          </ns3:TrackPointExtension>
        </extensions>
      </trkpt>
      <trkpt lat="49.27737730555236339569091796875" lon="11.19824099354445934295654296875">
        <ele>388.399993896484375</ele>
        <time>2025-10-05T07:46:15.000Z</time>
        <extensions>
          <ns3:TrackPointExtension>
            <ns3:atemp>19.0</ns3:atemp>
            <ns3:hr>130</ns3:hr>
          </ns3:TrackPointExtension>
        </extensions>
      </trkpt>
      <trkpt lat="49.27747436799108982086181640625" lon="11.1980065517127513885498046875">
        <ele>388.399993896484375</ele>
        <time>2025-10-05T07:46:23.000Z</time>
        <extensions>
          <ns3:TrackPointExtension>
            <ns3:atemp>19.0</ns3:atemp>
            <ns3:hr>131</ns3:hr>
          </ns3:TrackPointExtension>
        </extensions>
      </trkpt>
      <trkpt lat="49.27748878486454486846923828125" lon="11.1979747004806995391845703125">
        <ele>388.20001220703125</ele>
        <time>2025-10-05T07:46:24.000Z</time>
        <extensions>
          <ns3:TrackPointExtension>
            <ns3:atemp>19.0</ns3:atemp>
            <ns3:hr>128</ns3:hr>
          </ns3:TrackPointExtension>
        </extensions>
      </trkpt>
      <trkpt lat="49.2775616236031055450439453125" lon="11.19782902300357818603515625">
        <ele>388.600006103515625</ele>
        <time>2025-10-05T07:46:29.000Z</time>
        <extensions>
          <ns3:TrackPointExtension>
            <ns3:atemp>19.0</ns3:atemp>
            <ns3:hr>125</ns3:hr>
          </ns3:TrackPointExtension>
        </extensions>
      </trkpt>
      <trkpt lat="49.277591966092586517333984375" lon="11.19777663610875606536865234375">
        <ele>388.600006103515625</ele>
        <time>2025-10-05T07:46:31.000Z</time>
        <extensions>
          <ns3:TrackPointExtension>
            <ns3:atemp>19.0</ns3:atemp>
            <ns3:hr>122</ns3:hr>
          </ns3:TrackPointExtension>
        </extensions>
      </trkpt>
      <trkpt lat="49.27770755253732204437255859375" lon="11.197564490139484405517578125">
        <ele>388</ele>
        <time>2025-10-05T07:46:39.000Z</time>
        <extensions>
          <ns3:TrackPointExtension>
            <ns3:atemp>19.0</ns3:atemp>
            <ns3:hr>120</ns3:hr>
          </ns3:TrackPointExtension>
        </extensions>
      </trkpt>
      <trkpt lat="49.2777865938842296600341796875" lon="11.19744555093348026275634765625">
        <ele>387.600006103515625</ele>
        <time>2025-10-05T07:46:43.000Z</time>
        <extensions>
          <ns3:TrackPointExtension>
            <ns3:atemp>19.0</ns3:atemp>
            <ns3:hr>119</ns3:hr>
          </ns3:TrackPointExtension>
        </extensions>
      </trkpt>
      <trkpt lat="49.27783428691327571868896484375" lon="11.19735301472246646881103515625">
        <ele>387.399993896484375</ele>
        <time>2025-10-05T07:46:46.000Z</time>
        <extensions>
          <ns3:TrackPointExtension>
            <ns3:atemp>19.0</ns3:atemp>
            <ns3:hr>120</ns3:hr>
          </ns3:TrackPointExtension>
        </extensions>
      </trkpt>
      <trkpt lat="49.2778699100017547607421875" lon="11.19724337942898273468017578125">
        <ele>387.600006103515625</ele>
        <time>2025-10-05T07:46:49.000Z</time>
        <extensions>
          <ns3:TrackPointExtension>
            <ns3:atemp>19.0</ns3:atemp>
            <ns3:hr>123</ns3:hr>
          </ns3:TrackPointExtension>
        </extensions>
      </trkpt>
      <trkpt lat="49.27793151699006557464599609375" lon="11.1971710436046123504638671875">
        <ele>387.600006103515625</ele>
        <time>2025-10-05T07:46:52.000Z</time>
        <extensions>
          <ns3:TrackPointExtension>
            <ns3:atemp>19.0</ns3:atemp>
            <ns3:hr>126</ns3:hr>
          </ns3:TrackPointExtension>
        </extensions>
      </trkpt>
      <trkpt lat="49.27798029966652393341064453125" lon="11.197069622576236724853515625">
        <ele>387.600006103515625</ele>
        <time>2025-10-05T07:46:55.000Z</time>
        <extensions>
          <ns3:TrackPointExtension>
            <ns3:atemp>19.0</ns3:atemp>
            <ns3:hr>126</ns3:hr>
          </ns3:TrackPointExtension>
        </extensions>
      </trkpt>
      <trkpt lat="49.27805506624281406402587890625" lon="11.196943223476409912109375">
        <ele>387.399993896484375</ele>
        <time>2025-10-05T07:47:00.000Z</time>
        <extensions>
          <ns3:TrackPointExtension>
            <ns3:atemp>19.0</ns3:atemp>
            <ns3:hr>129</ns3:hr>
          </ns3:TrackPointExtension>
        </extensions>
      </trkpt>
      <trkpt lat="49.27808582782745361328125" lon="11.19690458290278911590576171875">
        <ele>387.399993896484375</ele>
        <time>2025-10-05T07:47:03.000Z</time>
        <extensions>
          <ns3:TrackPointExtension>
            <ns3:atemp>18.0</ns3:atemp>
            <ns3:hr>131</ns3:hr>
          </ns3:TrackPointExtension>
        </extensions>
      </trkpt>
      <trkpt lat="49.2781084589660167694091796875" lon="11.19686208665370941162109375">
        <ele>387.600006103515625</ele>
        <time>2025-10-05T07:47:06.000Z</time>
        <extensions>
          <ns3:TrackPointExtension>
            <ns3:atemp>19.0</ns3:atemp>
            <ns3:hr>133</ns3:hr>
          </ns3:TrackPointExtension>
        </extensions>
      </trkpt>
      <trkpt lat="49.2781396396458148956298828125" lon="11.19681238196790218353271484375">
        <ele>387.600006103515625</ele>
        <time>2025-10-05T07:47:09.000Z</time>
        <extensions>
          <ns3:TrackPointExtension>
            <ns3:atemp>18.0</ns3:atemp>
            <ns3:hr>134</ns3:hr>
          </ns3:TrackPointExtension>
        </extensions>
      </trkpt>
      <trkpt lat="49.278202168643474578857421875" lon="11.19666921906173229217529296875">
        <ele>387.600006103515625</ele>
        <time>2025-10-05T07:47:15.000Z</time>
        <extensions>
          <ns3:TrackPointExtension>
            <ns3:atemp>18.0</ns3:atemp>
            <ns3:hr>133</ns3:hr>
          </ns3:TrackPointExtension>
        </extensions>
      </trkpt>
      <trkpt lat="49.278206862509250640869140625" lon="11.196659244596958160400390625">
        <ele>387.600006103515625</ele>
        <time>2025-10-05T07:47:16.000Z</time>
        <extensions>
          <ns3:TrackPointExtension>
            <ns3:atemp>18.0</ns3:atemp>
            <ns3:hr>133</ns3:hr>
          </ns3:TrackPointExtension>
        </extensions>
      </trkpt>
      <trkpt lat="49.27821214310824871063232421875" lon="11.1966590769588947296142578125">
        <ele>388</ele>
        <time>2025-10-05T07:47:19.000Z</time>
        <extensions>
          <ns3:TrackPointExtension>
            <ns3:atemp>18.0</ns3:atemp>
            <ns3:hr>133</ns3:hr>
          </ns3:TrackPointExtension>
        </extensions>
      </trkpt>
      <trkpt lat="49.27821733988821506500244140625" lon="11.19661725126206874847412109375">
        <ele>388</ele>
        <time>2025-10-05T07:47:22.000Z</time>
        <extensions>
          <ns3:TrackPointExtension>
            <ns3:atemp>18.0</ns3:atemp>
            <ns3:hr>132</ns3:hr>
          </ns3:TrackPointExtension>
        </extensions>
      </trkpt>
      <trkpt lat="49.27823477424681186676025390625" lon="11.19654432870447635650634765625">
        <ele>388</ele>
        <time>2025-10-05T07:47:25.000Z</time>
        <extensions>
          <ns3:TrackPointExtension>
            <ns3:atemp>18.0</ns3:atemp>
            <ns3:hr>131</ns3:hr>
          </ns3:TrackPointExtension>
        </extensions>
      </trkpt>
      <trkpt lat="49.278260171413421630859375" lon="11.196471154689788818359375">
        <ele>387.79998779296875</ele>
        <time>2025-10-05T07:47:27.000Z</time>
        <extensions>
          <ns3:TrackPointExtension>
            <ns3:atemp>18.0</ns3:atemp>
            <ns3:hr>132</ns3:hr>
          </ns3:TrackPointExtension>
        </extensions>
      </trkpt>
      <trkpt lat="49.278324209153652191162109375" lon="11.19620854966342449188232421875">
        <ele>387.600006103515625</ele>
        <time>2025-10-05T07:47:34.000Z</time>
        <extensions>
          <ns3:TrackPointExtension>
            <ns3:atemp>18.0</ns3:atemp>
            <ns3:hr>130</ns3:hr>
          </ns3:TrackPointExtension>
        </extensions>
      </trkpt>
      <trkpt lat="49.27836410701274871826171875" lon="11.19610570371150970458984375">
        <ele>387.600006103515625</ele>
        <time>2025-10-05T07:47:37.000Z</time>
        <extensions>
          <ns3:TrackPointExtension>
            <ns3:atemp>18.0</ns3:atemp>
            <ns3:hr>127</ns3:hr>
          </ns3:TrackPointExtension>
        </extensions>
      </trkpt>
      <trkpt lat="49.27838824689388275146484375" lon="11.1958473734557628631591796875">
        <ele>388</ele>
        <time>2025-10-05T07:47:43.000Z</time>
        <extensions>
          <ns3:TrackPointExtension>
            <ns3:atemp>18.0</ns3:atemp>
            <ns3:hr>125</ns3:hr>
          </ns3:TrackPointExtension>
        </extensions>
      </trkpt>
      <trkpt lat="49.27849109284579753875732421875" lon="11.19550949893891811370849609375">
        <ele>388</ele>
        <time>2025-10-05T07:47:52.000Z</time>
        <extensions>
          <ns3:TrackPointExtension>
            <ns3:atemp>18.0</ns3:atemp>
            <ns3:hr>123</ns3:hr>
          </ns3:TrackPointExtension>
        </extensions>
      </trkpt>
      <trkpt lat="49.27852638065814971923828125" lon="11.19537807069718837738037109375">
        <ele>388</ele>
        <time>2025-10-05T07:47:56.000Z</time>
        <extensions>
          <ns3:TrackPointExtension>
            <ns3:atemp>18.0</ns3:atemp>
            <ns3:hr>126</ns3:hr>
          </ns3:TrackPointExtension>
        </extensions>
      </trkpt>
      <trkpt lat="49.2785677872598171234130859375" lon="11.1952696926891803741455078125">
        <ele>388.20001220703125</ele>
        <time>2025-10-05T07:48:00.000Z</time>
        <extensions>
          <ns3:TrackPointExtension>
            <ns3:atemp>18.0</ns3:atemp>
            <ns3:hr>129</ns3:hr>
          </ns3:TrackPointExtension>
        </extensions>
      </trkpt>
      <trkpt lat="49.27857826463878154754638671875" lon="11.19522937573492527008056640625">
        <ele>388.20001220703125</ele>
        <time>2025-10-05T07:48:01.000Z</time>
        <extensions>
          <ns3:TrackPointExtension>
            <ns3:atemp>18.0</ns3:atemp>
            <ns3:hr>129</ns3:hr>
          </ns3:TrackPointExtension>
        </extensions>
      </trkpt>
      <trkpt lat="49.2786284722387790679931640625" lon="11.19500608183443546295166015625">
        <ele>388</ele>
        <time>2025-10-05T07:48:07.000Z</time>
        <extensions>
          <ns3:TrackPointExtension>
            <ns3:atemp>18.0</ns3:atemp>
            <ns3:hr>132</ns3:hr>
          </ns3:TrackPointExtension>
        </extensions>
      </trkpt>
      <trkpt lat="49.278629310429096221923828125" lon="11.1949790082871913909912109375">
        <ele>388</ele>
        <time>2025-10-05T07:48:08.000Z</time>
        <extensions>
          <ns3:TrackPointExtension>
            <ns3:atemp>18.0</ns3:atemp>
            <ns3:hr>132</ns3:hr>
          </ns3:TrackPointExtension>
        </extensions>
      </trkpt>
      <trkpt lat="49.27871170453727245330810546875" lon="11.1947919242084026336669921875">
        <ele>388</ele>
        <time>2025-10-05T07:48:13.000Z</time>
        <extensions>
          <ns3:TrackPointExtension>
            <ns3:atemp>18.0</ns3:atemp>
            <ns3:hr>135</ns3:hr>
          </ns3:TrackPointExtension>
        </extensions>
      </trkpt>
      <trkpt lat="49.278758056461811065673828125" lon="11.194673068821430206298828125">
        <ele>387.79998779296875</ele>
        <time>2025-10-05T07:48:16.000Z</time>
        <extensions>
          <ns3:TrackPointExtension>
            <ns3:atemp>18.0</ns3:atemp>
            <ns3:hr>136</ns3:hr>
          </ns3:TrackPointExtension>
        </extensions>
      </trkpt>
      <trkpt lat="49.2787746526300907135009765625" lon="11.1946383677423000335693359375">
        <ele>387.79998779296875</ele>
        <time>2025-10-05T07:48:17.000Z</time>
        <extensions>
          <ns3:TrackPointExtension>
            <ns3:atemp>18.0</ns3:atemp>
            <ns3:hr>136</ns3:hr>
          </ns3:TrackPointExtension>
        </extensions>
      </trkpt>
      <trkpt lat="49.2788638360798358917236328125" lon="11.1942408978939056396484375">
        <ele>387.79998779296875</ele>
        <time>2025-10-05T07:48:28.000Z</time>
        <extensions>
          <ns3:TrackPointExtension>
            <ns3:atemp>18.0</ns3:atemp>
            <ns3:hr>136</ns3:hr>
          </ns3:TrackPointExtension>
        </extensions>
      </trkpt>
      <trkpt lat="49.27895394153892993927001953125" lon="11.1938987486064434051513671875">
        <ele>387.79998779296875</ele>
        <time>2025-10-05T07:48:37.000Z</time>
        <extensions>
          <ns3:TrackPointExtension>
            <ns3:atemp>18.0</ns3:atemp>
            <ns3:hr>133</ns3:hr>
          </ns3:TrackPointExtension>
        </extensions>
      </trkpt>
      <trkpt lat="49.27904882468283176422119140625" lon="11.1935730278491973876953125">
        <ele>387.600006103515625</ele>
        <time>2025-10-05T07:48:47.000Z</time>
        <extensions>
          <ns3:TrackPointExtension>
            <ns3:atemp>18.0</ns3:atemp>
            <ns3:hr>134</ns3:hr>
          </ns3:TrackPointExtension>
        </extensions>
      </trkpt>
      <trkpt lat="49.27914488129317760467529296875" lon="11.19331612251698970794677734375">
        <ele>387.600006103515625</ele>
        <time>2025-10-05T07:48:54.000Z</time>
        <extensions>
          <ns3:TrackPointExtension>
            <ns3:atemp>18.0</ns3:atemp>
            <ns3:hr>136</ns3:hr>
          </ns3:TrackPointExtension>
        </extensions>
      </trkpt>
      <trkpt lat="49.2792485654354095458984375" lon="11.1929673515260219573974609375">
        <ele>387.20001220703125</ele>
        <time>2025-10-05T07:49:03.000Z</time>
        <extensions>
          <ns3:TrackPointExtension>
            <ns3:atemp>18.0</ns3:atemp>
            <ns3:hr>137</ns3:hr>
          </ns3:TrackPointExtension>
        </extensions>
      </trkpt>
      <trkpt lat="49.2793965898454189300537109375" lon="11.19258203543722629547119140625">
        <ele>387.20001220703125</ele>
        <time>2025-10-05T07:49:14.000Z</time>
        <extensions>
          <ns3:TrackPointExtension>
            <ns3:atemp>18.0</ns3:atemp>
            <ns3:hr>138</ns3:hr>
          </ns3:TrackPointExtension>
        </extensions>
      </trkpt>
      <trkpt lat="49.27944545634090900421142578125" lon="11.19232320226728916168212890625">
        <ele>386.79998779296875</ele>
        <time>2025-10-05T07:49:22.000Z</time>
        <extensions>
          <ns3:TrackPointExtension>
            <ns3:atemp>18.0</ns3:atemp>
            <ns3:hr>138</ns3:hr>
          </ns3:TrackPointExtension>
        </extensions>
      </trkpt>
      <trkpt lat="49.27949088625609874725341796875" lon="11.192067973315715789794921875">
        <ele>387</ele>
        <time>2025-10-05T07:49:29.000Z</time>
        <extensions>
          <ns3:TrackPointExtension>
            <ns3:atemp>17.0</ns3:atemp>
            <ns3:hr>138</ns3:hr>
          </ns3:TrackPointExtension>
        </extensions>
      </trkpt>
      <trkpt lat="49.2795467935502529144287109375" lon="11.1918545700609683990478515625">
        <ele>387.20001220703125</ele>
        <time>2025-10-05T07:49:35.000Z</time>
        <extensions>
          <ns3:TrackPointExtension>
            <ns3:atemp>17.0</ns3:atemp>
            <ns3:hr>137</ns3:hr>
          </ns3:TrackPointExtension>
        </extensions>
      </trkpt>
      <trkpt lat="49.279601275920867919921875" lon="11.19171165861189365386962890625">
        <ele>387.20001220703125</ele>
        <time>2025-10-05T07:49:39.000Z</time>
        <extensions>
          <ns3:TrackPointExtension>
            <ns3:atemp>17.0</ns3:atemp>
            <ns3:hr>136</ns3:hr>
          </ns3:TrackPointExtension>
        </extensions>
      </trkpt>
      <trkpt lat="49.27966992370784282684326171875" lon="11.19152474217116832733154296875">
        <ele>387</ele>
        <time>2025-10-05T07:49:44.000Z</time>
        <extensions>
          <ns3:TrackPointExtension>
            <ns3:atemp>17.0</ns3:atemp>
            <ns3:hr>136</ns3:hr>
          </ns3:TrackPointExtension>
        </extensions>
      </trkpt>
      <trkpt lat="49.2797918803989887237548828125" lon="11.191246546804904937744140625">
        <ele>386.79998779296875</ele>
        <time>2025-10-05T07:49:52.000Z</time>
        <extensions>
          <ns3:TrackPointExtension>
            <ns3:atemp>17.0</ns3:atemp>
            <ns3:hr>137</ns3:hr>
          </ns3:TrackPointExtension>
        </extensions>
      </trkpt>
      <trkpt lat="49.27981157787144184112548828125" lon="11.1910968460142612457275390625">
        <ele>386.600006103515625</ele>
        <time>2025-10-05T07:49:56.000Z</time>
        <extensions>
          <ns3:TrackPointExtension>
            <ns3:atemp>17.0</ns3:atemp>
            <ns3:hr>137</ns3:hr>
          </ns3:TrackPointExtension>
        </extensions>
      </trkpt>
      <trkpt lat="49.2798649705946445465087890625" lon="11.19096181355416774749755859375">
        <ele>386.600006103515625</ele>
        <time>2025-10-05T07:50:00.000Z</time>
        <extensions>
          <ns3:TrackPointExtension>
            <ns3:atemp>17.0</ns3:atemp>
            <ns3:hr>137</ns3:hr>
          </ns3:TrackPointExtension>
        </extensions>
      </trkpt>
      <trkpt lat="49.27989640273153781890869140625" lon="11.19086223654448986053466796875">
        <ele>386.399993896484375</ele>
        <time>2025-10-05T07:50:03.000Z</time>
        <extensions>
          <ns3:TrackPointExtension>
            <ns3:atemp>17.0</ns3:atemp>
            <ns3:hr>137</ns3:hr>
          </ns3:TrackPointExtension>
        </extensions>
      </trkpt>
      <trkpt lat="49.279885590076446533203125" lon="11.1908038146793842315673828125">
        <ele>386.20001220703125</ele>
        <time>2025-10-05T07:50:05.000Z</time>
        <extensions>
          <ns3:TrackPointExtension>
            <ns3:atemp>17.0</ns3:atemp>
            <ns3:hr>137</ns3:hr>
          </ns3:TrackPointExtension>
        </extensions>
      </trkpt>
      <trkpt lat="49.27990972995758056640625" lon="11.190607845783233642578125">
        <ele>386</ele>
        <time>2025-10-05T07:50:11.000Z</time>
        <extensions>
          <ns3:TrackPointExtension>
            <ns3:atemp>17.0</ns3:atemp>
            <ns3:hr>136</ns3:hr>
          </ns3:TrackPointExtension>
        </extensions>
      </trkpt>
      <trkpt lat="49.280068986117839813232421875" lon="11.19053685106337070465087890625">
        <ele>386</ele>
        <time>2025-10-05T07:50:17.000Z</time>
        <extensions>
          <ns3:TrackPointExtension>
            <ns3:atemp>17.0</ns3:atemp>
            <ns3:hr>135</ns3:hr>
          </ns3:TrackPointExtension>
        </extensions>
      </trkpt>
      <trkpt lat="49.28019069135189056396484375" lon="11.19043040089309215545654296875">
        <ele>385.79998779296875</ele>
        <time>2025-10-05T07:50:23.000Z</time>
        <extensions>
          <ns3:TrackPointExtension>
            <ns3:atemp>17.0</ns3:atemp>
            <ns3:hr>137</ns3:hr>
          </ns3:TrackPointExtension>
        </extensions>
      </trkpt>
      <trkpt lat="49.28027057088911533355712890625" lon="11.1904806084930896759033203125">
        <ele>385.600006103515625</ele>
        <time>2025-10-05T07:50:26.000Z</time>
        <extensions>
          <ns3:TrackPointExtension>
            <ns3:atemp>17.0</ns3:atemp>
            <ns3:hr>137</ns3:hr>
          </ns3:TrackPointExtension>
        </extensions>
      </trkpt>
      <trkpt lat="49.28035556338727474212646484375" lon="11.1905179917812347412109375">
        <ele>385.600006103515625</ele>
        <time>2025-10-05T07:50:29.000Z</time>
        <extensions>
          <ns3:TrackPointExtension>
            <ns3:atemp>17.0</ns3:atemp>
            <ns3:hr>139</ns3:hr>
          </ns3:TrackPointExtension>
        </extensions>
      </trkpt>
      <trkpt lat="49.280541054904460906982421875" lon="11.19054389186203479766845703125">
        <ele>385.399993896484375</ele>
        <time>2025-10-05T07:50:36.000Z</time>
        <extensions>
          <ns3:TrackPointExtension>
            <ns3:atemp>17.0</ns3:atemp>
            <ns3:hr>142</ns3:hr>
          </ns3:TrackPointExtension>
        </extensions>
      </trkpt>
      <trkpt lat="49.2807309888303279876708984375" lon="11.19053215719759464263916015625">
        <ele>385.399993896484375</ele>
        <time>2025-10-05T07:50:44.000Z</time>
        <extensions>
          <ns3:TrackPointExtension>
            <ns3:atemp>17.0</ns3:atemp>
            <ns3:hr>142</ns3:hr>
          </ns3:TrackPointExtension>
        </extensions>
      </trkpt>
      <trkpt lat="49.28087054751813411712646484375" lon="11.190488152205944061279296875">
        <ele>385.20001220703125</ele>
        <time>2025-10-05T07:50:50.000Z</time>
        <extensions>
          <ns3:TrackPointExtension>
            <ns3:atemp>17.0</ns3:atemp>
            <ns3:hr>145</ns3:hr>
          </ns3:TrackPointExtension>
        </extensions>
      </trkpt>
      <trkpt lat="49.2808962799608707427978515625" lon="11.19047633372247219085693359375">
        <ele>385.20001220703125</ele>
        <time>2025-10-05T07:50:51.000Z</time>
        <extensions>
          <ns3:TrackPointExtension>
            <ns3:atemp>17.0</ns3:atemp>
            <ns3:hr>146</ns3:hr>
          </ns3:TrackPointExtension>
        </extensions>
      </trkpt>
      <trkpt lat="49.28115519694983959197998046875" lon="11.19033870287239551544189453125">
        <ele>386</ele>
        <time>2025-10-05T07:51:02.000Z</time>
        <extensions>
          <ns3:TrackPointExtension>
            <ns3:atemp>17.0</ns3:atemp>
            <ns3:hr>146</ns3:hr>
          </ns3:TrackPointExtension>
        </extensions>
      </trkpt>
      <trkpt lat="49.28142408840358257293701171875" lon="11.19025136344134807586669921875">
        <ele>386.600006103515625</ele>
        <time>2025-10-05T07:51:13.000Z</time>
        <extensions>
          <ns3:TrackPointExtension>
            <ns3:atemp>17.0</ns3:atemp>
            <ns3:hr>147</ns3:hr>
          </ns3:TrackPointExtension>
        </extensions>
      </trkpt>
      <trkpt lat="49.28144940175116062164306640625" lon="11.19024868123233318328857421875">
        <ele>386.79998779296875</ele>
        <time>2025-10-05T07:51:14.000Z</time>
        <extensions>
          <ns3:TrackPointExtension>
            <ns3:atemp>17.0</ns3:atemp>
            <ns3:hr>148</ns3:hr>
          </ns3:TrackPointExtension>
        </extensions>
      </trkpt>
      <trkpt lat="49.28163749165832996368408203125" lon="11.190213225781917572021484375">
        <ele>387.399993896484375</ele>
        <time>2025-10-05T07:51:22.000Z</time>
        <extensions>
          <ns3:TrackPointExtension>
            <ns3:atemp>17.0</ns3:atemp>
            <ns3:hr>148</ns3:hr>
          </ns3:TrackPointExtension>
        </extensions>
      </trkpt>
      <trkpt lat="49.2817589454352855682373046875" lon="11.1902060173451900482177734375">
        <ele>387.600006103515625</ele>
        <time>2025-10-05T07:51:28.000Z</time>
        <extensions>
          <ns3:TrackPointExtension>
            <ns3:atemp>17.0</ns3:atemp>
            <ns3:hr>150</ns3:hr>
          </ns3:TrackPointExtension>
        </extensions>
      </trkpt>
      <trkpt lat="49.281791634857654571533203125" lon="11.19019403122365474700927734375">
        <ele>387.79998779296875</ele>
        <time>2025-10-05T07:51:30.000Z</time>
        <extensions>
          <ns3:TrackPointExtension>
            <ns3:atemp>17.0</ns3:atemp>
            <ns3:hr>150</ns3:hr>
          </ns3:TrackPointExtension>
        </extensions>
      </trkpt>
      <trkpt lat="49.28188961930572986602783203125" lon="11.1901993118226528167724609375">
        <ele>387.79998779296875</ele>
        <time>2025-10-05T07:51:37.000Z</time>
        <extensions>
          <ns3:TrackPointExtension>
            <ns3:atemp>17.0</ns3:atemp>
            <ns3:hr>148</ns3:hr>
          </ns3:TrackPointExtension>
        </extensions>
      </trkpt>
      <trkpt lat="49.28201685659587383270263671875" lon="11.1902113817632198333740234375">
        <ele>388</ele>
        <time>2025-10-05T07:51:47.000Z</time>
        <extensions>
          <ns3:TrackPointExtension>
            <ns3:atemp>17.0</ns3:atemp>
            <ns3:hr>147</ns3:hr>
          </ns3:TrackPointExtension>
        </extensions>
      </trkpt>
      <trkpt lat="49.282134957611560821533203125" lon="11.19022361934185028076171875">
        <ele>387.600006103515625</ele>
        <time>2025-10-05T07:51:57.000Z</time>
        <extensions>
          <ns3:TrackPointExtension>
            <ns3:atemp>17.0</ns3:atemp>
            <ns3:hr>146</ns3:hr>
          </ns3:TrackPointExtension>
        </extensions>
      </trkpt>
      <trkpt lat="49.28221181966364383697509765625" lon="11.19022437371313571929931640625">
        <ele>387.20001220703125</ele>
        <time>2025-10-05T07:52:03.000Z</time>
        <extensions>
          <ns3:TrackPointExtension>
            <ns3:atemp>17.0</ns3:atemp>
            <ns3:hr>149</ns3:hr>
          </ns3:TrackPointExtension>
        </extensions>
      </trkpt>
      <trkpt lat="49.28227451629936695098876953125" lon="11.1902355216443538665771484375">
        <ele>387.20001220703125</ele>
        <time>2025-10-05T07:52:09.000Z</time>
        <extensions>
          <ns3:TrackPointExtension>
            <ns3:atemp>17.0</ns3:atemp>
            <ns3:hr>152</ns3:hr>
          </ns3:TrackPointExtension>
        </extensions>
      </trkpt>
      <trkpt lat="49.28228415548801422119140625" lon="11.19023703038692474365234375">
        <ele>387.20001220703125</ele>
        <time>2025-10-05T07:52:10.000Z</time>
        <extensions>
          <ns3:TrackPointExtension>
            <ns3:atemp>18.0</ns3:atemp>
            <ns3:hr>152</ns3:hr>
          </ns3:TrackPointExtension>
        </extensions>
      </trkpt>
      <trkpt lat="49.2823446728289127349853515625" lon="11.19022873230278491973876953125">
        <ele>386.600006103515625</ele>
        <time>2025-10-05T07:52:15.000Z</time>
        <extensions>
          <ns3:TrackPointExtension>
            <ns3:atemp>17.0</ns3:atemp>
            <ns3:hr>152</ns3:hr>
          </ns3:TrackPointExtension>
        </extensions>
      </trkpt>
      <trkpt lat="49.28240795619785785675048828125" lon="11.19021649472415447235107421875">
        <ele>386.600006103515625</ele>
        <time>2025-10-05T07:52:20.000Z</time>
        <extensions>
          <ns3:TrackPointExtension>
            <ns3:atemp>18.0</ns3:atemp>
            <ns3:hr>152</ns3:hr>
          </ns3:TrackPointExtension>
        </extensions>
      </trkpt>
      <trkpt lat="49.28253225982189178466796875" lon="11.19022269733250141143798828125">
        <ele>386</ele>
        <time>2025-10-05T07:52:28.000Z</time>
        <extensions>
          <ns3:TrackPointExtension>
            <ns3:atemp>18.0</ns3:atemp>
            <ns3:hr>151</ns3:hr>
          </ns3:TrackPointExtension>
        </extensions>
      </trkpt>
      <trkpt lat="49.28265673108398914337158203125" lon="11.19021029211580753326416015625">
        <ele>385.79998779296875</ele>
        <time>2025-10-05T07:52:36.000Z</time>
        <extensions>
          <ns3:TrackPointExtension>
            <ns3:atemp>18.0</ns3:atemp>
            <ns3:hr>150</ns3:hr>
          </ns3:TrackPointExtension>
        </extensions>
      </trkpt>
      <trkpt lat="49.2828016541898250579833984375" lon="11.19018598459661006927490234375">
        <ele>386.20001220703125</ele>
        <time>2025-10-05T07:52:47.000Z</time>
        <extensions>
          <ns3:TrackPointExtension>
            <ns3:atemp>18.0</ns3:atemp>
            <ns3:hr>149</ns3:hr>
          </ns3:TrackPointExtension>
        </extensions>
      </trkpt>
      <trkpt lat="49.28288438357412815093994140625" lon="11.190165616571903228759765625">
        <ele>386</ele>
        <time>2025-10-05T07:52:51.000Z</time>
        <extensions>
          <ns3:TrackPointExtension>
            <ns3:atemp>18.0</ns3:atemp>
            <ns3:hr>152</ns3:hr>
          </ns3:TrackPointExtension>
        </extensions>
      </trkpt>
      <trkpt lat="49.28295915015041828155517578125" lon="11.19016067124903202056884765625">
        <ele>385.79998779296875</ele>
        <time>2025-10-05T07:52:54.000Z</time>
        <extensions>
          <ns3:TrackPointExtension>
            <ns3:atemp>18.0</ns3:atemp>
            <ns3:hr>154</ns3:hr>
          </ns3:TrackPointExtension>
        </extensions>
      </trkpt>
      <trkpt lat="49.28298890590667724609375" lon="11.1901587434113025665283203125">
        <ele>385.600006103515625</ele>
        <time>2025-10-05T07:52:55.000Z</time>
        <extensions>
          <ns3:TrackPointExtension>
            <ns3:atemp>18.0</ns3:atemp>
            <ns3:hr>150</ns3:hr>
          </ns3:TrackPointExtension>
        </extensions>
      </trkpt>
      <trkpt lat="49.28301614709198474884033203125" lon="11.1901580728590488433837890625">
        <ele>385.600006103515625</ele>
        <time>2025-10-05T07:52:56.000Z</time>
        <extensions>
          <ns3:TrackPointExtension>
            <ns3:atemp>18.0</ns3:atemp>
            <ns3:hr>149</ns3:hr>
          </ns3:TrackPointExtension>
        </extensions>
      </trkpt>
      <trkpt lat="49.28310968913137912750244140625" lon="11.1901476792991161346435546875">
        <ele>386</ele>
        <time>2025-10-05T07:53:00.000Z</time>
        <extensions>
          <ns3:TrackPointExtension>
            <ns3:atemp>18.0</ns3:atemp>
            <ns3:hr>149</ns3:hr>
          </ns3:TrackPointExtension>
        </extensions>
      </trkpt>
      <trkpt lat="49.283263497054576873779296875" lon="11.1901020817458629608154296875">
        <ele>386</ele>
        <time>2025-10-05T07:53:06.000Z</time>
        <extensions>
          <ns3:TrackPointExtension>
            <ns3:atemp>18.0</ns3:atemp>
            <ns3:hr>146</ns3:hr>
          </ns3:TrackPointExtension>
        </extensions>
      </trkpt>
      <trkpt lat="49.28334253840148448944091796875" lon="11.19007769040763378143310546875">
        <ele>386</ele>
        <time>2025-10-05T07:53:09.000Z</time>
        <extensions>
          <ns3:TrackPointExtension>
            <ns3:atemp>18.0</ns3:atemp>
            <ns3:hr>143</ns3:hr>
          </ns3:TrackPointExtension>
        </extensions>
      </trkpt>
      <trkpt lat="49.2833662591874599456787109375" lon="11.19006805121898651123046875">
        <ele>386</ele>
        <time>2025-10-05T07:53:10.000Z</time>
        <extensions>
          <ns3:TrackPointExtension>
            <ns3:atemp>18.0</ns3:atemp>
            <ns3:hr>140</ns3:hr>
          </ns3:TrackPointExtension>
        </extensions>
      </trkpt>
      <trkpt lat="49.28344060666859149932861328125" lon="11.19004659354686737060546875">
        <ele>386</ele>
        <time>2025-10-05T07:53:13.000Z</time>
        <extensions>
          <ns3:TrackPointExtension>
            <ns3:atemp>18.0</ns3:atemp>
            <ns3:hr>135</ns3:hr>
          </ns3:TrackPointExtension>
        </extensions>
      </trkpt>
      <trkpt lat="49.28346089087426662445068359375" lon="11.19004617445170879364013671875">
        <ele>386</ele>
        <time>2025-10-05T07:53:14.000Z</time>
        <extensions>
          <ns3:TrackPointExtension>
            <ns3:atemp>18.0</ns3:atemp>
            <ns3:hr>135</ns3:hr>
          </ns3:TrackPointExtension>
        </extensions>
      </trkpt>
      <trkpt lat="49.2834926582872867584228515625" lon="11.1900377087295055389404296875">
        <ele>386</ele>
        <time>2025-10-05T07:53:15.000Z</time>
        <extensions>
          <ns3:TrackPointExtension>
            <ns3:atemp>18.0</ns3:atemp>
            <ns3:hr>126</ns3:hr>
          </ns3:TrackPointExtension>
        </extensions>
      </trkpt>
      <trkpt lat="49.28351352922618389129638671875" lon="11.190028488636016845703125">
        <ele>386</ele>
        <time>2025-10-05T07:53:16.000Z</time>
        <extensions>
          <ns3:TrackPointExtension>
            <ns3:atemp>18.0</ns3:atemp>
            <ns3:hr>122</ns3:hr>
          </ns3:TrackPointExtension>
        </extensions>
      </trkpt>
      <trkpt lat="49.283572621643543243408203125" lon="11.18999487720429897308349609375">
        <ele>386</ele>
        <time>2025-10-05T07:53:18.000Z</time>
        <extensions>
          <ns3:TrackPointExtension>
            <ns3:atemp>18.0</ns3:atemp>
            <ns3:hr>121</ns3:hr>
          </ns3:TrackPointExtension>
        </extensions>
      </trkpt>
      <trkpt lat="49.28369902074337005615234375" lon="11.189924217760562896728515625">
        <ele>385.79998779296875</ele>
        <time>2025-10-05T07:53:23.000Z</time>
        <extensions>
          <ns3:TrackPointExtension>
            <ns3:atemp>18.0</ns3:atemp>
            <ns3:hr>124</ns3:hr>
          </ns3:TrackPointExtension>
        </extensions>
      </trkpt>
      <trkpt lat="49.283749647438526153564453125" lon="11.18991239927709102630615234375">
        <ele>385.79998779296875</ele>
        <time>2025-10-05T07:53:25.000Z</time>
        <extensions>
          <ns3:TrackPointExtension>
            <ns3:atemp>17.0</ns3:atemp>
            <ns3:hr>126</ns3:hr>
          </ns3:TrackPointExtension>
        </extensions>
      </trkpt>
      <trkpt lat="49.283801615238189697265625" lon="11.18990175426006317138671875">
        <ele>385.79998779296875</ele>
        <time>2025-10-05T07:53:27.000Z</time>
        <extensions>
          <ns3:TrackPointExtension>
            <ns3:atemp>17.0</ns3:atemp>
            <ns3:hr>129</ns3:hr>
          </ns3:TrackPointExtension>
        </extensions>
      </trkpt>
      <trkpt lat="49.283899180591106414794921875" lon="11.1898694001138210296630859375">
        <ele>385.399993896484375</ele>
        <time>2025-10-05T07:53:31.000Z</time>
        <extensions>
          <ns3:TrackPointExtension>
            <ns3:atemp>18.0</ns3:atemp>
            <ns3:hr>132</ns3:hr>
          </ns3:TrackPointExtension>
        </extensions>
      </trkpt>
      <trkpt lat="49.2840016074478626251220703125" lon="11.18982933461666107177734375">
        <ele>385</ele>
        <time>2025-10-05T07:53:35.000Z</time>
        <extensions>
          <ns3:TrackPointExtension>
            <ns3:atemp>17.0</ns3:atemp>
            <ns3:hr>131</ns3:hr>
          </ns3:TrackPointExtension>
        </extensions>
      </trkpt>
      <trkpt lat="49.28407411091029644012451171875" lon="11.1897949688136577606201171875">
        <ele>384.600006103515625</ele>
        <time>2025-10-05T07:53:38.000Z</time>
        <extensions>
          <ns3:TrackPointExtension>
            <ns3:atemp>18.0</ns3:atemp>
            <ns3:hr>131</ns3:hr>
          </ns3:TrackPointExtension>
        </extensions>
      </trkpt>
      <trkpt lat="49.28422397933900356292724609375" lon="11.18974308483302593231201171875">
        <ele>384.20001220703125</ele>
        <time>2025-10-05T07:53:44.000Z</time>
        <extensions>
          <ns3:TrackPointExtension>
            <ns3:atemp>18.0</ns3:atemp>
            <ns3:hr>131</ns3:hr>
          </ns3:TrackPointExtension>
        </extensions>
      </trkpt>
      <trkpt lat="49.28435473702847957611083984375" lon="11.189684830605983734130859375">
        <ele>383.399993896484375</ele>
        <time>2025-10-05T07:53:49.000Z</time>
        <extensions>
          <ns3:TrackPointExtension>
            <ns3:atemp>17.0</ns3:atemp>
            <ns3:hr>130</ns3:hr>
          </ns3:TrackPointExtension>
        </extensions>
      </trkpt>
      <trkpt lat="49.28437133319675922393798828125" lon="11.189665384590625762939453125">
        <ele>383.20001220703125</ele>
        <time>2025-10-05T07:53:50.000Z</time>
        <extensions>
          <ns3:TrackPointExtension>
            <ns3:atemp>18.0</ns3:atemp>
            <ns3:hr>130</ns3:hr>
          </ns3:TrackPointExtension>
        </extensions>
      </trkpt>
      <trkpt lat="49.28451650775969028472900390625" lon="11.18961014784872531890869140625">
        <ele>382.600006103515625</ele>
        <time>2025-10-05T07:53:56.000Z</time>
        <extensions>
          <ns3:TrackPointExtension>
            <ns3:atemp>18.0</ns3:atemp>
            <ns3:hr>128</ns3:hr>
          </ns3:TrackPointExtension>
        </extensions>
      </trkpt>
      <trkpt lat="49.284576438367366790771484375" lon="11.18960377760231494903564453125">
        <ele>382.399993896484375</ele>
        <time>2025-10-05T07:53:58.000Z</time>
        <extensions>
          <ns3:TrackPointExtension>
            <ns3:atemp>18.0</ns3:atemp>
            <ns3:hr>128</ns3:hr>
          </ns3:TrackPointExtension>
        </extensions>
      </trkpt>
      <trkpt lat="49.28459948860108852386474609375" lon="11.18958869017660617828369140625">
        <ele>382.20001220703125</ele>
        <time>2025-10-05T07:54:02.000Z</time>
        <extensions>
          <ns3:TrackPointExtension>
            <ns3:atemp>18.0</ns3:atemp>
            <ns3:hr>128</ns3:hr>
          </ns3:TrackPointExtension>
        </extensions>
      </trkpt>
      <trkpt lat="49.28465564735233783721923828125" lon="11.1895649693906307220458984375">
        <ele>382.399993896484375</ele>
        <time>2025-10-05T07:54:07.000Z</time>
        <extensions>
          <ns3:TrackPointExtension>
            <ns3:atemp>18.0</ns3:atemp>
            <ns3:hr>125</ns3:hr>
          </ns3:TrackPointExtension>
        </extensions>
      </trkpt>
      <trkpt lat="49.2846792005002498626708984375" lon="11.18955843150615692138671875">
        <ele>382.399993896484375</ele>
        <time>2025-10-05T07:54:09.000Z</time>
        <extensions>
          <ns3:TrackPointExtension>
            <ns3:atemp>18.0</ns3:atemp>
            <ns3:hr>125</ns3:hr>
          </ns3:TrackPointExtension>
        </extensions>
      </trkpt>
      <trkpt lat="49.2848334275186061859130859375" lon="11.18953429162502288818359375">
        <ele>381.79998779296875</ele>
        <time>2025-10-05T07:54:18.000Z</time>
        <extensions>
          <ns3:TrackPointExtension>
            <ns3:atemp>18.0</ns3:atemp>
            <ns3:hr>123</ns3:hr>
          </ns3:TrackPointExtension>
        </extensions>
      </trkpt>
      <trkpt lat="49.2848579026758670806884765625" lon="11.18953018449246883392333984375">
        <ele>381.79998779296875</ele>
        <time>2025-10-05T07:54:20.000Z</time>
        <extensions>
          <ns3:TrackPointExtension>
            <ns3:atemp>18.0</ns3:atemp>
            <ns3:hr>120</ns3:hr>
          </ns3:TrackPointExtension>
        </extensions>
      </trkpt>
      <trkpt lat="49.28486653603613376617431640625" lon="11.18953504599630832672119140625">
        <ele>381.79998779296875</ele>
        <time>2025-10-05T07:54:21.000Z</time>
        <extensions>
          <ns3:TrackPointExtension>
            <ns3:atemp>18.0</ns3:atemp>
            <ns3:hr>119</ns3:hr>
          </ns3:TrackPointExtension>
        </extensions>
      </trkpt>
      <trkpt lat="49.284903667867183685302734375" lon="11.18951023556292057037353515625">
        <ele>381.600006103515625</ele>
        <time>2025-10-05T07:54:24.000Z</time>
        <extensions>
          <ns3:TrackPointExtension>
            <ns3:atemp>18.0</ns3:atemp>
            <ns3:hr>119</ns3:hr>
          </ns3:TrackPointExtension>
        </extensions>
      </trkpt>
      <trkpt lat="49.28494599647819995880126953125" lon="11.18944854475557804107666015625">
        <ele>381.20001220703125</ele>
        <time>2025-10-05T07:54:27.000Z</time>
        <extensions>
          <ns3:TrackPointExtension>
            <ns3:atemp>18.0</ns3:atemp>
            <ns3:hr>118</ns3:hr>
          </ns3:TrackPointExtension>
        </extensions>
      </trkpt>
      <trkpt lat="49.2849831283092498779296875" lon="11.1893490515649318695068359375">
        <ele>381</ele>
        <time>2025-10-05T07:54:30.000Z</time>
        <extensions>
          <ns3:TrackPointExtension>
            <ns3:atemp>18.0</ns3:atemp>
            <ns3:hr>119</ns3:hr>
          </ns3:TrackPointExtension>
        </extensions>
      </trkpt>
      <trkpt lat="49.28510676138103008270263671875" lon="11.18915501050651073455810546875">
        <ele>380</ele>
        <time>2025-10-05T07:54:36.000Z</time>
        <extensions>
          <ns3:TrackPointExtension>
            <ns3:atemp>18.0</ns3:atemp>
            <ns3:hr>115</ns3:hr>
          </ns3:TrackPointExtension>
        </extensions>
      </trkpt>
      <trkpt lat="49.28516157902777194976806640625" lon="11.18909767828881740570068359375">
        <ele>379.600006103515625</ele>
        <time>2025-10-05T07:54:38.000Z</time>
        <extensions>
          <ns3:TrackPointExtension>
            <ns3:atemp>18.0</ns3:atemp>
            <ns3:hr>114</ns3:hr>
          </ns3:TrackPointExtension>
        </extensions>
      </trkpt>
      <trkpt lat="49.285239614546298980712890625" lon="11.18903548456728458404541015625">
        <ele>379</ele>
        <time>2025-10-05T07:54:41.000Z</time>
        <extensions>
          <ns3:TrackPointExtension>
            <ns3:atemp>18.0</ns3:atemp>
            <ns3:hr>115</ns3:hr>
          </ns3:TrackPointExtension>
        </extensions>
      </trkpt>
      <trkpt lat="49.285352937877178192138671875" lon="11.18896373547613620758056640625">
        <ele>378.600006103515625</ele>
        <time>2025-10-05T07:54:45.000Z</time>
        <extensions>
          <ns3:TrackPointExtension>
            <ns3:atemp>18.0</ns3:atemp>
            <ns3:hr>118</ns3:hr>
          </ns3:TrackPointExtension>
        </extensions>
      </trkpt>
      <trkpt lat="49.28538772277534008026123046875" lon="11.18895166553556919097900390625">
        <ele>378.600006103515625</ele>
        <time>2025-10-05T07:54:46.000Z</time>
        <extensions>
          <ns3:TrackPointExtension>
            <ns3:atemp>18.0</ns3:atemp>
            <ns3:hr>118</ns3:hr>
          </ns3:TrackPointExtension>
        </extensions>
      </trkpt>
      <trkpt lat="49.28553096950054168701171875" lon="11.188894920051097869873046875">
        <ele>378</ele>
        <time>2025-10-05T07:54:51.000Z</time>
        <extensions>
          <ns3:TrackPointExtension>
            <ns3:atemp>18.0</ns3:atemp>
            <ns3:hr>120</ns3:hr>
          </ns3:TrackPointExtension>
        </extensions>
      </trkpt>
      <trkpt lat="49.2856706120073795318603515625" lon="11.1888431198894977569580078125">
        <ele>377.600006103515625</ele>
        <time>2025-10-05T07:54:56.000Z</time>
        <extensions>
          <ns3:TrackPointExtension>
            <ns3:atemp>18.0</ns3:atemp>
            <ns3:hr>123</ns3:hr>
          </ns3:TrackPointExtension>
        </extensions>
      </trkpt>
      <trkpt lat="49.28580882959067821502685546875" lon="11.1887562833726406097412109375">
        <ele>377.600006103515625</ele>
        <time>2025-10-05T07:55:01.000Z</time>
        <extensions>
          <ns3:TrackPointExtension>
            <ns3:atemp>18.0</ns3:atemp>
            <ns3:hr>126</ns3:hr>
          </ns3:TrackPointExtension>
        </extensions>
      </trkpt>
      <trkpt lat="49.2858602106571197509765625" lon="11.1887059919536113739013671875">
        <ele>377.600006103515625</ele>
        <time>2025-10-05T07:55:04.000Z</time>
        <extensions>
          <ns3:TrackPointExtension>
            <ns3:atemp>18.0</ns3:atemp>
            <ns3:hr>127</ns3:hr>
          </ns3:TrackPointExtension>
        </extensions>
      </trkpt>
      <trkpt lat="49.28594729863107204437255859375" lon="11.188644804060459136962890625">
        <ele>377.79998779296875</ele>
        <time>2025-10-05T07:55:08.000Z</time>
        <extensions>
          <ns3:TrackPointExtension>
            <ns3:atemp>18.0</ns3:atemp>
            <ns3:hr>130</ns3:hr>
          </ns3:TrackPointExtension>
        </extensions>
      </trkpt>
      <trkpt lat="49.28602910600602626800537109375" lon="11.18861739523708820343017578125">
        <ele>377.600006103515625</ele>
        <time>2025-10-05T07:55:11.000Z</time>
        <extensions>
          <ns3:TrackPointExtension>
            <ns3:atemp>18.0</ns3:atemp>
            <ns3:hr>133</ns3:hr>
          </ns3:TrackPointExtension>
        </extensions>
      </trkpt>
      <trkpt lat="49.28609230555593967437744140625" lon="11.18860934861004352569580078125">
        <ele>377.600006103515625</ele>
        <time>2025-10-05T07:55:13.000Z</time>
        <extensions>
          <ns3:TrackPointExtension>
            <ns3:atemp>18.0</ns3:atemp>
            <ns3:hr>136</ns3:hr>
          </ns3:TrackPointExtension>
        </extensions>
      </trkpt>
      <trkpt lat="49.28621836937963962554931640625" lon="11.18853391148149967193603515625">
        <ele>378.20001220703125</ele>
        <time>2025-10-05T07:55:18.000Z</time>
        <extensions>
          <ns3:TrackPointExtension>
            <ns3:atemp>18.0</ns3:atemp>
            <ns3:hr>137</ns3:hr>
          </ns3:TrackPointExtension>
        </extensions>
      </trkpt>
      <trkpt lat="49.28632750175893306732177734375" lon="11.18845176883041858673095703125">
        <ele>378.79998779296875</ele>
        <time>2025-10-05T07:55:23.000Z</time>
        <extensions>
          <ns3:TrackPointExtension>
            <ns3:atemp>18.0</ns3:atemp>
            <ns3:hr>139</ns3:hr>
          </ns3:TrackPointExtension>
        </extensions>
      </trkpt>
      <trkpt lat="49.28642992861568927764892578125" lon="11.18835504166781902313232421875">
        <ele>378.79998779296875</ele>
        <time>2025-10-05T07:55:27.000Z</time>
        <extensions>
          <ns3:TrackPointExtension>
            <ns3:atemp>18.0</ns3:atemp>
            <ns3:hr>142</ns3:hr>
          </ns3:TrackPointExtension>
        </extensions>
      </trkpt>
      <trkpt lat="49.2864749394357204437255859375" lon="11.188284717500209808349609375">
        <ele>378.79998779296875</ele>
        <time>2025-10-05T07:55:29.000Z</time>
        <extensions>
          <ns3:TrackPointExtension>
            <ns3:atemp>18.0</ns3:atemp>
            <ns3:hr>144</ns3:hr>
          </ns3:TrackPointExtension>
        </extensions>
      </trkpt>
      <trkpt lat="49.28652162663638591766357421875" lon="11.18822495453059673309326171875">
        <ele>379</ele>
        <time>2025-10-05T07:55:31.000Z</time>
        <extensions>
          <ns3:TrackPointExtension>
            <ns3:atemp>18.0</ns3:atemp>
            <ns3:hr>145</ns3:hr>
          </ns3:TrackPointExtension>
        </extensions>
      </trkpt>
      <trkpt lat="49.28664936684072017669677734375" lon="11.18804164230823516845703125">
        <ele>379.20001220703125</ele>
        <time>2025-10-05T07:55:38.000Z</time>
        <extensions>
          <ns3:TrackPointExtension>
            <ns3:atemp>18.0</ns3:atemp>
            <ns3:hr>145</ns3:hr>
          </ns3:TrackPointExtension>
        </extensions>
      </trkpt>
      <trkpt lat="49.28672312758862972259521484375" lon="11.18788649328052997589111328125">
        <ele>379.79998779296875</ele>
        <time>2025-10-05T07:55:42.000Z</time>
        <extensions>
          <ns3:TrackPointExtension>
            <ns3:atemp>18.0</ns3:atemp>
            <ns3:hr>148</ns3:hr>
          </ns3:TrackPointExtension>
        </extensions>
      </trkpt>
      <trkpt lat="49.28675715811550617218017578125" lon="11.18781910277903079986572265625">
        <ele>380</ele>
        <time>2025-10-05T07:55:44.000Z</time>
        <extensions>
          <ns3:TrackPointExtension>
            <ns3:atemp>18.0</ns3:atemp>
            <ns3:hr>150</ns3:hr>
          </ns3:TrackPointExtension>
        </extensions>
      </trkpt>
      <trkpt lat="49.28677425719797611236572265625" lon="11.1877883411943912506103515625">
        <ele>380.20001220703125</ele>
        <time>2025-10-05T07:55:45.000Z</time>
        <extensions>
          <ns3:TrackPointExtension>
            <ns3:atemp>18.0</ns3:atemp>
            <ns3:hr>151</ns3:hr>
          </ns3:TrackPointExtension>
        </extensions>
      </trkpt>
      <trkpt lat="49.28682672791182994842529296875" lon="11.187697984278202056884765625">
        <ele>380.600006103515625</ele>
        <time>2025-10-05T07:55:48.000Z</time>
        <extensions>
          <ns3:TrackPointExtension>
            <ns3:atemp>18.0</ns3:atemp>
            <ns3:hr>154</ns3:hr>
          </ns3:TrackPointExtension>
        </extensions>
      </trkpt>
      <trkpt lat="49.28690836764872074127197265625" lon="11.18751852773129940032958984375">
        <ele>381.20001220703125</ele>
        <time>2025-10-05T07:55:53.000Z</time>
        <extensions>
          <ns3:TrackPointExtension>
            <ns3:atemp>18.0</ns3:atemp>
            <ns3:hr>156</ns3:hr>
          </ns3:TrackPointExtension>
        </extensions>
      </trkpt>
      <trkpt lat="49.28704432211816310882568359375" lon="11.18720102123916149139404296875">
        <ele>381.600006103515625</ele>
        <time>2025-10-05T07:56:02.000Z</time>
        <extensions>
          <ns3:TrackPointExtension>
            <ns3:atemp>18.0</ns3:atemp>
            <ns3:hr>158</ns3:hr>
          </ns3:TrackPointExtension>
        </extensions>
      </trkpt>
      <trkpt lat="49.28711087442934513092041015625" lon="11.18702215142548084259033203125">
        <ele>382.20001220703125</ele>
        <time>2025-10-05T07:56:08.000Z</time>
        <extensions>
          <ns3:TrackPointExtension>
            <ns3:atemp>18.0</ns3:atemp>
            <ns3:hr>158</ns3:hr>
          </ns3:TrackPointExtension>
        </extensions>
      </trkpt>
      <trkpt lat="49.28713249973952770233154296875" lon="11.187005303800106048583984375">
        <ele>382.20001220703125</ele>
        <time>2025-10-05T07:56:09.000Z</time>
        <extensions>
          <ns3:TrackPointExtension>
            <ns3:atemp>18.0</ns3:atemp>
            <ns3:hr>158</ns3:hr>
          </ns3:TrackPointExtension>
        </extensions>
      </trkpt>
      <trkpt lat="49.28723257966339588165283203125" lon="11.1868901364505290985107421875">
        <ele>382.20001220703125</ele>
        <time>2025-10-05T07:56:14.000Z</time>
        <extensions>
          <ns3:TrackPointExtension>
            <ns3:atemp>18.0</ns3:atemp>
            <ns3:hr>160</ns3:hr>
          </ns3:TrackPointExtension>
        </extensions>
      </trkpt>
      <trkpt lat="49.2873892374336719512939453125" lon="11.18676834739744663238525390625">
        <ele>383.20001220703125</ele>
        <time>2025-10-05T07:56:21.000Z</time>
        <extensions>
          <ns3:TrackPointExtension>
            <ns3:atemp>18.0</ns3:atemp>
            <ns3:hr>159</ns3:hr>
          </ns3:TrackPointExtension>
        </extensions>
      </trkpt>
      <trkpt lat="49.287418909370899200439453125" lon="11.186748482286930084228515625">
        <ele>383.20001220703125</ele>
        <time>2025-10-05T07:56:22.000Z</time>
        <extensions>
          <ns3:TrackPointExtension>
            <ns3:atemp>18.0</ns3:atemp>
            <ns3:hr>158</ns3:hr>
          </ns3:TrackPointExtension>
        </extensions>
      </trkpt>
      <trkpt lat="49.28757104091346263885498046875" lon="11.18664563633501529693603515625">
        <ele>384.399993896484375</ele>
        <time>2025-10-05T07:56:29.000Z</time>
        <extensions>
          <ns3:TrackPointExtension>
            <ns3:atemp>18.0</ns3:atemp>
            <ns3:hr>158</ns3:hr>
          </ns3:TrackPointExtension>
        </extensions>
      </trkpt>
      <trkpt lat="49.28772476501762866973876953125" lon="11.1865505017340183258056640625">
        <ele>385</ele>
        <time>2025-10-05T07:56:36.000Z</time>
        <extensions>
          <ns3:TrackPointExtension>
            <ns3:atemp>18.0</ns3:atemp>
            <ns3:hr>158</ns3:hr>
          </ns3:TrackPointExtension>
        </extensions>
      </trkpt>
      <trkpt lat="49.2878851108253002166748046875" lon="11.1864556185901165008544921875">
        <ele>385.20001220703125</ele>
        <time>2025-10-05T07:56:43.000Z</time>
        <extensions>
          <ns3:TrackPointExtension>
            <ns3:atemp>18.0</ns3:atemp>
            <ns3:hr>157</ns3:hr>
          </ns3:TrackPointExtension>
        </extensions>
      </trkpt>
      <trkpt lat="49.28801737725734710693359375" lon="11.1863739788532257080078125">
        <ele>384.79998779296875</ele>
        <time>2025-10-05T07:56:49.000Z</time>
        <extensions>
          <ns3:TrackPointExtension>
            <ns3:atemp>18.0</ns3:atemp>
            <ns3:hr>156</ns3:hr>
          </ns3:TrackPointExtension>
        </extensions>
      </trkpt>
      <trkpt lat="49.2881623841822147369384765625" lon="11.186259649693965911865234375">
        <ele>384.79998779296875</ele>
        <time>2025-10-05T07:56:56.000Z</time>
        <extensions>
          <ns3:TrackPointExtension>
            <ns3:atemp>18.0</ns3:atemp>
            <ns3:hr>153</ns3:hr>
          </ns3:TrackPointExtension>
        </extensions>
      </trkpt>
      <trkpt lat="49.28819985128939151763916015625" lon="11.1862299777567386627197265625">
        <ele>385</ele>
        <time>2025-10-05T07:56:58.000Z</time>
        <extensions>
          <ns3:TrackPointExtension>
            <ns3:atemp>18.0</ns3:atemp>
            <ns3:hr>152</ns3:hr>
          </ns3:TrackPointExtension>
        </extensions>
      </trkpt>
      <trkpt lat="49.28826673887670040130615234375" lon="11.18618915788829326629638671875">
        <ele>385.20001220703125</ele>
        <time>2025-10-05T07:57:01.000Z</time>
        <extensions>
          <ns3:TrackPointExtension>
            <ns3:atemp>18.0</ns3:atemp>
            <ns3:hr>148</ns3:hr>
          </ns3:TrackPointExtension>
        </extensions>
      </trkpt>
      <trkpt lat="49.28830596618354320526123046875" lon="11.18615328334271907806396484375">
        <ele>385.399993896484375</ele>
        <time>2025-10-05T07:57:03.000Z</time>
        <extensions>
          <ns3:TrackPointExtension>
            <ns3:atemp>18.0</ns3:atemp>
            <ns3:hr>145</ns3:hr>
          </ns3:TrackPointExtension>
        </extensions>
      </trkpt>
      <trkpt lat="49.28832591511309146881103515625" lon="11.186135597527027130126953125">
        <ele>385.399993896484375</ele>
        <time>2025-10-05T07:57:04.000Z</time>
        <extensions>
          <ns3:TrackPointExtension>
            <ns3:atemp>18.0</ns3:atemp>
            <ns3:hr>145</ns3:hr>
          </ns3:TrackPointExtension>
        </extensions>
      </trkpt>
      <trkpt lat="49.28837369196116924285888671875" lon="11.1860988847911357879638671875">
        <ele>385.600006103515625</ele>
        <time>2025-10-05T07:57:06.000Z</time>
        <extensions>
          <ns3:TrackPointExtension>
            <ns3:atemp>18.0</ns3:atemp>
            <ns3:hr>145</ns3:hr>
          </ns3:TrackPointExtension>
        </extensions>
      </trkpt>
      <trkpt lat="49.2884829081594944000244140625" lon="11.18601858615875244140625">
        <ele>386.20001220703125</ele>
        <time>2025-10-05T07:57:12.000Z</time>
        <extensions>
          <ns3:TrackPointExtension>
            <ns3:atemp>18.0</ns3:atemp>
            <ns3:hr>145</ns3:hr>
          </ns3:TrackPointExtension>
        </extensions>
      </trkpt>
      <trkpt lat="49.288606457412242889404296875" lon="11.18591607548296451568603515625">
        <ele>386.399993896484375</ele>
        <time>2025-10-05T07:57:17.000Z</time>
        <extensions>
          <ns3:TrackPointExtension>
            <ns3:atemp>18.0</ns3:atemp>
            <ns3:hr>145</ns3:hr>
          </ns3:TrackPointExtension>
        </extensions>
      </trkpt>
      <trkpt lat="49.2886290885508060455322265625" lon="11.18589512072503566741943359375">
        <ele>386.600006103515625</ele>
        <time>2025-10-05T07:57:18.000Z</time>
        <extensions>
          <ns3:TrackPointExtension>
            <ns3:atemp>18.0</ns3:atemp>
            <ns3:hr>146</ns3:hr>
          </ns3:TrackPointExtension>
        </extensions>
      </trkpt>
      <trkpt lat="49.288863949477672576904296875" lon="11.18572999723255634307861328125">
        <ele>387.399993896484375</ele>
        <time>2025-10-05T07:57:28.000Z</time>
        <extensions>
          <ns3:TrackPointExtension>
            <ns3:atemp>18.0</ns3:atemp>
            <ns3:hr>145</ns3:hr>
          </ns3:TrackPointExtension>
        </extensions>
      </trkpt>
      <trkpt lat="49.2888842336833477020263671875" lon="11.1857123114168643951416015625">
        <ele>387.600006103515625</ele>
        <time>2025-10-05T07:57:29.000Z</time>
        <extensions>
          <ns3:TrackPointExtension>
            <ns3:atemp>17.0</ns3:atemp>
            <ns3:hr>145</ns3:hr>
          </ns3:TrackPointExtension>
        </extensions>
      </trkpt>
      <trkpt lat="49.28902345709502696990966796875" lon="11.185646094381809234619140625">
        <ele>388.399993896484375</ele>
        <time>2025-10-05T07:57:35.000Z</time>
        <extensions>
          <ns3:TrackPointExtension>
            <ns3:atemp>17.0</ns3:atemp>
            <ns3:hr>148</ns3:hr>
          </ns3:TrackPointExtension>
        </extensions>
      </trkpt>
      <trkpt lat="49.2890672944486141204833984375" lon="11.18562371470034122467041015625">
        <ele>388.600006103515625</ele>
        <time>2025-10-05T07:57:37.000Z</time>
        <extensions>
          <ns3:TrackPointExtension>
            <ns3:atemp>17.0</ns3:atemp>
            <ns3:hr>149</ns3:hr>
          </ns3:TrackPointExtension>
        </extensions>
      </trkpt>
      <trkpt lat="49.28922998718917369842529296875" lon="11.1855215393006801605224609375">
        <ele>389.399993896484375</ele>
        <time>2025-10-05T07:57:44.000Z</time>
        <extensions>
          <ns3:TrackPointExtension>
            <ns3:atemp>17.0</ns3:atemp>
            <ns3:hr>151</ns3:hr>
          </ns3:TrackPointExtension>
        </extensions>
      </trkpt>
      <trkpt lat="49.28925094194710254669189453125" lon="11.18550921790301799774169921875">
        <ele>389.600006103515625</ele>
        <time>2025-10-05T07:57:45.000Z</time>
        <extensions>
          <ns3:TrackPointExtension>
            <ns3:atemp>17.0</ns3:atemp>
            <ns3:hr>151</ns3:hr>
          </ns3:TrackPointExtension>
        </extensions>
      </trkpt>
      <trkpt lat="49.28943551145493984222412109375" lon="11.1853783763945102691650390625">
        <ele>390</ele>
        <time>2025-10-05T07:57:53.000Z</time>
        <extensions>
          <ns3:TrackPointExtension>
            <ns3:atemp>17.0</ns3:atemp>
            <ns3:hr>152</ns3:hr>
          </ns3:TrackPointExtension>
        </extensions>
      </trkpt>
      <trkpt lat="49.28957632742822170257568359375" lon="11.18522255681455135345458984375">
        <ele>389.79998779296875</ele>
        <time>2025-10-05T07:57:59.000Z</time>
        <extensions>
          <ns3:TrackPointExtension>
            <ns3:atemp>17.0</ns3:atemp>
            <ns3:hr>152</ns3:hr>
          </ns3:TrackPointExtension>
        </extensions>
      </trkpt>
      <trkpt lat="49.28974631242454051971435546875" lon="11.1850886978209018707275390625">
        <ele>390.20001220703125</ele>
        <time>2025-10-05T07:58:07.000Z</time>
        <extensions>
          <ns3:TrackPointExtension>
            <ns3:atemp>17.0</ns3:atemp>
            <ns3:hr>152</ns3:hr>
          </ns3:TrackPointExtension>
        </extensions>
      </trkpt>
      <trkpt lat="49.28984086029231548309326171875" lon="11.185029856860637664794921875">
        <ele>390.79998779296875</ele>
        <time>2025-10-05T07:58:12.000Z</time>
        <extensions>
          <ns3:TrackPointExtension>
            <ns3:atemp>17.0</ns3:atemp>
            <ns3:hr>152</ns3:hr>
          </ns3:TrackPointExtension>
        </extensions>
      </trkpt>
      <trkpt lat="49.28985879756510257720947265625" lon="11.18502147495746612548828125">
        <ele>390.79998779296875</ele>
        <time>2025-10-05T07:58:13.000Z</time>
        <extensions>
          <ns3:TrackPointExtension>
            <ns3:atemp>17.0</ns3:atemp>
            <ns3:hr>152</ns3:hr>
          </ns3:TrackPointExtension>
        </extensions>
      </trkpt>
      <trkpt lat="49.290032722055912017822265625" lon="11.18491427041590213775634765625">
        <ele>391.600006103515625</ele>
        <time>2025-10-05T07:58:21.000Z</time>
        <extensions>
          <ns3:TrackPointExtension>
            <ns3:atemp>17.0</ns3:atemp>
            <ns3:hr>151</ns3:hr>
          </ns3:TrackPointExtension>
        </extensions>
      </trkpt>
      <trkpt lat="49.29005409590899944305419921875" lon="11.18490002118051052093505859375">
        <ele>391.79998779296875</ele>
        <time>2025-10-05T07:58:22.000Z</time>
        <extensions>
          <ns3:TrackPointExtension>
            <ns3:atemp>17.0</ns3:atemp>
            <ns3:hr>151</ns3:hr>
          </ns3:TrackPointExtension>
        </extensions>
      </trkpt>
      <trkpt lat="49.29023514501750469207763671875" lon="11.18476406671106815338134765625">
        <ele>392</ele>
        <time>2025-10-05T07:58:29.000Z</time>
        <extensions>
          <ns3:TrackPointExtension>
            <ns3:atemp>17.0</ns3:atemp>
            <ns3:hr>151</ns3:hr>
          </ns3:TrackPointExtension>
        </extensions>
      </trkpt>
      <trkpt lat="49.29042172618210315704345703125" lon="11.18465744890272617340087890625">
        <ele>392.399993896484375</ele>
        <time>2025-10-05T07:58:37.000Z</time>
        <extensions>
          <ns3:TrackPointExtension>
            <ns3:atemp>17.0</ns3:atemp>
            <ns3:hr>150</ns3:hr>
          </ns3:TrackPointExtension>
        </extensions>
      </trkpt>
      <trkpt lat="49.29052934981882572174072265625" lon="11.18461822159588336944580078125">
        <ele>392.79998779296875</ele>
        <time>2025-10-05T07:58:41.000Z</time>
        <extensions>
          <ns3:TrackPointExtension>
            <ns3:atemp>17.0</ns3:atemp>
            <ns3:hr>150</ns3:hr>
          </ns3:TrackPointExtension>
        </extensions>
      </trkpt>
      <trkpt lat="49.29062104783952236175537109375" lon="11.18454228155314922332763671875">
        <ele>393.20001220703125</ele>
        <time>2025-10-05T07:58:45.000Z</time>
        <extensions>
          <ns3:TrackPointExtension>
            <ns3:atemp>17.0</ns3:atemp>
            <ns3:hr>152</ns3:hr>
          </ns3:TrackPointExtension>
        </extensions>
      </trkpt>
      <trkpt lat="49.29076286964118480682373046875" lon="11.18445108644664287567138671875">
        <ele>393.600006103515625</ele>
        <time>2025-10-05T07:58:52.000Z</time>
        <extensions>
          <ns3:TrackPointExtension>
            <ns3:atemp>17.0</ns3:atemp>
            <ns3:hr>154</ns3:hr>
          </ns3:TrackPointExtension>
        </extensions>
      </trkpt>
      <trkpt lat="49.29081282578408718109130859375" lon="11.18441940285265445709228515625">
        <ele>393.79998779296875</ele>
        <time>2025-10-05T07:58:55.000Z</time>
        <extensions>
          <ns3:TrackPointExtension>
            <ns3:atemp>17.0</ns3:atemp>
            <ns3:hr>154</ns3:hr>
          </ns3:TrackPointExtension>
        </extensions>
      </trkpt>
      <trkpt lat="49.290976859629154205322265625" lon="11.184335164725780487060546875">
        <ele>393.79998779296875</ele>
        <time>2025-10-05T07:59:02.000Z</time>
        <extensions>
          <ns3:TrackPointExtension>
            <ns3:atemp>17.0</ns3:atemp>
            <ns3:hr>151</ns3:hr>
          </ns3:TrackPointExtension>
        </extensions>
      </trkpt>
      <trkpt lat="49.29103888571262359619140625" lon="11.1842803470790386199951171875">
        <ele>393.79998779296875</ele>
        <time>2025-10-05T07:59:05.000Z</time>
        <extensions>
          <ns3:TrackPointExtension>
            <ns3:atemp>17.0</ns3:atemp>
            <ns3:hr>148</ns3:hr>
          </ns3:TrackPointExtension>
        </extensions>
      </trkpt>
      <trkpt lat="49.29114726372063159942626953125" lon="11.1841633357107639312744140625">
        <ele>393.600006103515625</ele>
        <time>2025-10-05T07:59:09.000Z</time>
        <extensions>
          <ns3:TrackPointExtension>
            <ns3:atemp>17.0</ns3:atemp>
            <ns3:hr>147</ns3:hr>
          </ns3:TrackPointExtension>
        </extensions>
      </trkpt>
      <trkpt lat="49.29134809412062168121337890625" lon="11.18405126966536045074462890625">
        <ele>393.20001220703125</ele>
        <time>2025-10-05T07:59:17.000Z</time>
        <extensions>
          <ns3:TrackPointExtension>
            <ns3:atemp>17.0</ns3:atemp>
            <ns3:hr>148</ns3:hr>
          </ns3:TrackPointExtension>
        </extensions>
      </trkpt>
      <trkpt lat="49.29144792258739471435546875" lon="11.1839561350643634796142578125">
        <ele>393</ele>
        <time>2025-10-05T07:59:22.000Z</time>
        <extensions>
          <ns3:TrackPointExtension>
            <ns3:atemp>17.0</ns3:atemp>
            <ns3:hr>147</ns3:hr>
          </ns3:TrackPointExtension>
        </extensions>
      </trkpt>
      <trkpt lat="49.29164095781743526458740234375" lon="11.18383451364934444427490234375">
        <ele>393.20001220703125</ele>
        <time>2025-10-05T07:59:30.000Z</time>
        <extensions>
          <ns3:TrackPointExtension>
            <ns3:atemp>17.0</ns3:atemp>
            <ns3:hr>147</ns3:hr>
          </ns3:TrackPointExtension>
        </extensions>
      </trkpt>
      <trkpt lat="49.29177423007786273956298828125" lon="11.183736361563205718994140625">
        <ele>393.600006103515625</ele>
        <time>2025-10-05T07:59:36.000Z</time>
        <extensions>
          <ns3:TrackPointExtension>
            <ns3:atemp>17.0</ns3:atemp>
            <ns3:hr>144</ns3:hr>
          </ns3:TrackPointExtension>
        </extensions>
      </trkpt>
      <trkpt lat="49.2917940951883792877197265625" lon="11.18371750228106975555419921875">
        <ele>393.79998779296875</ele>
        <time>2025-10-05T07:59:37.000Z</time>
        <extensions>
          <ns3:TrackPointExtension>
            <ns3:atemp>17.0</ns3:atemp>
            <ns3:hr>143</ns3:hr>
          </ns3:TrackPointExtension>
        </extensions>
      </trkpt>
      <trkpt lat="49.29197807796299457550048828125" lon="11.18363452143967151641845703125">
        <ele>394.399993896484375</ele>
        <time>2025-10-05T07:59:45.000Z</time>
        <extensions>
          <ns3:TrackPointExtension>
            <ns3:atemp>17.0</ns3:atemp>
            <ns3:hr>143</ns3:hr>
          </ns3:TrackPointExtension>
        </extensions>
      </trkpt>
      <trkpt lat="49.29205787368118762969970703125" lon="11.183580122888088226318359375">
        <ele>394.399993896484375</ele>
        <time>2025-10-05T07:59:49.000Z</time>
        <extensions>
          <ns3:TrackPointExtension>
            <ns3:atemp>17.0</ns3:atemp>
            <ns3:hr>146</ns3:hr>
          </ns3:TrackPointExtension>
        </extensions>
      </trkpt>
      <trkpt lat="49.2920807562768459320068359375" lon="11.18356394581496715545654296875">
        <ele>394.399993896484375</ele>
        <time>2025-10-05T07:59:50.000Z</time>
        <extensions>
          <ns3:TrackPointExtension>
            <ns3:atemp>17.0</ns3:atemp>
            <ns3:hr>147</ns3:hr>
          </ns3:TrackPointExtension>
        </extensions>
      </trkpt>
      <trkpt lat="49.292131550610065460205078125" lon="11.18352413177490234375">
        <ele>394.399993896484375</ele>
        <time>2025-10-05T07:59:52.000Z</time>
        <extensions>
          <ns3:TrackPointExtension>
            <ns3:atemp>17.0</ns3:atemp>
            <ns3:hr>150</ns3:hr>
          </ns3:TrackPointExtension>
        </extensions>
      </trkpt>
      <trkpt lat="49.29223917424678802490234375" lon="11.183457076549530029296875">
        <ele>394</ele>
        <time>2025-10-05T07:59:56.000Z</time>
        <extensions>
          <ns3:TrackPointExtension>
            <ns3:atemp>17.0</ns3:atemp>
            <ns3:hr>152</ns3:hr>
          </ns3:TrackPointExtension>
        </extensions>
      </trkpt>
      <trkpt lat="49.2924210615456104278564453125" lon="11.18328474462032318115234375">
        <ele>393.20001220703125</ele>
        <time>2025-10-05T08:00:04.000Z</time>
        <extensions>
          <ns3:TrackPointExtension>
            <ns3:atemp>17.0</ns3:atemp>
            <ns3:hr>152</ns3:hr>
          </ns3:TrackPointExtension>
        </extensions>
      </trkpt>
      <trkpt lat="49.29256631992757320404052734375" lon="11.18318692781031131744384765625">
        <ele>393.399993896484375</ele>
        <time>2025-10-05T08:00:11.000Z</time>
        <extensions>
          <ns3:TrackPointExtension>
            <ns3:atemp>17.0</ns3:atemp>
            <ns3:hr>150</ns3:hr>
          </ns3:TrackPointExtension>
        </extensions>
      </trkpt>
      <trkpt lat="49.292666651308536529541015625" lon="11.18311819620430469512939453125">
        <ele>393.20001220703125</ele>
        <time>2025-10-05T08:00:15.000Z</time>
        <extensions>
          <ns3:TrackPointExtension>
            <ns3:atemp>17.0</ns3:atemp>
            <ns3:hr>147</ns3:hr>
          </ns3:TrackPointExtension>
        </extensions>
      </trkpt>
      <trkpt lat="49.29275977425277233123779296875" lon="11.1830552481114864349365234375">
        <ele>393.20001220703125</ele>
        <time>2025-10-05T08:00:19.000Z</time>
        <extensions>
          <ns3:TrackPointExtension>
            <ns3:atemp>17.0</ns3:atemp>
            <ns3:hr>146</ns3:hr>
          </ns3:TrackPointExtension>
        </extensions>
      </trkpt>
      <trkpt lat="49.29285448975861072540283203125" lon="11.1829863488674163818359375">
        <ele>393.399993896484375</ele>
        <time>2025-10-05T08:00:23.000Z</time>
        <extensions>
          <ns3:TrackPointExtension>
            <ns3:atemp>17.0</ns3:atemp>
            <ns3:hr>143</ns3:hr>
          </ns3:TrackPointExtension>
        </extensions>
      </trkpt>
      <trkpt lat="49.29296714253723621368408203125" lon="11.18293932639062404632568359375">
        <ele>393.399993896484375</ele>
        <time>2025-10-05T08:00:28.000Z</time>
        <extensions>
          <ns3:TrackPointExtension>
            <ns3:atemp>18.0</ns3:atemp>
            <ns3:hr>141</ns3:hr>
          </ns3:TrackPointExtension>
        </extensions>
      </trkpt>
      <trkpt lat="49.29318658076226711273193359375" lon="11.18278895504772663116455078125">
        <ele>393.399993896484375</ele>
        <time>2025-10-05T08:00:37.000Z</time>
        <extensions>
          <ns3:TrackPointExtension>
            <ns3:atemp>18.0</ns3:atemp>
            <ns3:hr>142</ns3:hr>
          </ns3:TrackPointExtension>
        </extensions>
      </trkpt>
      <trkpt lat="49.2933541350066661834716796875" lon="11.1826720274984836578369140625">
        <ele>393.399993896484375</ele>
        <time>2025-10-05T08:00:44.000Z</time>
        <extensions>
          <ns3:TrackPointExtension>
            <ns3:atemp>18.0</ns3:atemp>
            <ns3:hr>143</ns3:hr>
          </ns3:TrackPointExtension>
        </extensions>
      </trkpt>
      <trkpt lat="49.2935167439281940460205078125" lon="11.18256230838596820831298828125">
        <ele>393.399993896484375</ele>
        <time>2025-10-05T08:00:51.000Z</time>
        <extensions>
          <ns3:TrackPointExtension>
            <ns3:atemp>18.0</ns3:atemp>
            <ns3:hr>141</ns3:hr>
          </ns3:TrackPointExtension>
        </extensions>
      </trkpt>
      <trkpt lat="49.29366032592952251434326171875" lon="11.18242777884006500244140625">
        <ele>393.399993896484375</ele>
        <time>2025-10-05T08:00:58.000Z</time>
        <extensions>
          <ns3:TrackPointExtension>
            <ns3:atemp>18.0</ns3:atemp>
            <ns3:hr>138</ns3:hr>
          </ns3:TrackPointExtension>
        </extensions>
      </trkpt>
      <trkpt lat="49.29370257072150707244873046875" lon="11.18240288458764553070068359375">
        <ele>393.600006103515625</ele>
        <time>2025-10-05T08:01:00.000Z</time>
        <extensions>
          <ns3:TrackPointExtension>
            <ns3:atemp>18.0</ns3:atemp>
            <ns3:hr>139</ns3:hr>
          </ns3:TrackPointExtension>
        </extensions>
      </trkpt>
      <trkpt lat="49.29388395510613918304443359375" lon="11.18228151462972164154052734375">
        <ele>393.399993896484375</ele>
        <time>2025-10-05T08:01:08.000Z</time>
        <extensions>
          <ns3:TrackPointExtension>
            <ns3:atemp>18.0</ns3:atemp>
            <ns3:hr>139</ns3:hr>
          </ns3:TrackPointExtension>
        </extensions>
      </trkpt>
      <trkpt lat="49.29407623596489429473876953125" lon="11.1821441352367401123046875">
        <ele>393.79998779296875</ele>
        <time>2025-10-05T08:01:16.000Z</time>
        <extensions>
          <ns3:TrackPointExtension>
            <ns3:atemp>18.0</ns3:atemp>
            <ns3:hr>138</ns3:hr>
          </ns3:TrackPointExtension>
        </extensions>
      </trkpt>
      <trkpt lat="49.29422342218458652496337890625" lon="11.18203190155327320098876953125">
        <ele>393.600006103515625</ele>
        <time>2025-10-05T08:01:22.000Z</time>
        <extensions>
          <ns3:TrackPointExtension>
            <ns3:atemp>18.0</ns3:atemp>
            <ns3:hr>141</ns3:hr>
          </ns3:TrackPointExtension>
        </extensions>
      </trkpt>
      <trkpt lat="49.2942447960376739501953125" lon="11.1820182390511035919189453125">
        <ele>393.600006103515625</ele>
        <time>2025-10-05T08:01:23.000Z</time>
        <extensions>
          <ns3:TrackPointExtension>
            <ns3:atemp>18.0</ns3:atemp>
            <ns3:hr>142</ns3:hr>
          </ns3:TrackPointExtension>
        </extensions>
      </trkpt>
      <trkpt lat="49.294380247592926025390625" lon="11.18194338865578174591064453125">
        <ele>393.79998779296875</ele>
        <time>2025-10-05T08:01:29.000Z</time>
        <extensions>
          <ns3:TrackPointExtension>
            <ns3:atemp>18.0</ns3:atemp>
            <ns3:hr>144</ns3:hr>
          </ns3:TrackPointExtension>
        </extensions>
      </trkpt>
      <trkpt lat="49.29459423758089542388916015625" lon="11.1817753314971923828125">
        <ele>393.600006103515625</ele>
        <time>2025-10-05T08:01:39.000Z</time>
        <extensions>
          <ns3:TrackPointExtension>
            <ns3:atemp>18.0</ns3:atemp>
            <ns3:hr>144</ns3:hr>
          </ns3:TrackPointExtension>
        </extensions>
      </trkpt>
      <trkpt lat="49.29474326781928539276123046875" lon="11.1816447414457798004150390625">
        <ele>393.79998779296875</ele>
        <time>2025-10-05T08:01:45.000Z</time>
        <extensions>
          <ns3:TrackPointExtension>
            <ns3:atemp>18.0</ns3:atemp>
            <ns3:hr>141</ns3:hr>
          </ns3:TrackPointExtension>
        </extensions>
      </trkpt>
      <trkpt lat="49.2948088981211185455322265625" lon="11.18160258047282695770263671875">
        <ele>393.79998779296875</ele>
        <time>2025-10-05T08:01:48.000Z</time>
        <extensions>
          <ns3:TrackPointExtension>
            <ns3:atemp>18.0</ns3:atemp>
            <ns3:hr>141</ns3:hr>
          </ns3:TrackPointExtension>
        </extensions>
      </trkpt>
      <trkpt lat="49.29505281150341033935546875" lon="11.18146042339503765106201171875">
        <ele>394</ele>
        <time>2025-10-05T08:01:58.000Z</time>
        <extensions>
          <ns3:TrackPointExtension>
            <ns3:atemp>18.0</ns3:atemp>
            <ns3:hr>141</ns3:hr>
          </ns3:TrackPointExtension>
        </extensions>
      </trkpt>
      <trkpt lat="49.2951391451060771942138671875" lon="11.18138649500906467437744140625">
        <ele>393.79998779296875</ele>
        <time>2025-10-05T08:02:03.000Z</time>
        <extensions>
          <ns3:TrackPointExtension>
            <ns3:atemp>18.0</ns3:atemp>
            <ns3:hr>144</ns3:hr>
          </ns3:TrackPointExtension>
        </extensions>
      </trkpt>
      <trkpt lat="49.295194633305072784423828125" lon="11.18133938871324062347412109375">
        <ele>393.79998779296875</ele>
        <time>2025-10-05T08:02:06.000Z</time>
        <extensions>
          <ns3:TrackPointExtension>
            <ns3:atemp>18.0</ns3:atemp>
            <ns3:hr>144</ns3:hr>
          </ns3:TrackPointExtension>
        </extensions>
      </trkpt>
      <trkpt lat="49.29539068602025508880615234375" lon="11.18115213699638843536376953125">
        <ele>394</ele>
        <time>2025-10-05T08:02:16.000Z</time>
        <extensions>
          <ns3:TrackPointExtension>
            <ns3:atemp>18.0</ns3:atemp>
            <ns3:hr>146</ns3:hr>
          </ns3:TrackPointExtension>
        </extensions>
      </trkpt>
      <trkpt lat="49.2955813743174076080322265625" lon="11.18099237792193889617919921875">
        <ele>393.79998779296875</ele>
        <time>2025-10-05T08:02:24.000Z</time>
        <extensions>
          <ns3:TrackPointExtension>
            <ns3:atemp>18.0</ns3:atemp>
            <ns3:hr>146</ns3:hr>
          </ns3:TrackPointExtension>
        </extensions>
      </trkpt>
      <trkpt lat="49.2956021614372730255126953125" lon="11.18097444064915180206298828125">
        <ele>393.79998779296875</ele>
        <time>2025-10-05T08:02:25.000Z</time>
        <extensions>
          <ns3:TrackPointExtension>
            <ns3:atemp>18.0</ns3:atemp>
            <ns3:hr>147</ns3:hr>
          </ns3:TrackPointExtension>
        </extensions>
      </trkpt>
      <trkpt lat="49.2957376129925251007080078125" lon="11.180879138410091400146484375">
        <ele>394</ele>
        <time>2025-10-05T08:02:31.000Z</time>
        <extensions>
          <ns3:TrackPointExtension>
            <ns3:atemp>18.0</ns3:atemp>
            <ns3:hr>150</ns3:hr>
          </ns3:TrackPointExtension>
        </extensions>
      </trkpt>
      <trkpt lat="49.29578111506998538970947265625" lon="11.18084401823580265045166015625">
        <ele>394</ele>
        <time>2025-10-05T08:02:33.000Z</time>
        <extensions>
          <ns3:TrackPointExtension>
            <ns3:atemp>18.0</ns3:atemp>
            <ns3:hr>149</ns3:hr>
          </ns3:TrackPointExtension>
        </extensions>
      </trkpt>
      <trkpt lat="49.29587817750871181488037109375" lon="11.1807897873222827911376953125">
        <ele>394</ele>
        <time>2025-10-05T08:02:37.000Z</time>
        <extensions>
          <ns3:TrackPointExtension>
            <ns3:atemp>18.0</ns3:atemp>
            <ns3:hr>146</ns3:hr>
          </ns3:TrackPointExtension>
        </extensions>
      </trkpt>
      <trkpt lat="49.29595646448433399200439453125" lon="11.1807421781122684478759765625">
        <ele>394</ele>
        <time>2025-10-05T08:02:40.000Z</time>
        <extensions>
          <ns3:TrackPointExtension>
            <ns3:atemp>18.0</ns3:atemp>
            <ns3:hr>145</ns3:hr>
          </ns3:TrackPointExtension>
        </extensions>
      </trkpt>
      <trkpt lat="49.2961325682699680328369140625" lon="11.180679313838481903076171875">
        <ele>394</ele>
        <time>2025-10-05T08:02:48.000Z</time>
        <extensions>
          <ns3:TrackPointExtension>
            <ns3:atemp>18.0</ns3:atemp>
            <ns3:hr>146</ns3:hr>
          </ns3:TrackPointExtension>
        </extensions>
      </trkpt>
      <trkpt lat="49.29628956131637096405029296875" lon="11.18054092861711978912353515625">
        <ele>394</ele>
        <time>2025-10-05T08:02:54.000Z</time>
        <extensions>
          <ns3:TrackPointExtension>
            <ns3:atemp>18.0</ns3:atemp>
            <ns3:hr>143</ns3:hr>
          </ns3:TrackPointExtension>
        </extensions>
      </trkpt>
      <trkpt lat="49.29636131040751934051513671875" lon="11.18052181787788867950439453125">
        <ele>394</ele>
        <time>2025-10-05T08:02:57.000Z</time>
        <extensions>
          <ns3:TrackPointExtension>
            <ns3:atemp>18.0</ns3:atemp>
            <ns3:hr>143</ns3:hr>
          </ns3:TrackPointExtension>
        </extensions>
      </trkpt>
      <trkpt lat="49.2965587042272090911865234375" lon="11.18038267828524112701416015625">
        <ele>393.600006103515625</ele>
        <time>2025-10-05T08:03:06.000Z</time>
        <extensions>
          <ns3:TrackPointExtension>
            <ns3:atemp>18.0</ns3:atemp>
            <ns3:hr>142</ns3:hr>
          </ns3:TrackPointExtension>
        </extensions>
      </trkpt>
      <trkpt lat="49.2967863567173480987548828125" lon="11.18025275878608226776123046875">
        <ele>393.600006103515625</ele>
        <time>2025-10-05T08:03:15.000Z</time>
        <extensions>
          <ns3:TrackPointExtension>
            <ns3:atemp>18.0</ns3:atemp>
            <ns3:hr>141</ns3:hr>
          </ns3:TrackPointExtension>
        </extensions>
      </trkpt>
      <trkpt lat="49.2969496361911296844482421875" lon="11.1801748909056186676025390625">
        <ele>393.20001220703125</ele>
        <time>2025-10-05T08:03:22.000Z</time>
        <extensions>
          <ns3:TrackPointExtension>
            <ns3:atemp>18.0</ns3:atemp>
            <ns3:hr>141</ns3:hr>
          </ns3:TrackPointExtension>
        </extensions>
      </trkpt>
      <trkpt lat="49.2971259914338588714599609375" lon="11.18006718344986438751220703125">
        <ele>392.79998779296875</ele>
        <time>2025-10-05T08:03:29.000Z</time>
        <extensions>
          <ns3:TrackPointExtension>
            <ns3:atemp>18.0</ns3:atemp>
            <ns3:hr>141</ns3:hr>
          </ns3:TrackPointExtension>
        </extensions>
      </trkpt>
      <trkpt lat="49.2971464432775974273681640625" lon="11.18004891090095043182373046875">
        <ele>392.600006103515625</ele>
        <time>2025-10-05T08:03:30.000Z</time>
        <extensions>
          <ns3:TrackPointExtension>
            <ns3:atemp>18.0</ns3:atemp>
            <ns3:hr>141</ns3:hr>
          </ns3:TrackPointExtension>
        </extensions>
      </trkpt>
      <trkpt lat="49.29726839996874332427978515625" lon="11.17998654954135417938232421875">
        <ele>392.399993896484375</ele>
        <time>2025-10-05T08:03:35.000Z</time>
        <extensions>
          <ns3:TrackPointExtension>
            <ns3:atemp>18.0</ns3:atemp>
            <ns3:hr>138</ns3:hr>
          </ns3:TrackPointExtension>
        </extensions>
      </trkpt>
      <trkpt lat="49.2973284982144832611083984375" lon="11.17995335720479488372802734375">
        <ele>392.20001220703125</ele>
        <time>2025-10-05T08:03:38.000Z</time>
        <extensions>
          <ns3:TrackPointExtension>
            <ns3:atemp>18.0</ns3:atemp>
            <ns3:hr>135</ns3:hr>
          </ns3:TrackPointExtension>
        </extensions>
      </trkpt>
      <trkpt lat="49.29741843603551387786865234375" lon="11.179932989180088043212890625">
        <ele>392</ele>
        <time>2025-10-05T08:03:42.000Z</time>
        <extensions>
          <ns3:TrackPointExtension>
            <ns3:atemp>18.0</ns3:atemp>
            <ns3:hr>134</ns3:hr>
          </ns3:TrackPointExtension>
        </extensions>
      </trkpt>
      <trkpt lat="49.297620356082916259765625" lon="11.179841123521327972412109375">
        <ele>392</ele>
        <time>2025-10-05T08:03:50.000Z</time>
        <extensions>
          <ns3:TrackPointExtension>
            <ns3:atemp>18.0</ns3:atemp>
            <ns3:hr>134</ns3:hr>
          </ns3:TrackPointExtension>
        </extensions>
      </trkpt>
      <trkpt lat="49.29768137633800506591796875" lon="11.17981639690697193145751953125">
        <ele>391.600006103515625</ele>
        <time>2025-10-05T08:03:53.000Z</time>
        <extensions>
          <ns3:TrackPointExtension>
            <ns3:atemp>18.0</ns3:atemp>
            <ns3:hr>134</ns3:hr>
          </ns3:TrackPointExtension>
        </extensions>
      </trkpt>
      <trkpt lat="49.29781171493232250213623046875" lon="11.17976677604019641876220703125">
        <ele>391.399993896484375</ele>
        <time>2025-10-05T08:03:58.000Z</time>
        <extensions>
          <ns3:TrackPointExtension>
            <ns3:atemp>18.0</ns3:atemp>
            <ns3:hr>136</ns3:hr>
          </ns3:TrackPointExtension>
        </extensions>
      </trkpt>
      <trkpt lat="49.29796175099909305572509765625" lon="11.17968832142651081085205078125">
        <ele>391.20001220703125</ele>
        <time>2025-10-05T08:04:04.000Z</time>
        <extensions>
          <ns3:TrackPointExtension>
            <ns3:atemp>18.0</ns3:atemp>
            <ns3:hr>137</ns3:hr>
          </ns3:TrackPointExtension>
        </extensions>
      </trkpt>
      <trkpt lat="49.29813827387988567352294921875" lon="11.1796790175139904022216796875">
        <ele>390.79998779296875</ele>
        <time>2025-10-05T08:04:12.000Z</time>
        <extensions>
          <ns3:TrackPointExtension>
            <ns3:atemp>19.0</ns3:atemp>
            <ns3:hr>136</ns3:hr>
          </ns3:TrackPointExtension>
        </extensions>
      </trkpt>
      <trkpt lat="49.2983485758304595947265625" lon="11.17967926897108554840087890625">
        <ele>390.399993896484375</ele>
        <time>2025-10-05T08:04:21.000Z</time>
        <extensions>
          <ns3:TrackPointExtension>
            <ns3:atemp>19.0</ns3:atemp>
            <ns3:hr>136</ns3:hr>
          </ns3:TrackPointExtension>
        </extensions>
      </trkpt>
      <trkpt lat="49.29853356443345546722412109375" lon="11.179659068584442138671875">
        <ele>390</ele>
        <time>2025-10-05T08:04:29.000Z</time>
        <extensions>
          <ns3:TrackPointExtension>
            <ns3:atemp>19.0</ns3:atemp>
            <ns3:hr>137</ns3:hr>
          </ns3:TrackPointExtension>
        </extensions>
      </trkpt>
      <trkpt lat="49.29864470846951007843017578125" lon="11.1795217730104923248291015625">
        <ele>389.399993896484375</ele>
        <time>2025-10-05T08:04:34.000Z</time>
        <extensions>
          <ns3:TrackPointExtension>
            <ns3:atemp>19.0</ns3:atemp>
            <ns3:hr>136</ns3:hr>
          </ns3:TrackPointExtension>
        </extensions>
      </trkpt>
      <trkpt lat="49.29881804622709751129150390625" lon="11.17940702475607395172119140625">
        <ele>389.399993896484375</ele>
        <time>2025-10-05T08:04:40.000Z</time>
        <extensions>
          <ns3:TrackPointExtension>
            <ns3:atemp>19.0</ns3:atemp>
            <ns3:hr>135</ns3:hr>
          </ns3:TrackPointExtension>
        </extensions>
      </trkpt>
      <trkpt lat="49.29899021051824092864990234375" lon="11.1792387999594211578369140625">
        <ele>389.399993896484375</ele>
        <time>2025-10-05T08:04:48.000Z</time>
        <extensions>
          <ns3:TrackPointExtension>
            <ns3:atemp>19.0</ns3:atemp>
            <ns3:hr>136</ns3:hr>
          </ns3:TrackPointExtension>
        </extensions>
      </trkpt>
      <trkpt lat="49.299168325960636138916015625" lon="11.17904744111001491546630859375">
        <ele>389.600006103515625</ele>
        <time>2025-10-05T08:04:56.000Z</time>
        <extensions>
          <ns3:TrackPointExtension>
            <ns3:atemp>19.0</ns3:atemp>
            <ns3:hr>137</ns3:hr>
          </ns3:TrackPointExtension>
        </extensions>
      </trkpt>
      <trkpt lat="49.2992888577282428741455078125" lon="11.17892657406628131866455078125">
        <ele>390</ele>
        <time>2025-10-05T08:05:02.000Z</time>
        <extensions>
          <ns3:TrackPointExtension>
            <ns3:atemp>19.0</ns3:atemp>
            <ns3:hr>139</ns3:hr>
          </ns3:TrackPointExtension>
        </extensions>
      </trkpt>
      <trkpt lat="49.299417771399021148681640625" lon="11.17872423492372035980224609375">
        <ele>390</ele>
        <time>2025-10-05T08:05:08.000Z</time>
        <extensions>
          <ns3:TrackPointExtension>
            <ns3:atemp>19.0</ns3:atemp>
            <ns3:hr>142</ns3:hr>
          </ns3:TrackPointExtension>
        </extensions>
      </trkpt>
      <trkpt lat="49.299442581832408905029296875" lon="11.17868433706462383270263671875">
        <ele>390</ele>
        <time>2025-10-05T08:05:09.000Z</time>
        <extensions>
          <ns3:TrackPointExtension>
            <ns3:atemp>19.0</ns3:atemp>
            <ns3:hr>142</ns3:hr>
          </ns3:TrackPointExtension>
        </extensions>
      </trkpt>
      <trkpt lat="49.29956001229584217071533203125" lon="11.1785357259213924407958984375">
        <ele>389.79998779296875</ele>
        <time>2025-10-05T08:05:16.000Z</time>
        <extensions>
          <ns3:TrackPointExtension>
            <ns3:atemp>19.0</ns3:atemp>
            <ns3:hr>141</ns3:hr>
          </ns3:TrackPointExtension>
        </extensions>
      </trkpt>
      <trkpt lat="49.299690686166286468505859375" lon="11.17842449806630611419677734375">
        <ele>389.20001220703125</ele>
        <time>2025-10-05T08:05:23.000Z</time>
        <extensions>
          <ns3:TrackPointExtension>
            <ns3:atemp>19.0</ns3:atemp>
            <ns3:hr>140</ns3:hr>
          </ns3:TrackPointExtension>
        </extensions>
      </trkpt>
      <trkpt lat="49.2998055182397365570068359375" lon="11.1782182194292545318603515625">
        <ele>389.399993896484375</ele>
        <time>2025-10-05T08:05:30.000Z</time>
        <extensions>
          <ns3:TrackPointExtension>
            <ns3:atemp>19.0</ns3:atemp>
            <ns3:hr>141</ns3:hr>
          </ns3:TrackPointExtension>
        </extensions>
      </trkpt>
      <trkpt lat="49.2998631857335567474365234375" lon="11.1779929138720035552978515625">
        <ele>389.20001220703125</ele>
        <time>2025-10-05T08:05:37.000Z</time>
        <extensions>
          <ns3:TrackPointExtension>
            <ns3:atemp>19.0</ns3:atemp>
            <ns3:hr>142</ns3:hr>
          </ns3:TrackPointExtension>
        </extensions>
      </trkpt>
      <trkpt lat="49.29994189180433750152587890625" lon="11.17773416452109813690185546875">
        <ele>388.79998779296875</ele>
        <time>2025-10-05T08:05:45.000Z</time>
        <extensions>
          <ns3:TrackPointExtension>
            <ns3:atemp>19.0</ns3:atemp>
            <ns3:hr>142</ns3:hr>
          </ns3:TrackPointExtension>
        </extensions>
      </trkpt>
      <trkpt lat="49.29995848797261714935302734375" lon="11.17759049870073795318603515625">
        <ele>388.79998779296875</ele>
        <time>2025-10-05T08:05:49.000Z</time>
        <extensions>
          <ns3:TrackPointExtension>
            <ns3:atemp>19.0</ns3:atemp>
            <ns3:hr>145</ns3:hr>
          </ns3:TrackPointExtension>
        </extensions>
      </trkpt>
      <trkpt lat="49.29997332394123077392578125" lon="11.17742520757019519805908203125">
        <ele>389</ele>
        <time>2025-10-05T08:05:53.000Z</time>
        <extensions>
          <ns3:TrackPointExtension>
            <ns3:atemp>19.0</ns3:atemp>
            <ns3:hr>146</ns3:hr>
          </ns3:TrackPointExtension>
        </extensions>
      </trkpt>
      <trkpt lat="49.30001246742904186248779296875" lon="11.17722119204699993133544921875">
        <ele>388.399993896484375</ele>
        <time>2025-10-05T08:05:58.000Z</time>
        <extensions>
          <ns3:TrackPointExtension>
            <ns3:atemp>19.0</ns3:atemp>
            <ns3:hr>148</ns3:hr>
          </ns3:TrackPointExtension>
        </extensions>
      </trkpt>
      <trkpt lat="49.30002520792186260223388671875" lon="11.177187748253345489501953125">
        <ele>388.20001220703125</ele>
        <time>2025-10-05T08:05:59.000Z</time>
        <extensions>
          <ns3:TrackPointExtension>
            <ns3:atemp>19.0</ns3:atemp>
            <ns3:hr>148</ns3:hr>
          </ns3:TrackPointExtension>
        </extensions>
      </trkpt>
      <trkpt lat="49.30009745992720127105712890625" lon="11.17700007744133472442626953125">
        <ele>388.20001220703125</ele>
        <time>2025-10-05T08:06:05.000Z</time>
        <extensions>
          <ns3:TrackPointExtension>
            <ns3:atemp>19.0</ns3:atemp>
            <ns3:hr>148</ns3:hr>
          </ns3:TrackPointExtension>
        </extensions>
      </trkpt>
      <trkpt lat="49.30018731392920017242431640625" lon="11.17663579992949962615966796875">
        <ele>389</ele>
        <time>2025-10-05T08:06:15.000Z</time>
        <extensions>
          <ns3:TrackPointExtension>
            <ns3:atemp>19.0</ns3:atemp>
            <ns3:hr>147</ns3:hr>
          </ns3:TrackPointExtension>
        </extensions>
      </trkpt>
      <trkpt lat="49.30020038969814777374267578125" lon="11.17659405805170536041259765625">
        <ele>389.399993896484375</ele>
        <time>2025-10-05T08:06:17.000Z</time>
        <extensions>
          <ns3:TrackPointExtension>
            <ns3:atemp>19.0</ns3:atemp>
            <ns3:hr>147</ns3:hr>
          </ns3:TrackPointExtension>
        </extensions>
      </trkpt>
      <trkpt lat="49.30024028755724430084228515625" lon="11.17647998034954071044921875">
        <ele>389.600006103515625</ele>
        <time>2025-10-05T08:06:21.000Z</time>
        <extensions>
          <ns3:TrackPointExtension>
            <ns3:atemp>19.0</ns3:atemp>
            <ns3:hr>146</ns3:hr>
          </ns3:TrackPointExtension>
        </extensions>
      </trkpt>
      <trkpt lat="49.300299547612667083740234375" lon="11.17637294344604015350341796875">
        <ele>389.399993896484375</ele>
        <time>2025-10-05T08:06:24.000Z</time>
        <extensions>
          <ns3:TrackPointExtension>
            <ns3:atemp>19.0</ns3:atemp>
            <ns3:hr>143</ns3:hr>
          </ns3:TrackPointExtension>
        </extensions>
      </trkpt>
      <trkpt lat="49.300337098538875579833984375" lon="11.17622072808444499969482421875">
        <ele>389</ele>
        <time>2025-10-05T08:06:29.000Z</time>
        <extensions>
          <ns3:TrackPointExtension>
            <ns3:atemp>19.0</ns3:atemp>
            <ns3:hr>144</ns3:hr>
          </ns3:TrackPointExtension>
        </extensions>
      </trkpt>
      <trkpt lat="49.3004140444099903106689453125" lon="11.17605694569647312164306640625">
        <ele>389</ele>
        <time>2025-10-05T08:06:34.000Z</time>
        <extensions>
          <ns3:TrackPointExtension>
            <ns3:atemp>19.0</ns3:atemp>
            <ns3:hr>147</ns3:hr>
          </ns3:TrackPointExtension>
        </extensions>
      </trkpt>
      <trkpt lat="49.3004723824560642242431640625" lon="11.1759175546467304229736328125">
        <ele>388.600006103515625</ele>
        <time>2025-10-05T08:06:39.000Z</time>
        <extensions>
          <ns3:TrackPointExtension>
            <ns3:atemp>19.0</ns3:atemp>
            <ns3:hr>147</ns3:hr>
          </ns3:TrackPointExtension>
        </extensions>
      </trkpt>
      <trkpt lat="49.30054287426173686981201171875" lon="11.1757254414260387420654296875">
        <ele>389</ele>
        <time>2025-10-05T08:06:45.000Z</time>
        <extensions>
          <ns3:TrackPointExtension>
            <ns3:atemp>19.0</ns3:atemp>
            <ns3:hr>146</ns3:hr>
          </ns3:TrackPointExtension>
        </extensions>
      </trkpt>
      <trkpt lat="49.300602972507476806640625" lon="11.175569035112857818603515625">
        <ele>389.20001220703125</ele>
        <time>2025-10-05T08:06:49.000Z</time>
        <extensions>
          <ns3:TrackPointExtension>
            <ns3:atemp>19.0</ns3:atemp>
            <ns3:hr>149</ns3:hr>
          </ns3:TrackPointExtension>
        </extensions>
      </trkpt>
      <trkpt lat="49.30063608102500438690185546875" lon="11.17545210756361484527587890625">
        <ele>389.399993896484375</ele>
        <time>2025-10-05T08:06:52.000Z</time>
        <extensions>
          <ns3:TrackPointExtension>
            <ns3:atemp>19.0</ns3:atemp>
            <ns3:hr>147</ns3:hr>
          </ns3:TrackPointExtension>
        </extensions>
      </trkpt>
      <trkpt lat="49.30074454285204410552978515625" lon="11.1752376146614551544189453125">
        <ele>390.20001220703125</ele>
        <time>2025-10-05T08:07:01.000Z</time>
        <extensions>
          <ns3:TrackPointExtension>
            <ns3:atemp>19.0</ns3:atemp>
            <ns3:hr>147</ns3:hr>
          </ns3:TrackPointExtension>
        </extensions>
      </trkpt>
      <trkpt lat="49.30075007490813732147216796875" lon="11.1752319149672985076904296875">
        <ele>390.600006103515625</ele>
        <time>2025-10-05T08:07:02.000Z</time>
        <extensions>
          <ns3:TrackPointExtension>
            <ns3:atemp>19.0</ns3:atemp>
            <ns3:hr>147</ns3:hr>
          </ns3:TrackPointExtension>
        </extensions>
      </trkpt>
      <trkpt lat="49.30078142322599887847900390625" lon="11.1752034164965152740478515625">
        <ele>390.79998779296875</ele>
        <time>2025-10-05T08:07:06.000Z</time>
        <extensions>
          <ns3:TrackPointExtension>
            <ns3:atemp>19.0</ns3:atemp>
            <ns3:hr>149</ns3:hr>
          </ns3:TrackPointExtension>
        </extensions>
      </trkpt>
      <trkpt lat="49.30078410543501377105712890625" lon="11.17519511841237545013427734375">
        <ele>390.600006103515625</ele>
        <time>2025-10-05T08:07:08.000Z</time>
        <extensions>
          <ns3:TrackPointExtension>
            <ns3:atemp>19.0</ns3:atemp>
            <ns3:hr>150</ns3:hr>
          </ns3:TrackPointExtension>
        </extensions>
      </trkpt>
      <trkpt lat="49.30078662000596523284912109375" lon="11.1751916818320751190185546875">
        <ele>390.399993896484375</ele>
        <time>2025-10-05T08:07:09.000Z</time>
        <extensions>
          <ns3:TrackPointExtension>
            <ns3:atemp>19.0</ns3:atemp>
            <ns3:hr>150</ns3:hr>
          </ns3:TrackPointExtension>
        </extensions>
      </trkpt>
      <trkpt lat="49.3007942475378513336181640625" lon="11.175182126462459564208984375">
        <ele>390.399993896484375</ele>
        <time>2025-10-05T08:07:12.000Z</time>
        <extensions>
          <ns3:TrackPointExtension>
            <ns3:atemp>19.0</ns3:atemp>
            <ns3:hr>149</ns3:hr>
          </ns3:TrackPointExtension>
        </extensions>
      </trkpt>
      <trkpt lat="49.30079248733818531036376953125" lon="11.1751776002347469329833984375">
        <ele>390.399993896484375</ele>
        <time>2025-10-05T08:07:14.000Z</time>
        <extensions>
          <ns3:TrackPointExtension>
            <ns3:atemp>19.0</ns3:atemp>
            <ns3:hr>149</ns3:hr>
          </ns3:TrackPointExtension>
        </extensions>
      </trkpt>
      <trkpt lat="49.3008063174784183502197265625" lon="11.1751822941005229949951171875">
        <ele>390.399993896484375</ele>
        <time>2025-10-05T08:07:15.000Z</time>
        <extensions>
          <ns3:TrackPointExtension>
            <ns3:atemp>19.0</ns3:atemp>
            <ns3:hr>149</ns3:hr>
          </ns3:TrackPointExtension>
        </extensions>
      </trkpt>
      <trkpt lat="49.30082769133150577545166015625" lon="11.17517382837831974029541015625">
        <ele>389.399993896484375</ele>
        <time>2025-10-05T08:08:05.000Z</time>
        <extensions>
          <ns3:TrackPointExtension>
            <ns3:atemp>19.0</ns3:atemp>
            <ns3:hr>139</ns3:hr>
          </ns3:TrackPointExtension>
        </extensions>
      </trkpt>
      <trkpt lat="49.3008264340460300445556640625" lon="11.17516008205711841583251953125">
        <ele>389.399993896484375</ele>
        <time>2025-10-05T08:08:06.000Z</time>
        <extensions>
          <ns3:TrackPointExtension>
            <ns3:atemp>19.0</ns3:atemp>
            <ns3:hr>139</ns3:hr>
          </ns3:TrackPointExtension>
        </extensions>
      </trkpt>
      <trkpt lat="49.3008234165608882904052734375" lon="11.1751249618828296661376953125">
        <ele>389.399993896484375</ele>
        <time>2025-10-05T08:08:08.000Z</time>
        <extensions>
          <ns3:TrackPointExtension>
            <ns3:atemp>19.0</ns3:atemp>
            <ns3:hr>140</ns3:hr>
          </ns3:TrackPointExtension>
        </extensions>
      </trkpt>
      <trkpt lat="49.30083054117858409881591796875" lon="11.1750853992998600006103515625">
        <ele>389.600006103515625</ele>
        <time>2025-10-05T08:08:10.000Z</time>
        <extensions>
          <ns3:TrackPointExtension>
            <ns3:atemp>19.0</ns3:atemp>
            <ns3:hr>143</ns3:hr>
          </ns3:TrackPointExtension>
        </extensions>
      </trkpt>
      <trkpt lat="49.30084705352783203125" lon="11.17499269545078277587890625">
        <ele>389.600006103515625</ele>
        <time>2025-10-05T08:08:14.000Z</time>
        <extensions>
          <ns3:TrackPointExtension>
            <ns3:atemp>19.0</ns3:atemp>
            <ns3:hr>145</ns3:hr>
          </ns3:TrackPointExtension>
        </extensions>
      </trkpt>
      <trkpt lat="49.30086155422031879425048828125" lon="11.1749714054167270660400390625">
        <ele>389.399993896484375</ele>
        <time>2025-10-05T08:08:15.000Z</time>
        <extensions>
          <ns3:TrackPointExtension>
            <ns3:atemp>19.0</ns3:atemp>
            <ns3:hr>145</ns3:hr>
          </ns3:TrackPointExtension>
        </extensions>
      </trkpt>
      <trkpt lat="49.30088200606405735015869140625" lon="11.17495154030621051788330078125">
        <ele>389.20001220703125</ele>
        <time>2025-10-05T08:08:18.000Z</time>
        <extensions>
          <ns3:TrackPointExtension>
            <ns3:atemp>19.0</ns3:atemp>
            <ns3:hr>145</ns3:hr>
          </ns3:TrackPointExtension>
        </extensions>
      </trkpt>
      <trkpt lat="49.3008901365101337432861328125" lon="11.17493578232824802398681640625">
        <ele>389.20001220703125</ele>
        <time>2025-10-05T08:08:19.000Z</time>
        <extensions>
          <ns3:TrackPointExtension>
            <ns3:atemp>19.0</ns3:atemp>
            <ns3:hr>146</ns3:hr>
          </ns3:TrackPointExtension>
        </extensions>
      </trkpt>
      <trkpt lat="49.30093011818826198577880859375" lon="11.17488599382340908050537109375">
        <ele>389.20001220703125</ele>
        <time>2025-10-05T08:08:23.000Z</time>
        <extensions>
          <ns3:TrackPointExtension>
            <ns3:atemp>19.0</ns3:atemp>
            <ns3:hr>146</ns3:hr>
          </ns3:TrackPointExtension>
        </extensions>
      </trkpt>
      <trkpt lat="49.3010041303932666778564453125" lon="11.17471416480839252471923828125">
        <ele>389</ele>
        <time>2025-10-05T08:08:30.000Z</time>
        <extensions>
          <ns3:TrackPointExtension>
            <ns3:atemp>20.0</ns3:atemp>
            <ns3:hr>147</ns3:hr>
          </ns3:TrackPointExtension>
        </extensions>
      </trkpt>
      <trkpt lat="49.3010495603084564208984375" lon="11.17458759807050228118896484375">
        <ele>389.600006103515625</ele>
        <time>2025-10-05T08:08:37.000Z</time>
        <extensions>
          <ns3:TrackPointExtension>
            <ns3:atemp>20.0</ns3:atemp>
            <ns3:hr>149</ns3:hr>
          </ns3:TrackPointExtension>
        </extensions>
      </trkpt>
      <trkpt lat="49.30106137879192829132080078125" lon="11.1745345406234264373779296875">
        <ele>389.79998779296875</ele>
        <time>2025-10-05T08:08:43.000Z</time>
        <extensions>
          <ns3:TrackPointExtension>
            <ns3:atemp>20.0</ns3:atemp>
            <ns3:hr>146</ns3:hr>
          </ns3:TrackPointExtension>
        </extensions>
      </trkpt>
      <trkpt lat="49.3011231534183025360107421875" lon="11.174476034939289093017578125">
        <ele>389.399993896484375</ele>
        <time>2025-10-05T08:08:47.000Z</time>
        <extensions>
          <ns3:TrackPointExtension>
            <ns3:atemp>20.0</ns3:atemp>
            <ns3:hr>143</ns3:hr>
          </ns3:TrackPointExtension>
        </extensions>
      </trkpt>
      <trkpt lat="49.3011365644633769989013671875" lon="11.174439489841461181640625">
        <ele>389</ele>
        <time>2025-10-05T08:08:50.000Z</time>
        <extensions>
          <ns3:TrackPointExtension>
            <ns3:atemp>20.0</ns3:atemp>
            <ns3:hr>140</ns3:hr>
          </ns3:TrackPointExtension>
        </extensions>
      </trkpt>
      <trkpt lat="49.30116020143032073974609375" lon="11.174392215907573699951171875">
        <ele>388.79998779296875</ele>
        <time>2025-10-05T08:08:53.000Z</time>
        <extensions>
          <ns3:TrackPointExtension>
            <ns3:atemp>20.0</ns3:atemp>
            <ns3:hr>136</ns3:hr>
          </ns3:TrackPointExtension>
        </extensions>
      </trkpt>
      <trkpt lat="49.3011727742850780487060546875" lon="11.1743561737239360809326171875">
        <ele>388.600006103515625</ele>
        <time>2025-10-05T08:08:56.000Z</time>
        <extensions>
          <ns3:TrackPointExtension>
            <ns3:atemp>20.0</ns3:atemp>
            <ns3:hr>131</ns3:hr>
          </ns3:TrackPointExtension>
        </extensions>
      </trkpt>
      <trkpt lat="49.30118325166404247283935546875" lon="11.174321807920932769775390625">
        <ele>388.600006103515625</ele>
        <time>2025-10-05T08:08:58.000Z</time>
        <extensions>
          <ns3:TrackPointExtension>
            <ns3:atemp>20.0</ns3:atemp>
            <ns3:hr>128</ns3:hr>
          </ns3:TrackPointExtension>
        </extensions>
      </trkpt>
      <trkpt lat="49.30120906792581081390380859375" lon="11.17426305077970027923583984375">
        <ele>388.399993896484375</ele>
        <time>2025-10-05T08:09:01.000Z</time>
        <extensions>
          <ns3:TrackPointExtension>
            <ns3:atemp>20.0</ns3:atemp>
            <ns3:hr>122</ns3:hr>
          </ns3:TrackPointExtension>
        </extensions>
      </trkpt>
      <trkpt lat="49.30121510289609432220458984375" lon="11.1742371506989002227783203125">
        <ele>388.399993896484375</ele>
        <time>2025-10-05T08:09:02.000Z</time>
        <extensions>
          <ns3:TrackPointExtension>
            <ns3:atemp>20.0</ns3:atemp>
            <ns3:hr>119</ns3:hr>
          </ns3:TrackPointExtension>
        </extensions>
      </trkpt>
      <trkpt lat="49.3012200482189655303955078125" lon="11.17421896196901798248291015625">
        <ele>388.20001220703125</ele>
        <time>2025-10-05T08:09:03.000Z</time>
        <extensions>
          <ns3:TrackPointExtension>
            <ns3:atemp>20.0</ns3:atemp>
            <ns3:hr>118</ns3:hr>
          </ns3:TrackPointExtension>
        </extensions>
      </trkpt>
      <trkpt lat="49.3012183718383312225341796875" lon="11.17421351373195648193359375">
        <ele>388.20001220703125</ele>
        <time>2025-10-05T08:09:04.000Z</time>
        <extensions>
          <ns3:TrackPointExtension>
            <ns3:atemp>20.0</ns3:atemp>
            <ns3:hr>117</ns3:hr>
          </ns3:TrackPointExtension>
        </extensions>
      </trkpt>
      <trkpt lat="49.30122993886470794677734375" lon="11.17415358312427997589111328125">
        <ele>388</ele>
        <time>2025-10-05T08:09:06.000Z</time>
        <extensions>
          <ns3:TrackPointExtension>
            <ns3:atemp>20.0</ns3:atemp>
            <ns3:hr>115</ns3:hr>
          </ns3:TrackPointExtension>
        </extensions>
      </trkpt>
      <trkpt lat="49.30126170627772808074951171875" lon="11.17406691424548625946044921875">
        <ele>387.79998779296875</ele>
        <time>2025-10-05T08:09:09.000Z</time>
        <extensions>
          <ns3:TrackPointExtension>
            <ns3:atemp>20.0</ns3:atemp>
            <ns3:hr>115</ns3:hr>
          </ns3:TrackPointExtension>
        </extensions>
      </trkpt>
      <trkpt lat="49.301342926919460296630859375" lon="11.17402768693864345550537109375">
        <ele>387.399993896484375</ele>
        <time>2025-10-05T08:09:14.000Z</time>
        <extensions>
          <ns3:TrackPointExtension>
            <ns3:atemp>20.0</ns3:atemp>
            <ns3:hr>115</ns3:hr>
          </ns3:TrackPointExtension>
        </extensions>
      </trkpt>
      <trkpt lat="49.30135088972747325897216796875" lon="11.1740108393132686614990234375">
        <ele>387.399993896484375</ele>
        <time>2025-10-05T08:09:15.000Z</time>
        <extensions>
          <ns3:TrackPointExtension>
            <ns3:atemp>20.0</ns3:atemp>
            <ns3:hr>115</ns3:hr>
          </ns3:TrackPointExtension>
        </extensions>
      </trkpt>
      <trkpt lat="49.3013638816773891448974609375" lon="11.1739964224398136138916015625">
        <ele>387.20001220703125</ele>
        <time>2025-10-05T08:09:16.000Z</time>
        <extensions>
          <ns3:TrackPointExtension>
            <ns3:atemp>20.0</ns3:atemp>
            <ns3:hr>114</ns3:hr>
          </ns3:TrackPointExtension>
        </extensions>
      </trkpt>
      <trkpt lat="49.30139548145234584808349609375" lon="11.173967421054840087890625">
        <ele>386.79998779296875</ele>
        <time>2025-10-05T08:09:18.000Z</time>
        <extensions>
          <ns3:TrackPointExtension>
            <ns3:atemp>20.0</ns3:atemp>
            <ns3:hr>112</ns3:hr>
          </ns3:TrackPointExtension>
        </extensions>
      </trkpt>
      <trkpt lat="49.30144309066236019134521484375" lon="11.1739085800945758819580078125">
        <ele>386.399993896484375</ele>
        <time>2025-10-05T08:09:23.000Z</time>
        <extensions>
          <ns3:TrackPointExtension>
            <ns3:atemp>20.0</ns3:atemp>
            <ns3:hr>112</ns3:hr>
          </ns3:TrackPointExtension>
        </extensions>
      </trkpt>
      <trkpt lat="49.30145549587905406951904296875" lon="11.17388754151761531829833984375">
        <ele>386.399993896484375</ele>
        <time>2025-10-05T08:09:24.000Z</time>
        <extensions>
          <ns3:TrackPointExtension>
            <ns3:atemp>20.0</ns3:atemp>
            <ns3:hr>111</ns3:hr>
          </ns3:TrackPointExtension>
        </extensions>
      </trkpt>
      <trkpt lat="49.30147225968539714813232421875" lon="11.17381864227354526519775390625">
        <ele>386.20001220703125</ele>
        <time>2025-10-05T08:09:27.000Z</time>
        <extensions>
          <ns3:TrackPointExtension>
            <ns3:atemp>20.0</ns3:atemp>
            <ns3:hr>109</ns3:hr>
          </ns3:TrackPointExtension>
        </extensions>
      </trkpt>
      <trkpt lat="49.30147393606603145599365234375" lon="11.17379986681044101715087890625">
        <ele>386.20001220703125</ele>
        <time>2025-10-05T08:09:28.000Z</time>
        <extensions>
          <ns3:TrackPointExtension>
            <ns3:atemp>20.0</ns3:atemp>
            <ns3:hr>108</ns3:hr>
          </ns3:TrackPointExtension>
        </extensions>
      </trkpt>
      <trkpt lat="49.301498495042324066162109375" lon="11.17372442968189716339111328125">
        <ele>386</ele>
        <time>2025-10-05T08:09:31.000Z</time>
        <extensions>
          <ns3:TrackPointExtension>
            <ns3:atemp>20.0</ns3:atemp>
            <ns3:hr>109</ns3:hr>
          </ns3:TrackPointExtension>
        </extensions>
      </trkpt>
      <trkpt lat="49.30153763853013515472412109375" lon="11.17366022430360317230224609375">
        <ele>385.79998779296875</ele>
        <time>2025-10-05T08:09:33.000Z</time>
        <extensions>
          <ns3:TrackPointExtension>
            <ns3:atemp>20.0</ns3:atemp>
            <ns3:hr>112</ns3:hr>
          </ns3:TrackPointExtension>
        </extensions>
      </trkpt>
      <trkpt lat="49.30158424191176891326904296875" lon="11.17362678050994873046875">
        <ele>385.79998779296875</ele>
        <time>2025-10-05T08:09:37.000Z</time>
        <extensions>
          <ns3:TrackPointExtension>
            <ns3:atemp>20.0</ns3:atemp>
            <ns3:hr>110</ns3:hr>
          </ns3:TrackPointExtension>
        </extensions>
      </trkpt>
      <trkpt lat="49.3016143329441547393798828125" lon="11.1735890619456768035888671875">
        <ele>385.600006103515625</ele>
        <time>2025-10-05T08:09:40.000Z</time>
        <extensions>
          <ns3:TrackPointExtension>
            <ns3:atemp>20.0</ns3:atemp>
            <ns3:hr>108</ns3:hr>
          </ns3:TrackPointExtension>
        </extensions>
      </trkpt>
      <trkpt lat="49.30172069929540157318115234375" lon="11.17345553822815418243408203125">
        <ele>385.20001220703125</ele>
        <time>2025-10-05T08:09:49.000Z</time>
        <extensions>
          <ns3:TrackPointExtension>
            <ns3:atemp>20.0</ns3:atemp>
            <ns3:hr>106</ns3:hr>
          </ns3:TrackPointExtension>
        </extensions>
      </trkpt>
      <trkpt lat="49.3017776124179363250732421875" lon="11.1734054982662200927734375">
        <ele>385</ele>
        <time>2025-10-05T08:09:53.000Z</time>
        <extensions>
          <ns3:TrackPointExtension>
            <ns3:atemp>20.0</ns3:atemp>
            <ns3:hr>106</ns3:hr>
          </ns3:TrackPointExtension>
        </extensions>
      </trkpt>
      <trkpt lat="49.3018195219337940216064453125" lon="11.1733840405941009521484375">
        <ele>385</ele>
        <time>2025-10-05T08:09:56.000Z</time>
        <extensions>
          <ns3:TrackPointExtension>
            <ns3:atemp>20.0</ns3:atemp>
            <ns3:hr>106</ns3:hr>
          </ns3:TrackPointExtension>
        </extensions>
      </trkpt>
      <trkpt lat="49.30184106342494487762451171875" lon="11.17338010109961032867431640625">
        <ele>385</ele>
        <time>2025-10-05T08:09:57.000Z</time>
        <extensions>
          <ns3:TrackPointExtension>
            <ns3:atemp>20.0</ns3:atemp>
            <ns3:hr>106</ns3:hr>
          </ns3:TrackPointExtension>
        </extensions>
      </trkpt>
      <trkpt lat="49.3019103817641735076904296875" lon="11.17333031259477138519287109375">
        <ele>384.600006103515625</ele>
        <time>2025-10-05T08:10:03.000Z</time>
        <extensions>
          <ns3:TrackPointExtension>
            <ns3:atemp>20.0</ns3:atemp>
            <ns3:hr>106</ns3:hr>
          </ns3:TrackPointExtension>
        </extensions>
      </trkpt>
      <trkpt lat="49.301971234381198883056640625" lon="11.1732661910355091094970703125">
        <ele>384.20001220703125</ele>
        <time>2025-10-05T08:10:07.000Z</time>
        <extensions>
          <ns3:TrackPointExtension>
            <ns3:atemp>20.0</ns3:atemp>
            <ns3:hr>106</ns3:hr>
          </ns3:TrackPointExtension>
        </extensions>
      </trkpt>
      <trkpt lat="49.30202412419021129608154296875" lon="11.173236854374408721923828125">
        <ele>384</ele>
        <time>2025-10-05T08:10:09.000Z</time>
        <extensions>
          <ns3:TrackPointExtension>
            <ns3:atemp>20.0</ns3:atemp>
            <ns3:hr>107</ns3:hr>
          </ns3:TrackPointExtension>
        </extensions>
      </trkpt>
      <trkpt lat="49.30204264819622039794921875" lon="11.17322520352900028228759765625">
        <ele>383.79998779296875</ele>
        <time>2025-10-05T08:10:10.000Z</time>
        <extensions>
          <ns3:TrackPointExtension>
            <ns3:atemp>20.0</ns3:atemp>
            <ns3:hr>107</ns3:hr>
          </ns3:TrackPointExtension>
        </extensions>
      </trkpt>
      <trkpt lat="49.302085228264331817626953125" lon="11.17316083051264286041259765625">
        <ele>383</ele>
        <time>2025-10-05T08:10:18.000Z</time>
        <extensions>
          <ns3:TrackPointExtension>
            <ns3:atemp>20.0</ns3:atemp>
            <ns3:hr>108</ns3:hr>
          </ns3:TrackPointExtension>
        </extensions>
      </trkpt>
      <trkpt lat="49.30210911668837070465087890625" lon="11.17312998510897159576416015625">
        <ele>383</ele>
        <time>2025-10-05T08:10:20.000Z</time>
        <extensions>
          <ns3:TrackPointExtension>
            <ns3:atemp>20.0</ns3:atemp>
            <ns3:hr>108</ns3:hr>
          </ns3:TrackPointExtension>
        </extensions>
      </trkpt>
      <trkpt lat="49.30220358073711395263671875" lon="11.1730031669139862060546875">
        <ele>382.79998779296875</ele>
        <time>2025-10-05T08:10:26.000Z</time>
        <extensions>
          <ns3:TrackPointExtension>
            <ns3:atemp>20.0</ns3:atemp>
            <ns3:hr>107</ns3:hr>
          </ns3:TrackPointExtension>
        </extensions>
      </trkpt>
      <trkpt lat="49.30233056657016277313232421875" lon="11.17290903814136981964111328125">
        <ele>382.399993896484375</ele>
        <time>2025-10-05T08:10:31.000Z</time>
        <extensions>
          <ns3:TrackPointExtension>
            <ns3:atemp>20.0</ns3:atemp>
            <ns3:hr>107</ns3:hr>
          </ns3:TrackPointExtension>
        </extensions>
      </trkpt>
      <trkpt lat="49.30240885354578495025634765625" lon="11.17279596626758575439453125">
        <ele>381.79998779296875</ele>
        <time>2025-10-05T08:10:36.000Z</time>
        <extensions>
          <ns3:TrackPointExtension>
            <ns3:atemp>20.0</ns3:atemp>
            <ns3:hr>109</ns3:hr>
          </ns3:TrackPointExtension>
        </extensions>
      </trkpt>
      <trkpt lat="49.3024414591491222381591796875" lon="11.17274634540081024169921875">
        <ele>381.79998779296875</ele>
        <time>2025-10-05T08:10:38.000Z</time>
        <extensions>
          <ns3:TrackPointExtension>
            <ns3:atemp>20.0</ns3:atemp>
            <ns3:hr>111</ns3:hr>
          </ns3:TrackPointExtension>
        </extensions>
      </trkpt>
      <trkpt lat="49.30258235894143581390380859375" lon="11.17252330295741558074951171875">
        <ele>381.600006103515625</ele>
        <time>2025-10-05T08:10:44.000Z</time>
        <extensions>
          <ns3:TrackPointExtension>
            <ns3:atemp>20.0</ns3:atemp>
            <ns3:hr>114</ns3:hr>
          </ns3:TrackPointExtension>
        </extensions>
      </trkpt>
      <trkpt lat="49.30266626179218292236328125" lon="11.1724197864532470703125">
        <ele>381.600006103515625</ele>
        <time>2025-10-05T08:10:48.000Z</time>
        <extensions>
          <ns3:TrackPointExtension>
            <ns3:atemp>20.0</ns3:atemp>
            <ns3:hr>117</ns3:hr>
          </ns3:TrackPointExtension>
        </extensions>
      </trkpt>
      <trkpt lat="49.30273608304560184478759765625" lon="11.17238315753638744354248046875">
        <ele>381.399993896484375</ele>
        <time>2025-10-05T08:10:50.000Z</time>
        <extensions>
          <ns3:TrackPointExtension>
            <ns3:atemp>20.0</ns3:atemp>
            <ns3:hr>118</ns3:hr>
          </ns3:TrackPointExtension>
        </extensions>
      </trkpt>
      <trkpt lat="49.3028199858963489532470703125" lon="11.17228768765926361083984375">
        <ele>380.79998779296875</ele>
        <time>2025-10-05T08:10:55.000Z</time>
        <extensions>
          <ns3:TrackPointExtension>
            <ns3:atemp>20.0</ns3:atemp>
            <ns3:hr>121</ns3:hr>
          </ns3:TrackPointExtension>
        </extensions>
      </trkpt>
      <trkpt lat="49.30284387432038784027099609375" lon="11.17225659079849720001220703125">
        <ele>380.79998779296875</ele>
        <time>2025-10-05T08:10:56.000Z</time>
        <extensions>
          <ns3:TrackPointExtension>
            <ns3:atemp>20.0</ns3:atemp>
            <ns3:hr>121</ns3:hr>
          </ns3:TrackPointExtension>
        </extensions>
      </trkpt>
      <trkpt lat="49.30285946466028690338134765625" lon="11.172238402068614959716796875">
        <ele>380.79998779296875</ele>
        <time>2025-10-05T08:10:57.000Z</time>
        <extensions>
          <ns3:TrackPointExtension>
            <ns3:atemp>20.0</ns3:atemp>
            <ns3:hr>121</ns3:hr>
          </ns3:TrackPointExtension>
        </extensions>
      </trkpt>
      <trkpt lat="49.30295317433774471282958984375" lon="11.17216204293072223663330078125">
        <ele>380.20001220703125</ele>
        <time>2025-10-05T08:11:02.000Z</time>
        <extensions>
          <ns3:TrackPointExtension>
            <ns3:atemp>20.0</ns3:atemp>
            <ns3:hr>123</ns3:hr>
          </ns3:TrackPointExtension>
        </extensions>
      </trkpt>
      <trkpt lat="49.30297899059951305389404296875" lon="11.17214628495275974273681640625">
        <ele>380.20001220703125</ele>
        <time>2025-10-05T08:11:03.000Z</time>
        <extensions>
          <ns3:TrackPointExtension>
            <ns3:atemp>20.0</ns3:atemp>
            <ns3:hr>123</ns3:hr>
          </ns3:TrackPointExtension>
        </extensions>
      </trkpt>
      <trkpt lat="49.302992485463619232177734375" lon="11.17213270626962184906005859375">
        <ele>380.20001220703125</ele>
        <time>2025-10-05T08:11:04.000Z</time>
        <extensions>
          <ns3:TrackPointExtension>
            <ns3:atemp>20.0</ns3:atemp>
            <ns3:hr>123</ns3:hr>
          </ns3:TrackPointExtension>
        </extensions>
      </trkpt>
      <trkpt lat="49.3030612170696258544921875" lon="11.1720347218215465545654296875">
        <ele>379.79998779296875</ele>
        <time>2025-10-05T08:11:08.000Z</time>
        <extensions>
          <ns3:TrackPointExtension>
            <ns3:atemp>20.0</ns3:atemp>
            <ns3:hr>124</ns3:hr>
          </ns3:TrackPointExtension>
        </extensions>
      </trkpt>
      <trkpt lat="49.30311980657279491424560546875" lon="11.17200043983757495880126953125">
        <ele>379.79998779296875</ele>
        <time>2025-10-05T08:11:10.000Z</time>
        <extensions>
          <ns3:TrackPointExtension>
            <ns3:atemp>20.0</ns3:atemp>
            <ns3:hr>125</ns3:hr>
          </ns3:TrackPointExtension>
        </extensions>
      </trkpt>
      <trkpt lat="49.30317043326795101165771484375" lon="11.171969510614871978759765625">
        <ele>379.600006103515625</ele>
        <time>2025-10-05T08:11:12.000Z</time>
        <extensions>
          <ns3:TrackPointExtension>
            <ns3:atemp>20.0</ns3:atemp>
            <ns3:hr>128</ns3:hr>
          </ns3:TrackPointExtension>
        </extensions>
      </trkpt>
      <trkpt lat="49.30320899002254009246826171875" lon="11.171935312449932098388671875">
        <ele>379.399993896484375</ele>
        <time>2025-10-05T08:11:14.000Z</time>
        <extensions>
          <ns3:TrackPointExtension>
            <ns3:atemp>20.0</ns3:atemp>
            <ns3:hr>128</ns3:hr>
          </ns3:TrackPointExtension>
        </extensions>
      </trkpt>
      <trkpt lat="49.3032699264585971832275390625" lon="11.17173791863024234771728515625">
        <ele>378.79998779296875</ele>
        <time>2025-10-05T08:11:19.000Z</time>
        <extensions>
          <ns3:TrackPointExtension>
            <ns3:atemp>20.0</ns3:atemp>
            <ns3:hr>131</ns3:hr>
          </ns3:TrackPointExtension>
        </extensions>
      </trkpt>
      <trkpt lat="49.30329532362520694732666015625" lon="11.171705313026905059814453125">
        <ele>378.79998779296875</ele>
        <time>2025-10-05T08:11:20.000Z</time>
        <extensions>
          <ns3:TrackPointExtension>
            <ns3:atemp>20.0</ns3:atemp>
            <ns3:hr>131</ns3:hr>
          </ns3:TrackPointExtension>
        </extensions>
      </trkpt>
      <trkpt lat="49.30332080461084842681884765625" lon="11.17167346179485321044921875">
        <ele>378.600006103515625</ele>
        <time>2025-10-05T08:11:21.000Z</time>
        <extensions>
          <ns3:TrackPointExtension>
            <ns3:atemp>20.0</ns3:atemp>
            <ns3:hr>131</ns3:hr>
          </ns3:TrackPointExtension>
        </extensions>
      </trkpt>
      <trkpt lat="49.3034482933580875396728515625" lon="11.1715274490416049957275390625">
        <ele>377.600006103515625</ele>
        <time>2025-10-05T08:11:27.000Z</time>
        <extensions>
          <ns3:TrackPointExtension>
            <ns3:atemp>20.0</ns3:atemp>
            <ns3:hr>132</ns3:hr>
          </ns3:TrackPointExtension>
        </extensions>
      </trkpt>
      <trkpt lat="49.3034754507243633270263671875" lon="11.1715053208172321319580078125">
        <ele>377.600006103515625</ele>
        <time>2025-10-05T08:11:28.000Z</time>
        <extensions>
          <ns3:TrackPointExtension>
            <ns3:atemp>20.0</ns3:atemp>
            <ns3:hr>133</ns3:hr>
          </ns3:TrackPointExtension>
        </extensions>
      </trkpt>
      <trkpt lat="49.30368189699947834014892578125" lon="11.17133609019219875335693359375">
        <ele>376.600006103515625</ele>
        <time>2025-10-05T08:11:38.000Z</time>
        <extensions>
          <ns3:TrackPointExtension>
            <ns3:atemp>20.0</ns3:atemp>
            <ns3:hr>132</ns3:hr>
          </ns3:TrackPointExtension>
        </extensions>
      </trkpt>
      <trkpt lat="49.30369949899613857269287109375" lon="11.171290576457977294921875">
        <ele>376.600006103515625</ele>
        <time>2025-10-05T08:11:39.000Z</time>
        <extensions>
          <ns3:TrackPointExtension>
            <ns3:atemp>20.0</ns3:atemp>
            <ns3:hr>132</ns3:hr>
          </ns3:TrackPointExtension>
        </extensions>
      </trkpt>
      <trkpt lat="49.30380527861416339874267578125" lon="11.1710758320987224578857421875">
        <ele>376</ele>
        <time>2025-10-05T08:11:45.000Z</time>
        <extensions>
          <ns3:TrackPointExtension>
            <ns3:atemp>20.0</ns3:atemp>
            <ns3:hr>131</ns3:hr>
          </ns3:TrackPointExtension>
        </extensions>
      </trkpt>
      <trkpt lat="49.30384484119713306427001953125" lon="11.17085983045399188995361328125">
        <ele>375.399993896484375</ele>
        <time>2025-10-05T08:11:51.000Z</time>
        <extensions>
          <ns3:TrackPointExtension>
            <ns3:atemp>20.0</ns3:atemp>
            <ns3:hr>130</ns3:hr>
          </ns3:TrackPointExtension>
        </extensions>
      </trkpt>
      <trkpt lat="49.303883649408817291259765625" lon="11.17082479409873485565185546875">
        <ele>375.399993896484375</ele>
        <time>2025-10-05T08:11:53.000Z</time>
        <extensions>
          <ns3:TrackPointExtension>
            <ns3:atemp>20.0</ns3:atemp>
            <ns3:hr>130</ns3:hr>
          </ns3:TrackPointExtension>
        </extensions>
      </trkpt>
      <trkpt lat="49.303982220590114593505859375" lon="11.17063276469707489013671875">
        <ele>374.79998779296875</ele>
        <time>2025-10-05T08:12:00.000Z</time>
        <extensions>
          <ns3:TrackPointExtension>
            <ns3:atemp>20.0</ns3:atemp>
            <ns3:hr>129</ns3:hr>
          </ns3:TrackPointExtension>
        </extensions>
      </trkpt>
      <trkpt lat="49.30408020503818988800048828125" lon="11.1704297550022602081298828125">
        <ele>374.399993896484375</ele>
        <time>2025-10-05T08:12:07.000Z</time>
        <extensions>
          <ns3:TrackPointExtension>
            <ns3:atemp>20.0</ns3:atemp>
            <ns3:hr>128</ns3:hr>
          </ns3:TrackPointExtension>
        </extensions>
      </trkpt>
      <trkpt lat="49.304130077362060546875" lon="11.17037585936486721038818359375">
        <ele>374.399993896484375</ele>
        <time>2025-10-05T08:12:09.000Z</time>
        <extensions>
          <ns3:TrackPointExtension>
            <ns3:atemp>20.0</ns3:atemp>
            <ns3:hr>128</ns3:hr>
          </ns3:TrackPointExtension>
        </extensions>
      </trkpt>
      <trkpt lat="49.3042375333607196807861328125" lon="11.17018156684935092926025390625">
        <ele>374.20001220703125</ele>
        <time>2025-10-05T08:12:16.000Z</time>
        <extensions>
          <ns3:TrackPointExtension>
            <ns3:atemp>20.0</ns3:atemp>
            <ns3:hr>128</ns3:hr>
          </ns3:TrackPointExtension>
        </extensions>
      </trkpt>
      <trkpt lat="49.30424985475838184356689453125" lon="11.17015792988240718841552734375">
        <ele>374.20001220703125</ele>
        <time>2025-10-05T08:12:17.000Z</time>
        <extensions>
          <ns3:TrackPointExtension>
            <ns3:atemp>20.0</ns3:atemp>
            <ns3:hr>128</ns3:hr>
          </ns3:TrackPointExtension>
        </extensions>
      </trkpt>
      <trkpt lat="49.30430106818675994873046875" lon="11.17000621743500232696533203125">
        <ele>374</ele>
        <time>2025-10-05T08:12:22.000Z</time>
        <extensions>
          <ns3:TrackPointExtension>
            <ns3:atemp>20.0</ns3:atemp>
            <ns3:hr>128</ns3:hr>
          </ns3:TrackPointExtension>
        </extensions>
      </trkpt>
      <trkpt lat="49.304399304091930389404296875" lon="11.1698182113468647003173828125">
        <ele>373.79998779296875</ele>
        <time>2025-10-05T08:12:28.000Z</time>
        <extensions>
          <ns3:TrackPointExtension>
            <ns3:atemp>20.0</ns3:atemp>
            <ns3:hr>127</ns3:hr>
          </ns3:TrackPointExtension>
        </extensions>
      </trkpt>
      <trkpt lat="49.30449427105486392974853515625" lon="11.1695989407598972320556640625">
        <ele>373.79998779296875</ele>
        <time>2025-10-05T08:12:34.000Z</time>
        <extensions>
          <ns3:TrackPointExtension>
            <ns3:atemp>20.0</ns3:atemp>
            <ns3:hr>127</ns3:hr>
          </ns3:TrackPointExtension>
        </extensions>
      </trkpt>
      <trkpt lat="49.30457658134400844573974609375" lon="11.16941629908978939056396484375">
        <ele>373.600006103515625</ele>
        <time>2025-10-05T08:12:40.000Z</time>
        <extensions>
          <ns3:TrackPointExtension>
            <ns3:atemp>20.0</ns3:atemp>
            <ns3:hr>128</ns3:hr>
          </ns3:TrackPointExtension>
        </extensions>
      </trkpt>
      <trkpt lat="49.3045935966074466705322265625" lon="11.16940674372017383575439453125">
        <ele>373.399993896484375</ele>
        <time>2025-10-05T08:12:41.000Z</time>
        <extensions>
          <ns3:TrackPointExtension>
            <ns3:atemp>20.0</ns3:atemp>
            <ns3:hr>128</ns3:hr>
          </ns3:TrackPointExtension>
        </extensions>
      </trkpt>
      <trkpt lat="49.3046921677887439727783203125" lon="11.169311106204986572265625">
        <ele>373.20001220703125</ele>
        <time>2025-10-05T08:12:46.000Z</time>
        <extensions>
          <ns3:TrackPointExtension>
            <ns3:atemp>20.0</ns3:atemp>
            <ns3:hr>129</ns3:hr>
          </ns3:TrackPointExtension>
        </extensions>
      </trkpt>
      <trkpt lat="49.3047831952571868896484375" lon="11.16925955750048160552978515625">
        <ele>374</ele>
        <time>2025-10-05T08:12:52.000Z</time>
        <extensions>
          <ns3:TrackPointExtension>
            <ns3:atemp>20.0</ns3:atemp>
            <ns3:hr>130</ns3:hr>
          </ns3:TrackPointExtension>
        </extensions>
      </trkpt>
      <trkpt lat="49.30481781251728534698486328125" lon="11.16924279369413852691650390625">
        <ele>374</ele>
        <time>2025-10-05T08:12:56.000Z</time>
        <extensions>
          <ns3:TrackPointExtension>
            <ns3:atemp>20.0</ns3:atemp>
            <ns3:hr>130</ns3:hr>
          </ns3:TrackPointExtension>
        </extensions>
      </trkpt>
      <trkpt lat="49.30483616888523101806640625" lon="11.16924011148512363433837890625">
        <ele>374</ele>
        <time>2025-10-05T08:12:58.000Z</time>
        <extensions>
          <ns3:TrackPointExtension>
            <ns3:atemp>20.0</ns3:atemp>
            <ns3:hr>130</ns3:hr>
          </ns3:TrackPointExtension>
        </extensions>
      </trkpt>
      <trkpt lat="49.304884783923625946044921875" lon="11.1692076735198497772216796875">
        <ele>373.399993896484375</ele>
        <time>2025-10-05T08:13:02.000Z</time>
        <extensions>
          <ns3:TrackPointExtension>
            <ns3:atemp>20.0</ns3:atemp>
            <ns3:hr>133</ns3:hr>
          </ns3:TrackPointExtension>
        </extensions>
      </trkpt>
      <trkpt lat="49.304926693439483642578125" lon="11.1691761575639247894287109375">
        <ele>373</ele>
        <time>2025-10-05T08:13:04.000Z</time>
        <extensions>
          <ns3:TrackPointExtension>
            <ns3:atemp>20.0</ns3:atemp>
            <ns3:hr>136</ns3:hr>
          </ns3:TrackPointExtension>
        </extensions>
      </trkpt>
      <trkpt lat="49.30503808893263339996337890625" lon="11.16906459443271160125732421875">
        <ele>372.600006103515625</ele>
        <time>2025-10-05T08:13:09.000Z</time>
        <extensions>
          <ns3:TrackPointExtension>
            <ns3:atemp>20.0</ns3:atemp>
            <ns3:hr>136</ns3:hr>
          </ns3:TrackPointExtension>
        </extensions>
      </trkpt>
      <trkpt lat="49.30515694431960582733154296875" lon="11.168962083756923675537109375">
        <ele>372.79998779296875</ele>
        <time>2025-10-05T08:13:15.000Z</time>
        <extensions>
          <ns3:TrackPointExtension>
            <ns3:atemp>20.0</ns3:atemp>
            <ns3:hr>136</ns3:hr>
          </ns3:TrackPointExtension>
        </extensions>
      </trkpt>
      <trkpt lat="49.30522911250591278076171875" lon="11.1688616685569286346435546875">
        <ele>372.79998779296875</ele>
        <time>2025-10-05T08:13:18.000Z</time>
        <extensions>
          <ns3:TrackPointExtension>
            <ns3:atemp>20.0</ns3:atemp>
            <ns3:hr>132</ns3:hr>
          </ns3:TrackPointExtension>
        </extensions>
      </trkpt>
      <trkpt lat="49.30527127347886562347412109375" lon="11.1688345111906528472900390625">
        <ele>372.79998779296875</ele>
        <time>2025-10-05T08:13:20.000Z</time>
        <extensions>
          <ns3:TrackPointExtension>
            <ns3:atemp>20.0</ns3:atemp>
            <ns3:hr>128</ns3:hr>
          </ns3:TrackPointExtension>
        </extensions>
      </trkpt>
      <trkpt lat="49.30528753437101840972900390625" lon="11.1688363552093505859375">
        <ele>373</ele>
        <time>2025-10-05T08:13:21.000Z</time>
        <extensions>
          <ns3:TrackPointExtension>
            <ns3:atemp>20.0</ns3:atemp>
            <ns3:hr>127</ns3:hr>
          </ns3:TrackPointExtension>
        </extensions>
      </trkpt>
      <trkpt lat="49.30542482994496822357177734375" lon="11.1687838844954967498779296875">
        <ele>373</ele>
        <time>2025-10-05T08:13:28.000Z</time>
        <extensions>
          <ns3:TrackPointExtension>
            <ns3:atemp>20.0</ns3:atemp>
            <ns3:hr>124</ns3:hr>
          </ns3:TrackPointExtension>
        </extensions>
      </trkpt>
      <trkpt lat="49.30551946163177490234375" lon="11.1687077768146991729736328125">
        <ele>373</ele>
        <time>2025-10-05T08:13:32.000Z</time>
        <extensions>
          <ns3:TrackPointExtension>
            <ns3:atemp>20.0</ns3:atemp>
            <ns3:hr>125</ns3:hr>
          </ns3:TrackPointExtension>
        </extensions>
      </trkpt>
      <trkpt lat="49.30562599562108516693115234375" lon="11.1687518656253814697265625">
        <ele>373.20001220703125</ele>
        <time>2025-10-05T08:13:38.000Z</time>
        <extensions>
          <ns3:TrackPointExtension>
            <ns3:atemp>20.0</ns3:atemp>
            <ns3:hr>124</ns3:hr>
          </ns3:TrackPointExtension>
        </extensions>
      </trkpt>
      <trkpt lat="49.30564485490322113037109375" lon="11.1687382869422435760498046875">
        <ele>373.20001220703125</ele>
        <time>2025-10-05T08:13:40.000Z</time>
        <extensions>
          <ns3:TrackPointExtension>
            <ns3:atemp>20.0</ns3:atemp>
            <ns3:hr>124</ns3:hr>
          </ns3:TrackPointExtension>
        </extensions>
      </trkpt>
      <trkpt lat="49.30568081326782703399658203125" lon="11.1687114648520946502685546875">
        <ele>373.20001220703125</ele>
        <time>2025-10-05T08:13:44.000Z</time>
        <extensions>
          <ns3:TrackPointExtension>
            <ns3:atemp>20.0</ns3:atemp>
            <ns3:hr>126</ns3:hr>
          </ns3:TrackPointExtension>
        </extensions>
      </trkpt>
      <trkpt lat="49.30577217601239681243896484375" lon="11.16857224144041538238525390625">
        <ele>373</ele>
        <time>2025-10-05T08:13:53.000Z</time>
        <extensions>
          <ns3:TrackPointExtension>
            <ns3:atemp>20.0</ns3:atemp>
            <ns3:hr>126</ns3:hr>
          </ns3:TrackPointExtension>
        </extensions>
      </trkpt>
      <trkpt lat="49.3058538995683193206787109375" lon="11.1684854887425899505615234375">
        <ele>373</ele>
        <time>2025-10-05T08:13:59.000Z</time>
        <extensions>
          <ns3:TrackPointExtension>
            <ns3:atemp>20.0</ns3:atemp>
            <ns3:hr>123</ns3:hr>
          </ns3:TrackPointExtension>
        </extensions>
      </trkpt>
      <trkpt lat="49.30589354597032070159912109375" lon="11.168429665267467498779296875">
        <ele>372.79998779296875</ele>
        <time>2025-10-05T08:14:03.000Z</time>
        <extensions>
          <ns3:TrackPointExtension>
            <ns3:atemp>20.0</ns3:atemp>
            <ns3:hr>120</ns3:hr>
          </ns3:TrackPointExtension>
        </extensions>
      </trkpt>
      <trkpt lat="49.3059772811830043792724609375" lon="11.1683602631092071533203125">
        <ele>372.79998779296875</ele>
        <time>2025-10-05T08:14:09.000Z</time>
        <extensions>
          <ns3:TrackPointExtension>
            <ns3:atemp>20.0</ns3:atemp>
            <ns3:hr>122</ns3:hr>
          </ns3:TrackPointExtension>
        </extensions>
      </trkpt>
      <trkpt lat="49.30608884431421756744384765625" lon="11.16828910075128078460693359375">
        <ele>373</ele>
        <time>2025-10-05T08:14:15.000Z</time>
        <extensions>
          <ns3:TrackPointExtension>
            <ns3:atemp>20.0</ns3:atemp>
            <ns3:hr>119</ns3:hr>
          </ns3:TrackPointExtension>
        </extensions>
      </trkpt>
      <trkpt lat="49.30611449293792247772216796875" lon="11.168259680271148681640625">
        <ele>373</ele>
        <time>2025-10-05T08:14:17.000Z</time>
        <extensions>
          <ns3:TrackPointExtension>
            <ns3:atemp>20.0</ns3:atemp>
            <ns3:hr>117</ns3:hr>
          </ns3:TrackPointExtension>
        </extensions>
      </trkpt>
      <trkpt lat="49.30612823925912380218505859375" lon="11.16823461838066577911376953125">
        <ele>373</ele>
        <time>2025-10-05T08:14:19.000Z</time>
        <extensions>
          <ns3:TrackPointExtension>
            <ns3:atemp>20.0</ns3:atemp>
            <ns3:hr>115</ns3:hr>
          </ns3:TrackPointExtension>
        </extensions>
      </trkpt>
      <trkpt lat="49.30615791119635105133056640625" lon="11.16821341216564178466796875">
        <ele>373</ele>
        <time>2025-10-05T08:14:22.000Z</time>
        <extensions>
          <ns3:TrackPointExtension>
            <ns3:atemp>20.0</ns3:atemp>
            <ns3:hr>115</ns3:hr>
          </ns3:TrackPointExtension>
        </extensions>
      </trkpt>
      <trkpt lat="49.30616126395761966705322265625" lon="11.1682139150798320770263671875">
        <ele>373</ele>
        <time>2025-10-05T08:14:23.000Z</time>
        <extensions>
          <ns3:TrackPointExtension>
            <ns3:atemp>20.0</ns3:atemp>
            <ns3:hr>114</ns3:hr>
          </ns3:TrackPointExtension>
        </extensions>
      </trkpt>
      <trkpt lat="49.306324459612369537353515625" lon="11.16806681267917156219482421875">
        <ele>373</ele>
        <time>2025-10-05T08:14:33.000Z</time>
        <extensions>
          <ns3:TrackPointExtension>
            <ns3:atemp>20.0</ns3:atemp>
            <ns3:hr>113</ns3:hr>
          </ns3:TrackPointExtension>
        </extensions>
      </trkpt>
      <trkpt lat="49.30640148930251598358154296875" lon="11.168033368885517120361328125">
        <ele>373.20001220703125</ele>
        <time>2025-10-05T08:14:38.000Z</time>
        <extensions>
          <ns3:TrackPointExtension>
            <ns3:atemp>20.0</ns3:atemp>
            <ns3:hr>110</ns3:hr>
          </ns3:TrackPointExtension>
        </extensions>
      </trkpt>
      <trkpt lat="49.3064101226627826690673828125" lon="11.1680181138217449188232421875">
        <ele>373.20001220703125</ele>
        <time>2025-10-05T08:14:39.000Z</time>
        <extensions>
          <ns3:TrackPointExtension>
            <ns3:atemp>20.0</ns3:atemp>
            <ns3:hr>110</ns3:hr>
          </ns3:TrackPointExtension>
        </extensions>
      </trkpt>
      <trkpt lat="49.3065254576504230499267578125" lon="11.16790789179503917694091796875">
        <ele>373</ele>
        <time>2025-10-05T08:14:48.000Z</time>
        <extensions>
          <ns3:TrackPointExtension>
            <ns3:atemp>20.0</ns3:atemp>
            <ns3:hr>108</ns3:hr>
          </ns3:TrackPointExtension>
        </extensions>
      </trkpt>
      <trkpt lat="49.30662763305008411407470703125" lon="11.1678424291312694549560546875">
        <ele>373.399993896484375</ele>
        <time>2025-10-05T08:14:56.000Z</time>
        <extensions>
          <ns3:TrackPointExtension>
            <ns3:atemp>20.0</ns3:atemp>
            <ns3:hr>109</ns3:hr>
          </ns3:TrackPointExtension>
        </extensions>
      </trkpt>
      <trkpt lat="49.3066749908030033111572265625" lon="11.1677824147045612335205078125">
        <ele>373.20001220703125</ele>
        <time>2025-10-05T08:15:02.000Z</time>
        <extensions>
          <ns3:TrackPointExtension>
            <ns3:atemp>20.0</ns3:atemp>
            <ns3:hr>108</ns3:hr>
          </ns3:TrackPointExtension>
        </extensions>
      </trkpt>
      <trkpt lat="49.30675067938864231109619140625" lon="11.1677160300314426422119140625">
        <ele>373.20001220703125</ele>
        <time>2025-10-05T08:15:07.000Z</time>
        <extensions>
          <ns3:TrackPointExtension>
            <ns3:atemp>20.0</ns3:atemp>
            <ns3:hr>109</ns3:hr>
          </ns3:TrackPointExtension>
        </extensions>
      </trkpt>
      <trkpt lat="49.306852184236049652099609375" lon="11.1675980128347873687744140625">
        <ele>373</ele>
        <time>2025-10-05T08:15:15.000Z</time>
        <extensions>
          <ns3:TrackPointExtension>
            <ns3:atemp>20.0</ns3:atemp>
            <ns3:hr>111</ns3:hr>
          </ns3:TrackPointExtension>
        </extensions>
      </trkpt>
      <trkpt lat="49.3069794215261936187744140625" lon="11.16746650077402591705322265625">
        <ele>373.20001220703125</ele>
        <time>2025-10-05T08:15:25.000Z</time>
        <extensions>
          <ns3:TrackPointExtension>
            <ns3:atemp>20.0</ns3:atemp>
            <ns3:hr>112</ns3:hr>
          </ns3:TrackPointExtension>
        </extensions>
      </trkpt>
      <trkpt lat="49.307021163403987884521484375" lon="11.16739089600741863250732421875">
        <ele>373</ele>
        <time>2025-10-05T08:15:30.000Z</time>
        <extensions>
          <ns3:TrackPointExtension>
            <ns3:atemp>20.0</ns3:atemp>
            <ns3:hr>109</ns3:hr>
          </ns3:TrackPointExtension>
        </extensions>
      </trkpt>
      <trkpt lat="49.30706852115690708160400390625" lon="11.1673589609563350677490234375">
        <ele>372.79998779296875</ele>
        <time>2025-10-05T08:15:33.000Z</time>
        <extensions>
          <ns3:TrackPointExtension>
            <ns3:atemp>20.0</ns3:atemp>
            <ns3:hr>110</ns3:hr>
          </ns3:TrackPointExtension>
        </extensions>
      </trkpt>
      <trkpt lat="49.307148568332195281982421875" lon="11.167251504957675933837890625">
        <ele>372.79998779296875</ele>
        <time>2025-10-05T08:15:39.000Z</time>
        <extensions>
          <ns3:TrackPointExtension>
            <ns3:atemp>20.0</ns3:atemp>
            <ns3:hr>107</ns3:hr>
          </ns3:TrackPointExtension>
        </extensions>
      </trkpt>
      <trkpt lat="49.30715150199830532073974609375" lon="11.167233400046825408935546875">
        <ele>372.79998779296875</ele>
        <time>2025-10-05T08:15:40.000Z</time>
        <extensions>
          <ns3:TrackPointExtension>
            <ns3:atemp>20.0</ns3:atemp>
            <ns3:hr>107</ns3:hr>
          </ns3:TrackPointExtension>
        </extensions>
      </trkpt>
      <trkpt lat="49.30715887807309627532958984375" lon="11.1671708710491657257080078125">
        <ele>372.600006103515625</ele>
        <time>2025-10-05T08:15:43.000Z</time>
        <extensions>
          <ns3:TrackPointExtension>
            <ns3:atemp>20.0</ns3:atemp>
            <ns3:hr>106</ns3:hr>
          </ns3:TrackPointExtension>
        </extensions>
      </trkpt>
      <trkpt lat="49.30719911120831966400146484375" lon="11.1671363376080989837646484375">
        <ele>372.600006103515625</ele>
        <time>2025-10-05T08:15:46.000Z</time>
        <extensions>
          <ns3:TrackPointExtension>
            <ns3:atemp>20.0</ns3:atemp>
            <ns3:hr>105</ns3:hr>
          </ns3:TrackPointExtension>
        </extensions>
      </trkpt>
      <trkpt lat="49.3072374165058135986328125" lon="11.16708193905651569366455078125">
        <ele>372.399993896484375</ele>
        <time>2025-10-05T08:15:50.000Z</time>
        <extensions>
          <ns3:TrackPointExtension>
            <ns3:atemp>20.0</ns3:atemp>
            <ns3:hr>102</ns3:hr>
          </ns3:TrackPointExtension>
        </extensions>
      </trkpt>
      <trkpt lat="49.30725761689245700836181640625" lon="11.167050339281558990478515625">
        <ele>372.399993896484375</ele>
        <time>2025-10-05T08:15:52.000Z</time>
        <extensions>
          <ns3:TrackPointExtension>
            <ns3:atemp>20.0</ns3:atemp>
            <ns3:hr>103</ns3:hr>
          </ns3:TrackPointExtension>
        </extensions>
      </trkpt>
      <trkpt lat="49.30728435516357421875" lon="11.1670277081429958343505859375">
        <ele>372.399993896484375</ele>
        <time>2025-10-05T08:15:54.000Z</time>
        <extensions>
          <ns3:TrackPointExtension>
            <ns3:atemp>20.0</ns3:atemp>
            <ns3:hr>103</ns3:hr>
          </ns3:TrackPointExtension>
        </extensions>
      </trkpt>
      <trkpt lat="49.3072885461151599884033203125" lon="11.16701220162212848663330078125">
        <ele>372.399993896484375</ele>
        <time>2025-10-05T08:15:55.000Z</time>
        <extensions>
          <ns3:TrackPointExtension>
            <ns3:atemp>20.0</ns3:atemp>
            <ns3:hr>104</ns3:hr>
          </ns3:TrackPointExtension>
        </extensions>
      </trkpt>
      <trkpt lat="49.30734395049512386322021484375" lon="11.16697096265852451324462890625">
        <ele>372.20001220703125</ele>
        <time>2025-10-05T08:15:59.000Z</time>
        <extensions>
          <ns3:TrackPointExtension>
            <ns3:atemp>20.0</ns3:atemp>
            <ns3:hr>103</ns3:hr>
          </ns3:TrackPointExtension>
        </extensions>
      </trkpt>
      <trkpt lat="49.30745065212249755859375" lon="11.16685328073799610137939453125">
        <ele>371.79998779296875</ele>
        <time>2025-10-05T08:16:07.000Z</time>
        <extensions>
          <ns3:TrackPointExtension>
            <ns3:atemp>20.0</ns3:atemp>
            <ns3:hr>103</ns3:hr>
          </ns3:TrackPointExtension>
        </extensions>
      </trkpt>
      <trkpt lat="49.307497255504131317138671875" lon="11.1668020673096179962158203125">
        <ele>371.79998779296875</ele>
        <time>2025-10-05T08:16:10.000Z</time>
        <extensions>
          <ns3:TrackPointExtension>
            <ns3:atemp>20.0</ns3:atemp>
            <ns3:hr>103</ns3:hr>
          </ns3:TrackPointExtension>
        </extensions>
      </trkpt>
      <trkpt lat="49.30752282030880451202392578125" lon="11.16678178310394287109375">
        <ele>371.600006103515625</ele>
        <time>2025-10-05T08:16:12.000Z</time>
        <extensions>
          <ns3:TrackPointExtension>
            <ns3:atemp>20.0</ns3:atemp>
            <ns3:hr>104</ns3:hr>
          </ns3:TrackPointExtension>
        </extensions>
      </trkpt>
      <trkpt lat="49.30753086693584918975830078125" lon="11.16675605066120624542236328125">
        <ele>371.600006103515625</ele>
        <time>2025-10-05T08:16:13.000Z</time>
        <extensions>
          <ns3:TrackPointExtension>
            <ns3:atemp>20.0</ns3:atemp>
            <ns3:hr>103</ns3:hr>
          </ns3:TrackPointExtension>
        </extensions>
      </trkpt>
      <trkpt lat="49.30755232460796833038330078125" lon="11.1666666157543659210205078125">
        <ele>371.399993896484375</ele>
        <time>2025-10-05T08:16:17.000Z</time>
        <extensions>
          <ns3:TrackPointExtension>
            <ns3:atemp>20.0</ns3:atemp>
            <ns3:hr>103</ns3:hr>
          </ns3:TrackPointExtension>
        </extensions>
      </trkpt>
      <trkpt lat="49.30768023245036602020263671875" lon="11.166526637971401214599609375">
        <ele>371</ele>
        <time>2025-10-05T08:16:23.000Z</time>
        <extensions>
          <ns3:TrackPointExtension>
            <ns3:atemp>20.0</ns3:atemp>
            <ns3:hr>106</ns3:hr>
          </ns3:TrackPointExtension>
        </extensions>
      </trkpt>
      <trkpt lat="49.3077027797698974609375" lon="11.16648363880813121795654296875">
        <ele>370.79998779296875</ele>
        <time>2025-10-05T08:16:24.000Z</time>
        <extensions>
          <ns3:TrackPointExtension>
            <ns3:atemp>20.0</ns3:atemp>
            <ns3:hr>103</ns3:hr>
          </ns3:TrackPointExtension>
        </extensions>
      </trkpt>
      <trkpt lat="49.30770906619727611541748046875" lon="11.1664505302906036376953125">
        <ele>370.79998779296875</ele>
        <time>2025-10-05T08:16:25.000Z</time>
        <extensions>
          <ns3:TrackPointExtension>
            <ns3:atemp>20.0</ns3:atemp>
            <ns3:hr>106</ns3:hr>
          </ns3:TrackPointExtension>
        </extensions>
      </trkpt>
      <trkpt lat="49.30774108506739139556884765625" lon="11.16639177314937114715576171875">
        <ele>370.600006103515625</ele>
        <time>2025-10-05T08:16:27.000Z</time>
        <extensions>
          <ns3:TrackPointExtension>
            <ns3:atemp>20.0</ns3:atemp>
            <ns3:hr>103</ns3:hr>
          </ns3:TrackPointExtension>
        </extensions>
      </trkpt>
      <trkpt lat="49.30777159519493579864501953125" lon="11.1663524620234966278076171875">
        <ele>370.600006103515625</ele>
        <time>2025-10-05T08:16:28.000Z</time>
        <extensions>
          <ns3:TrackPointExtension>
            <ns3:atemp>20.0</ns3:atemp>
            <ns3:hr>104</ns3:hr>
          </ns3:TrackPointExtension>
        </extensions>
      </trkpt>
      <trkpt lat="49.3079079687595367431640625" lon="11.1661989055573940277099609375">
        <ele>370.399993896484375</ele>
        <time>2025-10-05T08:16:35.000Z</time>
        <extensions>
          <ns3:TrackPointExtension>
            <ns3:atemp>20.0</ns3:atemp>
            <ns3:hr>107</ns3:hr>
          </ns3:TrackPointExtension>
        </extensions>
      </trkpt>
      <trkpt lat="49.30794979445636272430419921875" lon="11.16612472571432590484619140625">
        <ele>370.399993896484375</ele>
        <time>2025-10-05T08:16:37.000Z</time>
        <extensions>
          <ns3:TrackPointExtension>
            <ns3:atemp>20.0</ns3:atemp>
            <ns3:hr>109</ns3:hr>
          </ns3:TrackPointExtension>
        </extensions>
      </trkpt>
      <trkpt lat="49.30797276087105274200439453125" lon="11.16610242985188961029052734375">
        <ele>370.20001220703125</ele>
        <time>2025-10-05T08:16:38.000Z</time>
        <extensions>
          <ns3:TrackPointExtension>
            <ns3:atemp>20.0</ns3:atemp>
            <ns3:hr>112</ns3:hr>
          </ns3:TrackPointExtension>
        </extensions>
      </trkpt>
      <trkpt lat="49.30801886133849620819091796875" lon="11.16605557501316070556640625">
        <ele>370.20001220703125</ele>
        <time>2025-10-05T08:16:40.000Z</time>
        <extensions>
          <ns3:TrackPointExtension>
            <ns3:atemp>20.0</ns3:atemp>
            <ns3:hr>115</ns3:hr>
          </ns3:TrackPointExtension>
        </extensions>
      </trkpt>
      <trkpt lat="49.30806797929108142852783203125" lon="11.16601073183119297027587890625">
        <ele>370</ele>
        <time>2025-10-05T08:16:42.000Z</time>
        <extensions>
          <ns3:TrackPointExtension>
            <ns3:atemp>20.0</ns3:atemp>
            <ns3:hr>119</ns3:hr>
          </ns3:TrackPointExtension>
        </extensions>
      </trkpt>
      <trkpt lat="49.308107793331146240234375" lon="11.16595457307994365692138671875">
        <ele>370</ele>
        <time>2025-10-05T08:16:44.000Z</time>
        <extensions>
          <ns3:TrackPointExtension>
            <ns3:atemp>20.0</ns3:atemp>
            <ns3:hr>120</ns3:hr>
          </ns3:TrackPointExtension>
        </extensions>
      </trkpt>
      <trkpt lat="49.30828121490776538848876953125" lon="11.16570227779448032379150390625">
        <ele>369.79998779296875</ele>
        <time>2025-10-05T08:16:52.000Z</time>
        <extensions>
          <ns3:TrackPointExtension>
            <ns3:atemp>20.0</ns3:atemp>
            <ns3:hr>123</ns3:hr>
          </ns3:TrackPointExtension>
        </extensions>
      </trkpt>
      <trkpt lat="49.3083359487354755401611328125" lon="11.16564243100583553314208984375">
        <ele>369.79998779296875</ele>
        <time>2025-10-05T08:16:55.000Z</time>
        <extensions>
          <ns3:TrackPointExtension>
            <ns3:atemp>20.0</ns3:atemp>
            <ns3:hr>126</ns3:hr>
          </ns3:TrackPointExtension>
        </extensions>
      </trkpt>
      <trkpt lat="49.30842974223196506500244140625" lon="11.165543608367443084716796875">
        <ele>369.600006103515625</ele>
        <time>2025-10-05T08:17:00.000Z</time>
        <extensions>
          <ns3:TrackPointExtension>
            <ns3:atemp>20.0</ns3:atemp>
            <ns3:hr>128</ns3:hr>
          </ns3:TrackPointExtension>
        </extensions>
      </trkpt>
      <trkpt lat="49.3085181713104248046875" lon="11.16537638939917087554931640625">
        <ele>369.600006103515625</ele>
        <time>2025-10-05T08:17:06.000Z</time>
        <extensions>
          <ns3:TrackPointExtension>
            <ns3:atemp>20.0</ns3:atemp>
            <ns3:hr>131</ns3:hr>
          </ns3:TrackPointExtension>
        </extensions>
      </trkpt>
      <trkpt lat="49.30853719823062419891357421875" lon="11.1653312109410762786865234375">
        <ele>369.399993896484375</ele>
        <time>2025-10-05T08:17:07.000Z</time>
        <extensions>
          <ns3:TrackPointExtension>
            <ns3:atemp>20.0</ns3:atemp>
            <ns3:hr>131</ns3:hr>
          </ns3:TrackPointExtension>
        </extensions>
      </trkpt>
      <trkpt lat="49.30858748964965343475341796875" lon="11.1652822606265544891357421875">
        <ele>369.20001220703125</ele>
        <time>2025-10-05T08:17:09.000Z</time>
        <extensions>
          <ns3:TrackPointExtension>
            <ns3:atemp>20.0</ns3:atemp>
            <ns3:hr>131</ns3:hr>
          </ns3:TrackPointExtension>
        </extensions>
      </trkpt>
      <trkpt lat="49.3086682073771953582763671875" lon="11.16523138247430324554443359375">
        <ele>369.20001220703125</ele>
        <time>2025-10-05T08:17:13.000Z</time>
        <extensions>
          <ns3:TrackPointExtension>
            <ns3:atemp>20.0</ns3:atemp>
            <ns3:hr>132</ns3:hr>
          </ns3:TrackPointExtension>
        </extensions>
      </trkpt>
      <trkpt lat="49.3087195046246051788330078125" lon="11.1651947535574436187744140625">
        <ele>369</ele>
        <time>2025-10-05T08:17:16.000Z</time>
        <extensions>
          <ns3:TrackPointExtension>
            <ns3:atemp>20.0</ns3:atemp>
            <ns3:hr>134</ns3:hr>
          </ns3:TrackPointExtension>
        </extensions>
      </trkpt>
      <trkpt lat="49.30877675302326679229736328125" lon="11.1651255190372467041015625">
        <ele>368.79998779296875</ele>
        <time>2025-10-05T08:17:19.000Z</time>
        <extensions>
          <ns3:TrackPointExtension>
            <ns3:atemp>20.0</ns3:atemp>
            <ns3:hr>137</ns3:hr>
          </ns3:TrackPointExtension>
        </extensions>
      </trkpt>
      <trkpt lat="49.30886493064463138580322265625" lon="11.16497824899852275848388671875">
        <ele>368.20001220703125</ele>
        <time>2025-10-05T08:17:25.000Z</time>
        <extensions>
          <ns3:TrackPointExtension>
            <ns3:atemp>20.0</ns3:atemp>
            <ns3:hr>139</ns3:hr>
          </ns3:TrackPointExtension>
        </extensions>
      </trkpt>
      <trkpt lat="49.3088992126286029815673828125" lon="11.1649292148649692535400390625">
        <ele>368</ele>
        <time>2025-10-05T08:17:27.000Z</time>
        <extensions>
          <ns3:TrackPointExtension>
            <ns3:atemp>20.0</ns3:atemp>
            <ns3:hr>139</ns3:hr>
          </ns3:TrackPointExtension>
        </extensions>
      </trkpt>
      <trkpt lat="49.30903810076415538787841796875" lon="11.16476568393409252166748046875">
        <ele>367.399993896484375</ele>
        <time>2025-10-05T08:17:33.000Z</time>
        <extensions>
          <ns3:TrackPointExtension>
            <ns3:atemp>20.0</ns3:atemp>
            <ns3:hr>139</ns3:hr>
          </ns3:TrackPointExtension>
        </extensions>
      </trkpt>
      <trkpt lat="49.3091724626719951629638671875" lon="11.16460609249770641326904296875">
        <ele>367</ele>
        <time>2025-10-05T08:17:39.000Z</time>
        <extensions>
          <ns3:TrackPointExtension>
            <ns3:atemp>20.0</ns3:atemp>
            <ns3:hr>139</ns3:hr>
          </ns3:TrackPointExtension>
        </extensions>
      </trkpt>
      <trkpt lat="49.309193752706050872802734375" lon="11.16457097232341766357421875">
        <ele>367</ele>
        <time>2025-10-05T08:17:40.000Z</time>
        <extensions>
          <ns3:TrackPointExtension>
            <ns3:atemp>20.0</ns3:atemp>
            <ns3:hr>139</ns3:hr>
          </ns3:TrackPointExtension>
        </extensions>
      </trkpt>
      <trkpt lat="49.30936667136847972869873046875" lon="11.1644645221531391143798828125">
        <ele>366.600006103515625</ele>
        <time>2025-10-05T08:17:46.000Z</time>
        <extensions>
          <ns3:TrackPointExtension>
            <ns3:atemp>20.0</ns3:atemp>
            <ns3:hr>138</ns3:hr>
          </ns3:TrackPointExtension>
        </extensions>
      </trkpt>
      <trkpt lat="49.30952525697648525238037109375" lon="11.1643079482018947601318359375">
        <ele>366.399993896484375</ele>
        <time>2025-10-05T08:17:53.000Z</time>
        <extensions>
          <ns3:TrackPointExtension>
            <ns3:atemp>20.0</ns3:atemp>
            <ns3:hr>137</ns3:hr>
          </ns3:TrackPointExtension>
        </extensions>
      </trkpt>
      <trkpt lat="49.3096555955708026885986328125" lon="11.16416000761091709136962890625">
        <ele>366.20001220703125</ele>
        <time>2025-10-05T08:17:59.000Z</time>
        <extensions>
          <ns3:TrackPointExtension>
            <ns3:atemp>20.0</ns3:atemp>
            <ns3:hr>137</ns3:hr>
          </ns3:TrackPointExtension>
        </extensions>
      </trkpt>
      <trkpt lat="49.3097491376101970672607421875" lon="11.16408976726233959197998046875">
        <ele>366</ele>
        <time>2025-10-05T08:18:03.000Z</time>
        <extensions>
          <ns3:TrackPointExtension>
            <ns3:atemp>20.0</ns3:atemp>
            <ns3:hr>137</ns3:hr>
          </ns3:TrackPointExtension>
        </extensions>
      </trkpt>
      <trkpt lat="49.309792220592498779296875" lon="11.1640346981585025787353515625">
        <ele>365.79998779296875</ele>
        <time>2025-10-05T08:18:05.000Z</time>
        <extensions>
          <ns3:TrackPointExtension>
            <ns3:atemp>20.0</ns3:atemp>
            <ns3:hr>137</ns3:hr>
          </ns3:TrackPointExtension>
        </extensions>
      </trkpt>
      <trkpt lat="49.30987880565226078033447265625" lon="11.16386898793280124664306640625">
        <ele>365.600006103515625</ele>
        <time>2025-10-05T08:18:11.000Z</time>
        <extensions>
          <ns3:TrackPointExtension>
            <ns3:atemp>20.0</ns3:atemp>
            <ns3:hr>136</ns3:hr>
          </ns3:TrackPointExtension>
        </extensions>
      </trkpt>
      <trkpt lat="49.3099985830485820770263671875" lon="11.16393185220658779144287109375">
        <ele>365.600006103515625</ele>
        <time>2025-10-05T08:18:18.000Z</time>
        <extensions>
          <ns3:TrackPointExtension>
            <ns3:atemp>20.0</ns3:atemp>
            <ns3:hr>136</ns3:hr>
          </ns3:TrackPointExtension>
        </extensions>
      </trkpt>
      <trkpt lat="49.31001543067395687103271484375" lon="11.1639850772917270660400390625">
        <ele>365.600006103515625</ele>
        <time>2025-10-05T08:18:20.000Z</time>
        <extensions>
          <ns3:TrackPointExtension>
            <ns3:atemp>20.0</ns3:atemp>
            <ns3:hr>135</ns3:hr>
          </ns3:TrackPointExtension>
        </extensions>
      </trkpt>
      <trkpt lat="49.310036636888980865478515625" lon="11.16410066373646259307861328125">
        <ele>365.600006103515625</ele>
        <time>2025-10-05T08:18:23.000Z</time>
        <extensions>
          <ns3:TrackPointExtension>
            <ns3:atemp>20.0</ns3:atemp>
            <ns3:hr>133</ns3:hr>
          </ns3:TrackPointExtension>
        </extensions>
      </trkpt>
      <trkpt lat="49.3100456893444061279296875" lon="11.16435714997351169586181640625">
        <ele>365.600006103515625</ele>
        <time>2025-10-05T08:18:28.000Z</time>
        <extensions>
          <ns3:TrackPointExtension>
            <ns3:atemp>20.0</ns3:atemp>
            <ns3:hr>133</ns3:hr>
          </ns3:TrackPointExtension>
        </extensions>
      </trkpt>
      <trkpt lat="49.31009489111602306365966796875" lon="11.16464473307132720947265625">
        <ele>365.600006103515625</ele>
        <time>2025-10-05T08:18:34.000Z</time>
        <extensions>
          <ns3:TrackPointExtension>
            <ns3:atemp>20.0</ns3:atemp>
            <ns3:hr>133</ns3:hr>
          </ns3:TrackPointExtension>
        </extensions>
      </trkpt>
      <trkpt lat="49.31012439541518688201904296875" lon="11.16505905054509639739990234375">
        <ele>365.600006103515625</ele>
        <time>2025-10-05T08:18:43.000Z</time>
        <extensions>
          <ns3:TrackPointExtension>
            <ns3:atemp>20.0</ns3:atemp>
            <ns3:hr>134</ns3:hr>
          </ns3:TrackPointExtension>
        </extensions>
      </trkpt>
      <trkpt lat="49.310135543346405029296875" lon="11.1651662550866603851318359375">
        <ele>365.79998779296875</ele>
        <time>2025-10-05T08:18:46.000Z</time>
        <extensions>
          <ns3:TrackPointExtension>
            <ns3:atemp>20.0</ns3:atemp>
            <ns3:hr>137</ns3:hr>
          </ns3:TrackPointExtension>
        </extensions>
      </trkpt>
      <trkpt lat="49.3101816438138484954833984375" lon="11.1653972603380680084228515625">
        <ele>366.20001220703125</ele>
        <time>2025-10-05T08:18:52.000Z</time>
        <extensions>
          <ns3:TrackPointExtension>
            <ns3:atemp>20.0</ns3:atemp>
            <ns3:hr>138</ns3:hr>
          </ns3:TrackPointExtension>
        </extensions>
      </trkpt>
      <trkpt lat="49.31021156720817089080810546875" lon="11.1654173769056797027587890625">
        <ele>366</ele>
        <time>2025-10-05T08:18:54.000Z</time>
        <extensions>
          <ns3:TrackPointExtension>
            <ns3:atemp>20.0</ns3:atemp>
            <ns3:hr>138</ns3:hr>
          </ns3:TrackPointExtension>
        </extensions>
      </trkpt>
      <trkpt lat="49.310247190296649932861328125" lon="11.16536633111536502838134765625">
        <ele>366</ele>
        <time>2025-10-05T08:18:56.000Z</time>
        <extensions>
          <ns3:TrackPointExtension>
            <ns3:atemp>20.0</ns3:atemp>
            <ns3:hr>139</ns3:hr>
          </ns3:TrackPointExtension>
        </extensions>
      </trkpt>
      <trkpt lat="49.31034534238278865814208984375" lon="11.16521461866796016693115234375">
        <ele>365.399993896484375</ele>
        <time>2025-10-05T08:19:01.000Z</time>
        <extensions>
          <ns3:TrackPointExtension>
            <ns3:atemp>19.0</ns3:atemp>
            <ns3:hr>139</ns3:hr>
          </ns3:TrackPointExtension>
        </extensions>
      </trkpt>
      <trkpt lat="49.3104855716228485107421875" lon="11.16497053764760494232177734375">
        <ele>365</ele>
        <time>2025-10-05T08:19:09.000Z</time>
        <extensions>
          <ns3:TrackPointExtension>
            <ns3:atemp>19.0</ns3:atemp>
            <ns3:hr>140</ns3:hr>
          </ns3:TrackPointExtension>
        </extensions>
      </trkpt>
      <trkpt lat="49.31063753552734851837158203125" lon="11.164703406393527984619140625">
        <ele>365</ele>
        <time>2025-10-05T08:19:18.000Z</time>
        <extensions>
          <ns3:TrackPointExtension>
            <ns3:atemp>19.0</ns3:atemp>
            <ns3:hr>138</ns3:hr>
          </ns3:TrackPointExtension>
        </extensions>
      </trkpt>
      <trkpt lat="49.310670308768749237060546875" lon="11.16465487517416477203369140625">
        <ele>365</ele>
        <time>2025-10-05T08:19:20.000Z</time>
        <extensions>
          <ns3:TrackPointExtension>
            <ns3:atemp>19.0</ns3:atemp>
            <ns3:hr>137</ns3:hr>
          </ns3:TrackPointExtension>
        </extensions>
      </trkpt>
      <trkpt lat="49.3107811175286769866943359375" lon="11.16452730260789394378662109375">
        <ele>364.600006103515625</ele>
        <time>2025-10-05T08:19:25.000Z</time>
        <extensions>
          <ns3:TrackPointExtension>
            <ns3:atemp>19.0</ns3:atemp>
            <ns3:hr>136</ns3:hr>
          </ns3:TrackPointExtension>
        </extensions>
      </trkpt>
      <trkpt lat="49.3109296448528766632080078125" lon="11.16440978832542896270751953125">
        <ele>365</ele>
        <time>2025-10-05T08:19:33.000Z</time>
        <extensions>
          <ns3:TrackPointExtension>
            <ns3:atemp>19.0</ns3:atemp>
            <ns3:hr>136</ns3:hr>
          </ns3:TrackPointExtension>
        </extensions>
      </trkpt>
      <trkpt lat="49.31102192960679531097412109375" lon="11.16433552466332912445068359375">
        <ele>365.20001220703125</ele>
        <time>2025-10-05T08:19:39.000Z</time>
        <extensions>
          <ns3:TrackPointExtension>
            <ns3:atemp>19.0</ns3:atemp>
            <ns3:hr>134</ns3:hr>
          </ns3:TrackPointExtension>
        </extensions>
      </trkpt>
      <trkpt lat="49.311031736433506011962890625" lon="11.164326556026935577392578125">
        <ele>365.20001220703125</ele>
        <time>2025-10-05T08:19:40.000Z</time>
        <extensions>
          <ns3:TrackPointExtension>
            <ns3:atemp>19.0</ns3:atemp>
            <ns3:hr>134</ns3:hr>
          </ns3:TrackPointExtension>
        </extensions>
      </trkpt>
      <trkpt lat="49.31105730123817920684814453125" lon="11.16429646499454975128173828125">
        <ele>365.20001220703125</ele>
        <time>2025-10-05T08:19:45.000Z</time>
        <extensions>
          <ns3:TrackPointExtension>
            <ns3:atemp>19.0</ns3:atemp>
            <ns3:hr>134</ns3:hr>
          </ns3:TrackPointExtension>
        </extensions>
      </trkpt>
      <trkpt lat="49.31109418161213397979736328125" lon="11.164175011217594146728515625">
        <ele>364.79998779296875</ele>
        <time>2025-10-05T08:19:50.000Z</time>
        <extensions>
          <ns3:TrackPointExtension>
            <ns3:atemp>20.0</ns3:atemp>
            <ns3:hr>133</ns3:hr>
          </ns3:TrackPointExtension>
        </extensions>
      </trkpt>
      <trkpt lat="49.3110808543860912322998046875" lon="11.16400368511676788330078125">
        <ele>364.79998779296875</ele>
        <time>2025-10-05T08:19:56.000Z</time>
        <extensions>
          <ns3:TrackPointExtension>
            <ns3:atemp>20.0</ns3:atemp>
            <ns3:hr>130</ns3:hr>
          </ns3:TrackPointExtension>
        </extensions>
      </trkpt>
      <trkpt lat="49.31108177639544010162353515625" lon="11.1639988236129283905029296875">
        <ele>364.399993896484375</ele>
        <time>2025-10-05T08:20:00.000Z</time>
        <extensions>
          <ns3:TrackPointExtension>
            <ns3:atemp>20.0</ns3:atemp>
            <ns3:hr>129</ns3:hr>
          </ns3:TrackPointExtension>
        </extensions>
      </trkpt>
      <trkpt lat="49.3110728077590465545654296875" lon="11.16401969455182552337646484375">
        <ele>364.20001220703125</ele>
        <time>2025-10-05T08:20:02.000Z</time>
        <extensions>
          <ns3:TrackPointExtension>
            <ns3:atemp>20.0</ns3:atemp>
            <ns3:hr>127</ns3:hr>
          </ns3:TrackPointExtension>
        </extensions>
      </trkpt>
      <trkpt lat="49.31107976473867893218994140625" lon="11.1640802957117557525634765625">
        <ele>364.20001220703125</ele>
        <time>2025-10-05T08:20:05.000Z</time>
        <extensions>
          <ns3:TrackPointExtension>
            <ns3:atemp>20.0</ns3:atemp>
            <ns3:hr>127</ns3:hr>
          </ns3:TrackPointExtension>
        </extensions>
      </trkpt>
      <trkpt lat="49.311080016195774078369140625" lon="11.1640923656523227691650390625">
        <ele>364.20001220703125</ele>
        <time>2025-10-05T08:20:06.000Z</time>
        <extensions>
          <ns3:TrackPointExtension>
            <ns3:atemp>20.0</ns3:atemp>
            <ns3:hr>126</ns3:hr>
          </ns3:TrackPointExtension>
        </extensions>
      </trkpt>
      <trkpt lat="49.3110838718712329864501953125" lon="11.1641406454145908355712890625">
        <ele>364</ele>
        <time>2025-10-05T08:20:09.000Z</time>
        <extensions>
          <ns3:TrackPointExtension>
            <ns3:atemp>20.0</ns3:atemp>
            <ns3:hr>126</ns3:hr>
          </ns3:TrackPointExtension>
        </extensions>
      </trkpt>
      <trkpt lat="49.31110725738108158111572265625" lon="11.164193116128444671630859375">
        <ele>364</ele>
        <time>2025-10-05T08:20:11.000Z</time>
        <extensions>
          <ns3:TrackPointExtension>
            <ns3:atemp>20.0</ns3:atemp>
            <ns3:hr>126</ns3:hr>
          </ns3:TrackPointExtension>
        </extensions>
      </trkpt>
      <trkpt lat="49.3111013062298297882080078125" lon="11.16425556130707263946533203125">
        <ele>363.600006103515625</ele>
        <time>2025-10-05T08:20:14.000Z</time>
        <extensions>
          <ns3:TrackPointExtension>
            <ns3:atemp>20.0</ns3:atemp>
            <ns3:hr>125</ns3:hr>
          </ns3:TrackPointExtension>
        </extensions>
      </trkpt>
      <trkpt lat="49.31110742501914501190185546875" lon="11.16429227404296398162841796875">
        <ele>363.600006103515625</ele>
        <time>2025-10-05T08:20:17.000Z</time>
        <extensions>
          <ns3:TrackPointExtension>
            <ns3:atemp>20.0</ns3:atemp>
            <ns3:hr>125</ns3:hr>
          </ns3:TrackPointExtension>
        </extensions>
      </trkpt>
      <trkpt lat="49.3111080117523670196533203125" lon="11.16432194598019123077392578125">
        <ele>363.600006103515625</ele>
        <time>2025-10-05T08:20:20.000Z</time>
        <extensions>
          <ns3:TrackPointExtension>
            <ns3:atemp>20.0</ns3:atemp>
            <ns3:hr>122</ns3:hr>
          </ns3:TrackPointExtension>
        </extensions>
      </trkpt>
      <trkpt lat="49.311106838285923004150390625" lon="11.1643190123140811920166015625">
        <ele>363.399993896484375</ele>
        <time>2025-10-05T08:20:22.000Z</time>
        <extensions>
          <ns3:TrackPointExtension>
            <ns3:atemp>20.0</ns3:atemp>
            <ns3:hr>119</ns3:hr>
          </ns3:TrackPointExtension>
        </extensions>
      </trkpt>
      <trkpt lat="49.3111103586852550506591796875" lon="11.16430342197418212890625">
        <ele>363.399993896484375</ele>
        <time>2025-10-05T08:20:23.000Z</time>
        <extensions>
          <ns3:TrackPointExtension>
            <ns3:atemp>20.0</ns3:atemp>
            <ns3:hr>118</ns3:hr>
          </ns3:TrackPointExtension>
        </extensions>
      </trkpt>
      <trkpt lat="49.3111293017864227294921875" lon="11.1642794497311115264892578125">
        <ele>363.20001220703125</ele>
        <time>2025-10-05T08:20:29.000Z</time>
        <extensions>
          <ns3:TrackPointExtension>
            <ns3:atemp>20.0</ns3:atemp>
            <ns3:hr>116</ns3:hr>
          </ns3:TrackPointExtension>
        </extensions>
      </trkpt>
      <trkpt lat="49.311134330928325653076171875" lon="11.1642781086266040802001953125">
        <ele>363.20001220703125</ele>
        <time>2025-10-05T08:20:31.000Z</time>
        <extensions>
          <ns3:TrackPointExtension>
            <ns3:atemp>20.0</ns3:atemp>
            <ns3:hr>116</ns3:hr>
          </ns3:TrackPointExtension>
        </extensions>
      </trkpt>
      <trkpt lat="49.31114832870662212371826171875" lon="11.1642616800963878631591796875">
        <ele>361.79998779296875</ele>
        <time>2025-10-05T08:20:52.000Z</time>
        <extensions>
          <ns3:TrackPointExtension>
            <ns3:atemp>20.0</ns3:atemp>
            <ns3:hr>123</ns3:hr>
          </ns3:TrackPointExtension>
        </extensions>
      </trkpt>
      <trkpt lat="49.31115654297173023223876953125" lon="11.1642583273351192474365234375">
        <ele>361.79998779296875</ele>
        <time>2025-10-05T08:20:53.000Z</time>
        <extensions>
          <ns3:TrackPointExtension>
            <ns3:atemp>20.0</ns3:atemp>
            <ns3:hr>123</ns3:hr>
          </ns3:TrackPointExtension>
        </extensions>
      </trkpt>
      <trkpt lat="49.31116676889359951019287109375" lon="11.1642512865364551544189453125">
        <ele>361.79998779296875</ele>
        <time>2025-10-05T08:20:55.000Z</time>
        <extensions>
          <ns3:TrackPointExtension>
            <ns3:atemp>20.0</ns3:atemp>
            <ns3:hr>122</ns3:hr>
          </ns3:TrackPointExtension>
        </extensions>
      </trkpt>
      <trkpt lat="49.31116844527423381805419921875" lon="11.16424013860523700714111328125">
        <ele>361.600006103515625</ele>
        <time>2025-10-05T08:20:57.000Z</time>
        <extensions>
          <ns3:TrackPointExtension>
            <ns3:atemp>20.0</ns3:atemp>
            <ns3:hr>119</ns3:hr>
          </ns3:TrackPointExtension>
        </extensions>
      </trkpt>
      <trkpt lat="49.3111448921263217926025390625" lon="11.1642479337751865386962890625">
        <ele>361.600006103515625</ele>
        <time>2025-10-05T08:21:00.000Z</time>
        <extensions>
          <ns3:TrackPointExtension>
            <ns3:atemp>20.0</ns3:atemp>
            <ns3:hr>117</ns3:hr>
          </ns3:TrackPointExtension>
        </extensions>
      </trkpt>
      <trkpt lat="49.31111630983650684356689453125" lon="11.1642698943614959716796875">
        <ele>361.600006103515625</ele>
        <time>2025-10-05T08:21:02.000Z</time>
        <extensions>
          <ns3:TrackPointExtension>
            <ns3:atemp>20.0</ns3:atemp>
            <ns3:hr>117</ns3:hr>
          </ns3:TrackPointExtension>
        </extensions>
      </trkpt>
      <trkpt lat="49.31110256351530551910400390625" lon="11.16431825794279575347900390625">
        <ele>361.600006103515625</ele>
        <time>2025-10-05T08:21:04.000Z</time>
        <extensions>
          <ns3:TrackPointExtension>
            <ns3:atemp>20.0</ns3:atemp>
            <ns3:hr>118</ns3:hr>
          </ns3:TrackPointExtension>
        </extensions>
      </trkpt>
      <trkpt lat="49.31110943667590618133544921875" lon="11.16441565565764904022216796875">
        <ele>361.600006103515625</ele>
        <time>2025-10-05T08:21:07.000Z</time>
        <extensions>
          <ns3:TrackPointExtension>
            <ns3:atemp>20.0</ns3:atemp>
            <ns3:hr>120</ns3:hr>
          </ns3:TrackPointExtension>
        </extensions>
      </trkpt>
      <trkpt lat="49.31112402118742465972900390625" lon="11.1646024882793426513671875">
        <ele>362</ele>
        <time>2025-10-05T08:21:13.000Z</time>
        <extensions>
          <ns3:TrackPointExtension>
            <ns3:atemp>20.0</ns3:atemp>
            <ns3:hr>117</ns3:hr>
          </ns3:TrackPointExtension>
        </extensions>
      </trkpt>
      <trkpt lat="49.31111656129360198974609375" lon="11.16463190875947475433349609375">
        <ele>362</ele>
        <time>2025-10-05T08:21:14.000Z</time>
        <extensions>
          <ns3:TrackPointExtension>
            <ns3:atemp>20.0</ns3:atemp>
            <ns3:hr>116</ns3:hr>
          </ns3:TrackPointExtension>
        </extensions>
      </trkpt>
      <trkpt lat="49.3110848776996135711669921875" lon="11.1647220142185688018798828125">
        <ele>362</ele>
        <time>2025-10-05T08:21:17.000Z</time>
        <extensions>
          <ns3:TrackPointExtension>
            <ns3:atemp>20.0</ns3:atemp>
            <ns3:hr>114</ns3:hr>
          </ns3:TrackPointExtension>
        </extensions>
      </trkpt>
      <trkpt lat="49.31108999066054821014404296875" lon="11.16478311829268932342529296875">
        <ele>362.20001220703125</ele>
        <time>2025-10-05T08:21:19.000Z</time>
        <extensions>
          <ns3:TrackPointExtension>
            <ns3:atemp>20.0</ns3:atemp>
            <ns3:hr>114</ns3:hr>
          </ns3:TrackPointExtension>
        </extensions>
      </trkpt>
      <trkpt lat="49.311127960681915283203125" lon="11.1649929173290729522705078125">
        <ele>362.399993896484375</ele>
        <time>2025-10-05T08:21:24.000Z</time>
        <extensions>
          <ns3:TrackPointExtension>
            <ns3:atemp>20.0</ns3:atemp>
            <ns3:hr>115</ns3:hr>
          </ns3:TrackPointExtension>
        </extensions>
      </trkpt>
      <trkpt lat="49.31116282939910888671875" lon="11.165149323642253875732421875">
        <ele>362.79998779296875</ele>
        <time>2025-10-05T08:21:28.000Z</time>
        <extensions>
          <ns3:TrackPointExtension>
            <ns3:atemp>20.0</ns3:atemp>
            <ns3:hr>118</ns3:hr>
          </ns3:TrackPointExtension>
        </extensions>
      </trkpt>
      <trkpt lat="49.31117112748324871063232421875" lon="11.1651826836168766021728515625">
        <ele>362.79998779296875</ele>
        <time>2025-10-05T08:21:29.000Z</time>
        <extensions>
          <ns3:TrackPointExtension>
            <ns3:atemp>20.0</ns3:atemp>
            <ns3:hr>118</ns3:hr>
          </ns3:TrackPointExtension>
        </extensions>
      </trkpt>
      <trkpt lat="49.3111770786345005035400390625" lon="11.16520875133574008941650390625">
        <ele>363</ele>
        <time>2025-10-05T08:21:30.000Z</time>
        <extensions>
          <ns3:TrackPointExtension>
            <ns3:atemp>20.0</ns3:atemp>
            <ns3:hr>118</ns3:hr>
          </ns3:TrackPointExtension>
        </extensions>
      </trkpt>
      <trkpt lat="49.31117146275937557220458984375" lon="11.1652567796409130096435546875">
        <ele>363</ele>
        <time>2025-10-05T08:21:32.000Z</time>
        <extensions>
          <ns3:TrackPointExtension>
            <ns3:atemp>20.0</ns3:atemp>
            <ns3:hr>118</ns3:hr>
          </ns3:TrackPointExtension>
        </extensions>
      </trkpt>
      <trkpt lat="49.311171211302280426025390625" lon="11.165357530117034912109375">
        <ele>362.79998779296875</ele>
        <time>2025-10-05T08:21:35.000Z</time>
        <extensions>
          <ns3:TrackPointExtension>
            <ns3:atemp>20.0</ns3:atemp>
            <ns3:hr>120</ns3:hr>
          </ns3:TrackPointExtension>
        </extensions>
      </trkpt>
      <trkpt lat="49.311322085559368133544921875" lon="11.16562684066593647003173828125">
        <ele>362.20001220703125</ele>
        <time>2025-10-05T08:21:42.000Z</time>
        <extensions>
          <ns3:TrackPointExtension>
            <ns3:atemp>20.0</ns3:atemp>
            <ns3:hr>123</ns3:hr>
          </ns3:TrackPointExtension>
        </extensions>
      </trkpt>
      <trkpt lat="49.31134748272597789764404296875" lon="11.16565466858446598052978515625">
        <ele>362.20001220703125</ele>
        <time>2025-10-05T08:21:43.000Z</time>
        <extensions>
          <ns3:TrackPointExtension>
            <ns3:atemp>20.0</ns3:atemp>
            <ns3:hr>123</ns3:hr>
          </ns3:TrackPointExtension>
        </extensions>
      </trkpt>
      <trkpt lat="49.3114188127219676971435546875" lon="11.165717951953411102294921875">
        <ele>362.20001220703125</ele>
        <time>2025-10-05T08:21:46.000Z</time>
        <extensions>
          <ns3:TrackPointExtension>
            <ns3:atemp>20.0</ns3:atemp>
            <ns3:hr>126</ns3:hr>
          </ns3:TrackPointExtension>
        </extensions>
      </trkpt>
      <trkpt lat="49.31155468337237834930419921875" lon="11.1658059619367122650146484375">
        <ele>362.399993896484375</ele>
        <time>2025-10-05T08:21:51.000Z</time>
        <extensions>
          <ns3:TrackPointExtension>
            <ns3:atemp>20.0</ns3:atemp>
            <ns3:hr>128</ns3:hr>
          </ns3:TrackPointExtension>
        </extensions>
      </trkpt>
      <trkpt lat="49.311718381941318511962890625" lon="11.1659155972301959991455078125">
        <ele>362.600006103515625</ele>
        <time>2025-10-05T08:21:57.000Z</time>
        <extensions>
          <ns3:TrackPointExtension>
            <ns3:atemp>20.0</ns3:atemp>
            <ns3:hr>131</ns3:hr>
          </ns3:TrackPointExtension>
        </extensions>
      </trkpt>
      <trkpt lat="49.31175551377236843109130859375" lon="11.1659856699407100677490234375">
        <ele>362.399993896484375</ele>
        <time>2025-10-05T08:21:59.000Z</time>
        <extensions>
          <ns3:TrackPointExtension>
            <ns3:atemp>20.0</ns3:atemp>
            <ns3:hr>132</ns3:hr>
          </ns3:TrackPointExtension>
        </extensions>
      </trkpt>
      <trkpt lat="49.31189951486885547637939453125" lon="11.16606990806758403778076171875">
        <ele>362</ele>
        <time>2025-10-05T08:22:05.000Z</time>
        <extensions>
          <ns3:TrackPointExtension>
            <ns3:atemp>20.0</ns3:atemp>
            <ns3:hr>133</ns3:hr>
          </ns3:TrackPointExtension>
        </extensions>
      </trkpt>
      <trkpt lat="49.311938993632793426513671875" lon="11.166183315217494964599609375">
        <ele>362</ele>
        <time>2025-10-05T08:22:09.000Z</time>
        <extensions>
          <ns3:TrackPointExtension>
            <ns3:atemp>20.0</ns3:atemp>
            <ns3:hr>133</ns3:hr>
          </ns3:TrackPointExtension>
        </extensions>
      </trkpt>
      <trkpt lat="49.31192147545516490936279296875" lon="11.166239641606807708740234375">
        <ele>362</ele>
        <time>2025-10-05T08:22:11.000Z</time>
        <extensions>
          <ns3:TrackPointExtension>
            <ns3:atemp>20.0</ns3:atemp>
            <ns3:hr>132</ns3:hr>
          </ns3:TrackPointExtension>
        </extensions>
      </trkpt>
      <trkpt lat="49.31189448572695255279541015625" lon="11.1662746779620647430419921875">
        <ele>361.79998779296875</ele>
        <time>2025-10-05T08:22:13.000Z</time>
        <extensions>
          <ns3:TrackPointExtension>
            <ns3:atemp>20.0</ns3:atemp>
            <ns3:hr>132</ns3:hr>
          </ns3:TrackPointExtension>
        </extensions>
      </trkpt>
      <trkpt lat="49.3118908815085887908935546875" lon="11.16629756055772304534912109375">
        <ele>361.79998779296875</ele>
        <time>2025-10-05T08:22:14.000Z</time>
        <extensions>
          <ns3:TrackPointExtension>
            <ns3:atemp>20.0</ns3:atemp>
            <ns3:hr>132</ns3:hr>
          </ns3:TrackPointExtension>
        </extensions>
      </trkpt>
      <trkpt lat="49.31186665780842304229736328125" lon="11.16640518419444561004638671875">
        <ele>361.79998779296875</ele>
        <time>2025-10-05T08:22:21.000Z</time>
        <extensions>
          <ns3:TrackPointExtension>
            <ns3:atemp>20.0</ns3:atemp>
            <ns3:hr>132</ns3:hr>
          </ns3:TrackPointExtension>
        </extensions>
      </trkpt>
      <trkpt lat="49.31186330504715442657470703125" lon="11.166503168642520904541015625">
        <ele>361.399993896484375</ele>
        <time>2025-10-05T08:22:26.000Z</time>
        <extensions>
          <ns3:TrackPointExtension>
            <ns3:atemp>20.0</ns3:atemp>
            <ns3:hr>131</ns3:hr>
          </ns3:TrackPointExtension>
        </extensions>
      </trkpt>
      <trkpt lat="49.31186146102845668792724609375" lon="11.1664983071386814117431640625">
        <ele>361.399993896484375</ele>
        <time>2025-10-05T08:22:28.000Z</time>
        <extensions>
          <ns3:TrackPointExtension>
            <ns3:atemp>20.0</ns3:atemp>
            <ns3:hr>129</ns3:hr>
          </ns3:TrackPointExtension>
        </extensions>
      </trkpt>
      <trkpt lat="49.31185743771493434906005859375" lon="11.16648967377841472625732421875">
        <ele>361.20001220703125</ele>
        <time>2025-10-05T08:22:30.000Z</time>
        <extensions>
          <ns3:TrackPointExtension>
            <ns3:atemp>20.0</ns3:atemp>
            <ns3:hr>128</ns3:hr>
          </ns3:TrackPointExtension>
        </extensions>
      </trkpt>
      <trkpt lat="49.3118657357990741729736328125" lon="11.16646301932632923126220703125">
        <ele>361.20001220703125</ele>
        <time>2025-10-05T08:22:33.000Z</time>
        <extensions>
          <ns3:TrackPointExtension>
            <ns3:atemp>20.0</ns3:atemp>
            <ns3:hr>127</ns3:hr>
          </ns3:TrackPointExtension>
        </extensions>
      </trkpt>
      <trkpt lat="49.31186464615166187286376953125" lon="11.16646234877407550811767578125">
        <ele>362</ele>
        <time>2025-10-05T08:22:35.000Z</time>
        <extensions>
          <ns3:TrackPointExtension>
            <ns3:atemp>20.0</ns3:atemp>
            <ns3:hr>127</ns3:hr>
          </ns3:TrackPointExtension>
        </extensions>
      </trkpt>
      <trkpt lat="49.3118995986878871917724609375" lon="11.16653158329427242279052734375">
        <ele>361</ele>
        <time>2025-10-05T08:23:33.000Z</time>
        <extensions>
          <ns3:TrackPointExtension>
            <ns3:atemp>21.0</ns3:atemp>
            <ns3:hr>94</ns3:hr>
          </ns3:TrackPointExtension>
        </extensions>
      </trkpt>
      <trkpt lat="49.31191326119005680084228515625" lon="11.166525967419147491455078125">
        <ele>362</ele>
        <time>2025-10-05T08:23:36.000Z</time>
        <extensions>
          <ns3:TrackPointExtension>
            <ns3:atemp>21.0</ns3:atemp>
            <ns3:hr>97</ns3:hr>
          </ns3:TrackPointExtension>
        </extensions>
      </trkpt>
      <trkpt lat="49.311937987804412841796875" lon="11.16650358773767948150634765625">
        <ele>362</ele>
        <time>2025-10-05T08:23:38.000Z</time>
        <extensions>
          <ns3:TrackPointExtension>
            <ns3:atemp>21.0</ns3:atemp>
            <ns3:hr>95</ns3:hr>
          </ns3:TrackPointExtension>
        </extensions>
      </trkpt>
      <trkpt lat="49.3119928054511547088623046875" lon="11.16642228327691555023193359375">
        <ele>361.79998779296875</ele>
        <time>2025-10-05T08:23:44.000Z</time>
        <extensions>
          <ns3:TrackPointExtension>
            <ns3:atemp>21.0</ns3:atemp>
            <ns3:hr>98</ns3:hr>
          </ns3:TrackPointExtension>
        </extensions>
      </trkpt>
      <trkpt lat="49.3120182864367961883544921875" lon="11.1663531325757503509521484375">
        <ele>361.600006103515625</ele>
        <time>2025-10-05T08:23:47.000Z</time>
        <extensions>
          <ns3:TrackPointExtension>
            <ns3:atemp>21.0</ns3:atemp>
            <ns3:hr>99</ns3:hr>
          </ns3:TrackPointExtension>
        </extensions>
      </trkpt>
      <trkpt lat="49.3120313622057437896728515625" lon="11.16631197743117809295654296875">
        <ele>361.399993896484375</ele>
        <time>2025-10-05T08:23:49.000Z</time>
        <extensions>
          <ns3:TrackPointExtension>
            <ns3:atemp>21.0</ns3:atemp>
            <ns3:hr>104</ns3:hr>
          </ns3:TrackPointExtension>
        </extensions>
      </trkpt>
      <trkpt lat="49.31203521788120269775390625" lon="11.16630309261381626129150390625">
        <ele>361.20001220703125</ele>
        <time>2025-10-05T08:23:50.000Z</time>
        <extensions>
          <ns3:TrackPointExtension>
            <ns3:atemp>21.0</ns3:atemp>
            <ns3:hr>105</ns3:hr>
          </ns3:TrackPointExtension>
        </extensions>
      </trkpt>
      <trkpt lat="49.31205759756267070770263671875" lon="11.166285574436187744140625">
        <ele>361</ele>
        <time>2025-10-05T08:23:52.000Z</time>
        <extensions>
          <ns3:TrackPointExtension>
            <ns3:atemp>21.0</ns3:atemp>
            <ns3:hr>107</ns3:hr>
          </ns3:TrackPointExtension>
        </extensions>
      </trkpt>
      <trkpt lat="49.31206740438938140869140625" lon="11.16627543233335018157958984375">
        <ele>360.79998779296875</ele>
        <time>2025-10-05T08:23:53.000Z</time>
        <extensions>
          <ns3:TrackPointExtension>
            <ns3:atemp>21.0</ns3:atemp>
            <ns3:hr>107</ns3:hr>
          </ns3:TrackPointExtension>
        </extensions>
      </trkpt>
      <trkpt lat="49.31206296198070049285888671875" lon="11.16626386530697345733642578125">
        <ele>360.399993896484375</ele>
        <time>2025-10-05T08:23:54.000Z</time>
        <extensions>
          <ns3:TrackPointExtension>
            <ns3:atemp>21.0</ns3:atemp>
            <ns3:hr>107</ns3:hr>
          </ns3:TrackPointExtension>
        </extensions>
      </trkpt>
      <trkpt lat="49.31206044740974903106689453125" lon="11.1662555672228336334228515625">
        <ele>360</ele>
        <time>2025-10-05T08:23:56.000Z</time>
        <extensions>
          <ns3:TrackPointExtension>
            <ns3:atemp>21.0</ns3:atemp>
            <ns3:hr>107</ns3:hr>
          </ns3:TrackPointExtension>
        </extensions>
      </trkpt>
      <trkpt lat="49.3120679073035717010498046875" lon="11.166247017681598663330078125">
        <ele>359.79998779296875</ele>
        <time>2025-10-05T08:23:58.000Z</time>
        <extensions>
          <ns3:TrackPointExtension>
            <ns3:atemp>21.0</ns3:atemp>
            <ns3:hr>107</ns3:hr>
          </ns3:TrackPointExtension>
        </extensions>
      </trkpt>
      <trkpt lat="49.31206145323812961578369140625" lon="11.16621089167892932891845703125">
        <ele>359.79998779296875</ele>
        <time>2025-10-05T08:24:00.000Z</time>
        <extensions>
          <ns3:TrackPointExtension>
            <ns3:atemp>21.0</ns3:atemp>
            <ns3:hr>107</ns3:hr>
          </ns3:TrackPointExtension>
        </extensions>
      </trkpt>
      <trkpt lat="49.31207687593996524810791015625" lon="11.16614316590130329132080078125">
        <ele>359.79998779296875</ele>
        <time>2025-10-05T08:24:02.000Z</time>
        <extensions>
          <ns3:TrackPointExtension>
            <ns3:atemp>21.0</ns3:atemp>
            <ns3:hr>107</ns3:hr>
          </ns3:TrackPointExtension>
        </extensions>
      </trkpt>
      <trkpt lat="49.3120897002518177032470703125" lon="11.16606655530631542205810546875">
        <ele>359.79998779296875</ele>
        <time>2025-10-05T08:24:05.000Z</time>
        <extensions>
          <ns3:TrackPointExtension>
            <ns3:atemp>21.0</ns3:atemp>
            <ns3:hr>107</ns3:hr>
          </ns3:TrackPointExtension>
        </extensions>
      </trkpt>
      <trkpt lat="49.31208659894764423370361328125" lon="11.16603520698845386505126953125">
        <ele>359.399993896484375</ele>
        <time>2025-10-05T08:24:06.000Z</time>
        <extensions>
          <ns3:TrackPointExtension>
            <ns3:atemp>21.0</ns3:atemp>
            <ns3:hr>107</ns3:hr>
          </ns3:TrackPointExtension>
        </extensions>
      </trkpt>
      <trkpt lat="49.31208576075732707977294921875" lon="11.16595088504254817962646484375">
        <ele>359</ele>
        <time>2025-10-05T08:24:09.000Z</time>
        <extensions>
          <ns3:TrackPointExtension>
            <ns3:atemp>21.0</ns3:atemp>
            <ns3:hr>108</ns3:hr>
          </ns3:TrackPointExtension>
        </extensions>
      </trkpt>
      <trkpt lat="49.31208886206150054931640625" lon="11.16590193472802639007568359375">
        <ele>358.79998779296875</ele>
        <time>2025-10-05T08:24:11.000Z</time>
        <extensions>
          <ns3:TrackPointExtension>
            <ns3:atemp>21.0</ns3:atemp>
            <ns3:hr>107</ns3:hr>
          </ns3:TrackPointExtension>
        </extensions>
      </trkpt>
      <trkpt lat="49.31208676658570766448974609375" lon="11.165878884494304656982421875">
        <ele>358.79998779296875</ele>
        <time>2025-10-05T08:24:12.000Z</time>
        <extensions>
          <ns3:TrackPointExtension>
            <ns3:atemp>21.0</ns3:atemp>
            <ns3:hr>107</ns3:hr>
          </ns3:TrackPointExtension>
        </extensions>
      </trkpt>
      <trkpt lat="49.3121041171252727508544921875" lon="11.1658036150038242340087890625">
        <ele>359</ele>
        <time>2025-10-05T08:24:15.000Z</time>
        <extensions>
          <ns3:TrackPointExtension>
            <ns3:atemp>21.0</ns3:atemp>
            <ns3:hr>107</ns3:hr>
          </ns3:TrackPointExtension>
        </extensions>
      </trkpt>
      <trkpt lat="49.31211836636066436767578125" lon="11.16576078347861766815185546875">
        <ele>359</ele>
        <time>2025-10-05T08:24:17.000Z</time>
        <extensions>
          <ns3:TrackPointExtension>
            <ns3:atemp>21.0</ns3:atemp>
            <ns3:hr>107</ns3:hr>
          </ns3:TrackPointExtension>
        </extensions>
      </trkpt>
      <trkpt lat="49.3121255747973918914794921875" lon="11.1657436005771160125732421875">
        <ele>359</ele>
        <time>2025-10-05T08:24:18.000Z</time>
        <extensions>
          <ns3:TrackPointExtension>
            <ns3:atemp>21.0</ns3:atemp>
            <ns3:hr>107</ns3:hr>
          </ns3:TrackPointExtension>
        </extensions>
      </trkpt>
      <trkpt lat="49.31214694865047931671142578125" lon="11.165689118206501007080078125">
        <ele>359</ele>
        <time>2025-10-05T08:24:21.000Z</time>
        <extensions>
          <ns3:TrackPointExtension>
            <ns3:atemp>21.0</ns3:atemp>
            <ns3:hr>108</ns3:hr>
          </ns3:TrackPointExtension>
        </extensions>
      </trkpt>
      <trkpt lat="49.31215499527752399444580078125" lon="11.1656011082231998443603515625">
        <ele>359.20001220703125</ele>
        <time>2025-10-05T08:24:25.000Z</time>
        <extensions>
          <ns3:TrackPointExtension>
            <ns3:atemp>21.0</ns3:atemp>
            <ns3:hr>108</ns3:hr>
          </ns3:TrackPointExtension>
        </extensions>
      </trkpt>
      <trkpt lat="49.31211643852293491363525390625" lon="11.16551921702921390533447265625">
        <ele>359</ele>
        <time>2025-10-05T08:24:32.000Z</time>
        <extensions>
          <ns3:TrackPointExtension>
            <ns3:atemp>21.0</ns3:atemp>
            <ns3:hr>109</ns3:hr>
          </ns3:TrackPointExtension>
        </extensions>
      </trkpt>
      <trkpt lat="49.312109649181365966796875" lon="11.16549910046160221099853515625">
        <ele>358.79998779296875</ele>
        <time>2025-10-05T08:24:33.000Z</time>
        <extensions>
          <ns3:TrackPointExtension>
            <ns3:atemp>21.0</ns3:atemp>
            <ns3:hr>108</ns3:hr>
          </ns3:TrackPointExtension>
        </extensions>
      </trkpt>
      <trkpt lat="49.31209498085081577301025390625" lon="11.16543455980718135833740234375">
        <ele>358.79998779296875</ele>
        <time>2025-10-05T08:24:36.000Z</time>
        <extensions>
          <ns3:TrackPointExtension>
            <ns3:atemp>21.0</ns3:atemp>
            <ns3:hr>108</ns3:hr>
          </ns3:TrackPointExtension>
        </extensions>
      </trkpt>
      <trkpt lat="49.31210227310657501220703125" lon="11.16543062031269073486328125">
        <ele>358.600006103515625</ele>
        <time>2025-10-05T08:24:38.000Z</time>
        <extensions>
          <ns3:TrackPointExtension>
            <ns3:atemp>21.0</ns3:atemp>
            <ns3:hr>109</ns3:hr>
          </ns3:TrackPointExtension>
        </extensions>
      </trkpt>
      <trkpt lat="49.31210084818303585052490234375" lon="11.16541041992604732513427734375">
        <ele>358.600006103515625</ele>
        <time>2025-10-05T08:24:39.000Z</time>
        <extensions>
          <ns3:TrackPointExtension>
            <ns3:atemp>21.0</ns3:atemp>
            <ns3:hr>109</ns3:hr>
          </ns3:TrackPointExtension>
        </extensions>
      </trkpt>
      <trkpt lat="49.3120994232594966888427734375" lon="11.16536490619182586669921875">
        <ele>358.600006103515625</ele>
        <time>2025-10-05T08:24:41.000Z</time>
        <extensions>
          <ns3:TrackPointExtension>
            <ns3:atemp>21.0</ns3:atemp>
            <ns3:hr>109</ns3:hr>
          </ns3:TrackPointExtension>
        </extensions>
      </trkpt>
      <trkpt lat="49.31209062226116657257080078125" lon="11.16534437052905559539794921875">
        <ele>358.600006103515625</ele>
        <time>2025-10-05T08:24:42.000Z</time>
        <extensions>
          <ns3:TrackPointExtension>
            <ns3:atemp>21.0</ns3:atemp>
            <ns3:hr>109</ns3:hr>
          </ns3:TrackPointExtension>
        </extensions>
      </trkpt>
      <trkpt lat="49.31208693422377109527587890625" lon="11.165312267839908599853515625">
        <ele>358.600006103515625</ele>
        <time>2025-10-05T08:24:44.000Z</time>
        <extensions>
          <ns3:TrackPointExtension>
            <ns3:atemp>21.0</ns3:atemp>
            <ns3:hr>109</ns3:hr>
          </ns3:TrackPointExtension>
        </extensions>
      </trkpt>
      <trkpt lat="49.31208643130958080291748046875" lon="11.16530598141252994537353515625">
        <ele>358.79998779296875</ele>
        <time>2025-10-05T08:24:46.000Z</time>
        <extensions>
          <ns3:TrackPointExtension>
            <ns3:atemp>21.0</ns3:atemp>
            <ns3:hr>110</ns3:hr>
          </ns3:TrackPointExtension>
        </extensions>
      </trkpt>
      <trkpt lat="49.312093891203403472900390625" lon="11.16525988094508647918701171875">
        <ele>358.79998779296875</ele>
        <time>2025-10-05T08:24:49.000Z</time>
        <extensions>
          <ns3:TrackPointExtension>
            <ns3:atemp>21.0</ns3:atemp>
            <ns3:hr>111</ns3:hr>
          </ns3:TrackPointExtension>
        </extensions>
      </trkpt>
      <trkpt lat="49.312103949487209320068359375" lon="11.16523825563490390777587890625">
        <ele>358.79998779296875</ele>
        <time>2025-10-05T08:24:50.000Z</time>
        <extensions>
          <ns3:TrackPointExtension>
            <ns3:atemp>22.0</ns3:atemp>
            <ns3:hr>112</ns3:hr>
          </ns3:TrackPointExtension>
        </extensions>
      </trkpt>
      <trkpt lat="49.3121363036334514617919921875" lon="11.16517840884625911712646484375">
        <ele>358.600006103515625</ele>
        <time>2025-10-05T08:24:53.000Z</time>
        <extensions>
          <ns3:TrackPointExtension>
            <ns3:atemp>21.0</ns3:atemp>
            <ns3:hr>113</ns3:hr>
          </ns3:TrackPointExtension>
        </extensions>
      </trkpt>
      <trkpt lat="49.3121673166751861572265625" lon="11.16510934196412563323974609375">
        <ele>358.399993896484375</ele>
        <time>2025-10-05T08:24:56.000Z</time>
        <extensions>
          <ns3:TrackPointExtension>
            <ns3:atemp>22.0</ns3:atemp>
            <ns3:hr>113</ns3:hr>
          </ns3:TrackPointExtension>
        </extensions>
      </trkpt>
      <trkpt lat="49.31217863224446773529052734375" lon="11.1650921590626239776611328125">
        <ele>358.399993896484375</ele>
        <time>2025-10-05T08:24:57.000Z</time>
        <extensions>
          <ns3:TrackPointExtension>
            <ns3:atemp>21.0</ns3:atemp>
            <ns3:hr>113</ns3:hr>
          </ns3:TrackPointExtension>
        </extensions>
      </trkpt>
      <trkpt lat="49.31218651123344898223876953125" lon="11.1650911532342433929443359375">
        <ele>358.399993896484375</ele>
        <time>2025-10-05T08:24:58.000Z</time>
        <extensions>
          <ns3:TrackPointExtension>
            <ns3:atemp>22.0</ns3:atemp>
            <ns3:hr>113</ns3:hr>
          </ns3:TrackPointExtension>
        </extensions>
      </trkpt>
      <trkpt lat="49.3121892772614955902099609375" lon="11.1650864593684673309326171875">
        <ele>358.399993896484375</ele>
        <time>2025-10-05T08:25:00.000Z</time>
        <extensions>
          <ns3:TrackPointExtension>
            <ns3:atemp>22.0</ns3:atemp>
            <ns3:hr>114</ns3:hr>
          </ns3:TrackPointExtension>
        </extensions>
      </trkpt>
      <trkpt lat="49.31215382181107997894287109375" lon="11.16506877355277538299560546875">
        <ele>358.399993896484375</ele>
        <time>2025-10-05T08:25:03.000Z</time>
        <extensions>
          <ns3:TrackPointExtension>
            <ns3:atemp>21.0</ns3:atemp>
            <ns3:hr>115</ns3:hr>
          </ns3:TrackPointExtension>
        </extensions>
      </trkpt>
      <trkpt lat="49.31214074604213237762451171875" lon="11.16504480130970478057861328125">
        <ele>358.20001220703125</ele>
        <time>2025-10-05T08:25:05.000Z</time>
        <extensions>
          <ns3:TrackPointExtension>
            <ns3:atemp>21.0</ns3:atemp>
            <ns3:hr>115</ns3:hr>
          </ns3:TrackPointExtension>
        </extensions>
      </trkpt>
      <trkpt lat="49.3121270835399627685546875" lon="11.165027953684329986572265625">
        <ele>358</ele>
        <time>2025-10-05T08:25:08.000Z</time>
        <extensions>
          <ns3:TrackPointExtension>
            <ns3:atemp>22.0</ns3:atemp>
            <ns3:hr>115</ns3:hr>
          </ns3:TrackPointExtension>
        </extensions>
      </trkpt>
      <trkpt lat="49.31213353760540485382080078125" lon="11.1650304682552814483642578125">
        <ele>358</ele>
        <time>2025-10-05T08:25:10.000Z</time>
        <extensions>
          <ns3:TrackPointExtension>
            <ns3:atemp>22.0</ns3:atemp>
            <ns3:hr>116</ns3:hr>
          </ns3:TrackPointExtension>
        </extensions>
      </trkpt>
      <trkpt lat="49.31213974021375179290771484375" lon="11.16502820514142513275146484375">
        <ele>358</ele>
        <time>2025-10-05T08:25:11.000Z</time>
        <extensions>
          <ns3:TrackPointExtension>
            <ns3:atemp>22.0</ns3:atemp>
            <ns3:hr>116</ns3:hr>
          </ns3:TrackPointExtension>
        </extensions>
      </trkpt>
      <trkpt lat="49.31217980571091175079345703125" lon="11.1650297977030277252197265625">
        <ele>358</ele>
        <time>2025-10-05T08:25:13.000Z</time>
        <extensions>
          <ns3:TrackPointExtension>
            <ns3:atemp>22.0</ns3:atemp>
            <ns3:hr>116</ns3:hr>
          </ns3:TrackPointExtension>
        </extensions>
      </trkpt>
      <trkpt lat="49.31222054176032543182373046875" lon="11.165049411356449127197265625">
        <ele>358</ele>
        <time>2025-10-05T08:25:16.000Z</time>
        <extensions>
          <ns3:TrackPointExtension>
            <ns3:atemp>22.0</ns3:atemp>
            <ns3:hr>114</ns3:hr>
          </ns3:TrackPointExtension>
        </extensions>
      </trkpt>
      <trkpt lat="49.31222104467451572418212890625" lon="11.16504999808967113494873046875">
        <ele>358.20001220703125</ele>
        <time>2025-10-05T08:25:17.000Z</time>
        <extensions>
          <ns3:TrackPointExtension>
            <ns3:atemp>22.0</ns3:atemp>
            <ns3:hr>114</ns3:hr>
          </ns3:TrackPointExtension>
        </extensions>
      </trkpt>
      <trkpt lat="49.31222087703645229339599609375" lon="11.16504798643290996551513671875">
        <ele>358.20001220703125</ele>
        <time>2025-10-05T08:25:18.000Z</time>
        <extensions>
          <ns3:TrackPointExtension>
            <ns3:atemp>22.0</ns3:atemp>
            <ns3:hr>115</ns3:hr>
          </ns3:TrackPointExtension>
        </extensions>
      </trkpt>
      <trkpt lat="49.3121968209743499755859375" lon="11.16502937860786914825439453125">
        <ele>358.20001220703125</ele>
        <time>2025-10-05T08:25:23.000Z</time>
        <extensions>
          <ns3:TrackPointExtension>
            <ns3:atemp>22.0</ns3:atemp>
            <ns3:hr>116</ns3:hr>
          </ns3:TrackPointExtension>
        </extensions>
      </trkpt>
      <trkpt lat="49.31218483485281467437744140625" lon="11.165033318102359771728515625">
        <ele>358</ele>
        <time>2025-10-05T08:25:24.000Z</time>
        <extensions>
          <ns3:TrackPointExtension>
            <ns3:atemp>22.0</ns3:atemp>
            <ns3:hr>113</ns3:hr>
          </ns3:TrackPointExtension>
        </extensions>
      </trkpt>
      <trkpt lat="49.31218667887151241302490234375" lon="11.1650395207107067108154296875">
        <ele>358</ele>
        <time>2025-10-05T08:25:26.000Z</time>
        <extensions>
          <ns3:TrackPointExtension>
            <ns3:atemp>22.0</ns3:atemp>
            <ns3:hr>113</ns3:hr>
          </ns3:TrackPointExtension>
        </extensions>
      </trkpt>
      <trkpt lat="49.31218718178570270538330078125" lon="11.165042705833911895751953125">
        <ele>357.600006103515625</ele>
        <time>2025-10-05T08:25:31.000Z</time>
        <extensions>
          <ns3:TrackPointExtension>
            <ns3:atemp>22.0</ns3:atemp>
            <ns3:hr>113</ns3:hr>
          </ns3:TrackPointExtension>
        </extensions>
      </trkpt>
      <trkpt lat="49.31219539605081081390380859375" lon="11.1650428734719753265380859375">
        <ele>357.20001220703125</ele>
        <time>2025-10-05T08:25:32.000Z</time>
        <extensions>
          <ns3:TrackPointExtension>
            <ns3:atemp>22.0</ns3:atemp>
            <ns3:hr>113</ns3:hr>
          </ns3:TrackPointExtension>
        </extensions>
      </trkpt>
      <trkpt lat="49.31219925172626972198486328125" lon="11.1650445498526096343994140625">
        <ele>356.600006103515625</ele>
        <time>2025-10-05T08:25:36.000Z</time>
        <extensions>
          <ns3:TrackPointExtension>
            <ns3:atemp>22.0</ns3:atemp>
            <ns3:hr>114</ns3:hr>
          </ns3:TrackPointExtension>
        </extensions>
      </trkpt>
      <trkpt lat="49.312206543982028961181640625" lon="11.165039353072643280029296875">
        <ele>356.600006103515625</ele>
        <time>2025-10-05T08:25:40.000Z</time>
        <extensions>
          <ns3:TrackPointExtension>
            <ns3:atemp>22.0</ns3:atemp>
            <ns3:hr>111</ns3:hr>
          </ns3:TrackPointExtension>
        </extensions>
      </trkpt>
      <trkpt lat="49.3121780455112457275390625" lon="11.16505938582122325897216796875">
        <ele>356.399993896484375</ele>
        <time>2025-10-05T08:25:44.000Z</time>
        <extensions>
          <ns3:TrackPointExtension>
            <ns3:atemp>22.0</ns3:atemp>
            <ns3:hr>109</ns3:hr>
          </ns3:TrackPointExtension>
        </extensions>
      </trkpt>
      <trkpt lat="49.31214896030724048614501953125" lon="11.16503306664526462554931640625">
        <ele>356.399993896484375</ele>
        <time>2025-10-05T08:25:46.000Z</time>
        <extensions>
          <ns3:TrackPointExtension>
            <ns3:atemp>22.0</ns3:atemp>
            <ns3:hr>107</ns3:hr>
          </ns3:TrackPointExtension>
        </extensions>
      </trkpt>
      <trkpt lat="49.31214309297502040863037109375" lon="11.16502736695110797882080078125">
        <ele>356.399993896484375</ele>
        <time>2025-10-05T08:25:47.000Z</time>
        <extensions>
          <ns3:TrackPointExtension>
            <ns3:atemp>22.0</ns3:atemp>
            <ns3:hr>107</ns3:hr>
          </ns3:TrackPointExtension>
        </extensions>
      </trkpt>
      <trkpt lat="49.3121513910591602325439453125" lon="11.16502552293241024017333984375">
        <ele>356.399993896484375</ele>
        <time>2025-10-05T08:25:50.000Z</time>
        <extensions>
          <ns3:TrackPointExtension>
            <ns3:atemp>22.0</ns3:atemp>
            <ns3:hr>106</ns3:hr>
          </ns3:TrackPointExtension>
        </extensions>
      </trkpt>
      <trkpt lat="49.3121637962758541107177734375" lon="11.1650029756128787994384765625">
        <ele>356.399993896484375</ele>
        <time>2025-10-05T08:25:52.000Z</time>
        <extensions>
          <ns3:TrackPointExtension>
            <ns3:atemp>22.0</ns3:atemp>
            <ns3:hr>104</ns3:hr>
          </ns3:TrackPointExtension>
        </extensions>
      </trkpt>
      <trkpt lat="49.31217192672193050384521484375" lon="11.16499199531972408294677734375">
        <ele>356.20001220703125</ele>
        <time>2025-10-05T08:25:55.000Z</time>
        <extensions>
          <ns3:TrackPointExtension>
            <ns3:atemp>22.0</ns3:atemp>
            <ns3:hr>100</ns3:hr>
          </ns3:TrackPointExtension>
        </extensions>
      </trkpt>
      <trkpt lat="49.31217192672193050384521484375" lon="11.16499199531972408294677734375">
        <ele>356.20001220703125</ele>
        <time>2025-10-05T08:25:56.000Z</time>
        <extensions>
          <ns3:TrackPointExtension>
            <ns3:atemp>22.0</ns3:atemp>
            <ns3:hr>101</ns3:hr>
          </ns3:TrackPointExtension>
        </extensions>
      </trkpt>
      <trkpt lat="49.31217192672193050384521484375" lon="11.16499199531972408294677734375">
        <ele>356.20001220703125</ele>
        <time>2025-10-05T08:25:57.000Z</time>
        <extensions>
          <ns3:TrackPointExtension>
            <ns3:atemp>22.0</ns3:atemp>
            <ns3:hr>99</ns3:hr>
          </ns3:TrackPointExtension>
        </extensions>
      </trkpt>
      <trkpt lat="49.312168322503566741943359375" lon="11.16499610245227813720703125">
        <ele>356.20001220703125</ele>
        <time>2025-10-05T08:26:01.000Z</time>
        <extensions>
          <ns3:TrackPointExtension>
            <ns3:atemp>22.0</ns3:atemp>
            <ns3:hr>90</ns3:hr>
          </ns3:TrackPointExtension>
        </extensions>
      </trkpt>
      <trkpt lat="49.31217645294964313507080078125" lon="11.1649902351200580596923828125">
        <ele>356.20001220703125</ele>
        <time>2025-10-05T08:26:02.000Z</time>
        <extensions>
          <ns3:TrackPointExtension>
            <ns3:atemp>22.0</ns3:atemp>
            <ns3:hr>90</ns3:hr>
          </ns3:TrackPointExtension>
        </extensions>
      </trkpt>
      <trkpt lat="49.31217829696834087371826171875" lon="11.16498470306396484375">
        <ele>356.20001220703125</ele>
        <time>2025-10-05T08:26:03.000Z</time>
        <extensions>
          <ns3:TrackPointExtension>
            <ns3:atemp>22.0</ns3:atemp>
            <ns3:hr>87</ns3:hr>
          </ns3:TrackPointExtension>
        </extensions>
      </trkpt>
      <trkpt lat="49.31217578239738941192626953125" lon="11.16498143412172794342041015625">
        <ele>356.20001220703125</ele>
        <time>2025-10-05T08:26:04.000Z</time>
        <extensions>
          <ns3:TrackPointExtension>
            <ns3:atemp>22.0</ns3:atemp>
            <ns3:hr>84</ns3:hr>
          </ns3:TrackPointExtension>
        </extensions>
      </trkpt>
      <trkpt lat="49.3121979944407939910888671875" lon="11.1649672687053680419921875">
        <ele>356.20001220703125</ele>
        <time>2025-10-05T08:26:36.000Z</time>
        <extensions>
          <ns3:TrackPointExtension>
            <ns3:atemp>22.0</ns3:atemp>
            <ns3:hr>73</ns3:hr>
          </ns3:TrackPointExtension>
        </extensions>
      </trkpt>
      <trkpt lat="49.31219615042209625244140625" lon="11.1649614013731479644775390625">
        <ele>356.20001220703125</ele>
        <time>2025-10-05T08:26:37.000Z</time>
        <extensions>
          <ns3:TrackPointExtension>
            <ns3:atemp>22.0</ns3:atemp>
            <ns3:hr>73</ns3:hr>
          </ns3:TrackPointExtension>
        </extensions>
      </trkpt>
      <trkpt lat="49.31219615042209625244140625" lon="11.1649614013731479644775390625">
        <ele>356.399993896484375</ele>
        <time>2025-10-05T08:26:38.000Z</time>
        <extensions>
          <ns3:TrackPointExtension>
            <ns3:atemp>22.0</ns3:atemp>
            <ns3:hr>77</ns3:hr>
          </ns3:TrackPointExtension>
        </extensions>
      </trkpt>
      <trkpt lat="49.31219615042209625244140625" lon="11.1649614013731479644775390625">
        <ele>356.399993896484375</ele>
        <time>2025-10-05T08:26:39.000Z</time>
        <extensions>
          <ns3:TrackPointExtension>
            <ns3:atemp>22.0</ns3:atemp>
            <ns3:hr>74</ns3:hr>
          </ns3:TrackPointExtension>
        </extensions>
      </trkpt>
      <trkpt lat="49.3121772073209285736083984375" lon="11.16498327814042568206787109375">
        <ele>355.600006103515625</ele>
        <time>2025-10-05T08:27:01.000Z</time>
        <extensions>
          <ns3:TrackPointExtension>
            <ns3:atemp>22.0</ns3:atemp>
            <ns3:hr>81</ns3:hr>
          </ns3:TrackPointExtension>
        </extensions>
      </trkpt>
      <trkpt lat="49.31216706521809101104736328125" lon="11.1649935878813266754150390625">
        <ele>355.600006103515625</ele>
        <time>2025-10-05T08:27:02.000Z</time>
        <extensions>
          <ns3:TrackPointExtension>
            <ns3:atemp>22.0</ns3:atemp>
            <ns3:hr>81</ns3:hr>
          </ns3:TrackPointExtension>
        </extensions>
      </trkpt>
      <trkpt lat="49.31215583346784114837646484375" lon="11.1649808473885059356689453125">
        <ele>355.600006103515625</ele>
        <time>2025-10-05T08:27:03.000Z</time>
        <extensions>
          <ns3:TrackPointExtension>
            <ns3:atemp>22.0</ns3:atemp>
            <ns3:hr>81</ns3:hr>
          </ns3:TrackPointExtension>
        </extensions>
      </trkpt>
      <trkpt lat="49.312149547040462493896484375" lon="11.1649640835821628570556640625">
        <ele>355.600006103515625</ele>
        <time>2025-10-05T08:27:05.000Z</time>
        <extensions>
          <ns3:TrackPointExtension>
            <ns3:atemp>22.0</ns3:atemp>
            <ns3:hr>81</ns3:hr>
          </ns3:TrackPointExtension>
        </extensions>
      </trkpt>
      <trkpt lat="49.31213915348052978515625" lon="11.16496316157281398773193359375">
        <ele>355.600006103515625</ele>
        <time>2025-10-05T08:27:07.000Z</time>
        <extensions>
          <ns3:TrackPointExtension>
            <ns3:atemp>22.0</ns3:atemp>
            <ns3:hr>82</ns3:hr>
          </ns3:TrackPointExtension>
        </extensions>
      </trkpt>
      <trkpt lat="49.312146194279193878173828125" lon="11.1649728007614612579345703125">
        <ele>355.600006103515625</ele>
        <time>2025-10-05T08:27:08.000Z</time>
        <extensions>
          <ns3:TrackPointExtension>
            <ns3:atemp>22.0</ns3:atemp>
            <ns3:hr>81</ns3:hr>
          </ns3:TrackPointExtension>
        </extensions>
      </trkpt>
      <trkpt lat="49.3121601082384586334228515625" lon="11.1649952642619609832763671875">
        <ele>355.600006103515625</ele>
        <time>2025-10-05T08:27:10.000Z</time>
        <extensions>
          <ns3:TrackPointExtension>
            <ns3:atemp>22.0</ns3:atemp>
            <ns3:hr>81</ns3:hr>
          </ns3:TrackPointExtension>
        </extensions>
      </trkpt>
      <trkpt lat="49.31217879988253116607666015625" lon="11.165027953684329986572265625">
        <ele>355.600006103515625</ele>
        <time>2025-10-05T08:27:12.000Z</time>
        <extensions>
          <ns3:TrackPointExtension>
            <ns3:atemp>22.0</ns3:atemp>
            <ns3:hr>84</ns3:hr>
          </ns3:TrackPointExtension>
        </extensions>
      </trkpt>
      <trkpt lat="49.31218801997601985931396484375" lon="11.16503256373107433319091796875">
        <ele>355.600006103515625</ele>
        <time>2025-10-05T08:27:13.000Z</time>
        <extensions>
          <ns3:TrackPointExtension>
            <ns3:atemp>22.0</ns3:atemp>
            <ns3:hr>84</ns3:hr>
          </ns3:TrackPointExtension>
        </extensions>
      </trkpt>
      <trkpt lat="49.31218315847218036651611328125" lon="11.16503155790269374847412109375">
        <ele>355.600006103515625</ele>
        <time>2025-10-05T08:27:14.000Z</time>
        <extensions>
          <ns3:TrackPointExtension>
            <ns3:atemp>22.0</ns3:atemp>
            <ns3:hr>87</ns3:hr>
          </ns3:TrackPointExtension>
        </extensions>
      </trkpt>
      <trkpt lat="49.31217796169221401214599609375" lon="11.16502921096980571746826171875">
        <ele>355.79998779296875</ele>
        <time>2025-10-05T08:27:15.000Z</time>
        <extensions>
          <ns3:TrackPointExtension>
            <ns3:atemp>22.0</ns3:atemp>
            <ns3:hr>84</ns3:hr>
          </ns3:TrackPointExtension>
        </extensions>
      </trkpt>
      <trkpt lat="49.31217896752059459686279296875" lon="11.1650522612035274505615234375">
        <ele>355.600006103515625</ele>
        <time>2025-10-05T08:27:19.000Z</time>
        <extensions>
          <ns3:TrackPointExtension>
            <ns3:atemp>22.0</ns3:atemp>
            <ns3:hr>87</ns3:hr>
          </ns3:TrackPointExtension>
        </extensions>
      </trkpt>
      <trkpt lat="49.312185756862163543701171875" lon="11.16506776772439479827880859375">
        <ele>355.600006103515625</ele>
        <time>2025-10-05T08:27:22.000Z</time>
        <extensions>
          <ns3:TrackPointExtension>
            <ns3:atemp>22.0</ns3:atemp>
            <ns3:hr>85</ns3:hr>
          </ns3:TrackPointExtension>
        </extensions>
      </trkpt>
      <trkpt lat="49.31218919344246387481689453125" lon="11.16506877355277538299560546875">
        <ele>355.600006103515625</ele>
        <time>2025-10-05T08:27:24.000Z</time>
        <extensions>
          <ns3:TrackPointExtension>
            <ns3:atemp>22.0</ns3:atemp>
            <ns3:hr>88</ns3:hr>
          </ns3:TrackPointExtension>
        </extensions>
      </trkpt>
      <trkpt lat="49.31219254620373249053955078125" lon="11.16508654318749904632568359375">
        <ele>355.600006103515625</ele>
        <time>2025-10-05T08:27:27.000Z</time>
        <extensions>
          <ns3:TrackPointExtension>
            <ns3:atemp>22.0</ns3:atemp>
            <ns3:hr>87</ns3:hr>
          </ns3:TrackPointExtension>
        </extensions>
      </trkpt>
      <trkpt lat="49.312154240906238555908203125" lon="11.1651179753243923187255859375">
        <ele>355.79998779296875</ele>
        <time>2025-10-05T08:27:33.000Z</time>
        <extensions>
          <ns3:TrackPointExtension>
            <ns3:atemp>22.0</ns3:atemp>
            <ns3:hr>87</ns3:hr>
          </ns3:TrackPointExtension>
        </extensions>
      </trkpt>
      <trkpt lat="49.312155582010746002197265625" lon="11.16513960063457489013671875">
        <ele>356</ele>
        <time>2025-10-05T08:27:36.000Z</time>
        <extensions>
          <ns3:TrackPointExtension>
            <ns3:atemp>23.0</ns3:atemp>
            <ns3:hr>87</ns3:hr>
          </ns3:TrackPointExtension>
        </extensions>
      </trkpt>
      <trkpt lat="49.31214225478470325469970703125" lon="11.16514571942389011383056640625">
        <ele>356</ele>
        <time>2025-10-05T08:27:38.000Z</time>
        <extensions>
          <ns3:TrackPointExtension>
            <ns3:atemp>23.0</ns3:atemp>
            <ns3:hr>87</ns3:hr>
          </ns3:TrackPointExtension>
        </extensions>
      </trkpt>
      <trkpt lat="49.3121252395212650299072265625" lon="11.165151335299015045166015625">
        <ele>355</ele>
        <time>2025-10-05T08:27:42.000Z</time>
        <extensions>
          <ns3:TrackPointExtension>
            <ns3:atemp>23.0</ns3:atemp>
            <ns3:hr>86</ns3:hr>
          </ns3:TrackPointExtension>
        </extensions>
      </trkpt>
      <trkpt lat="49.31211777962744235992431640625" lon="11.16517472080886363983154296875">
        <ele>354.600006103515625</ele>
        <time>2025-10-05T08:27:44.000Z</time>
        <extensions>
          <ns3:TrackPointExtension>
            <ns3:atemp>23.0</ns3:atemp>
            <ns3:hr>85</ns3:hr>
          </ns3:TrackPointExtension>
        </extensions>
      </trkpt>
      <trkpt lat="49.3120454438030719757080078125" lon="11.16523255594074726104736328125">
        <ele>354.399993896484375</ele>
        <time>2025-10-05T08:27:49.000Z</time>
        <extensions>
          <ns3:TrackPointExtension>
            <ns3:atemp>23.0</ns3:atemp>
            <ns3:hr>85</ns3:hr>
          </ns3:TrackPointExtension>
        </extensions>
      </trkpt>
      <trkpt lat="49.3120256625115871429443359375" lon="11.16519165225327014923095703125">
        <ele>354.399993896484375</ele>
        <time>2025-10-05T08:27:53.000Z</time>
        <extensions>
          <ns3:TrackPointExtension>
            <ns3:atemp>23.0</ns3:atemp>
            <ns3:hr>85</ns3:hr>
          </ns3:TrackPointExtension>
        </extensions>
      </trkpt>
      <trkpt lat="49.31201920844614505767822265625" lon="11.16516332142055034637451171875">
        <ele>354.20001220703125</ele>
        <time>2025-10-05T08:27:55.000Z</time>
        <extensions>
          <ns3:TrackPointExtension>
            <ns3:atemp>23.0</ns3:atemp>
            <ns3:hr>85</ns3:hr>
          </ns3:TrackPointExtension>
        </extensions>
      </trkpt>
      <trkpt lat="49.3120112456381320953369140625" lon="11.1651223339140415191650390625">
        <ele>354.399993896484375</ele>
        <time>2025-10-05T08:27:58.000Z</time>
        <extensions>
          <ns3:TrackPointExtension>
            <ns3:atemp>23.0</ns3:atemp>
            <ns3:hr>85</ns3:hr>
          </ns3:TrackPointExtension>
        </extensions>
      </trkpt>
      <trkpt lat="49.31198920123279094696044921875" lon="11.16505200974643230438232421875">
        <ele>354.399993896484375</ele>
        <time>2025-10-05T08:28:02.000Z</time>
        <extensions>
          <ns3:TrackPointExtension>
            <ns3:atemp>23.0</ns3:atemp>
            <ns3:hr>87</ns3:hr>
          </ns3:TrackPointExtension>
        </extensions>
      </trkpt>
      <trkpt lat="49.3119768798351287841796875" lon="11.1650418676435947418212890625">
        <ele>354.399993896484375</ele>
        <time>2025-10-05T08:28:03.000Z</time>
        <extensions>
          <ns3:TrackPointExtension>
            <ns3:atemp>23.0</ns3:atemp>
            <ns3:hr>86</ns3:hr>
          </ns3:TrackPointExtension>
        </extensions>
      </trkpt>
      <trkpt lat="49.31197344325482845306396484375" lon="11.16502233780920505523681640625">
        <ele>354.399993896484375</ele>
        <time>2025-10-05T08:28:04.000Z</time>
        <extensions>
          <ns3:TrackPointExtension>
            <ns3:atemp>23.0</ns3:atemp>
            <ns3:hr>86</ns3:hr>
          </ns3:TrackPointExtension>
        </extensions>
      </trkpt>
      <trkpt lat="49.31196774356067180633544921875" lon="11.16495729424059391021728515625">
        <ele>354.600006103515625</ele>
        <time>2025-10-05T08:28:08.000Z</time>
        <extensions>
          <ns3:TrackPointExtension>
            <ns3:atemp>23.0</ns3:atemp>
            <ns3:hr>86</ns3:hr>
          </ns3:TrackPointExtension>
        </extensions>
      </trkpt>
      <trkpt lat="49.311971180140972137451171875" lon="11.164942793548107147216796875">
        <ele>354.600006103515625</ele>
        <time>2025-10-05T08:28:10.000Z</time>
        <extensions>
          <ns3:TrackPointExtension>
            <ns3:atemp>23.0</ns3:atemp>
            <ns3:hr>90</ns3:hr>
          </ns3:TrackPointExtension>
        </extensions>
      </trkpt>
      <trkpt lat="49.311971850693225860595703125" lon="11.16492175497114658355712890625">
        <ele>354.600006103515625</ele>
        <time>2025-10-05T08:28:11.000Z</time>
        <extensions>
          <ns3:TrackPointExtension>
            <ns3:atemp>23.0</ns3:atemp>
            <ns3:hr>90</ns3:hr>
          </ns3:TrackPointExtension>
        </extensions>
      </trkpt>
      <trkpt lat="49.3119696713984012603759765625" lon="11.16487967781722545623779296875">
        <ele>354.600006103515625</ele>
        <time>2025-10-05T08:28:13.000Z</time>
        <extensions>
          <ns3:TrackPointExtension>
            <ns3:atemp>23.0</ns3:atemp>
            <ns3:hr>93</ns3:hr>
          </ns3:TrackPointExtension>
        </extensions>
      </trkpt>
      <trkpt lat="49.31197025813162326812744140625" lon="11.16487674415111541748046875">
        <ele>354.600006103515625</ele>
        <time>2025-10-05T08:28:14.000Z</time>
        <extensions>
          <ns3:TrackPointExtension>
            <ns3:atemp>23.0</ns3:atemp>
            <ns3:hr>92</ns3:hr>
          </ns3:TrackPointExtension>
        </extensions>
      </trkpt>
      <trkpt lat="49.31196992285549640655517578125" lon="11.1648678593337535858154296875">
        <ele>354.600006103515625</ele>
        <time>2025-10-05T08:28:15.000Z</time>
        <extensions>
          <ns3:TrackPointExtension>
            <ns3:atemp>23.0</ns3:atemp>
            <ns3:hr>95</ns3:hr>
          </ns3:TrackPointExtension>
        </extensions>
      </trkpt>
      <trkpt lat="49.31196539662778377532958984375" lon="11.1647900752723217010498046875">
        <ele>354.600006103515625</ele>
        <time>2025-10-05T08:28:17.000Z</time>
        <extensions>
          <ns3:TrackPointExtension>
            <ns3:atemp>23.0</ns3:atemp>
            <ns3:hr>96</ns3:hr>
          </ns3:TrackPointExtension>
        </extensions>
      </trkpt>
      <trkpt lat="49.311979897320270538330078125" lon="11.16468119435012340545654296875">
        <ele>354.600006103515625</ele>
        <time>2025-10-05T08:28:19.000Z</time>
        <extensions>
          <ns3:TrackPointExtension>
            <ns3:atemp>23.0</ns3:atemp>
            <ns3:hr>99</ns3:hr>
          </ns3:TrackPointExtension>
        </extensions>
      </trkpt>
      <trkpt lat="49.31199640966951847076416015625" lon="11.16461799480020999908447265625">
        <ele>354.79998779296875</ele>
        <time>2025-10-05T08:28:21.000Z</time>
        <extensions>
          <ns3:TrackPointExtension>
            <ns3:atemp>23.0</ns3:atemp>
            <ns3:hr>100</ns3:hr>
          </ns3:TrackPointExtension>
        </extensions>
      </trkpt>
      <trkpt lat="49.31202323175966739654541015625" lon="11.16456954739987850189208984375">
        <ele>354.79998779296875</ele>
        <time>2025-10-05T08:28:24.000Z</time>
        <extensions>
          <ns3:TrackPointExtension>
            <ns3:atemp>23.0</ns3:atemp>
            <ns3:hr>103</ns3:hr>
          </ns3:TrackPointExtension>
        </extensions>
      </trkpt>
      <trkpt lat="49.31205055676400661468505859375" lon="11.1644826270639896392822265625">
        <ele>354.399993896484375</ele>
        <time>2025-10-05T08:28:27.000Z</time>
        <extensions>
          <ns3:TrackPointExtension>
            <ns3:atemp>23.0</ns3:atemp>
            <ns3:hr>104</ns3:hr>
          </ns3:TrackPointExtension>
        </extensions>
      </trkpt>
      <trkpt lat="49.31206849403679370880126953125" lon="11.16442454047501087188720703125">
        <ele>354.20001220703125</ele>
        <time>2025-10-05T08:28:30.000Z</time>
        <extensions>
          <ns3:TrackPointExtension>
            <ns3:atemp>23.0</ns3:atemp>
            <ns3:hr>107</ns3:hr>
          </ns3:TrackPointExtension>
        </extensions>
      </trkpt>
      <trkpt lat="49.31209179572761058807373046875" lon="11.164436526596546173095703125">
        <ele>354</ele>
        <time>2025-10-05T08:28:32.000Z</time>
        <extensions>
          <ns3:TrackPointExtension>
            <ns3:atemp>23.0</ns3:atemp>
            <ns3:hr>110</ns3:hr>
          </ns3:TrackPointExtension>
        </extensions>
      </trkpt>
      <trkpt lat="49.3121084757149219512939453125" lon="11.164444573223590850830078125">
        <ele>354</ele>
        <time>2025-10-05T08:28:33.000Z</time>
        <extensions>
          <ns3:TrackPointExtension>
            <ns3:atemp>23.0</ns3:atemp>
            <ns3:hr>111</ns3:hr>
          </ns3:TrackPointExtension>
        </extensions>
      </trkpt>
      <trkpt lat="49.31212381459772586822509765625" lon="11.1644273065030574798583984375">
        <ele>353.79998779296875</ele>
        <time>2025-10-05T08:28:35.000Z</time>
        <extensions>
          <ns3:TrackPointExtension>
            <ns3:atemp>23.0</ns3:atemp>
            <ns3:hr>112</ns3:hr>
          </ns3:TrackPointExtension>
        </extensions>
      </trkpt>
      <trkpt lat="49.312144853174686431884765625" lon="11.1643843911588191986083984375">
        <ele>353.79998779296875</ele>
        <time>2025-10-05T08:28:37.000Z</time>
        <extensions>
          <ns3:TrackPointExtension>
            <ns3:atemp>23.0</ns3:atemp>
            <ns3:hr>111</ns3:hr>
          </ns3:TrackPointExtension>
        </extensions>
      </trkpt>
      <trkpt lat="49.31219740770757198333740234375" lon="11.16421222686767578125">
        <ele>354</ele>
        <time>2025-10-05T08:28:44.000Z</time>
        <extensions>
          <ns3:TrackPointExtension>
            <ns3:atemp>23.0</ns3:atemp>
            <ns3:hr>110</ns3:hr>
          </ns3:TrackPointExtension>
        </extensions>
      </trkpt>
      <trkpt lat="49.31220377795398235321044921875" lon="11.1641999892890453338623046875">
        <ele>354</ele>
        <time>2025-10-05T08:28:45.000Z</time>
        <extensions>
          <ns3:TrackPointExtension>
            <ns3:atemp>23.0</ns3:atemp>
            <ns3:hr>110</ns3:hr>
          </ns3:TrackPointExtension>
        </extensions>
      </trkpt>
      <trkpt lat="49.3122382275760173797607421875" lon="11.164162941277027130126953125">
        <ele>354</ele>
        <time>2025-10-05T08:28:51.000Z</time>
        <extensions>
          <ns3:TrackPointExtension>
            <ns3:atemp>23.0</ns3:atemp>
            <ns3:hr>110</ns3:hr>
          </ns3:TrackPointExtension>
        </extensions>
      </trkpt>
      <trkpt lat="49.31223697029054164886474609375" lon="11.1641446687281131744384765625">
        <ele>354.20001220703125</ele>
        <time>2025-10-05T08:28:53.000Z</time>
        <extensions>
          <ns3:TrackPointExtension>
            <ns3:atemp>23.0</ns3:atemp>
            <ns3:hr>110</ns3:hr>
          </ns3:TrackPointExtension>
        </extensions>
      </trkpt>
      <trkpt lat="49.31224904023110866546630859375" lon="11.1641409806907176971435546875">
        <ele>354.399993896484375</ele>
        <time>2025-10-05T08:28:55.000Z</time>
        <extensions>
          <ns3:TrackPointExtension>
            <ns3:atemp>22.0</ns3:atemp>
            <ns3:hr>110</ns3:hr>
          </ns3:TrackPointExtension>
        </extensions>
      </trkpt>
      <trkpt lat="49.312264882028102874755859375" lon="11.16412128321826457977294921875">
        <ele>354.399993896484375</ele>
        <time>2025-10-05T08:28:57.000Z</time>
        <extensions>
          <ns3:TrackPointExtension>
            <ns3:atemp>22.0</ns3:atemp>
            <ns3:hr>110</ns3:hr>
          </ns3:TrackPointExtension>
        </extensions>
      </trkpt>
      <trkpt lat="49.31226831860840320587158203125" lon="11.16409630514681339263916015625">
        <ele>354.399993896484375</ele>
        <time>2025-10-05T08:28:59.000Z</time>
        <extensions>
          <ns3:TrackPointExtension>
            <ns3:atemp>22.0</ns3:atemp>
            <ns3:hr>111</ns3:hr>
          </ns3:TrackPointExtension>
        </extensions>
      </trkpt>
      <trkpt lat="49.312268234789371490478515625" lon="11.16408658213913440704345703125">
        <ele>354.399993896484375</ele>
        <time>2025-10-05T08:29:02.000Z</time>
        <extensions>
          <ns3:TrackPointExtension>
            <ns3:atemp>22.0</ns3:atemp>
            <ns3:hr>110</ns3:hr>
          </ns3:TrackPointExtension>
        </extensions>
      </trkpt>
      <trkpt lat="49.31224836967885494232177734375" lon="11.1640494503080844879150390625">
        <ele>354.399993896484375</ele>
        <time>2025-10-05T08:29:04.000Z</time>
        <extensions>
          <ns3:TrackPointExtension>
            <ns3:atemp>22.0</ns3:atemp>
            <ns3:hr>110</ns3:hr>
          </ns3:TrackPointExtension>
        </extensions>
      </trkpt>
      <trkpt lat="49.3122372217476367950439453125" lon="11.1640186049044132232666015625">
        <ele>354.399993896484375</ele>
        <time>2025-10-05T08:29:08.000Z</time>
        <extensions>
          <ns3:TrackPointExtension>
            <ns3:atemp>22.0</ns3:atemp>
            <ns3:hr>109</ns3:hr>
          </ns3:TrackPointExtension>
        </extensions>
      </trkpt>
      <trkpt lat="49.312234036624431610107421875" lon="11.16401969455182552337646484375">
        <ele>354.600006103515625</ele>
        <time>2025-10-05T08:29:10.000Z</time>
        <extensions>
          <ns3:TrackPointExtension>
            <ns3:atemp>22.0</ns3:atemp>
            <ns3:hr>109</ns3:hr>
          </ns3:TrackPointExtension>
        </extensions>
      </trkpt>
      <trkpt lat="49.312248118221759796142578125" lon="11.1640112288296222686767578125">
        <ele>354.600006103515625</ele>
        <time>2025-10-05T08:29:14.000Z</time>
        <extensions>
          <ns3:TrackPointExtension>
            <ns3:atemp>22.0</ns3:atemp>
            <ns3:hr>110</ns3:hr>
          </ns3:TrackPointExtension>
        </extensions>
      </trkpt>
      <trkpt lat="49.31224702857434749603271484375" lon="11.16400527767837047576904296875">
        <ele>354.399993896484375</ele>
        <time>2025-10-05T08:29:16.000Z</time>
        <extensions>
          <ns3:TrackPointExtension>
            <ns3:atemp>22.0</ns3:atemp>
            <ns3:hr>110</ns3:hr>
          </ns3:TrackPointExtension>
        </extensions>
      </trkpt>
      <trkpt lat="49.31224853731691837310791015625" lon="11.16398281417787075042724609375">
        <ele>354</ele>
        <time>2025-10-05T08:29:20.000Z</time>
        <extensions>
          <ns3:TrackPointExtension>
            <ns3:atemp>22.0</ns3:atemp>
            <ns3:hr>111</ns3:hr>
          </ns3:TrackPointExtension>
        </extensions>
      </trkpt>
      <trkpt lat="49.3122677318751811981201171875" lon="11.16396839730441570281982421875">
        <ele>354</ele>
        <time>2025-10-05T08:29:22.000Z</time>
        <extensions>
          <ns3:TrackPointExtension>
            <ns3:atemp>22.0</ns3:atemp>
            <ns3:hr>110</ns3:hr>
          </ns3:TrackPointExtension>
        </extensions>
      </trkpt>
      <trkpt lat="49.31226647458970546722412109375" lon="11.1639626137912273406982421875">
        <ele>354</ele>
        <time>2025-10-05T08:29:24.000Z</time>
        <extensions>
          <ns3:TrackPointExtension>
            <ns3:atemp>22.0</ns3:atemp>
            <ns3:hr>109</ns3:hr>
          </ns3:TrackPointExtension>
        </extensions>
      </trkpt>
      <trkpt lat="49.312264211475849151611328125" lon="11.1639668047428131103515625">
        <ele>354.20001220703125</ele>
        <time>2025-10-05T08:29:26.000Z</time>
        <extensions>
          <ns3:TrackPointExtension>
            <ns3:atemp>22.0</ns3:atemp>
            <ns3:hr>108</ns3:hr>
          </ns3:TrackPointExtension>
        </extensions>
      </trkpt>
      <trkpt lat="49.3122692406177520751953125" lon="11.1639699898660182952880859375">
        <ele>354.399993896484375</ele>
        <time>2025-10-05T08:29:28.000Z</time>
        <extensions>
          <ns3:TrackPointExtension>
            <ns3:atemp>22.0</ns3:atemp>
            <ns3:hr>107</ns3:hr>
          </ns3:TrackPointExtension>
        </extensions>
      </trkpt>
      <trkpt lat="49.312274269759654998779296875" lon="11.1639565788209438323974609375">
        <ele>354.600006103515625</ele>
        <time>2025-10-05T08:29:30.000Z</time>
        <extensions>
          <ns3:TrackPointExtension>
            <ns3:atemp>22.0</ns3:atemp>
            <ns3:hr>106</ns3:hr>
          </ns3:TrackPointExtension>
        </extensions>
      </trkpt>
      <trkpt lat="49.31223764084279537200927734375" lon="11.16394065320491790771484375">
        <ele>354.600006103515625</ele>
        <time>2025-10-05T08:29:32.000Z</time>
        <extensions>
          <ns3:TrackPointExtension>
            <ns3:atemp>22.0</ns3:atemp>
            <ns3:hr>106</ns3:hr>
          </ns3:TrackPointExtension>
        </extensions>
      </trkpt>
      <trkpt lat="49.31223093532025814056396484375" lon="11.16391919553279876708984375">
        <ele>355</ele>
        <time>2025-10-05T08:29:36.000Z</time>
        <extensions>
          <ns3:TrackPointExtension>
            <ns3:atemp>22.0</ns3:atemp>
            <ns3:hr>108</ns3:hr>
          </ns3:TrackPointExtension>
        </extensions>
      </trkpt>
      <trkpt lat="49.3122325278818607330322265625" lon="11.1639193631708621978759765625">
        <ele>355</ele>
        <time>2025-10-05T08:29:39.000Z</time>
        <extensions>
          <ns3:TrackPointExtension>
            <ns3:atemp>22.0</ns3:atemp>
            <ns3:hr>109</ns3:hr>
          </ns3:TrackPointExtension>
        </extensions>
      </trkpt>
      <trkpt lat="49.31223646737635135650634765625" lon="11.163914501667022705078125">
        <ele>355</ele>
        <time>2025-10-05T08:29:40.000Z</time>
        <extensions>
          <ns3:TrackPointExtension>
            <ns3:atemp>22.0</ns3:atemp>
            <ns3:hr>110</ns3:hr>
          </ns3:TrackPointExtension>
        </extensions>
      </trkpt>
      <trkpt lat="49.3122915364801883697509765625" lon="11.16391919553279876708984375">
        <ele>356</ele>
        <time>2025-10-05T08:29:44.000Z</time>
        <extensions>
          <ns3:TrackPointExtension>
            <ns3:atemp>22.0</ns3:atemp>
            <ns3:hr>110</ns3:hr>
          </ns3:TrackPointExtension>
        </extensions>
      </trkpt>
      <trkpt lat="49.3122794665396213531494140625" lon="11.16391542367637157440185546875">
        <ele>356.20001220703125</ele>
        <time>2025-10-05T08:29:45.000Z</time>
        <extensions>
          <ns3:TrackPointExtension>
            <ns3:atemp>22.0</ns3:atemp>
            <ns3:hr>111</ns3:hr>
          </ns3:TrackPointExtension>
        </extensions>
      </trkpt>
      <trkpt lat="49.312262870371341705322265625" lon="11.16391860879957675933837890625">
        <ele>356.399993896484375</ele>
        <time>2025-10-05T08:29:46.000Z</time>
        <extensions>
          <ns3:TrackPointExtension>
            <ns3:atemp>22.0</ns3:atemp>
            <ns3:hr>111</ns3:hr>
          </ns3:TrackPointExtension>
        </extensions>
      </trkpt>
      <trkpt lat="49.3122573383152484893798828125" lon="11.163919866085052490234375">
        <ele>356.79998779296875</ele>
        <time>2025-10-05T08:29:49.000Z</time>
        <extensions>
          <ns3:TrackPointExtension>
            <ns3:atemp>22.0</ns3:atemp>
            <ns3:hr>112</ns3:hr>
          </ns3:TrackPointExtension>
        </extensions>
      </trkpt>
      <trkpt lat="49.3122677318751811981201171875" lon="11.163929589092731475830078125">
        <ele>357</ele>
        <time>2025-10-05T08:29:52.000Z</time>
        <extensions>
          <ns3:TrackPointExtension>
            <ns3:atemp>22.0</ns3:atemp>
            <ns3:hr>112</ns3:hr>
          </ns3:TrackPointExtension>
        </extensions>
      </trkpt>
      <trkpt lat="49.31226789951324462890625" lon="11.1639257334172725677490234375">
        <ele>357</ele>
        <time>2025-10-05T08:29:53.000Z</time>
        <extensions>
          <ns3:TrackPointExtension>
            <ns3:atemp>22.0</ns3:atemp>
            <ns3:hr>112</ns3:hr>
          </ns3:TrackPointExtension>
        </extensions>
      </trkpt>
      <trkpt lat="49.31225717067718505859375" lon="11.1639344505965709686279296875">
        <ele>357</ele>
        <time>2025-10-05T08:29:55.000Z</time>
        <extensions>
          <ns3:TrackPointExtension>
            <ns3:atemp>22.0</ns3:atemp>
            <ns3:hr>113</ns3:hr>
          </ns3:TrackPointExtension>
        </extensions>
      </trkpt>
      <trkpt lat="49.31225423701107501983642578125" lon="11.16394224576652050018310546875">
        <ele>357.600006103515625</ele>
        <time>2025-10-05T08:29:57.000Z</time>
        <extensions>
          <ns3:TrackPointExtension>
            <ns3:atemp>22.0</ns3:atemp>
            <ns3:hr>113</ns3:hr>
          </ns3:TrackPointExtension>
        </extensions>
      </trkpt>
      <trkpt lat="49.312264882028102874755859375" lon="11.16391961462795734405517578125">
        <ele>354.79998779296875</ele>
        <time>2025-10-05T08:30:27.000Z</time>
        <extensions>
          <ns3:TrackPointExtension>
            <ns3:atemp>22.0</ns3:atemp>
            <ns3:hr>119</ns3:hr>
          </ns3:TrackPointExtension>
        </extensions>
      </trkpt>
      <trkpt lat="49.31226664222776889801025390625" lon="11.16389681585133075714111328125">
        <ele>355</ele>
        <time>2025-10-05T08:30:28.000Z</time>
        <extensions>
          <ns3:TrackPointExtension>
            <ns3:atemp>22.0</ns3:atemp>
            <ns3:hr>119</ns3:hr>
          </ns3:TrackPointExtension>
        </extensions>
      </trkpt>
      <trkpt lat="49.3123009242117404937744140625" lon="11.1638469435274600982666015625">
        <ele>355.399993896484375</ele>
        <time>2025-10-05T08:30:30.000Z</time>
        <extensions>
          <ns3:TrackPointExtension>
            <ns3:atemp>22.0</ns3:atemp>
            <ns3:hr>119</ns3:hr>
          </ns3:TrackPointExtension>
        </extensions>
      </trkpt>
      <trkpt lat="49.31235364638268947601318359375" lon="11.163779385387897491455078125">
        <ele>355.79998779296875</ele>
        <time>2025-10-05T08:30:33.000Z</time>
        <extensions>
          <ns3:TrackPointExtension>
            <ns3:atemp>22.0</ns3:atemp>
            <ns3:hr>118</ns3:hr>
          </ns3:TrackPointExtension>
        </extensions>
      </trkpt>
      <trkpt lat="49.3123684823513031005859375" lon="11.16376253776252269744873046875">
        <ele>356</ele>
        <time>2025-10-05T08:30:34.000Z</time>
        <extensions>
          <ns3:TrackPointExtension>
            <ns3:atemp>22.0</ns3:atemp>
            <ns3:hr>117</ns3:hr>
          </ns3:TrackPointExtension>
        </extensions>
      </trkpt>
      <trkpt lat="49.312415421009063720703125" lon="11.16369280032813549041748046875">
        <ele>356.399993896484375</ele>
        <time>2025-10-05T08:30:38.000Z</time>
        <extensions>
          <ns3:TrackPointExtension>
            <ns3:atemp>22.0</ns3:atemp>
            <ns3:hr>115</ns3:hr>
          </ns3:TrackPointExtension>
        </extensions>
      </trkpt>
      <trkpt lat="49.312425144016742706298828125" lon="11.16368341259658336639404296875">
        <ele>356.399993896484375</ele>
        <time>2025-10-05T08:30:39.000Z</time>
        <extensions>
          <ns3:TrackPointExtension>
            <ns3:atemp>22.0</ns3:atemp>
            <ns3:hr>115</ns3:hr>
          </ns3:TrackPointExtension>
        </extensions>
      </trkpt>
      <trkpt lat="49.3124497868120670318603515625" lon="11.1636290140450000762939453125">
        <ele>356.79998779296875</ele>
        <time>2025-10-05T08:30:42.000Z</time>
        <extensions>
          <ns3:TrackPointExtension>
            <ns3:atemp>22.0</ns3:atemp>
            <ns3:hr>113</ns3:hr>
          </ns3:TrackPointExtension>
        </extensions>
      </trkpt>
      <trkpt lat="49.31246428750455379486083984375" lon="11.1636192910373210906982421875">
        <ele>356.79998779296875</ele>
        <time>2025-10-05T08:30:43.000Z</time>
        <extensions>
          <ns3:TrackPointExtension>
            <ns3:atemp>22.0</ns3:atemp>
            <ns3:hr>113</ns3:hr>
          </ns3:TrackPointExtension>
        </extensions>
      </trkpt>
      <trkpt lat="49.31253301911056041717529296875" lon="11.16355039179325103759765625">
        <ele>356.79998779296875</ele>
        <time>2025-10-05T08:30:48.000Z</time>
        <extensions>
          <ns3:TrackPointExtension>
            <ns3:atemp>23.0</ns3:atemp>
            <ns3:hr>113</ns3:hr>
          </ns3:TrackPointExtension>
        </extensions>
      </trkpt>
      <trkpt lat="49.31253888644278049468994140625" lon="11.163519881665706634521484375">
        <ele>356.79998779296875</ele>
        <time>2025-10-05T08:30:49.000Z</time>
        <extensions>
          <ns3:TrackPointExtension>
            <ns3:atemp>22.0</ns3:atemp>
            <ns3:hr>112</ns3:hr>
          </ns3:TrackPointExtension>
        </extensions>
      </trkpt>
      <trkpt lat="49.31262773461639881134033203125" lon="11.1634228192269802093505859375">
        <ele>357</ele>
        <time>2025-10-05T08:30:54.000Z</time>
        <extensions>
          <ns3:TrackPointExtension>
            <ns3:atemp>22.0</ns3:atemp>
            <ns3:hr>111</ns3:hr>
          </ns3:TrackPointExtension>
        </extensions>
      </trkpt>
      <trkpt lat="49.31266796775162220001220703125" lon="11.1633695103228092193603515625">
        <ele>357</ele>
        <time>2025-10-05T08:30:56.000Z</time>
        <extensions>
          <ns3:TrackPointExtension>
            <ns3:atemp>22.0</ns3:atemp>
            <ns3:hr>112</ns3:hr>
          </ns3:TrackPointExtension>
        </extensions>
      </trkpt>
      <trkpt lat="49.312737286090850830078125" lon="11.1632571928203105926513671875">
        <ele>357</ele>
        <time>2025-10-05T08:31:03.000Z</time>
        <extensions>
          <ns3:TrackPointExtension>
            <ns3:atemp>22.0</ns3:atemp>
            <ns3:hr>112</ns3:hr>
          </ns3:TrackPointExtension>
        </extensions>
      </trkpt>
      <trkpt lat="49.31276888586580753326416015625" lon="11.1632069014012813568115234375">
        <ele>357</ele>
        <time>2025-10-05T08:31:06.000Z</time>
        <extensions>
          <ns3:TrackPointExtension>
            <ns3:atemp>22.0</ns3:atemp>
            <ns3:hr>112</ns3:hr>
          </ns3:TrackPointExtension>
        </extensions>
      </trkpt>
      <trkpt lat="49.31279118172824382781982421875" lon="11.163190640509128570556640625">
        <ele>357.20001220703125</ele>
        <time>2025-10-05T08:31:09.000Z</time>
        <extensions>
          <ns3:TrackPointExtension>
            <ns3:atemp>22.0</ns3:atemp>
            <ns3:hr>113</ns3:hr>
          </ns3:TrackPointExtension>
        </extensions>
      </trkpt>
      <trkpt lat="49.31285941042006015777587890625" lon="11.163093745708465576171875">
        <ele>357.600006103515625</ele>
        <time>2025-10-05T08:31:15.000Z</time>
        <extensions>
          <ns3:TrackPointExtension>
            <ns3:atemp>22.0</ns3:atemp>
            <ns3:hr>112</ns3:hr>
          </ns3:TrackPointExtension>
        </extensions>
      </trkpt>
      <trkpt lat="49.3128993920981884002685546875" lon="11.163027025759220123291015625">
        <ele>357.79998779296875</ele>
        <time>2025-10-05T08:31:19.000Z</time>
        <extensions>
          <ns3:TrackPointExtension>
            <ns3:atemp>22.0</ns3:atemp>
            <ns3:hr>110</ns3:hr>
          </ns3:TrackPointExtension>
        </extensions>
      </trkpt>
      <trkpt lat="49.31291255168616771697998046875" lon="11.1630017124116420745849609375">
        <ele>357.79998779296875</ele>
        <time>2025-10-05T08:31:21.000Z</time>
        <extensions>
          <ns3:TrackPointExtension>
            <ns3:atemp>22.0</ns3:atemp>
            <ns3:hr>111</ns3:hr>
          </ns3:TrackPointExtension>
        </extensions>
      </trkpt>
      <trkpt lat="49.31292881257832050323486328125" lon="11.16299123503267765045166015625">
        <ele>358</ele>
        <time>2025-10-05T08:31:22.000Z</time>
        <extensions>
          <ns3:TrackPointExtension>
            <ns3:atemp>22.0</ns3:atemp>
            <ns3:hr>110</ns3:hr>
          </ns3:TrackPointExtension>
        </extensions>
      </trkpt>
      <trkpt lat="49.3130388669669628143310546875" lon="11.16295502521097660064697265625">
        <ele>358.399993896484375</ele>
        <time>2025-10-05T08:31:28.000Z</time>
        <extensions>
          <ns3:TrackPointExtension>
            <ns3:atemp>22.0</ns3:atemp>
            <ns3:hr>109</ns3:hr>
          </ns3:TrackPointExtension>
        </extensions>
      </trkpt>
      <trkpt lat="49.31300190277397632598876953125" lon="11.16277699358761310577392578125">
        <ele>358.20001220703125</ele>
        <time>2025-10-05T08:31:35.000Z</time>
        <extensions>
          <ns3:TrackPointExtension>
            <ns3:atemp>22.0</ns3:atemp>
            <ns3:hr>108</ns3:hr>
          </ns3:TrackPointExtension>
        </extensions>
      </trkpt>
      <trkpt lat="49.3129156529903411865234375" lon="11.1625574715435504913330078125">
        <ele>358.79998779296875</ele>
        <time>2025-10-05T08:31:42.000Z</time>
        <extensions>
          <ns3:TrackPointExtension>
            <ns3:atemp>22.0</ns3:atemp>
            <ns3:hr>109</ns3:hr>
          </ns3:TrackPointExtension>
        </extensions>
      </trkpt>
      <trkpt lat="49.3128953687846660614013671875" lon="11.16248555481433868408203125">
        <ele>359</ele>
        <time>2025-10-05T08:31:44.000Z</time>
        <extensions>
          <ns3:TrackPointExtension>
            <ns3:atemp>22.0</ns3:atemp>
            <ns3:hr>111</ns3:hr>
          </ns3:TrackPointExtension>
        </extensions>
      </trkpt>
      <trkpt lat="49.3128447420895099639892578125" lon="11.1623814515769481658935546875">
        <ele>359.600006103515625</ele>
        <time>2025-10-05T08:31:48.000Z</time>
        <extensions>
          <ns3:TrackPointExtension>
            <ns3:atemp>22.0</ns3:atemp>
            <ns3:hr>114</ns3:hr>
          </ns3:TrackPointExtension>
        </extensions>
      </trkpt>
      <trkpt lat="49.312779866158962249755859375" lon="11.16224776022136211395263671875">
        <ele>359.399993896484375</ele>
        <time>2025-10-05T08:31:53.000Z</time>
        <extensions>
          <ns3:TrackPointExtension>
            <ns3:atemp>22.0</ns3:atemp>
            <ns3:hr>115</ns3:hr>
          </ns3:TrackPointExtension>
        </extensions>
      </trkpt>
      <trkpt lat="49.31276301853358745574951171875" lon="11.16221104748547077178955078125">
        <ele>359.399993896484375</ele>
        <time>2025-10-05T08:31:54.000Z</time>
        <extensions>
          <ns3:TrackPointExtension>
            <ns3:atemp>22.0</ns3:atemp>
            <ns3:hr>116</ns3:hr>
          </ns3:TrackPointExtension>
        </extensions>
      </trkpt>
      <trkpt lat="49.3127096258103847503662109375" lon="11.16211465559899806976318359375">
        <ele>359.20001220703125</ele>
        <time>2025-10-05T08:31:57.000Z</time>
        <extensions>
          <ns3:TrackPointExtension>
            <ns3:atemp>22.0</ns3:atemp>
            <ns3:hr>118</ns3:hr>
          </ns3:TrackPointExtension>
        </extensions>
      </trkpt>
      <trkpt lat="49.3127118051052093505859375" lon="11.1619766056537628173828125">
        <ele>359.20001220703125</ele>
        <time>2025-10-05T08:32:01.000Z</time>
        <extensions>
          <ns3:TrackPointExtension>
            <ns3:atemp>22.0</ns3:atemp>
            <ns3:hr>120</ns3:hr>
          </ns3:TrackPointExtension>
        </extensions>
      </trkpt>
      <trkpt lat="49.3127290718257427215576171875" lon="11.1619392223656177520751953125">
        <ele>359.399993896484375</ele>
        <time>2025-10-05T08:32:02.000Z</time>
        <extensions>
          <ns3:TrackPointExtension>
            <ns3:atemp>22.0</ns3:atemp>
            <ns3:hr>121</ns3:hr>
          </ns3:TrackPointExtension>
        </extensions>
      </trkpt>
      <trkpt lat="49.3127884157001972198486328125" lon="11.16178222931921482086181640625">
        <ele>359.600006103515625</ele>
        <time>2025-10-05T08:32:07.000Z</time>
        <extensions>
          <ns3:TrackPointExtension>
            <ns3:atemp>22.0</ns3:atemp>
            <ns3:hr>123</ns3:hr>
          </ns3:TrackPointExtension>
        </extensions>
      </trkpt>
      <trkpt lat="49.31279738433659076690673828125" lon="11.1617457680404186248779296875">
        <ele>359.600006103515625</ele>
        <time>2025-10-05T08:32:08.000Z</time>
        <extensions>
          <ns3:TrackPointExtension>
            <ns3:atemp>22.0</ns3:atemp>
            <ns3:hr>123</ns3:hr>
          </ns3:TrackPointExtension>
        </extensions>
      </trkpt>
      <trkpt lat="49.3128377012908458709716796875" lon="11.16167946718633174896240234375">
        <ele>360.399993896484375</ele>
        <time>2025-10-05T08:32:11.000Z</time>
        <extensions>
          <ns3:TrackPointExtension>
            <ns3:atemp>22.0</ns3:atemp>
            <ns3:hr>125</ns3:hr>
          </ns3:TrackPointExtension>
        </extensions>
      </trkpt>
      <trkpt lat="49.3128574825823307037353515625" lon="11.16166236810386180877685546875">
        <ele>360.600006103515625</ele>
        <time>2025-10-05T08:32:12.000Z</time>
        <extensions>
          <ns3:TrackPointExtension>
            <ns3:atemp>22.0</ns3:atemp>
            <ns3:hr>125</ns3:hr>
          </ns3:TrackPointExtension>
        </extensions>
      </trkpt>
      <trkpt lat="49.31292302906513214111328125" lon="11.16162666119635105133056640625">
        <ele>361.399993896484375</ele>
        <time>2025-10-05T08:32:16.000Z</time>
        <extensions>
          <ns3:TrackPointExtension>
            <ns3:atemp>22.0</ns3:atemp>
            <ns3:hr>128</ns3:hr>
          </ns3:TrackPointExtension>
        </extensions>
      </trkpt>
      <trkpt lat="49.31294524110853672027587890625" lon="11.1616413295269012451171875">
        <ele>361.600006103515625</ele>
        <time>2025-10-05T08:32:18.000Z</time>
        <extensions>
          <ns3:TrackPointExtension>
            <ns3:atemp>22.0</ns3:atemp>
            <ns3:hr>131</ns3:hr>
          </ns3:TrackPointExtension>
        </extensions>
      </trkpt>
      <trkpt lat="49.31295932270586490631103515625" lon="11.161647699773311614990234375">
        <ele>361.600006103515625</ele>
        <time>2025-10-05T08:32:19.000Z</time>
        <extensions>
          <ns3:TrackPointExtension>
            <ns3:atemp>22.0</ns3:atemp>
            <ns3:hr>131</ns3:hr>
          </ns3:TrackPointExtension>
        </extensions>
      </trkpt>
      <trkpt lat="49.313032664358615875244140625" lon="11.1617313511669635772705078125">
        <ele>361.399993896484375</ele>
        <time>2025-10-05T08:32:25.000Z</time>
        <extensions>
          <ns3:TrackPointExtension>
            <ns3:atemp>22.0</ns3:atemp>
            <ns3:hr>134</ns3:hr>
          </ns3:TrackPointExtension>
        </extensions>
      </trkpt>
      <trkpt lat="49.313059486448764801025390625" lon="11.1617432534694671630859375">
        <ele>361.600006103515625</ele>
        <time>2025-10-05T08:32:27.000Z</time>
        <extensions>
          <ns3:TrackPointExtension>
            <ns3:atemp>22.0</ns3:atemp>
            <ns3:hr>135</ns3:hr>
          </ns3:TrackPointExtension>
        </extensions>
      </trkpt>
      <trkpt lat="49.3131196685135364532470703125" lon="11.16180016659200191497802734375">
        <ele>361.600006103515625</ele>
        <time>2025-10-05T08:32:31.000Z</time>
        <extensions>
          <ns3:TrackPointExtension>
            <ns3:atemp>22.0</ns3:atemp>
            <ns3:hr>136</ns3:hr>
          </ns3:TrackPointExtension>
        </extensions>
      </trkpt>
      <trkpt lat="49.31321832351386547088623046875" lon="11.1618614383041858673095703125">
        <ele>361.399993896484375</ele>
        <time>2025-10-05T08:32:37.000Z</time>
        <extensions>
          <ns3:TrackPointExtension>
            <ns3:atemp>22.0</ns3:atemp>
            <ns3:hr>135</ns3:hr>
          </ns3:TrackPointExtension>
        </extensions>
      </trkpt>
      <trkpt lat="49.31326903402805328369140625" lon="11.1618639528751373291015625">
        <ele>361.399993896484375</ele>
        <time>2025-10-05T08:32:39.000Z</time>
        <extensions>
          <ns3:TrackPointExtension>
            <ns3:atemp>22.0</ns3:atemp>
            <ns3:hr>134</ns3:hr>
          </ns3:TrackPointExtension>
        </extensions>
      </trkpt>
      <trkpt lat="49.31331169791519641876220703125" lon="11.16184459067881107330322265625">
        <ele>361.600006103515625</ele>
        <time>2025-10-05T08:32:41.000Z</time>
        <extensions>
          <ns3:TrackPointExtension>
            <ns3:atemp>22.0</ns3:atemp>
            <ns3:hr>133</ns3:hr>
          </ns3:TrackPointExtension>
        </extensions>
      </trkpt>
      <trkpt lat="49.313335418701171875" lon="11.1618393100798130035400390625">
        <ele>361.600006103515625</ele>
        <time>2025-10-05T08:32:42.000Z</time>
        <extensions>
          <ns3:TrackPointExtension>
            <ns3:atemp>22.0</ns3:atemp>
            <ns3:hr>133</ns3:hr>
          </ns3:TrackPointExtension>
        </extensions>
      </trkpt>
      <trkpt lat="49.3133771605789661407470703125" lon="11.161842159926891326904296875">
        <ele>362</ele>
        <time>2025-10-05T08:32:44.000Z</time>
        <extensions>
          <ns3:TrackPointExtension>
            <ns3:atemp>22.0</ns3:atemp>
            <ns3:hr>132</ns3:hr>
          </ns3:TrackPointExtension>
        </extensions>
      </trkpt>
      <trkpt lat="49.313409514725208282470703125" lon="11.16182413883507251739501953125">
        <ele>362</ele>
        <time>2025-10-05T08:32:46.000Z</time>
        <extensions>
          <ns3:TrackPointExtension>
            <ns3:atemp>22.0</ns3:atemp>
            <ns3:hr>131</ns3:hr>
          </ns3:TrackPointExtension>
        </extensions>
      </trkpt>
      <trkpt lat="49.31342686526477336883544921875" lon="11.16182439029216766357421875">
        <ele>362</ele>
        <time>2025-10-05T08:32:47.000Z</time>
        <extensions>
          <ns3:TrackPointExtension>
            <ns3:atemp>22.0</ns3:atemp>
            <ns3:hr>131</ns3:hr>
          </ns3:TrackPointExtension>
        </extensions>
      </trkpt>
      <trkpt lat="49.31346022523939609527587890625" lon="11.16182170808315277099609375">
        <ele>362.20001220703125</ele>
        <time>2025-10-05T08:32:49.000Z</time>
        <extensions>
          <ns3:TrackPointExtension>
            <ns3:atemp>22.0</ns3:atemp>
            <ns3:hr>131</ns3:hr>
          </ns3:TrackPointExtension>
        </extensions>
      </trkpt>
      <trkpt lat="49.31350448168814182281494140625" lon="11.16184827871620655059814453125">
        <ele>362.399993896484375</ele>
        <time>2025-10-05T08:32:51.000Z</time>
        <extensions>
          <ns3:TrackPointExtension>
            <ns3:atemp>22.0</ns3:atemp>
            <ns3:hr>131</ns3:hr>
          </ns3:TrackPointExtension>
        </extensions>
      </trkpt>
      <trkpt lat="49.31352811865508556365966796875" lon="11.1618614383041858673095703125">
        <ele>362.399993896484375</ele>
        <time>2025-10-05T08:32:52.000Z</time>
        <extensions>
          <ns3:TrackPointExtension>
            <ns3:atemp>22.0</ns3:atemp>
            <ns3:hr>131</ns3:hr>
          </ns3:TrackPointExtension>
        </extensions>
      </trkpt>
      <trkpt lat="49.31358293630182743072509765625" lon="11.16187577135860919952392578125">
        <ele>362.600006103515625</ele>
        <time>2025-10-05T08:32:55.000Z</time>
        <extensions>
          <ns3:TrackPointExtension>
            <ns3:atemp>22.0</ns3:atemp>
            <ns3:hr>131</ns3:hr>
          </ns3:TrackPointExtension>
        </extensions>
      </trkpt>
      <trkpt lat="49.31363658048212528228759765625" lon="11.16184794344007968902587890625">
        <ele>362.79998779296875</ele>
        <time>2025-10-05T08:32:58.000Z</time>
        <extensions>
          <ns3:TrackPointExtension>
            <ns3:atemp>22.0</ns3:atemp>
            <ns3:hr>130</ns3:hr>
          </ns3:TrackPointExtension>
        </extensions>
      </trkpt>
      <trkpt lat="49.313730038702487945556640625" lon="11.1618691496551036834716796875">
        <ele>363.20001220703125</ele>
        <time>2025-10-05T08:33:03.000Z</time>
        <extensions>
          <ns3:TrackPointExtension>
            <ns3:atemp>21.0</ns3:atemp>
            <ns3:hr>129</ns3:hr>
          </ns3:TrackPointExtension>
        </extensions>
      </trkpt>
      <trkpt lat="49.3137845210731029510498046875" lon="11.16188046522438526153564453125">
        <ele>363.399993896484375</ele>
        <time>2025-10-05T08:33:05.000Z</time>
        <extensions>
          <ns3:TrackPointExtension>
            <ns3:atemp>21.0</ns3:atemp>
            <ns3:hr>130</ns3:hr>
          </ns3:TrackPointExtension>
        </extensions>
      </trkpt>
      <trkpt lat="49.31385576725006103515625" lon="11.16195254959166049957275390625">
        <ele>363.79998779296875</ele>
        <time>2025-10-05T08:33:09.000Z</time>
        <extensions>
          <ns3:TrackPointExtension>
            <ns3:atemp>21.0</ns3:atemp>
            <ns3:hr>131</ns3:hr>
          </ns3:TrackPointExtension>
        </extensions>
      </trkpt>
      <trkpt lat="49.3138837628066539764404296875" lon="11.1619707383215427398681640625">
        <ele>364</ele>
        <time>2025-10-05T08:33:11.000Z</time>
        <extensions>
          <ns3:TrackPointExtension>
            <ns3:atemp>21.0</ns3:atemp>
            <ns3:hr>132</ns3:hr>
          </ns3:TrackPointExtension>
        </extensions>
      </trkpt>
      <trkpt lat="49.31396372616291046142578125" lon="11.16200468502938747406005859375">
        <ele>364.399993896484375</ele>
        <time>2025-10-05T08:33:16.000Z</time>
        <extensions>
          <ns3:TrackPointExtension>
            <ns3:atemp>21.0</ns3:atemp>
            <ns3:hr>131</ns3:hr>
          </ns3:TrackPointExtension>
        </extensions>
      </trkpt>
      <trkpt lat="49.3139866925776004791259765625" lon="11.16203360259532928466796875">
        <ele>364.399993896484375</ele>
        <time>2025-10-05T08:33:17.000Z</time>
        <extensions>
          <ns3:TrackPointExtension>
            <ns3:atemp>21.0</ns3:atemp>
            <ns3:hr>131</ns3:hr>
          </ns3:TrackPointExtension>
        </extensions>
      </trkpt>
      <trkpt lat="49.3140161968767642974853515625" lon="11.16205782629549503326416015625">
        <ele>364.399993896484375</ele>
        <time>2025-10-05T08:33:19.000Z</time>
        <extensions>
          <ns3:TrackPointExtension>
            <ns3:atemp>21.0</ns3:atemp>
            <ns3:hr>131</ns3:hr>
          </ns3:TrackPointExtension>
        </extensions>
      </trkpt>
      <trkpt lat="49.31404444389045238494873046875" lon="11.162058413028717041015625">
        <ele>364.79998779296875</ele>
        <time>2025-10-05T08:33:22.000Z</time>
        <extensions>
          <ns3:TrackPointExtension>
            <ns3:atemp>21.0</ns3:atemp>
            <ns3:hr>131</ns3:hr>
          </ns3:TrackPointExtension>
        </extensions>
      </trkpt>
      <trkpt lat="49.3141280114650726318359375" lon="11.162120439112186431884765625">
        <ele>364.79998779296875</ele>
        <time>2025-10-05T08:33:27.000Z</time>
        <extensions>
          <ns3:TrackPointExtension>
            <ns3:atemp>21.0</ns3:atemp>
            <ns3:hr>128</ns3:hr>
          </ns3:TrackPointExtension>
        </extensions>
      </trkpt>
      <trkpt lat="49.31418995372951030731201171875" lon="11.16216058842837810516357421875">
        <ele>364.79998779296875</ele>
        <time>2025-10-05T08:33:33.000Z</time>
        <extensions>
          <ns3:TrackPointExtension>
            <ns3:atemp>21.0</ns3:atemp>
            <ns3:hr>126</ns3:hr>
          </ns3:TrackPointExtension>
        </extensions>
      </trkpt>
      <trkpt lat="49.31423957459628582000732421875" lon="11.1621844768524169921875">
        <ele>364.399993896484375</ele>
        <time>2025-10-05T08:33:37.000Z</time>
        <extensions>
          <ns3:TrackPointExtension>
            <ns3:atemp>21.0</ns3:atemp>
            <ns3:hr>126</ns3:hr>
          </ns3:TrackPointExtension>
        </extensions>
      </trkpt>
      <trkpt lat="49.31426639668643474578857421875" lon="11.162184141576290130615234375">
        <ele>364.399993896484375</ele>
        <time>2025-10-05T08:33:40.000Z</time>
        <extensions>
          <ns3:TrackPointExtension>
            <ns3:atemp>21.0</ns3:atemp>
            <ns3:hr>125</ns3:hr>
          </ns3:TrackPointExtension>
        </extensions>
      </trkpt>
      <trkpt lat="49.31427595205605030059814453125" lon="11.162188164889812469482421875">
        <ele>364.399993896484375</ele>
        <time>2025-10-05T08:33:41.000Z</time>
        <extensions>
          <ns3:TrackPointExtension>
            <ns3:atemp>21.0</ns3:atemp>
            <ns3:hr>125</ns3:hr>
          </ns3:TrackPointExtension>
        </extensions>
      </trkpt>
      <trkpt lat="49.314371086657047271728515625" lon="11.1622460000216960906982421875">
        <ele>364.399993896484375</ele>
        <time>2025-10-05T08:33:48.000Z</time>
        <extensions>
          <ns3:TrackPointExtension>
            <ns3:atemp>21.0</ns3:atemp>
            <ns3:hr>123</ns3:hr>
          </ns3:TrackPointExtension>
        </extensions>
      </trkpt>
      <trkpt lat="49.314418025314807891845703125" lon="11.1622528731822967529296875">
        <ele>364.399993896484375</ele>
        <time>2025-10-05T08:33:51.000Z</time>
        <extensions>
          <ns3:TrackPointExtension>
            <ns3:atemp>21.0</ns3:atemp>
            <ns3:hr>120</ns3:hr>
          </ns3:TrackPointExtension>
        </extensions>
      </trkpt>
      <trkpt lat="49.3144641257822513580322265625" lon="11.1622634343802928924560546875">
        <ele>364.600006103515625</ele>
        <time>2025-10-05T08:33:53.000Z</time>
        <extensions>
          <ns3:TrackPointExtension>
            <ns3:atemp>21.0</ns3:atemp>
            <ns3:hr>117</ns3:hr>
          </ns3:TrackPointExtension>
        </extensions>
      </trkpt>
      <trkpt lat="49.3145211227238178253173828125" lon="11.16226854734122753143310546875">
        <ele>364.79998779296875</ele>
        <time>2025-10-05T08:33:55.000Z</time>
        <extensions>
          <ns3:TrackPointExtension>
            <ns3:atemp>21.0</ns3:atemp>
            <ns3:hr>118</ns3:hr>
          </ns3:TrackPointExtension>
        </extensions>
      </trkpt>
      <trkpt lat="49.31458775885403156280517578125" lon="11.16226159036159515380859375">
        <ele>365</ele>
        <time>2025-10-05T08:33:58.000Z</time>
        <extensions>
          <ns3:TrackPointExtension>
            <ns3:atemp>21.0</ns3:atemp>
            <ns3:hr>116</ns3:hr>
          </ns3:TrackPointExtension>
        </extensions>
      </trkpt>
      <trkpt lat="49.31466780602931976318359375" lon="11.162281371653079986572265625">
        <ele>365.20001220703125</ele>
        <time>2025-10-05T08:34:01.000Z</time>
        <extensions>
          <ns3:TrackPointExtension>
            <ns3:atemp>21.0</ns3:atemp>
            <ns3:hr>117</ns3:hr>
          </ns3:TrackPointExtension>
        </extensions>
      </trkpt>
      <trkpt lat="49.3147631920874118804931640625" lon="11.16230861283838748931884765625">
        <ele>365.20001220703125</ele>
        <time>2025-10-05T08:34:04.000Z</time>
        <extensions>
          <ns3:TrackPointExtension>
            <ns3:atemp>21.0</ns3:atemp>
            <ns3:hr>120</ns3:hr>
          </ns3:TrackPointExtension>
        </extensions>
      </trkpt>
      <trkpt lat="49.31485547684133052825927734375" lon="11.1622796952724456787109375">
        <ele>365.600006103515625</ele>
        <time>2025-10-05T08:34:08.000Z</time>
        <extensions>
          <ns3:TrackPointExtension>
            <ns3:atemp>21.0</ns3:atemp>
            <ns3:hr>120</ns3:hr>
          </ns3:TrackPointExtension>
        </extensions>
      </trkpt>
      <trkpt lat="49.3148778565227985382080078125" lon="11.162267290055751800537109375">
        <ele>365.79998779296875</ele>
        <time>2025-10-05T08:34:09.000Z</time>
        <extensions>
          <ns3:TrackPointExtension>
            <ns3:atemp>21.0</ns3:atemp>
            <ns3:hr>121</ns3:hr>
          </ns3:TrackPointExtension>
        </extensions>
      </trkpt>
      <trkpt lat="49.31507424451410770416259765625" lon="11.16218355484306812286376953125">
        <ele>366</ele>
        <time>2025-10-05T08:34:16.000Z</time>
        <extensions>
          <ns3:TrackPointExtension>
            <ns3:atemp>21.0</ns3:atemp>
            <ns3:hr>123</ns3:hr>
          </ns3:TrackPointExtension>
        </extensions>
      </trkpt>
      <trkpt lat="49.3150910921394824981689453125" lon="11.1621802859008312225341796875">
        <ele>366.20001220703125</ele>
        <time>2025-10-05T08:34:17.000Z</time>
        <extensions>
          <ns3:TrackPointExtension>
            <ns3:atemp>21.0</ns3:atemp>
            <ns3:hr>123</ns3:hr>
          </ns3:TrackPointExtension>
        </extensions>
      </trkpt>
      <trkpt lat="49.31515487842261791229248046875" lon="11.162180788815021514892578125">
        <ele>366.20001220703125</ele>
        <time>2025-10-05T08:34:20.000Z</time>
        <extensions>
          <ns3:TrackPointExtension>
            <ns3:atemp>21.0</ns3:atemp>
            <ns3:hr>126</ns3:hr>
          </ns3:TrackPointExtension>
        </extensions>
      </trkpt>
      <trkpt lat="49.31520014069974422454833984375" lon="11.16215069778263568878173828125">
        <ele>366.399993896484375</ele>
        <time>2025-10-05T08:34:22.000Z</time>
        <extensions>
          <ns3:TrackPointExtension>
            <ns3:atemp>21.0</ns3:atemp>
            <ns3:hr>128</ns3:hr>
          </ns3:TrackPointExtension>
        </extensions>
      </trkpt>
      <trkpt lat="49.31532922200858592987060546875" lon="11.1621115542948246002197265625">
        <ele>366.399993896484375</ele>
        <time>2025-10-05T08:34:27.000Z</time>
        <extensions>
          <ns3:TrackPointExtension>
            <ns3:atemp>21.0</ns3:atemp>
            <ns3:hr>131</ns3:hr>
          </ns3:TrackPointExtension>
        </extensions>
      </trkpt>
      <trkpt lat="49.31542661972343921661376953125" lon="11.1620890907943248748779296875">
        <ele>366.600006103515625</ele>
        <time>2025-10-05T08:34:31.000Z</time>
        <extensions>
          <ns3:TrackPointExtension>
            <ns3:atemp>21.0</ns3:atemp>
            <ns3:hr>134</ns3:hr>
          </ns3:TrackPointExtension>
        </extensions>
      </trkpt>
      <trkpt lat="49.31549518369138240814208984375" lon="11.162114404141902923583984375">
        <ele>366.600006103515625</ele>
        <time>2025-10-05T08:34:33.000Z</time>
        <extensions>
          <ns3:TrackPointExtension>
            <ns3:atemp>21.0</ns3:atemp>
            <ns3:hr>136</ns3:hr>
          </ns3:TrackPointExtension>
        </extensions>
      </trkpt>
      <trkpt lat="49.31552049703896045684814453125" lon="11.1621128953993320465087890625">
        <ele>366.600006103515625</ele>
        <time>2025-10-05T08:34:34.000Z</time>
        <extensions>
          <ns3:TrackPointExtension>
            <ns3:atemp>21.0</ns3:atemp>
            <ns3:hr>137</ns3:hr>
          </ns3:TrackPointExtension>
        </extensions>
      </trkpt>
      <trkpt lat="49.315686039626598358154296875" lon="11.1620414815843105316162109375">
        <ele>366.600006103515625</ele>
        <time>2025-10-05T08:34:40.000Z</time>
        <extensions>
          <ns3:TrackPointExtension>
            <ns3:atemp>21.0</ns3:atemp>
            <ns3:hr>138</ns3:hr>
          </ns3:TrackPointExtension>
        </extensions>
      </trkpt>
      <trkpt lat="49.3158105947077274322509765625" lon="11.16200485266745090484619140625">
        <ele>367</ele>
        <time>2025-10-05T08:34:45.000Z</time>
        <extensions>
          <ns3:TrackPointExtension>
            <ns3:atemp>21.0</ns3:atemp>
            <ns3:hr>138</ns3:hr>
          </ns3:TrackPointExtension>
        </extensions>
      </trkpt>
      <trkpt lat="49.31593917310237884521484375" lon="11.161903850734233856201171875">
        <ele>367.20001220703125</ele>
        <time>2025-10-05T08:34:51.000Z</time>
        <extensions>
          <ns3:TrackPointExtension>
            <ns3:atemp>21.0</ns3:atemp>
            <ns3:hr>140</ns3:hr>
          </ns3:TrackPointExtension>
        </extensions>
      </trkpt>
      <trkpt lat="49.31599038653075695037841796875" lon="11.161868982017040252685546875">
        <ele>367.20001220703125</ele>
        <time>2025-10-05T08:34:53.000Z</time>
        <extensions>
          <ns3:TrackPointExtension>
            <ns3:atemp>21.0</ns3:atemp>
            <ns3:hr>144</ns3:hr>
          </ns3:TrackPointExtension>
        </extensions>
      </trkpt>
      <trkpt lat="49.31605911813676357269287109375" lon="11.16180703975260257720947265625">
        <ele>367.20001220703125</ele>
        <time>2025-10-05T08:34:56.000Z</time>
        <extensions>
          <ns3:TrackPointExtension>
            <ns3:atemp>21.0</ns3:atemp>
            <ns3:hr>145</ns3:hr>
          </ns3:TrackPointExtension>
        </extensions>
      </trkpt>
      <trkpt lat="49.31621602736413478851318359375" lon="11.16174467839300632476806640625">
        <ele>367</ele>
        <time>2025-10-05T08:35:01.000Z</time>
        <extensions>
          <ns3:TrackPointExtension>
            <ns3:atemp>21.0</ns3:atemp>
            <ns3:hr>146</ns3:hr>
          </ns3:TrackPointExtension>
        </extensions>
      </trkpt>
      <trkpt lat="49.31628325022757053375244140625" lon="11.1616931296885013580322265625">
        <ele>367.20001220703125</ele>
        <time>2025-10-05T08:35:04.000Z</time>
        <extensions>
          <ns3:TrackPointExtension>
            <ns3:atemp>21.0</ns3:atemp>
            <ns3:hr>146</ns3:hr>
          </ns3:TrackPointExtension>
        </extensions>
      </trkpt>
      <trkpt lat="49.316320382058620452880859375" lon="11.161643676459789276123046875">
        <ele>367.20001220703125</ele>
        <time>2025-10-05T08:35:07.000Z</time>
        <extensions>
          <ns3:TrackPointExtension>
            <ns3:atemp>21.0</ns3:atemp>
            <ns3:hr>146</ns3:hr>
          </ns3:TrackPointExtension>
        </extensions>
      </trkpt>
      <trkpt lat="49.3164529837667942047119140625" lon="11.16163018159568309783935546875">
        <ele>367.600006103515625</ele>
        <time>2025-10-05T08:35:12.000Z</time>
        <extensions>
          <ns3:TrackPointExtension>
            <ns3:atemp>21.0</ns3:atemp>
            <ns3:hr>146</ns3:hr>
          </ns3:TrackPointExtension>
        </extensions>
      </trkpt>
      <trkpt lat="49.31657887995243072509765625" lon="11.16159950383007526397705078125">
        <ele>368</ele>
        <time>2025-10-05T08:35:18.000Z</time>
        <extensions>
          <ns3:TrackPointExtension>
            <ns3:atemp>21.0</ns3:atemp>
            <ns3:hr>145</ns3:hr>
          </ns3:TrackPointExtension>
        </extensions>
      </trkpt>
      <trkpt lat="49.316704273223876953125" lon="11.16147863678634166717529296875">
        <ele>368.600006103515625</ele>
        <time>2025-10-05T08:35:24.000Z</time>
        <extensions>
          <ns3:TrackPointExtension>
            <ns3:atemp>21.0</ns3:atemp>
            <ns3:hr>147</ns3:hr>
          </ns3:TrackPointExtension>
        </extensions>
      </trkpt>
      <trkpt lat="49.31675850413739681243896484375" lon="11.1614705063402652740478515625">
        <ele>368.79998779296875</ele>
        <time>2025-10-05T08:35:26.000Z</time>
        <extensions>
          <ns3:TrackPointExtension>
            <ns3:atemp>21.0</ns3:atemp>
            <ns3:hr>147</ns3:hr>
          </ns3:TrackPointExtension>
        </extensions>
      </trkpt>
      <trkpt lat="49.31682790629565715789794921875" lon="11.1614319495856761932373046875">
        <ele>369</ele>
        <time>2025-10-05T08:35:29.000Z</time>
        <extensions>
          <ns3:TrackPointExtension>
            <ns3:atemp>21.0</ns3:atemp>
            <ns3:hr>147</ns3:hr>
          </ns3:TrackPointExtension>
        </extensions>
      </trkpt>
      <trkpt lat="49.3169657886028289794921875" lon="11.16139532066881656646728515625">
        <ele>369.399993896484375</ele>
        <time>2025-10-05T08:35:36.000Z</time>
        <extensions>
          <ns3:TrackPointExtension>
            <ns3:atemp>21.0</ns3:atemp>
            <ns3:hr>146</ns3:hr>
          </ns3:TrackPointExtension>
        </extensions>
      </trkpt>
      <trkpt lat="49.31702421046793460845947265625" lon="11.16138207726180553436279296875">
        <ele>369.79998779296875</ele>
        <time>2025-10-05T08:35:38.000Z</time>
        <extensions>
          <ns3:TrackPointExtension>
            <ns3:atemp>21.0</ns3:atemp>
            <ns3:hr>147</ns3:hr>
          </ns3:TrackPointExtension>
        </extensions>
      </trkpt>
      <trkpt lat="49.31709025986492633819580078125" lon="11.16140462458133697509765625">
        <ele>370</ele>
        <time>2025-10-05T08:35:41.000Z</time>
        <extensions>
          <ns3:TrackPointExtension>
            <ns3:atemp>21.0</ns3:atemp>
            <ns3:hr>148</ns3:hr>
          </ns3:TrackPointExtension>
        </extensions>
      </trkpt>
      <trkpt lat="49.31723778136074542999267578125" lon="11.1613555066287517547607421875">
        <ele>370.399993896484375</ele>
        <time>2025-10-05T08:35:47.000Z</time>
        <extensions>
          <ns3:TrackPointExtension>
            <ns3:atemp>21.0</ns3:atemp>
            <ns3:hr>147</ns3:hr>
          </ns3:TrackPointExtension>
        </extensions>
      </trkpt>
      <trkpt lat="49.3173350952565670013427734375" lon="11.161309741437435150146484375">
        <ele>370.600006103515625</ele>
        <time>2025-10-05T08:35:52.000Z</time>
        <extensions>
          <ns3:TrackPointExtension>
            <ns3:atemp>21.0</ns3:atemp>
            <ns3:hr>150</ns3:hr>
          </ns3:TrackPointExtension>
        </extensions>
      </trkpt>
      <trkpt lat="49.31734423153102397918701171875" lon="11.16129188798367977142333984375">
        <ele>370.79998779296875</ele>
        <time>2025-10-05T08:35:53.000Z</time>
        <extensions>
          <ns3:TrackPointExtension>
            <ns3:atemp>21.0</ns3:atemp>
            <ns3:hr>150</ns3:hr>
          </ns3:TrackPointExtension>
        </extensions>
      </trkpt>
      <trkpt lat="49.31737993843853473663330078125" lon="11.1611704342067241668701171875">
        <ele>371</ele>
        <time>2025-10-05T08:35:57.000Z</time>
        <extensions>
          <ns3:TrackPointExtension>
            <ns3:atemp>21.0</ns3:atemp>
            <ns3:hr>151</ns3:hr>
          </ns3:TrackPointExtension>
        </extensions>
      </trkpt>
      <trkpt lat="49.31740039028227329254150390625" lon="11.16102240979671478271484375">
        <ele>371.20001220703125</ele>
        <time>2025-10-05T08:36:02.000Z</time>
        <extensions>
          <ns3:TrackPointExtension>
            <ns3:atemp>21.0</ns3:atemp>
            <ns3:hr>151</ns3:hr>
          </ns3:TrackPointExtension>
        </extensions>
      </trkpt>
      <trkpt lat="49.3174056708812713623046875" lon="11.160983853042125701904296875">
        <ele>371.20001220703125</ele>
        <time>2025-10-05T08:36:03.000Z</time>
        <extensions>
          <ns3:TrackPointExtension>
            <ns3:atemp>21.0</ns3:atemp>
            <ns3:hr>151</ns3:hr>
          </ns3:TrackPointExtension>
        </extensions>
      </trkpt>
      <trkpt lat="49.3174190819263458251953125" lon="11.160981170833110809326171875">
        <ele>371.20001220703125</ele>
        <time>2025-10-05T08:36:04.000Z</time>
        <extensions>
          <ns3:TrackPointExtension>
            <ns3:atemp>21.0</ns3:atemp>
            <ns3:hr>151</ns3:hr>
          </ns3:TrackPointExtension>
        </extensions>
      </trkpt>
      <trkpt lat="49.317436516284942626953125" lon="11.16092509590089321136474609375">
        <ele>371.399993896484375</ele>
        <time>2025-10-05T08:36:06.000Z</time>
        <extensions>
          <ns3:TrackPointExtension>
            <ns3:atemp>21.0</ns3:atemp>
            <ns3:hr>151</ns3:hr>
          </ns3:TrackPointExtension>
        </extensions>
      </trkpt>
      <trkpt lat="49.3174554593861103057861328125" lon="11.16071068681776523590087890625">
        <ele>371.79998779296875</ele>
        <time>2025-10-05T08:36:12.000Z</time>
        <extensions>
          <ns3:TrackPointExtension>
            <ns3:atemp>21.0</ns3:atemp>
            <ns3:hr>150</ns3:hr>
          </ns3:TrackPointExtension>
        </extensions>
      </trkpt>
      <trkpt lat="49.31746342219412326812744140625" lon="11.1606832779943943023681640625">
        <ele>372</ele>
        <time>2025-10-05T08:36:13.000Z</time>
        <extensions>
          <ns3:TrackPointExtension>
            <ns3:atemp>20.0</ns3:atemp>
            <ns3:hr>150</ns3:hr>
          </ns3:TrackPointExtension>
        </extensions>
      </trkpt>
      <trkpt lat="49.3174842931330204010009765625" lon="11.16054740734398365020751953125">
        <ele>372.20001220703125</ele>
        <time>2025-10-05T08:36:17.000Z</time>
        <extensions>
          <ns3:TrackPointExtension>
            <ns3:atemp>20.0</ns3:atemp>
            <ns3:hr>147</ns3:hr>
          </ns3:TrackPointExtension>
        </extensions>
      </trkpt>
      <trkpt lat="49.31750960648059844970703125" lon="11.1604745686054229736328125">
        <ele>372.399993896484375</ele>
        <time>2025-10-05T08:36:19.000Z</time>
        <extensions>
          <ns3:TrackPointExtension>
            <ns3:atemp>20.0</ns3:atemp>
            <ns3:hr>145</ns3:hr>
          </ns3:TrackPointExtension>
        </extensions>
      </trkpt>
      <trkpt lat="49.31752360425889492034912109375" lon="11.16044715978205204010009765625">
        <ele>372.399993896484375</ele>
        <time>2025-10-05T08:36:20.000Z</time>
        <extensions>
          <ns3:TrackPointExtension>
            <ns3:atemp>20.0</ns3:atemp>
            <ns3:hr>145</ns3:hr>
          </ns3:TrackPointExtension>
        </extensions>
      </trkpt>
      <trkpt lat="49.31755964644253253936767578125" lon="11.16023878566920757293701171875">
        <ele>373</ele>
        <time>2025-10-05T08:36:26.000Z</time>
        <extensions>
          <ns3:TrackPointExtension>
            <ns3:atemp>20.0</ns3:atemp>
            <ns3:hr>146</ns3:hr>
          </ns3:TrackPointExtension>
        </extensions>
      </trkpt>
      <trkpt lat="49.31757892481982707977294921875" lon="11.1602014862000942230224609375">
        <ele>373</ele>
        <time>2025-10-05T08:36:27.000Z</time>
        <extensions>
          <ns3:TrackPointExtension>
            <ns3:atemp>20.0</ns3:atemp>
            <ns3:hr>146</ns3:hr>
          </ns3:TrackPointExtension>
        </extensions>
      </trkpt>
      <trkpt lat="49.31765503250062465667724609375" lon="11.1600117199122905731201171875">
        <ele>373.399993896484375</ele>
        <time>2025-10-05T08:36:33.000Z</time>
        <extensions>
          <ns3:TrackPointExtension>
            <ns3:atemp>20.0</ns3:atemp>
            <ns3:hr>147</ns3:hr>
          </ns3:TrackPointExtension>
        </extensions>
      </trkpt>
      <trkpt lat="49.31768084876239299774169921875" lon="11.15990887396037578582763671875">
        <ele>373.79998779296875</ele>
        <time>2025-10-05T08:36:36.000Z</time>
        <extensions>
          <ns3:TrackPointExtension>
            <ns3:atemp>20.0</ns3:atemp>
            <ns3:hr>146</ns3:hr>
          </ns3:TrackPointExtension>
        </extensions>
      </trkpt>
      <trkpt lat="49.31769459508359432220458984375" lon="11.15985430777072906494140625">
        <ele>374</ele>
        <time>2025-10-05T08:36:38.000Z</time>
        <extensions>
          <ns3:TrackPointExtension>
            <ns3:atemp>20.0</ns3:atemp>
            <ns3:hr>144</ns3:hr>
          </ns3:TrackPointExtension>
        </extensions>
      </trkpt>
      <trkpt lat="49.3177297152578830718994140625" lon="11.15975984372198581695556640625">
        <ele>374.20001220703125</ele>
        <time>2025-10-05T08:36:41.000Z</time>
        <extensions>
          <ns3:TrackPointExtension>
            <ns3:atemp>20.0</ns3:atemp>
            <ns3:hr>143</ns3:hr>
          </ns3:TrackPointExtension>
        </extensions>
      </trkpt>
      <trkpt lat="49.31781663559377193450927734375" lon="11.159583069384098052978515625">
        <ele>374.600006103515625</ele>
        <time>2025-10-05T08:36:47.000Z</time>
        <extensions>
          <ns3:TrackPointExtension>
            <ns3:atemp>20.0</ns3:atemp>
            <ns3:hr>145</ns3:hr>
          </ns3:TrackPointExtension>
        </extensions>
      </trkpt>
      <trkpt lat="49.3179362453520298004150390625" lon="11.159540824592113494873046875">
        <ele>374.79998779296875</ele>
        <time>2025-10-05T08:36:52.000Z</time>
        <extensions>
          <ns3:TrackPointExtension>
            <ns3:atemp>20.0</ns3:atemp>
            <ns3:hr>147</ns3:hr>
          </ns3:TrackPointExtension>
        </extensions>
      </trkpt>
      <trkpt lat="49.317986033856868743896484375" lon="11.15955079905688762664794921875">
        <ele>375</ele>
        <time>2025-10-05T08:36:55.000Z</time>
        <extensions>
          <ns3:TrackPointExtension>
            <ns3:atemp>20.0</ns3:atemp>
            <ns3:hr>146</ns3:hr>
          </ns3:TrackPointExtension>
        </extensions>
      </trkpt>
      <trkpt lat="49.31801897473633289337158203125" lon="11.15956337191164493560791015625">
        <ele>374.79998779296875</ele>
        <time>2025-10-05T08:36:57.000Z</time>
        <extensions>
          <ns3:TrackPointExtension>
            <ns3:atemp>20.0</ns3:atemp>
            <ns3:hr>144</ns3:hr>
          </ns3:TrackPointExtension>
        </extensions>
      </trkpt>
      <trkpt lat="49.318090640008449554443359375" lon="11.15958047099411487579345703125">
        <ele>374.600006103515625</ele>
        <time>2025-10-05T08:37:00.000Z</time>
        <extensions>
          <ns3:TrackPointExtension>
            <ns3:atemp>20.0</ns3:atemp>
            <ns3:hr>141</ns3:hr>
          </ns3:TrackPointExtension>
        </extensions>
      </trkpt>
      <trkpt lat="49.31812341324985027313232421875" lon="11.1595879308879375457763671875">
        <ele>374.600006103515625</ele>
        <time>2025-10-05T08:37:02.000Z</time>
        <extensions>
          <ns3:TrackPointExtension>
            <ns3:atemp>20.0</ns3:atemp>
            <ns3:hr>140</ns3:hr>
          </ns3:TrackPointExtension>
        </extensions>
      </trkpt>
      <trkpt lat="49.3183402530848979949951171875" lon="11.159595809876918792724609375">
        <ele>374.79998779296875</ele>
        <time>2025-10-05T08:37:10.000Z</time>
        <extensions>
          <ns3:TrackPointExtension>
            <ns3:atemp>20.0</ns3:atemp>
            <ns3:hr>143</ns3:hr>
          </ns3:TrackPointExtension>
        </extensions>
      </trkpt>
      <trkpt lat="49.31836129166185855865478515625" lon="11.15959673188626766204833984375">
        <ele>374.79998779296875</ele>
        <time>2025-10-05T08:37:11.000Z</time>
        <extensions>
          <ns3:TrackPointExtension>
            <ns3:atemp>20.0</ns3:atemp>
            <ns3:hr>143</ns3:hr>
          </ns3:TrackPointExtension>
        </extensions>
      </trkpt>
      <trkpt lat="49.31841996498405933380126953125" lon="11.1596070416271686553955078125">
        <ele>374.79998779296875</ele>
        <time>2025-10-05T08:37:14.000Z</time>
        <extensions>
          <ns3:TrackPointExtension>
            <ns3:atemp>20.0</ns3:atemp>
            <ns3:hr>146</ns3:hr>
          </ns3:TrackPointExtension>
        </extensions>
      </trkpt>
      <trkpt lat="49.3184850923717021942138671875" lon="11.1595760285854339599609375">
        <ele>374.79998779296875</ele>
        <time>2025-10-05T08:37:17.000Z</time>
        <extensions>
          <ns3:TrackPointExtension>
            <ns3:atemp>20.0</ns3:atemp>
            <ns3:hr>148</ns3:hr>
          </ns3:TrackPointExtension>
        </extensions>
      </trkpt>
      <trkpt lat="49.318542592227458953857421875" lon="11.15955390036106109619140625">
        <ele>374.79998779296875</ele>
        <time>2025-10-05T08:37:19.000Z</time>
        <extensions>
          <ns3:TrackPointExtension>
            <ns3:atemp>20.0</ns3:atemp>
            <ns3:hr>147</ns3:hr>
          </ns3:TrackPointExtension>
        </extensions>
      </trkpt>
      <trkpt lat="49.3185655586421489715576171875" lon="11.15947083570063114166259765625">
        <ele>374.399993896484375</ele>
        <time>2025-10-05T08:37:22.000Z</time>
        <extensions>
          <ns3:TrackPointExtension>
            <ns3:atemp>20.0</ns3:atemp>
            <ns3:hr>146</ns3:hr>
          </ns3:TrackPointExtension>
        </extensions>
      </trkpt>
      <trkpt lat="49.3185303546488285064697265625" lon="11.15923698060214519500732421875">
        <ele>374.600006103515625</ele>
        <time>2025-10-05T08:37:28.000Z</time>
        <extensions>
          <ns3:TrackPointExtension>
            <ns3:atemp>20.0</ns3:atemp>
            <ns3:hr>143</ns3:hr>
          </ns3:TrackPointExtension>
        </extensions>
      </trkpt>
      <trkpt lat="49.3185330368578433990478515625" lon="11.159183420240879058837890625">
        <ele>374.79998779296875</ele>
        <time>2025-10-05T08:37:30.000Z</time>
        <extensions>
          <ns3:TrackPointExtension>
            <ns3:atemp>20.0</ns3:atemp>
            <ns3:hr>142</ns3:hr>
          </ns3:TrackPointExtension>
        </extensions>
      </trkpt>
      <trkpt lat="49.31853932328522205352783203125" lon="11.15910002030432224273681640625">
        <ele>375</ele>
        <time>2025-10-05T08:37:33.000Z</time>
        <extensions>
          <ns3:TrackPointExtension>
            <ns3:atemp>20.0</ns3:atemp>
            <ns3:hr>142</ns3:hr>
          </ns3:TrackPointExtension>
        </extensions>
      </trkpt>
      <trkpt lat="49.3186165206134319305419921875" lon="11.15893908776342868804931640625">
        <ele>375.600006103515625</ele>
        <time>2025-10-05T08:37:39.000Z</time>
        <extensions>
          <ns3:TrackPointExtension>
            <ns3:atemp>20.0</ns3:atemp>
            <ns3:hr>142</ns3:hr>
          </ns3:TrackPointExtension>
        </extensions>
      </trkpt>
      <trkpt lat="49.318635798990726470947265625" lon="11.15885560400784015655517578125">
        <ele>375.79998779296875</ele>
        <time>2025-10-05T08:37:42.000Z</time>
        <extensions>
          <ns3:TrackPointExtension>
            <ns3:atemp>20.0</ns3:atemp>
            <ns3:hr>141</ns3:hr>
          </ns3:TrackPointExtension>
        </extensions>
      </trkpt>
      <trkpt lat="49.3186473660171031951904296875" lon="11.15881738252937793731689453125">
        <ele>376</ele>
        <time>2025-10-05T08:37:43.000Z</time>
        <extensions>
          <ns3:TrackPointExtension>
            <ns3:atemp>20.0</ns3:atemp>
            <ns3:hr>141</ns3:hr>
          </ns3:TrackPointExtension>
        </extensions>
      </trkpt>
      <trkpt lat="49.31865356862545013427734375" lon="11.15877731703221797943115234375">
        <ele>376</ele>
        <time>2025-10-05T08:37:44.000Z</time>
        <extensions>
          <ns3:TrackPointExtension>
            <ns3:atemp>20.0</ns3:atemp>
            <ns3:hr>141</ns3:hr>
          </ns3:TrackPointExtension>
        </extensions>
      </trkpt>
      <trkpt lat="49.31871500797569751739501953125" lon="11.1585559509694576263427734375">
        <ele>376.399993896484375</ele>
        <time>2025-10-05T08:37:50.000Z</time>
        <extensions>
          <ns3:TrackPointExtension>
            <ns3:atemp>20.0</ns3:atemp>
            <ns3:hr>142</ns3:hr>
          </ns3:TrackPointExtension>
        </extensions>
      </trkpt>
      <trkpt lat="49.31873881258070468902587890625" lon="11.15849752910435199737548828125">
        <ele>376.600006103515625</ele>
        <time>2025-10-05T08:37:52.000Z</time>
        <extensions>
          <ns3:TrackPointExtension>
            <ns3:atemp>20.0</ns3:atemp>
            <ns3:hr>143</ns3:hr>
          </ns3:TrackPointExtension>
        </extensions>
      </trkpt>
      <trkpt lat="49.31876714341342449188232421875" lon="11.15837984718382358551025390625">
        <ele>376.79998779296875</ele>
        <time>2025-10-05T08:37:55.000Z</time>
        <extensions>
          <ns3:TrackPointExtension>
            <ns3:atemp>20.0</ns3:atemp>
            <ns3:hr>143</ns3:hr>
          </ns3:TrackPointExtension>
        </extensions>
      </trkpt>
      <trkpt lat="49.318783320486545562744140625" lon="11.15821413695812225341796875">
        <ele>376.79998779296875</ele>
        <time>2025-10-05T08:37:59.000Z</time>
        <extensions>
          <ns3:TrackPointExtension>
            <ns3:atemp>20.0</ns3:atemp>
            <ns3:hr>145</ns3:hr>
          </ns3:TrackPointExtension>
        </extensions>
      </trkpt>
      <trkpt lat="49.318796731531620025634765625" lon="11.158184297382831573486328125">
        <ele>376.79998779296875</ele>
        <time>2025-10-05T08:38:00.000Z</time>
        <extensions>
          <ns3:TrackPointExtension>
            <ns3:atemp>20.0</ns3:atemp>
            <ns3:hr>144</ns3:hr>
          </ns3:TrackPointExtension>
        </extensions>
      </trkpt>
      <trkpt lat="49.3188984878361225128173828125" lon="11.15807910449802875518798828125">
        <ele>376.79998779296875</ele>
        <time>2025-10-05T08:38:05.000Z</time>
        <extensions>
          <ns3:TrackPointExtension>
            <ns3:atemp>20.0</ns3:atemp>
            <ns3:hr>143</ns3:hr>
          </ns3:TrackPointExtension>
        </extensions>
      </trkpt>
      <trkpt lat="49.3189333565533161163330078125" lon="11.1580248735845088958740234375">
        <ele>376.79998779296875</ele>
        <time>2025-10-05T08:38:07.000Z</time>
        <extensions>
          <ns3:TrackPointExtension>
            <ns3:atemp>20.0</ns3:atemp>
            <ns3:hr>142</ns3:hr>
          </ns3:TrackPointExtension>
        </extensions>
      </trkpt>
      <trkpt lat="49.3189440853893756866455078125" lon="11.15800970233976840972900390625">
        <ele>376.79998779296875</ele>
        <time>2025-10-05T08:38:09.000Z</time>
        <extensions>
          <ns3:TrackPointExtension>
            <ns3:atemp>20.0</ns3:atemp>
            <ns3:hr>142</ns3:hr>
          </ns3:TrackPointExtension>
        </extensions>
      </trkpt>
      <trkpt lat="49.3189454264938831329345703125" lon="11.158013306558132171630859375">
        <ele>376.600006103515625</ele>
        <time>2025-10-05T08:38:11.000Z</time>
        <extensions>
          <ns3:TrackPointExtension>
            <ns3:atemp>20.0</ns3:atemp>
            <ns3:hr>143</ns3:hr>
          </ns3:TrackPointExtension>
        </extensions>
      </trkpt>
      <trkpt lat="49.31893394328653812408447265625" lon="11.15800081752240657806396484375">
        <ele>376.600006103515625</ele>
        <time>2025-10-05T08:38:16.000Z</time>
        <extensions>
          <ns3:TrackPointExtension>
            <ns3:atemp>20.0</ns3:atemp>
            <ns3:hr>142</ns3:hr>
          </ns3:TrackPointExtension>
        </extensions>
      </trkpt>
      <trkpt lat="49.318917430937290191650390625" lon="11.15797215141355991363525390625">
        <ele>376.600006103515625</ele>
        <time>2025-10-05T08:38:18.000Z</time>
        <extensions>
          <ns3:TrackPointExtension>
            <ns3:atemp>20.0</ns3:atemp>
            <ns3:hr>141</ns3:hr>
          </ns3:TrackPointExtension>
        </extensions>
      </trkpt>
      <trkpt lat="49.31889639236032962799072265625" lon="11.15794323384761810302734375">
        <ele>376.600006103515625</ele>
        <time>2025-10-05T08:38:20.000Z</time>
        <extensions>
          <ns3:TrackPointExtension>
            <ns3:atemp>20.0</ns3:atemp>
            <ns3:hr>141</ns3:hr>
          </ns3:TrackPointExtension>
        </extensions>
      </trkpt>
      <trkpt lat="49.3188947997987270355224609375" lon="11.15783401764929294586181640625">
        <ele>376.600006103515625</ele>
        <time>2025-10-05T08:38:25.000Z</time>
        <extensions>
          <ns3:TrackPointExtension>
            <ns3:atemp>20.0</ns3:atemp>
            <ns3:hr>141</ns3:hr>
          </ns3:TrackPointExtension>
        </extensions>
      </trkpt>
      <trkpt lat="49.3189219571650028228759765625" lon="11.15780183114111423492431640625">
        <ele>376.600006103515625</ele>
        <time>2025-10-05T08:38:27.000Z</time>
        <extensions>
          <ns3:TrackPointExtension>
            <ns3:atemp>20.0</ns3:atemp>
            <ns3:hr>142</ns3:hr>
          </ns3:TrackPointExtension>
        </extensions>
      </trkpt>
      <trkpt lat="49.31894869543612003326416015625" lon="11.157782636582851409912109375">
        <ele>376.600006103515625</ele>
        <time>2025-10-05T08:38:29.000Z</time>
        <extensions>
          <ns3:TrackPointExtension>
            <ns3:atemp>20.0</ns3:atemp>
            <ns3:hr>141</ns3:hr>
          </ns3:TrackPointExtension>
        </extensions>
      </trkpt>
      <trkpt lat="49.318952299654483795166015625" lon="11.15776511840522289276123046875">
        <ele>376.600006103515625</ele>
        <time>2025-10-05T08:38:30.000Z</time>
        <extensions>
          <ns3:TrackPointExtension>
            <ns3:atemp>20.0</ns3:atemp>
            <ns3:hr>141</ns3:hr>
          </ns3:TrackPointExtension>
        </extensions>
      </trkpt>
      <trkpt lat="49.3189501203596591949462890625" lon="11.15774743258953094482421875">
        <ele>376.600006103515625</ele>
        <time>2025-10-05T08:38:31.000Z</time>
        <extensions>
          <ns3:TrackPointExtension>
            <ns3:atemp>20.0</ns3:atemp>
            <ns3:hr>141</ns3:hr>
          </ns3:TrackPointExtension>
        </extensions>
      </trkpt>
      <trkpt lat="49.318953640758991241455078125" lon="11.15771683864295482635498046875">
        <ele>376.79998779296875</ele>
        <time>2025-10-05T08:38:33.000Z</time>
        <extensions>
          <ns3:TrackPointExtension>
            <ns3:atemp>20.0</ns3:atemp>
            <ns3:hr>142</ns3:hr>
          </ns3:TrackPointExtension>
        </extensions>
      </trkpt>
      <trkpt lat="49.31897518225014209747314453125" lon="11.15769940428435802459716796875">
        <ele>376.79998779296875</ele>
        <time>2025-10-05T08:38:35.000Z</time>
        <extensions>
          <ns3:TrackPointExtension>
            <ns3:atemp>20.0</ns3:atemp>
            <ns3:hr>143</ns3:hr>
          </ns3:TrackPointExtension>
        </extensions>
      </trkpt>
      <trkpt lat="49.31899689137935638427734375" lon="11.1576704867184162139892578125">
        <ele>377</ele>
        <time>2025-10-05T08:38:37.000Z</time>
        <extensions>
          <ns3:TrackPointExtension>
            <ns3:atemp>20.0</ns3:atemp>
            <ns3:hr>146</ns3:hr>
          </ns3:TrackPointExtension>
        </extensions>
      </trkpt>
      <trkpt lat="49.31900468654930591583251953125" lon="11.15765229798853397369384765625">
        <ele>377</ele>
        <time>2025-10-05T08:38:38.000Z</time>
        <extensions>
          <ns3:TrackPointExtension>
            <ns3:atemp>20.0</ns3:atemp>
            <ns3:hr>147</ns3:hr>
          </ns3:TrackPointExtension>
        </extensions>
      </trkpt>
      <trkpt lat="49.3190168403089046478271484375" lon="11.15763989277184009552001953125">
        <ele>377.20001220703125</ele>
        <time>2025-10-05T08:38:39.000Z</time>
        <extensions>
          <ns3:TrackPointExtension>
            <ns3:atemp>20.0</ns3:atemp>
            <ns3:hr>148</ns3:hr>
          </ns3:TrackPointExtension>
        </extensions>
      </trkpt>
      <trkpt lat="49.31905196048319339752197265625" lon="11.15761600434780120849609375">
        <ele>377.399993896484375</ele>
        <time>2025-10-05T08:38:41.000Z</time>
        <extensions>
          <ns3:TrackPointExtension>
            <ns3:atemp>20.0</ns3:atemp>
            <ns3:hr>150</ns3:hr>
          </ns3:TrackPointExtension>
        </extensions>
      </trkpt>
      <trkpt lat="49.31911214254796504974365234375" lon="11.15753428079187870025634765625">
        <ele>377.399993896484375</ele>
        <time>2025-10-05T08:38:44.000Z</time>
        <extensions>
          <ns3:TrackPointExtension>
            <ns3:atemp>20.0</ns3:atemp>
            <ns3:hr>153</ns3:hr>
          </ns3:TrackPointExtension>
        </extensions>
      </trkpt>
      <trkpt lat="49.3191901780664920806884765625" lon="11.15744492970407009124755859375">
        <ele>377.600006103515625</ele>
        <time>2025-10-05T08:38:49.000Z</time>
        <extensions>
          <ns3:TrackPointExtension>
            <ns3:atemp>20.0</ns3:atemp>
            <ns3:hr>154</ns3:hr>
          </ns3:TrackPointExtension>
        </extensions>
      </trkpt>
      <trkpt lat="49.31923292577266693115234375" lon="11.15737971849739551544189453125">
        <ele>377.600006103515625</ele>
        <time>2025-10-05T08:38:52.000Z</time>
        <extensions>
          <ns3:TrackPointExtension>
            <ns3:atemp>20.0</ns3:atemp>
            <ns3:hr>153</ns3:hr>
          </ns3:TrackPointExtension>
        </extensions>
      </trkpt>
      <trkpt lat="49.3192528747022151947021484375" lon="11.15729774348437786102294921875">
        <ele>377.79998779296875</ele>
        <time>2025-10-05T08:38:55.000Z</time>
        <extensions>
          <ns3:TrackPointExtension>
            <ns3:atemp>20.0</ns3:atemp>
            <ns3:hr>153</ns3:hr>
          </ns3:TrackPointExtension>
        </extensions>
      </trkpt>
      <trkpt lat="49.31925647892057895660400390625" lon="11.157278716564178466796875">
        <ele>378</ele>
        <time>2025-10-05T08:38:56.000Z</time>
        <extensions>
          <ns3:TrackPointExtension>
            <ns3:atemp>20.0</ns3:atemp>
            <ns3:hr>153</ns3:hr>
          </ns3:TrackPointExtension>
        </extensions>
      </trkpt>
      <trkpt lat="49.319268800318241119384765625" lon="11.15727880038321018218994140625">
        <ele>378</ele>
        <time>2025-10-05T08:38:57.000Z</time>
        <extensions>
          <ns3:TrackPointExtension>
            <ns3:atemp>20.0</ns3:atemp>
            <ns3:hr>153</ns3:hr>
          </ns3:TrackPointExtension>
        </extensions>
      </trkpt>
      <trkpt lat="49.31927139870822429656982421875" lon="11.15724946372210979461669921875">
        <ele>378</ele>
        <time>2025-10-05T08:38:59.000Z</time>
        <extensions>
          <ns3:TrackPointExtension>
            <ns3:atemp>20.0</ns3:atemp>
            <ns3:hr>153</ns3:hr>
          </ns3:TrackPointExtension>
        </extensions>
      </trkpt>
      <trkpt lat="49.3192317523062229156494140625" lon="11.15708132274448871612548828125">
        <ele>378</ele>
        <time>2025-10-05T08:39:05.000Z</time>
        <extensions>
          <ns3:TrackPointExtension>
            <ns3:atemp>20.0</ns3:atemp>
            <ns3:hr>152</ns3:hr>
          </ns3:TrackPointExtension>
        </extensions>
      </trkpt>
      <trkpt lat="49.31922747753560543060302734375" lon="11.157076545059680938720703125">
        <ele>378.399993896484375</ele>
        <time>2025-10-05T08:39:08.000Z</time>
        <extensions>
          <ns3:TrackPointExtension>
            <ns3:atemp>20.0</ns3:atemp>
            <ns3:hr>150</ns3:hr>
          </ns3:TrackPointExtension>
        </extensions>
      </trkpt>
      <trkpt lat="49.31924960575997829437255859375" lon="11.15707461722195148468017578125">
        <ele>378.20001220703125</ele>
        <time>2025-10-05T08:39:16.000Z</time>
        <extensions>
          <ns3:TrackPointExtension>
            <ns3:atemp>20.0</ns3:atemp>
            <ns3:hr>144</ns3:hr>
          </ns3:TrackPointExtension>
        </extensions>
      </trkpt>
      <trkpt lat="49.31925748474895954132080078125" lon="11.1570592783391475677490234375">
        <ele>378</ele>
        <time>2025-10-05T08:39:17.000Z</time>
        <extensions>
          <ns3:TrackPointExtension>
            <ns3:atemp>20.0</ns3:atemp>
            <ns3:hr>144</ns3:hr>
          </ns3:TrackPointExtension>
        </extensions>
      </trkpt>
      <trkpt lat="49.3192689679563045501708984375" lon="11.15704058669507503509521484375">
        <ele>378</ele>
        <time>2025-10-05T08:39:18.000Z</time>
        <extensions>
          <ns3:TrackPointExtension>
            <ns3:atemp>20.0</ns3:atemp>
            <ns3:hr>143</ns3:hr>
          </ns3:TrackPointExtension>
        </extensions>
      </trkpt>
      <trkpt lat="49.3192937783896923065185546875" lon="11.1570049636065959930419921875">
        <ele>377.600006103515625</ele>
        <time>2025-10-05T08:39:21.000Z</time>
        <extensions>
          <ns3:TrackPointExtension>
            <ns3:atemp>20.0</ns3:atemp>
            <ns3:hr>142</ns3:hr>
          </ns3:TrackPointExtension>
        </extensions>
      </trkpt>
      <trkpt lat="49.319301657378673553466796875" lon="11.15700236521661281585693359375">
        <ele>377.79998779296875</ele>
        <time>2025-10-05T08:39:23.000Z</time>
        <extensions>
          <ns3:TrackPointExtension>
            <ns3:atemp>20.0</ns3:atemp>
            <ns3:hr>140</ns3:hr>
          </ns3:TrackPointExtension>
        </extensions>
      </trkpt>
      <trkpt lat="49.31934096850454807281494140625" lon="11.15698828361928462982177734375">
        <ele>378</ele>
        <time>2025-10-05T08:39:26.000Z</time>
        <extensions>
          <ns3:TrackPointExtension>
            <ns3:atemp>20.0</ns3:atemp>
            <ns3:hr>140</ns3:hr>
          </ns3:TrackPointExtension>
        </extensions>
      </trkpt>
      <trkpt lat="49.319353960454463958740234375" lon="11.15697897970676422119140625">
        <ele>377.79998779296875</ele>
        <time>2025-10-05T08:39:27.000Z</time>
        <extensions>
          <ns3:TrackPointExtension>
            <ns3:atemp>20.0</ns3:atemp>
            <ns3:hr>140</ns3:hr>
          </ns3:TrackPointExtension>
        </extensions>
      </trkpt>
      <trkpt lat="49.31936544366180896759033203125" lon="11.15694142878055572509765625">
        <ele>377.79998779296875</ele>
        <time>2025-10-05T08:39:29.000Z</time>
        <extensions>
          <ns3:TrackPointExtension>
            <ns3:atemp>20.0</ns3:atemp>
            <ns3:hr>139</ns3:hr>
          </ns3:TrackPointExtension>
        </extensions>
      </trkpt>
      <trkpt lat="49.319388829171657562255859375" lon="11.156923659145832061767578125">
        <ele>378</ele>
        <time>2025-10-05T08:39:32.000Z</time>
        <extensions>
          <ns3:TrackPointExtension>
            <ns3:atemp>20.0</ns3:atemp>
            <ns3:hr>140</ns3:hr>
          </ns3:TrackPointExtension>
        </extensions>
      </trkpt>
      <trkpt lat="49.31941288523375988006591796875" lon="11.1569258384406566619873046875">
        <ele>378</ele>
        <time>2025-10-05T08:39:34.000Z</time>
        <extensions>
          <ns3:TrackPointExtension>
            <ns3:atemp>20.0</ns3:atemp>
            <ns3:hr>140</ns3:hr>
          </ns3:TrackPointExtension>
        </extensions>
      </trkpt>
      <trkpt lat="49.31943736039102077484130859375" lon="11.1569206416606903076171875">
        <ele>378.20001220703125</ele>
        <time>2025-10-05T08:39:37.000Z</time>
        <extensions>
          <ns3:TrackPointExtension>
            <ns3:atemp>20.0</ns3:atemp>
            <ns3:hr>140</ns3:hr>
          </ns3:TrackPointExtension>
        </extensions>
      </trkpt>
      <trkpt lat="49.319441132247447967529296875" lon="11.15690144710242748260498046875">
        <ele>378.20001220703125</ele>
        <time>2025-10-05T08:39:38.000Z</time>
        <extensions>
          <ns3:TrackPointExtension>
            <ns3:atemp>20.0</ns3:atemp>
            <ns3:hr>138</ns3:hr>
          </ns3:TrackPointExtension>
        </extensions>
      </trkpt>
      <trkpt lat="49.319474659860134124755859375" lon="11.1568557657301425933837890625">
        <ele>378</ele>
        <time>2025-10-05T08:39:42.000Z</time>
        <extensions>
          <ns3:TrackPointExtension>
            <ns3:atemp>20.0</ns3:atemp>
            <ns3:hr>137</ns3:hr>
          </ns3:TrackPointExtension>
        </extensions>
      </trkpt>
      <trkpt lat="49.31956577114760875701904296875" lon="11.1567615531384944915771484375">
        <ele>378</ele>
        <time>2025-10-05T08:39:49.000Z</time>
        <extensions>
          <ns3:TrackPointExtension>
            <ns3:atemp>19.0</ns3:atemp>
            <ns3:hr>133</ns3:hr>
          </ns3:TrackPointExtension>
        </extensions>
      </trkpt>
      <trkpt lat="49.31958940811455249786376953125" lon="11.156732551753520965576171875">
        <ele>378.20001220703125</ele>
        <time>2025-10-05T08:39:50.000Z</time>
        <extensions>
          <ns3:TrackPointExtension>
            <ns3:atemp>20.0</ns3:atemp>
            <ns3:hr>134</ns3:hr>
          </ns3:TrackPointExtension>
        </extensions>
      </trkpt>
      <trkpt lat="49.319598041474819183349609375" lon="11.15668133832514286041259765625">
        <ele>378.399993896484375</ele>
        <time>2025-10-05T08:39:52.000Z</time>
        <extensions>
          <ns3:TrackPointExtension>
            <ns3:atemp>20.0</ns3:atemp>
            <ns3:hr>132</ns3:hr>
          </ns3:TrackPointExtension>
        </extensions>
      </trkpt>
      <trkpt lat="49.3196183256804943084716796875" lon="11.156634986400604248046875">
        <ele>378.79998779296875</ele>
        <time>2025-10-05T08:39:56.000Z</time>
        <extensions>
          <ns3:TrackPointExtension>
            <ns3:atemp>20.0</ns3:atemp>
            <ns3:hr>131</ns3:hr>
          </ns3:TrackPointExtension>
        </extensions>
      </trkpt>
      <trkpt lat="49.31957096792757511138916015625" lon="11.15654119290411472320556640625">
        <ele>378.79998779296875</ele>
        <time>2025-10-05T08:40:03.000Z</time>
        <extensions>
          <ns3:TrackPointExtension>
            <ns3:atemp>19.0</ns3:atemp>
            <ns3:hr>128</ns3:hr>
          </ns3:TrackPointExtension>
        </extensions>
      </trkpt>
      <trkpt lat="49.31952671147882938385009765625" lon="11.156509257853031158447265625">
        <ele>378.79998779296875</ele>
        <time>2025-10-05T08:40:05.000Z</time>
        <extensions>
          <ns3:TrackPointExtension>
            <ns3:atemp>19.0</ns3:atemp>
            <ns3:hr>131</ns3:hr>
          </ns3:TrackPointExtension>
        </extensions>
      </trkpt>
      <trkpt lat="49.3193628452718257904052734375" lon="11.15631689317524433135986328125">
        <ele>379</ele>
        <time>2025-10-05T08:40:12.000Z</time>
        <extensions>
          <ns3:TrackPointExtension>
            <ns3:atemp>19.0</ns3:atemp>
            <ns3:hr>129</ns3:hr>
          </ns3:TrackPointExtension>
        </extensions>
      </trkpt>
      <trkpt lat="49.31935898959636688232421875" lon="11.15628554485738277435302734375">
        <ele>379.20001220703125</ele>
        <time>2025-10-05T08:40:13.000Z</time>
        <extensions>
          <ns3:TrackPointExtension>
            <ns3:atemp>19.0</ns3:atemp>
            <ns3:hr>129</ns3:hr>
          </ns3:TrackPointExtension>
        </extensions>
      </trkpt>
      <trkpt lat="49.31933979503810405731201171875" lon="11.1562227644026279449462890625">
        <ele>379.20001220703125</ele>
        <time>2025-10-05T08:40:15.000Z</time>
        <extensions>
          <ns3:TrackPointExtension>
            <ns3:atemp>19.0</ns3:atemp>
            <ns3:hr>124</ns3:hr>
          </ns3:TrackPointExtension>
        </extensions>
      </trkpt>
      <trkpt lat="49.3193135596811771392822265625" lon="11.15613944828510284423828125">
        <ele>379.399993896484375</ele>
        <time>2025-10-05T08:40:18.000Z</time>
        <extensions>
          <ns3:TrackPointExtension>
            <ns3:atemp>19.0</ns3:atemp>
            <ns3:hr>121</ns3:hr>
          </ns3:TrackPointExtension>
        </extensions>
      </trkpt>
      <trkpt lat="49.31928145699203014373779296875" lon="11.1560450680553913116455078125">
        <ele>379.399993896484375</ele>
        <time>2025-10-05T08:40:20.000Z</time>
        <extensions>
          <ns3:TrackPointExtension>
            <ns3:atemp>19.0</ns3:atemp>
            <ns3:hr>120</ns3:hr>
          </ns3:TrackPointExtension>
        </extensions>
      </trkpt>
      <trkpt lat="49.31923116557300090789794921875" lon="11.15586896426975727081298828125">
        <ele>379.399993896484375</ele>
        <time>2025-10-05T08:40:25.000Z</time>
        <extensions>
          <ns3:TrackPointExtension>
            <ns3:atemp>19.0</ns3:atemp>
            <ns3:hr>120</ns3:hr>
          </ns3:TrackPointExtension>
        </extensions>
      </trkpt>
      <trkpt lat="49.3192042596638202667236328125" lon="11.15572865121066570281982421875">
        <ele>379.600006103515625</ele>
        <time>2025-10-05T08:40:29.000Z</time>
        <extensions>
          <ns3:TrackPointExtension>
            <ns3:atemp>19.0</ns3:atemp>
            <ns3:hr>123</ns3:hr>
          </ns3:TrackPointExtension>
        </extensions>
      </trkpt>
      <trkpt lat="49.31917768903076648712158203125" lon="11.15555799566209316253662109375">
        <ele>379.600006103515625</ele>
        <time>2025-10-05T08:40:33.000Z</time>
        <extensions>
          <ns3:TrackPointExtension>
            <ns3:atemp>19.0</ns3:atemp>
            <ns3:hr>124</ns3:hr>
          </ns3:TrackPointExtension>
        </extensions>
      </trkpt>
      <trkpt lat="49.31919747032225131988525390625" lon="11.15550837479531764984130859375">
        <ele>379.600006103515625</ele>
        <time>2025-10-05T08:40:35.000Z</time>
        <extensions>
          <ns3:TrackPointExtension>
            <ns3:atemp>19.0</ns3:atemp>
            <ns3:hr>125</ns3:hr>
          </ns3:TrackPointExtension>
        </extensions>
      </trkpt>
      <trkpt lat="49.31922244839370250701904296875" lon="11.15551809780299663543701171875">
        <ele>379.600006103515625</ele>
        <time>2025-10-05T08:40:37.000Z</time>
        <extensions>
          <ns3:TrackPointExtension>
            <ns3:atemp>19.0</ns3:atemp>
            <ns3:hr>126</ns3:hr>
          </ns3:TrackPointExtension>
        </extensions>
      </trkpt>
      <trkpt lat="49.3192113004624843597412109375" lon="11.15545841865241527557373046875">
        <ele>379.79998779296875</ele>
        <time>2025-10-05T08:40:39.000Z</time>
        <extensions>
          <ns3:TrackPointExtension>
            <ns3:atemp>19.0</ns3:atemp>
            <ns3:hr>127</ns3:hr>
          </ns3:TrackPointExtension>
        </extensions>
      </trkpt>
      <trkpt lat="49.31920065544545650482177734375" lon="11.15537074394524097442626953125">
        <ele>379.79998779296875</ele>
        <time>2025-10-05T08:40:41.000Z</time>
        <extensions>
          <ns3:TrackPointExtension>
            <ns3:atemp>19.0</ns3:atemp>
            <ns3:hr>127</ns3:hr>
          </ns3:TrackPointExtension>
        </extensions>
      </trkpt>
      <trkpt lat="49.3192096240818500518798828125" lon="11.15516823716461658477783203125">
        <ele>380</ele>
        <time>2025-10-05T08:40:45.000Z</time>
        <extensions>
          <ns3:TrackPointExtension>
            <ns3:atemp>19.0</ns3:atemp>
            <ns3:hr>129</ns3:hr>
          </ns3:TrackPointExtension>
        </extensions>
      </trkpt>
      <trkpt lat="49.3191972188651561737060546875" lon="11.15512616001069545745849609375">
        <ele>380</ele>
        <time>2025-10-05T08:40:46.000Z</time>
        <extensions>
          <ns3:TrackPointExtension>
            <ns3:atemp>19.0</ns3:atemp>
            <ns3:hr>130</ns3:hr>
          </ns3:TrackPointExtension>
        </extensions>
      </trkpt>
      <trkpt lat="49.31915271095931529998779296875" lon="11.1549822427332401275634765625">
        <ele>380.20001220703125</ele>
        <time>2025-10-05T08:40:49.000Z</time>
        <extensions>
          <ns3:TrackPointExtension>
            <ns3:atemp>19.0</ns3:atemp>
            <ns3:hr>132</ns3:hr>
          </ns3:TrackPointExtension>
        </extensions>
      </trkpt>
      <trkpt lat="49.319147430360317230224609375" lon="11.1549384891986846923828125">
        <ele>380.20001220703125</ele>
        <time>2025-10-05T08:40:50.000Z</time>
        <extensions>
          <ns3:TrackPointExtension>
            <ns3:atemp>19.0</ns3:atemp>
            <ns3:hr>133</ns3:hr>
          </ns3:TrackPointExtension>
        </extensions>
      </trkpt>
      <trkpt lat="49.3191435746848583221435546875" lon="11.15479088388383388519287109375">
        <ele>380.20001220703125</ele>
        <time>2025-10-05T08:40:54.000Z</time>
        <extensions>
          <ns3:TrackPointExtension>
            <ns3:atemp>19.0</ns3:atemp>
            <ns3:hr>136</ns3:hr>
          </ns3:TrackPointExtension>
        </extensions>
      </trkpt>
      <trkpt lat="49.31914365850389003753662109375" lon="11.1547614634037017822265625">
        <ele>380.20001220703125</ele>
        <time>2025-10-05T08:40:55.000Z</time>
        <extensions>
          <ns3:TrackPointExtension>
            <ns3:atemp>19.0</ns3:atemp>
            <ns3:hr>136</ns3:hr>
          </ns3:TrackPointExtension>
        </extensions>
      </trkpt>
      <trkpt lat="49.31919696740806102752685546875" lon="11.15459592081606388092041015625">
        <ele>380.399993896484375</ele>
        <time>2025-10-05T08:41:00.000Z</time>
        <extensions>
          <ns3:TrackPointExtension>
            <ns3:atemp>19.0</ns3:atemp>
            <ns3:hr>139</ns3:hr>
          </ns3:TrackPointExtension>
        </extensions>
      </trkpt>
      <trkpt lat="49.31921389885246753692626953125" lon="11.15442995913326740264892578125">
        <ele>380.600006103515625</ele>
        <time>2025-10-05T08:41:05.000Z</time>
        <extensions>
          <ns3:TrackPointExtension>
            <ns3:atemp>19.0</ns3:atemp>
            <ns3:hr>142</ns3:hr>
          </ns3:TrackPointExtension>
        </extensions>
      </trkpt>
      <trkpt lat="49.3192086182534694671630859375" lon="11.154387630522251129150390625">
        <ele>380.600006103515625</ele>
        <time>2025-10-05T08:41:06.000Z</time>
        <extensions>
          <ns3:TrackPointExtension>
            <ns3:atemp>19.0</ns3:atemp>
            <ns3:hr>142</ns3:hr>
          </ns3:TrackPointExtension>
        </extensions>
      </trkpt>
      <trkpt lat="49.319187663495540618896484375" lon="11.15416794084012508392333984375">
        <ele>381</ele>
        <time>2025-10-05T08:41:12.000Z</time>
        <extensions>
          <ns3:TrackPointExtension>
            <ns3:atemp>19.0</ns3:atemp>
            <ns3:hr>142</ns3:hr>
          </ns3:TrackPointExtension>
        </extensions>
      </trkpt>
      <trkpt lat="49.31920518167316913604736328125" lon="11.15405729971826076507568359375">
        <ele>381.20001220703125</ele>
        <time>2025-10-05T08:41:15.000Z</time>
        <extensions>
          <ns3:TrackPointExtension>
            <ns3:atemp>19.0</ns3:atemp>
            <ns3:hr>141</ns3:hr>
          </ns3:TrackPointExtension>
        </extensions>
      </trkpt>
      <trkpt lat="49.3192126415669918060302734375" lon="11.15400415845215320587158203125">
        <ele>381.20001220703125</ele>
        <time>2025-10-05T08:41:16.000Z</time>
        <extensions>
          <ns3:TrackPointExtension>
            <ns3:atemp>19.0</ns3:atemp>
            <ns3:hr>141</ns3:hr>
          </ns3:TrackPointExtension>
        </extensions>
      </trkpt>
      <trkpt lat="49.3192113004624843597412109375" lon="11.15396945737302303314208984375">
        <ele>381.20001220703125</ele>
        <time>2025-10-05T08:41:17.000Z</time>
        <extensions>
          <ns3:TrackPointExtension>
            <ns3:atemp>19.0</ns3:atemp>
            <ns3:hr>141</ns3:hr>
          </ns3:TrackPointExtension>
        </extensions>
      </trkpt>
      <trkpt lat="49.31921255774796009063720703125" lon="11.15377868525683879852294921875">
        <ele>381.399993896484375</ele>
        <time>2025-10-05T08:41:22.000Z</time>
        <extensions>
          <ns3:TrackPointExtension>
            <ns3:atemp>19.0</ns3:atemp>
            <ns3:hr>139</ns3:hr>
          </ns3:TrackPointExtension>
        </extensions>
      </trkpt>
      <trkpt lat="49.31919629685580730438232421875" lon="11.15358590148389339447021484375">
        <ele>381.79998779296875</ele>
        <time>2025-10-05T08:41:27.000Z</time>
        <extensions>
          <ns3:TrackPointExtension>
            <ns3:atemp>19.0</ns3:atemp>
            <ns3:hr>140</ns3:hr>
          </ns3:TrackPointExtension>
        </extensions>
      </trkpt>
      <trkpt lat="49.3191576562821865081787109375" lon="11.1533387191593647003173828125">
        <ele>382</ele>
        <time>2025-10-05T08:41:33.000Z</time>
        <extensions>
          <ns3:TrackPointExtension>
            <ns3:atemp>19.0</ns3:atemp>
            <ns3:hr>139</ns3:hr>
          </ns3:TrackPointExtension>
        </extensions>
      </trkpt>
      <trkpt lat="49.31914147920906543731689453125" lon="11.15322765894234180450439453125">
        <ele>382.20001220703125</ele>
        <time>2025-10-05T08:41:38.000Z</time>
        <extensions>
          <ns3:TrackPointExtension>
            <ns3:atemp>19.0</ns3:atemp>
            <ns3:hr>137</ns3:hr>
          </ns3:TrackPointExtension>
        </extensions>
      </trkpt>
      <trkpt lat="49.31917601265013217926025390625" lon="11.1531172692775726318359375">
        <ele>382.20001220703125</ele>
        <time>2025-10-05T08:41:42.000Z</time>
        <extensions>
          <ns3:TrackPointExtension>
            <ns3:atemp>19.0</ns3:atemp>
            <ns3:hr>136</ns3:hr>
          </ns3:TrackPointExtension>
        </extensions>
      </trkpt>
      <trkpt lat="49.31919244118034839630126953125" lon="11.15309991873800754547119140625">
        <ele>382.20001220703125</ele>
        <time>2025-10-05T08:41:43.000Z</time>
        <extensions>
          <ns3:TrackPointExtension>
            <ns3:atemp>19.0</ns3:atemp>
            <ns3:hr>136</ns3:hr>
          </ns3:TrackPointExtension>
        </extensions>
      </trkpt>
      <trkpt lat="49.3192220292985439300537109375" lon="11.1530544050037860870361328125">
        <ele>382.20001220703125</ele>
        <time>2025-10-05T08:41:45.000Z</time>
        <extensions>
          <ns3:TrackPointExtension>
            <ns3:atemp>19.0</ns3:atemp>
            <ns3:hr>137</ns3:hr>
          </ns3:TrackPointExtension>
        </extensions>
      </trkpt>
      <trkpt lat="49.31925748474895954132080078125" lon="11.15301023237407207489013671875">
        <ele>382.20001220703125</ele>
        <time>2025-10-05T08:41:47.000Z</time>
        <extensions>
          <ns3:TrackPointExtension>
            <ns3:atemp>19.0</ns3:atemp>
            <ns3:hr>136</ns3:hr>
          </ns3:TrackPointExtension>
        </extensions>
      </trkpt>
      <trkpt lat="49.3192817084491252899169921875" lon="11.1529933847486972808837890625">
        <ele>382.20001220703125</ele>
        <time>2025-10-05T08:41:48.000Z</time>
        <extensions>
          <ns3:TrackPointExtension>
            <ns3:atemp>19.0</ns3:atemp>
            <ns3:hr>136</ns3:hr>
          </ns3:TrackPointExtension>
        </extensions>
      </trkpt>
      <trkpt lat="49.31942604482173919677734375" lon="11.152878217399120330810546875">
        <ele>382.399993896484375</ele>
        <time>2025-10-05T08:41:54.000Z</time>
        <extensions>
          <ns3:TrackPointExtension>
            <ns3:atemp>19.0</ns3:atemp>
            <ns3:hr>136</ns3:hr>
          </ns3:TrackPointExtension>
        </extensions>
      </trkpt>
      <trkpt lat="49.3194483406841754913330078125" lon="11.15286237560212612152099609375">
        <ele>382.399993896484375</ele>
        <time>2025-10-05T08:41:55.000Z</time>
        <extensions>
          <ns3:TrackPointExtension>
            <ns3:atemp>19.0</ns3:atemp>
            <ns3:hr>136</ns3:hr>
          </ns3:TrackPointExtension>
        </extensions>
      </trkpt>
      <trkpt lat="49.31954682804644107818603515625" lon="11.15282130427658557891845703125">
        <ele>382.399993896484375</ele>
        <time>2025-10-05T08:41:59.000Z</time>
        <extensions>
          <ns3:TrackPointExtension>
            <ns3:atemp>19.0</ns3:atemp>
            <ns3:hr>138</ns3:hr>
          </ns3:TrackPointExtension>
        </extensions>
      </trkpt>
      <trkpt lat="49.31961002759635448455810546875" lon="11.1528163589537143707275390625">
        <ele>382.399993896484375</ele>
        <time>2025-10-05T08:42:01.000Z</time>
        <extensions>
          <ns3:TrackPointExtension>
            <ns3:atemp>19.0</ns3:atemp>
            <ns3:hr>138</ns3:hr>
          </ns3:TrackPointExtension>
        </extensions>
      </trkpt>
      <trkpt lat="49.3196981213986873626708984375" lon="11.15267914719879627227783203125">
        <ele>382.600006103515625</ele>
        <time>2025-10-05T08:42:06.000Z</time>
        <extensions>
          <ns3:TrackPointExtension>
            <ns3:atemp>19.0</ns3:atemp>
            <ns3:hr>138</ns3:hr>
          </ns3:TrackPointExtension>
        </extensions>
      </trkpt>
      <trkpt lat="49.31974967010319232940673828125" lon="11.152646206319332122802734375">
        <ele>382.600006103515625</ele>
        <time>2025-10-05T08:42:08.000Z</time>
        <extensions>
          <ns3:TrackPointExtension>
            <ns3:atemp>19.0</ns3:atemp>
            <ns3:hr>137</ns3:hr>
          </ns3:TrackPointExtension>
        </extensions>
      </trkpt>
      <trkpt lat="49.31994161568582057952880859375" lon="11.1525514908134937286376953125">
        <ele>382.79998779296875</ele>
        <time>2025-10-05T08:42:16.000Z</time>
        <extensions>
          <ns3:TrackPointExtension>
            <ns3:atemp>19.0</ns3:atemp>
            <ns3:hr>136</ns3:hr>
          </ns3:TrackPointExtension>
        </extensions>
      </trkpt>
      <trkpt lat="49.31996877305209636688232421875" lon="11.1525504849851131439208984375">
        <ele>382.79998779296875</ele>
        <time>2025-10-05T08:42:17.000Z</time>
        <extensions>
          <ns3:TrackPointExtension>
            <ns3:atemp>19.0</ns3:atemp>
            <ns3:hr>135</ns3:hr>
          </ns3:TrackPointExtension>
        </extensions>
      </trkpt>
      <trkpt lat="49.32004965841770172119140625" lon="11.15247957408428192138671875">
        <ele>383</ele>
        <time>2025-10-05T08:42:21.000Z</time>
        <extensions>
          <ns3:TrackPointExtension>
            <ns3:atemp>19.0</ns3:atemp>
            <ns3:hr>134</ns3:hr>
          </ns3:TrackPointExtension>
        </extensions>
      </trkpt>
      <trkpt lat="49.32008410803973674774169921875" lon="11.1524592898786067962646484375">
        <ele>383.399993896484375</ele>
        <time>2025-10-05T08:42:24.000Z</time>
        <extensions>
          <ns3:TrackPointExtension>
            <ns3:atemp>19.0</ns3:atemp>
            <ns3:hr>134</ns3:hr>
          </ns3:TrackPointExtension>
        </extensions>
      </trkpt>
      <trkpt lat="49.32010020129382610321044921875" lon="11.15244361571967601776123046875">
        <ele>383.399993896484375</ele>
        <time>2025-10-05T08:42:25.000Z</time>
        <extensions>
          <ns3:TrackPointExtension>
            <ns3:atemp>19.0</ns3:atemp>
            <ns3:hr>134</ns3:hr>
          </ns3:TrackPointExtension>
        </extensions>
      </trkpt>
      <trkpt lat="49.32011495344340801239013671875" lon="11.152396090328693389892578125">
        <ele>383.399993896484375</ele>
        <time>2025-10-05T08:42:27.000Z</time>
        <extensions>
          <ns3:TrackPointExtension>
            <ns3:atemp>19.0</ns3:atemp>
            <ns3:hr>134</ns3:hr>
          </ns3:TrackPointExtension>
        </extensions>
      </trkpt>
      <trkpt lat="49.3201470561325550079345703125" lon="11.152365244925022125244140625">
        <ele>383.600006103515625</ele>
        <time>2025-10-05T08:42:29.000Z</time>
        <extensions>
          <ns3:TrackPointExtension>
            <ns3:atemp>19.0</ns3:atemp>
            <ns3:hr>134</ns3:hr>
          </ns3:TrackPointExtension>
        </extensions>
      </trkpt>
      <trkpt lat="49.32024051435291767120361328125" lon="11.1523932404816150665283203125">
        <ele>383.600006103515625</ele>
        <time>2025-10-05T08:42:32.000Z</time>
        <extensions>
          <ns3:TrackPointExtension>
            <ns3:atemp>19.0</ns3:atemp>
            <ns3:hr>134</ns3:hr>
          </ns3:TrackPointExtension>
        </extensions>
      </trkpt>
      <trkpt lat="49.32046917267143726348876953125" lon="11.15235485136508941650390625">
        <ele>384</ele>
        <time>2025-10-05T08:42:42.000Z</time>
        <extensions>
          <ns3:TrackPointExtension>
            <ns3:atemp>19.0</ns3:atemp>
            <ns3:hr>136</ns3:hr>
          </ns3:TrackPointExtension>
        </extensions>
      </trkpt>
      <trkpt lat="49.3205835856497287750244140625" lon="11.1522460542619228363037109375">
        <ele>384</ele>
        <time>2025-10-05T08:42:48.000Z</time>
        <extensions>
          <ns3:TrackPointExtension>
            <ns3:atemp>19.0</ns3:atemp>
            <ns3:hr>136</ns3:hr>
          </ns3:TrackPointExtension>
        </extensions>
      </trkpt>
      <trkpt lat="49.3206271715462207794189453125" lon="11.1522162146866321563720703125">
        <ele>384</ele>
        <time>2025-10-05T08:42:50.000Z</time>
        <extensions>
          <ns3:TrackPointExtension>
            <ns3:atemp>19.0</ns3:atemp>
            <ns3:hr>136</ns3:hr>
          </ns3:TrackPointExtension>
        </extensions>
      </trkpt>
      <trkpt lat="49.320723228156566619873046875" lon="11.15215770900249481201171875">
        <ele>384.20001220703125</ele>
        <time>2025-10-05T08:42:55.000Z</time>
        <extensions>
          <ns3:TrackPointExtension>
            <ns3:atemp>19.0</ns3:atemp>
            <ns3:hr>135</ns3:hr>
          </ns3:TrackPointExtension>
        </extensions>
      </trkpt>
      <trkpt lat="49.32076178491115570068359375" lon="11.15214387886226177215576171875">
        <ele>384.399993896484375</ele>
        <time>2025-10-05T08:42:58.000Z</time>
        <extensions>
          <ns3:TrackPointExtension>
            <ns3:atemp>19.0</ns3:atemp>
            <ns3:hr>135</ns3:hr>
          </ns3:TrackPointExtension>
        </extensions>
      </trkpt>
      <trkpt lat="49.32077117264270782470703125" lon="11.15215024910867214202880859375">
        <ele>384.20001220703125</ele>
        <time>2025-10-05T08:42:59.000Z</time>
        <extensions>
          <ns3:TrackPointExtension>
            <ns3:atemp>19.0</ns3:atemp>
            <ns3:hr>136</ns3:hr>
          </ns3:TrackPointExtension>
        </extensions>
      </trkpt>
      <trkpt lat="49.320794641971588134765625" lon="11.1521280370652675628662109375">
        <ele>384</ele>
        <time>2025-10-05T08:43:01.000Z</time>
        <extensions>
          <ns3:TrackPointExtension>
            <ns3:atemp>19.0</ns3:atemp>
            <ns3:hr>136</ns3:hr>
          </ns3:TrackPointExtension>
        </extensions>
      </trkpt>
      <trkpt lat="49.320802353322505950927734375" lon="11.15211102180182933807373046875">
        <ele>384</ele>
        <time>2025-10-05T08:43:02.000Z</time>
        <extensions>
          <ns3:TrackPointExtension>
            <ns3:atemp>19.0</ns3:atemp>
            <ns3:hr>135</ns3:hr>
          </ns3:TrackPointExtension>
        </extensions>
      </trkpt>
      <trkpt lat="49.32084166444838047027587890625" lon="11.15209207870066165924072265625">
        <ele>383.600006103515625</ele>
        <time>2025-10-05T08:43:04.000Z</time>
        <extensions>
          <ns3:TrackPointExtension>
            <ns3:atemp>19.0</ns3:atemp>
            <ns3:hr>133</ns3:hr>
          </ns3:TrackPointExtension>
        </extensions>
      </trkpt>
      <trkpt lat="49.3208792991936206817626953125" lon="11.15209258161485195159912109375">
        <ele>383.79998779296875</ele>
        <time>2025-10-05T08:43:06.000Z</time>
        <extensions>
          <ns3:TrackPointExtension>
            <ns3:atemp>19.0</ns3:atemp>
            <ns3:hr>132</ns3:hr>
          </ns3:TrackPointExtension>
        </extensions>
      </trkpt>
      <trkpt lat="49.3208893574774265289306640625" lon="11.15208570845425128936767578125">
        <ele>384</ele>
        <time>2025-10-05T08:43:08.000Z</time>
        <extensions>
          <ns3:TrackPointExtension>
            <ns3:atemp>19.0</ns3:atemp>
            <ns3:hr>130</ns3:hr>
          </ns3:TrackPointExtension>
        </extensions>
      </trkpt>
      <trkpt lat="49.32093210518360137939453125" lon="11.1520177312195301055908203125">
        <ele>383.399993896484375</ele>
        <time>2025-10-05T08:43:14.000Z</time>
        <extensions>
          <ns3:TrackPointExtension>
            <ns3:atemp>19.0</ns3:atemp>
            <ns3:hr>128</ns3:hr>
          </ns3:TrackPointExtension>
        </extensions>
      </trkpt>
      <trkpt lat="49.32096965610980987548828125" lon="11.15200021304190158843994140625">
        <ele>383.20001220703125</ele>
        <time>2025-10-05T08:43:16.000Z</time>
        <extensions>
          <ns3:TrackPointExtension>
            <ns3:atemp>19.0</ns3:atemp>
            <ns3:hr>127</ns3:hr>
          </ns3:TrackPointExtension>
        </extensions>
      </trkpt>
      <trkpt lat="49.32101391255855560302734375" lon="11.1519748158752918243408203125">
        <ele>383</ele>
        <time>2025-10-05T08:43:19.000Z</time>
        <extensions>
          <ns3:TrackPointExtension>
            <ns3:atemp>19.0</ns3:atemp>
            <ns3:hr>124</ns3:hr>
          </ns3:TrackPointExtension>
        </extensions>
      </trkpt>
      <trkpt lat="49.32105322368443012237548828125" lon="11.1519505083560943603515625">
        <ele>383</ele>
        <time>2025-10-05T08:43:21.000Z</time>
        <extensions>
          <ns3:TrackPointExtension>
            <ns3:atemp>19.0</ns3:atemp>
            <ns3:hr>121</ns3:hr>
          </ns3:TrackPointExtension>
        </extensions>
      </trkpt>
      <trkpt lat="49.32106311433017253875732421875" lon="11.15192578174173831939697265625">
        <ele>383</ele>
        <time>2025-10-05T08:43:22.000Z</time>
        <extensions>
          <ns3:TrackPointExtension>
            <ns3:atemp>19.0</ns3:atemp>
            <ns3:hr>121</ns3:hr>
          </ns3:TrackPointExtension>
        </extensions>
      </trkpt>
      <trkpt lat="49.32109546847641468048095703125" lon="11.15187783725559711456298828125">
        <ele>382.79998779296875</ele>
        <time>2025-10-05T08:43:26.000Z</time>
        <extensions>
          <ns3:TrackPointExtension>
            <ns3:atemp>19.0</ns3:atemp>
            <ns3:hr>118</ns3:hr>
          </ns3:TrackPointExtension>
        </extensions>
      </trkpt>
      <trkpt lat="49.32117174379527568817138671875" lon="11.1518732272088527679443359375">
        <ele>382.79998779296875</ele>
        <time>2025-10-05T08:43:30.000Z</time>
        <extensions>
          <ns3:TrackPointExtension>
            <ns3:atemp>19.0</ns3:atemp>
            <ns3:hr>115</ns3:hr>
          </ns3:TrackPointExtension>
        </extensions>
      </trkpt>
      <trkpt lat="49.32117945514619350433349609375" lon="11.15185797214508056640625">
        <ele>382.79998779296875</ele>
        <time>2025-10-05T08:43:31.000Z</time>
        <extensions>
          <ns3:TrackPointExtension>
            <ns3:atemp>19.0</ns3:atemp>
            <ns3:hr>115</ns3:hr>
          </ns3:TrackPointExtension>
        </extensions>
      </trkpt>
      <trkpt lat="49.32126645930111408233642578125" lon="11.15172109566628932952880859375">
        <ele>382.600006103515625</ele>
        <time>2025-10-05T08:43:37.000Z</time>
        <extensions>
          <ns3:TrackPointExtension>
            <ns3:atemp>19.0</ns3:atemp>
            <ns3:hr>115</ns3:hr>
          </ns3:TrackPointExtension>
        </extensions>
      </trkpt>
      <trkpt lat="49.3214251287281513214111328125" lon="11.15157122723758220672607421875">
        <ele>382.399993896484375</ele>
        <time>2025-10-05T08:43:44.000Z</time>
        <extensions>
          <ns3:TrackPointExtension>
            <ns3:atemp>19.0</ns3:atemp>
            <ns3:hr>118</ns3:hr>
          </ns3:TrackPointExtension>
        </extensions>
      </trkpt>
      <trkpt lat="49.32144599966704845428466796875" lon="11.15153619088232517242431640625">
        <ele>382.20001220703125</ele>
        <time>2025-10-05T08:43:45.000Z</time>
        <extensions>
          <ns3:TrackPointExtension>
            <ns3:atemp>19.0</ns3:atemp>
            <ns3:hr>119</ns3:hr>
          </ns3:TrackPointExtension>
        </extensions>
      </trkpt>
      <trkpt lat="49.321551360189914703369140625" lon="11.1514650285243988037109375">
        <ele>382.20001220703125</ele>
        <time>2025-10-05T08:43:48.000Z</time>
        <extensions>
          <ns3:TrackPointExtension>
            <ns3:atemp>19.0</ns3:atemp>
            <ns3:hr>120</ns3:hr>
          </ns3:TrackPointExtension>
        </extensions>
      </trkpt>
      <trkpt lat="49.32164481841027736663818359375" lon="11.1514011584222316741943359375">
        <ele>382</ele>
        <time>2025-10-05T08:43:51.000Z</time>
        <extensions>
          <ns3:TrackPointExtension>
            <ns3:atemp>19.0</ns3:atemp>
            <ns3:hr>120</ns3:hr>
          </ns3:TrackPointExtension>
        </extensions>
      </trkpt>
      <trkpt lat="49.32167365215718746185302734375" lon="11.15139956586062908172607421875">
        <ele>382</ele>
        <time>2025-10-05T08:43:52.000Z</time>
        <extensions>
          <ns3:TrackPointExtension>
            <ns3:atemp>19.0</ns3:atemp>
            <ns3:hr>120</ns3:hr>
          </ns3:TrackPointExtension>
        </extensions>
      </trkpt>
      <trkpt lat="49.321748502552509307861328125" lon="11.15135078318417072296142578125">
        <ele>381.79998779296875</ele>
        <time>2025-10-05T08:43:55.000Z</time>
        <extensions>
          <ns3:TrackPointExtension>
            <ns3:atemp>19.0</ns3:atemp>
            <ns3:hr>122</ns3:hr>
          </ns3:TrackPointExtension>
        </extensions>
      </trkpt>
      <trkpt lat="49.32179309427738189697265625" lon="11.15126713179051876068115234375">
        <ele>381.600006103515625</ele>
        <time>2025-10-05T08:43:58.000Z</time>
        <extensions>
          <ns3:TrackPointExtension>
            <ns3:atemp>19.0</ns3:atemp>
            <ns3:hr>123</ns3:hr>
          </ns3:TrackPointExtension>
        </extensions>
      </trkpt>
      <trkpt lat="49.321859143674373626708984375" lon="11.15120007656514644622802734375">
        <ele>381.20001220703125</ele>
        <time>2025-10-05T08:44:02.000Z</time>
        <extensions>
          <ns3:TrackPointExtension>
            <ns3:atemp>19.0</ns3:atemp>
            <ns3:hr>123</ns3:hr>
          </ns3:TrackPointExtension>
        </extensions>
      </trkpt>
      <trkpt lat="49.3219085969030857086181640625" lon="11.1511372961103916168212890625">
        <ele>381</ele>
        <time>2025-10-05T08:44:05.000Z</time>
        <extensions>
          <ns3:TrackPointExtension>
            <ns3:atemp>19.0</ns3:atemp>
            <ns3:hr>124</ns3:hr>
          </ns3:TrackPointExtension>
        </extensions>
      </trkpt>
      <trkpt lat="49.3220914900302886962890625" lon="11.15106076933443546295166015625">
        <ele>380.79998779296875</ele>
        <time>2025-10-05T08:44:11.000Z</time>
        <extensions>
          <ns3:TrackPointExtension>
            <ns3:atemp>19.0</ns3:atemp>
            <ns3:hr>127</ns3:hr>
          </ns3:TrackPointExtension>
        </extensions>
      </trkpt>
      <trkpt lat="49.3222274444997310638427734375" lon="11.15099002607166767120361328125">
        <ele>380.79998779296875</ele>
        <time>2025-10-05T08:44:15.000Z</time>
        <extensions>
          <ns3:TrackPointExtension>
            <ns3:atemp>19.0</ns3:atemp>
            <ns3:hr>130</ns3:hr>
          </ns3:TrackPointExtension>
        </extensions>
      </trkpt>
      <trkpt lat="49.32228930294513702392578125" lon="11.150940321385860443115234375">
        <ele>380.79998779296875</ele>
        <time>2025-10-05T08:44:17.000Z</time>
        <extensions>
          <ns3:TrackPointExtension>
            <ns3:atemp>19.0</ns3:atemp>
            <ns3:hr>130</ns3:hr>
          </ns3:TrackPointExtension>
        </extensions>
      </trkpt>
      <trkpt lat="49.32246004231274127960205078125" lon="11.1508177779614925384521484375">
        <ele>380.399993896484375</ele>
        <time>2025-10-05T08:44:24.000Z</time>
        <extensions>
          <ns3:TrackPointExtension>
            <ns3:atemp>19.0</ns3:atemp>
            <ns3:hr>133</ns3:hr>
          </ns3:TrackPointExtension>
        </extensions>
      </trkpt>
      <trkpt lat="49.32264159433543682098388671875" lon="11.1506823264062404632568359375">
        <ele>380.20001220703125</ele>
        <time>2025-10-05T08:44:31.000Z</time>
        <extensions>
          <ns3:TrackPointExtension>
            <ns3:atemp>19.0</ns3:atemp>
            <ns3:hr>136</ns3:hr>
          </ns3:TrackPointExtension>
        </extensions>
      </trkpt>
      <trkpt lat="49.32276271283626556396484375" lon="11.150647290050983428955078125">
        <ele>379.79998779296875</ele>
        <time>2025-10-05T08:44:36.000Z</time>
        <extensions>
          <ns3:TrackPointExtension>
            <ns3:atemp>19.0</ns3:atemp>
            <ns3:hr>136</ns3:hr>
          </ns3:TrackPointExtension>
        </extensions>
      </trkpt>
      <trkpt lat="49.32289321906864643096923828125" lon="11.1504959128797054290771484375">
        <ele>379.20001220703125</ele>
        <time>2025-10-05T08:44:42.000Z</time>
        <extensions>
          <ns3:TrackPointExtension>
            <ns3:atemp>19.0</ns3:atemp>
            <ns3:hr>136</ns3:hr>
          </ns3:TrackPointExtension>
        </extensions>
      </trkpt>
      <trkpt lat="49.322980977594852447509765625" lon="11.1504256725311279296875">
        <ele>379</ele>
        <time>2025-10-05T08:44:47.000Z</time>
        <extensions>
          <ns3:TrackPointExtension>
            <ns3:atemp>19.0</ns3:atemp>
            <ns3:hr>136</ns3:hr>
          </ns3:TrackPointExtension>
        </extensions>
      </trkpt>
      <trkpt lat="49.32317066006362438201904296875" lon="11.15033187903463840484619140625">
        <ele>378.399993896484375</ele>
        <time>2025-10-05T08:44:53.000Z</time>
        <extensions>
          <ns3:TrackPointExtension>
            <ns3:atemp>19.0</ns3:atemp>
            <ns3:hr>137</ns3:hr>
          </ns3:TrackPointExtension>
        </extensions>
      </trkpt>
      <trkpt lat="49.32329856790602207183837890625" lon="11.1502982676029205322265625">
        <ele>378</ele>
        <time>2025-10-05T08:44:57.000Z</time>
        <extensions>
          <ns3:TrackPointExtension>
            <ns3:atemp>19.0</ns3:atemp>
            <ns3:hr>137</ns3:hr>
          </ns3:TrackPointExtension>
        </extensions>
      </trkpt>
      <trkpt lat="49.32333360426127910614013671875" lon="11.1502575315535068511962890625">
        <ele>377.79998779296875</ele>
        <time>2025-10-05T08:44:59.000Z</time>
        <extensions>
          <ns3:TrackPointExtension>
            <ns3:atemp>19.0</ns3:atemp>
            <ns3:hr>136</ns3:hr>
          </ns3:TrackPointExtension>
        </extensions>
      </trkpt>
      <trkpt lat="49.32347442023456096649169921875" lon="11.15017195232212543487548828125">
        <ele>377.399993896484375</ele>
        <time>2025-10-05T08:45:04.000Z</time>
        <extensions>
          <ns3:TrackPointExtension>
            <ns3:atemp>19.0</ns3:atemp>
            <ns3:hr>135</ns3:hr>
          </ns3:TrackPointExtension>
        </extensions>
      </trkpt>
      <trkpt lat="49.323554970324039459228515625" lon="11.1501187272369861602783203125">
        <ele>377</ele>
        <time>2025-10-05T08:45:07.000Z</time>
        <extensions>
          <ns3:TrackPointExtension>
            <ns3:atemp>19.0</ns3:atemp>
            <ns3:hr>134</ns3:hr>
          </ns3:TrackPointExtension>
        </extensions>
      </trkpt>
      <trkpt lat="49.3236624263226985931396484375" lon="11.1500868760049343109130859375">
        <ele>376.600006103515625</ele>
        <time>2025-10-05T08:45:12.000Z</time>
        <extensions>
          <ns3:TrackPointExtension>
            <ns3:atemp>19.0</ns3:atemp>
            <ns3:hr>134</ns3:hr>
          </ns3:TrackPointExtension>
        </extensions>
      </trkpt>
      <trkpt lat="49.32365991175174713134765625" lon="11.15006701089441776275634765625">
        <ele>376.399993896484375</ele>
        <time>2025-10-05T08:45:16.000Z</time>
        <extensions>
          <ns3:TrackPointExtension>
            <ns3:atemp>19.0</ns3:atemp>
            <ns3:hr>132</ns3:hr>
          </ns3:TrackPointExtension>
        </extensions>
      </trkpt>
      <trkpt lat="49.3236755020916461944580078125" lon="11.150055192410945892333984375">
        <ele>376</ele>
        <time>2025-10-05T08:45:19.000Z</time>
        <extensions>
          <ns3:TrackPointExtension>
            <ns3:atemp>19.0</ns3:atemp>
            <ns3:hr>130</ns3:hr>
          </ns3:TrackPointExtension>
        </extensions>
      </trkpt>
      <trkpt lat="49.32369670830667018890380859375" lon="11.15001705475151538848876953125">
        <ele>376</ele>
        <time>2025-10-05T08:46:04.000Z</time>
        <extensions>
          <ns3:TrackPointExtension>
            <ns3:atemp>19.0</ns3:atemp>
            <ns3:hr>134</ns3:hr>
          </ns3:TrackPointExtension>
        </extensions>
      </trkpt>
      <trkpt lat="49.3237053416669368743896484375" lon="11.150003559887409210205078125">
        <ele>376</ele>
        <time>2025-10-05T08:46:05.000Z</time>
        <extensions>
          <ns3:TrackPointExtension>
            <ns3:atemp>19.0</ns3:atemp>
            <ns3:hr>134</ns3:hr>
          </ns3:TrackPointExtension>
        </extensions>
      </trkpt>
      <trkpt lat="49.32371514849364757537841796875" lon="11.14998369477689266204833984375">
        <ele>375.600006103515625</ele>
        <time>2025-10-05T08:46:06.000Z</time>
        <extensions>
          <ns3:TrackPointExtension>
            <ns3:atemp>19.0</ns3:atemp>
            <ns3:hr>133</ns3:hr>
          </ns3:TrackPointExtension>
        </extensions>
      </trkpt>
      <trkpt lat="49.32373325340449810028076171875" lon="11.149972379207611083984375">
        <ele>375.600006103515625</ele>
        <time>2025-10-05T08:46:07.000Z</time>
        <extensions>
          <ns3:TrackPointExtension>
            <ns3:atemp>19.0</ns3:atemp>
            <ns3:hr>133</ns3:hr>
          </ns3:TrackPointExtension>
        </extensions>
      </trkpt>
      <trkpt lat="49.3238067626953125" lon="11.14992451854050159454345703125">
        <ele>375.20001220703125</ele>
        <time>2025-10-05T08:46:10.000Z</time>
        <extensions>
          <ns3:TrackPointExtension>
            <ns3:atemp>19.0</ns3:atemp>
            <ns3:hr>132</ns3:hr>
          </ns3:TrackPointExtension>
        </extensions>
      </trkpt>
      <trkpt lat="49.323955290019512176513671875" lon="11.1498967744410037994384765625">
        <ele>374.79998779296875</ele>
        <time>2025-10-05T08:46:15.000Z</time>
        <extensions>
          <ns3:TrackPointExtension>
            <ns3:atemp>19.0</ns3:atemp>
            <ns3:hr>132</ns3:hr>
          </ns3:TrackPointExtension>
        </extensions>
      </trkpt>
      <trkpt lat="49.323975741863250732421875" lon="11.14988721907138824462890625">
        <ele>374.79998779296875</ele>
        <time>2025-10-05T08:46:16.000Z</time>
        <extensions>
          <ns3:TrackPointExtension>
            <ns3:atemp>19.0</ns3:atemp>
            <ns3:hr>129</ns3:hr>
          </ns3:TrackPointExtension>
        </extensions>
      </trkpt>
      <trkpt lat="49.3239985406398773193359375" lon="11.1498699523508548736572265625">
        <ele>374.600006103515625</ele>
        <time>2025-10-05T08:46:17.000Z</time>
        <extensions>
          <ns3:TrackPointExtension>
            <ns3:atemp>19.0</ns3:atemp>
            <ns3:hr>131</ns3:hr>
          </ns3:TrackPointExtension>
        </extensions>
      </trkpt>
      <trkpt lat="49.324094094336032867431640625" lon="11.14979065954685211181640625">
        <ele>374.399993896484375</ele>
        <time>2025-10-05T08:46:21.000Z</time>
        <extensions>
          <ns3:TrackPointExtension>
            <ns3:atemp>19.0</ns3:atemp>
            <ns3:hr>131</ns3:hr>
          </ns3:TrackPointExtension>
        </extensions>
      </trkpt>
      <trkpt lat="49.32420901022851467132568359375" lon="11.14974011667072772979736328125">
        <ele>374.20001220703125</ele>
        <time>2025-10-05T08:46:25.000Z</time>
        <extensions>
          <ns3:TrackPointExtension>
            <ns3:atemp>19.0</ns3:atemp>
            <ns3:hr>134</ns3:hr>
          </ns3:TrackPointExtension>
        </extensions>
      </trkpt>
      <trkpt lat="49.324270449578762054443359375" lon="11.14972469396889209747314453125">
        <ele>373.79998779296875</ele>
        <time>2025-10-05T08:46:27.000Z</time>
        <extensions>
          <ns3:TrackPointExtension>
            <ns3:atemp>19.0</ns3:atemp>
            <ns3:hr>133</ns3:hr>
          </ns3:TrackPointExtension>
        </extensions>
      </trkpt>
      <trkpt lat="49.324351586401462554931640625" lon="11.14969946444034576416015625">
        <ele>373.600006103515625</ele>
        <time>2025-10-05T08:46:30.000Z</time>
        <extensions>
          <ns3:TrackPointExtension>
            <ns3:atemp>19.0</ns3:atemp>
            <ns3:hr>133</ns3:hr>
          </ns3:TrackPointExtension>
        </extensions>
      </trkpt>
      <trkpt lat="49.3244183063507080078125" lon="11.14964087493717670440673828125">
        <ele>373.399993896484375</ele>
        <time>2025-10-05T08:46:33.000Z</time>
        <extensions>
          <ns3:TrackPointExtension>
            <ns3:atemp>19.0</ns3:atemp>
            <ns3:hr>134</ns3:hr>
          </ns3:TrackPointExtension>
        </extensions>
      </trkpt>
      <trkpt lat="49.3245418556034564971923828125" lon="11.149568371474742889404296875">
        <ele>373.20001220703125</ele>
        <time>2025-10-05T08:46:37.000Z</time>
        <extensions>
          <ns3:TrackPointExtension>
            <ns3:atemp>19.0</ns3:atemp>
            <ns3:hr>131</ns3:hr>
          </ns3:TrackPointExtension>
        </extensions>
      </trkpt>
      <trkpt lat="49.32456909678876399993896484375" lon="11.1495614983141422271728515625">
        <ele>373.20001220703125</ele>
        <time>2025-10-05T08:46:38.000Z</time>
        <extensions>
          <ns3:TrackPointExtension>
            <ns3:atemp>19.0</ns3:atemp>
            <ns3:hr>128</ns3:hr>
          </ns3:TrackPointExtension>
        </extensions>
      </trkpt>
      <trkpt lat="49.3246330507099628448486328125" lon="11.149560324847698211669921875">
        <ele>373</ele>
        <time>2025-10-05T08:46:40.000Z</time>
        <extensions>
          <ns3:TrackPointExtension>
            <ns3:atemp>19.0</ns3:atemp>
            <ns3:hr>126</ns3:hr>
          </ns3:TrackPointExtension>
        </extensions>
      </trkpt>
      <trkpt lat="49.32471008040010929107666015625" lon="11.14957281388342380523681640625">
        <ele>372.79998779296875</ele>
        <time>2025-10-05T08:46:42.000Z</time>
        <extensions>
          <ns3:TrackPointExtension>
            <ns3:atemp>19.0</ns3:atemp>
            <ns3:hr>121</ns3:hr>
          </ns3:TrackPointExtension>
        </extensions>
      </trkpt>
      <trkpt lat="49.32474377565085887908935546875" lon="11.14952587522566318511962890625">
        <ele>372.600006103515625</ele>
        <time>2025-10-05T08:46:44.000Z</time>
        <extensions>
          <ns3:TrackPointExtension>
            <ns3:atemp>19.0</ns3:atemp>
            <ns3:hr>118</ns3:hr>
          </ns3:TrackPointExtension>
        </extensions>
      </trkpt>
      <trkpt lat="49.3247617967426776885986328125" lon="11.149508021771907806396484375">
        <ele>372.600006103515625</ele>
        <time>2025-10-05T08:46:45.000Z</time>
        <extensions>
          <ns3:TrackPointExtension>
            <ns3:atemp>19.0</ns3:atemp>
            <ns3:hr>118</ns3:hr>
          </ns3:TrackPointExtension>
        </extensions>
      </trkpt>
      <trkpt lat="49.3247721903026103973388671875" lon="11.14949720911681652069091796875">
        <ele>372.600006103515625</ele>
        <time>2025-10-05T08:46:46.000Z</time>
        <extensions>
          <ns3:TrackPointExtension>
            <ns3:atemp>19.0</ns3:atemp>
            <ns3:hr>118</ns3:hr>
          </ns3:TrackPointExtension>
        </extensions>
      </trkpt>
      <trkpt lat="49.32488375343382358551025390625" lon="11.149454377591609954833984375">
        <ele>372.20001220703125</ele>
        <time>2025-10-05T08:46:50.000Z</time>
        <extensions>
          <ns3:TrackPointExtension>
            <ns3:atemp>19.0</ns3:atemp>
            <ns3:hr>121</ns3:hr>
          </ns3:TrackPointExtension>
        </extensions>
      </trkpt>
      <trkpt lat="49.324987940490245819091796875" lon="11.1494086124002933502197265625">
        <ele>371.79998779296875</ele>
        <time>2025-10-05T08:46:54.000Z</time>
        <extensions>
          <ns3:TrackPointExtension>
            <ns3:atemp>19.0</ns3:atemp>
            <ns3:hr>124</ns3:hr>
          </ns3:TrackPointExtension>
        </extensions>
      </trkpt>
      <trkpt lat="49.32507284916937351226806640625" lon="11.14934004843235015869140625">
        <ele>371.79998779296875</ele>
        <time>2025-10-05T08:46:59.000Z</time>
        <extensions>
          <ns3:TrackPointExtension>
            <ns3:atemp>19.0</ns3:atemp>
            <ns3:hr>127</ns3:hr>
          </ns3:TrackPointExtension>
        </extensions>
      </trkpt>
      <trkpt lat="49.3251269124448299407958984375" lon="11.14929101429879665374755859375">
        <ele>371.600006103515625</ele>
        <time>2025-10-05T08:47:02.000Z</time>
        <extensions>
          <ns3:TrackPointExtension>
            <ns3:atemp>19.0</ns3:atemp>
            <ns3:hr>126</ns3:hr>
          </ns3:TrackPointExtension>
        </extensions>
      </trkpt>
      <trkpt lat="49.32521148584783077239990234375" lon="11.14928363822400569915771484375">
        <ele>371.399993896484375</ele>
        <time>2025-10-05T08:47:06.000Z</time>
        <extensions>
          <ns3:TrackPointExtension>
            <ns3:atemp>19.0</ns3:atemp>
            <ns3:hr>126</ns3:hr>
          </ns3:TrackPointExtension>
        </extensions>
      </trkpt>
      <trkpt lat="49.3253906071186065673828125" lon="11.1491987295448780059814453125">
        <ele>371.20001220703125</ele>
        <time>2025-10-05T08:47:13.000Z</time>
        <extensions>
          <ns3:TrackPointExtension>
            <ns3:atemp>19.0</ns3:atemp>
            <ns3:hr>128</ns3:hr>
          </ns3:TrackPointExtension>
        </extensions>
      </trkpt>
      <trkpt lat="49.32554609142243862152099609375" lon="11.14914014004170894622802734375">
        <ele>370.79998779296875</ele>
        <time>2025-10-05T08:47:19.000Z</time>
        <extensions>
          <ns3:TrackPointExtension>
            <ns3:atemp>19.0</ns3:atemp>
            <ns3:hr>129</ns3:hr>
          </ns3:TrackPointExtension>
        </extensions>
      </trkpt>
      <trkpt lat="49.3256539665162563323974609375" lon="11.14907995797693729400634765625">
        <ele>370.79998779296875</ele>
        <time>2025-10-05T08:47:24.000Z</time>
        <extensions>
          <ns3:TrackPointExtension>
            <ns3:atemp>19.0</ns3:atemp>
            <ns3:hr>129</ns3:hr>
          </ns3:TrackPointExtension>
        </extensions>
      </trkpt>
      <trkpt lat="49.3257682956755161285400390625" lon="11.148978285491466522216796875">
        <ele>370.600006103515625</ele>
        <time>2025-10-05T08:47:30.000Z</time>
        <extensions>
          <ns3:TrackPointExtension>
            <ns3:atemp>19.0</ns3:atemp>
            <ns3:hr>130</ns3:hr>
          </ns3:TrackPointExtension>
        </extensions>
      </trkpt>
      <trkpt lat="49.32591573335230350494384765625" lon="11.14888750948011875152587890625">
        <ele>370.20001220703125</ele>
        <time>2025-10-05T08:47:37.000Z</time>
        <extensions>
          <ns3:TrackPointExtension>
            <ns3:atemp>19.0</ns3:atemp>
            <ns3:hr>130</ns3:hr>
          </ns3:TrackPointExtension>
        </extensions>
      </trkpt>
      <trkpt lat="49.32606576941907405853271484375" lon="11.14875893108546733856201171875">
        <ele>370.399993896484375</ele>
        <time>2025-10-05T08:47:44.000Z</time>
        <extensions>
          <ns3:TrackPointExtension>
            <ns3:atemp>19.0</ns3:atemp>
            <ns3:hr>131</ns3:hr>
          </ns3:TrackPointExtension>
        </extensions>
      </trkpt>
      <trkpt lat="49.3261729739606380462646484375" lon="11.14874853752553462982177734375">
        <ele>370.399993896484375</ele>
        <time>2025-10-05T08:47:49.000Z</time>
        <extensions>
          <ns3:TrackPointExtension>
            <ns3:atemp>19.0</ns3:atemp>
            <ns3:hr>131</ns3:hr>
          </ns3:TrackPointExtension>
        </extensions>
      </trkpt>
      <trkpt lat="49.32619937695562839508056640625" lon="11.14874786697328090667724609375">
        <ele>370.399993896484375</ele>
        <time>2025-10-05T08:47:50.000Z</time>
        <extensions>
          <ns3:TrackPointExtension>
            <ns3:atemp>19.0</ns3:atemp>
            <ns3:hr>131</ns3:hr>
          </ns3:TrackPointExtension>
        </extensions>
      </trkpt>
      <trkpt lat="49.32635175995528697967529296875" lon="11.14873747341334819793701171875">
        <ele>371</ele>
        <time>2025-10-05T08:47:57.000Z</time>
        <extensions>
          <ns3:TrackPointExtension>
            <ns3:atemp>19.0</ns3:atemp>
            <ns3:hr>131</ns3:hr>
          </ns3:TrackPointExtension>
        </extensions>
      </trkpt>
      <trkpt lat="49.3263935856521129608154296875" lon="11.14875172264873981475830078125">
        <ele>371.399993896484375</ele>
        <time>2025-10-05T08:48:01.000Z</time>
        <extensions>
          <ns3:TrackPointExtension>
            <ns3:atemp>19.0</ns3:atemp>
            <ns3:hr>130</ns3:hr>
          </ns3:TrackPointExtension>
        </extensions>
      </trkpt>
      <trkpt lat="49.32643943466246128082275390625" lon="11.14877569489181041717529296875">
        <ele>371.399993896484375</ele>
        <time>2025-10-05T08:48:05.000Z</time>
        <extensions>
          <ns3:TrackPointExtension>
            <ns3:atemp>19.0</ns3:atemp>
            <ns3:hr>128</ns3:hr>
          </ns3:TrackPointExtension>
        </extensions>
      </trkpt>
      <trkpt lat="49.32644379325211048126220703125" lon="11.1487769521772861480712890625">
        <ele>371.399993896484375</ele>
        <time>2025-10-05T08:48:07.000Z</time>
        <extensions>
          <ns3:TrackPointExtension>
            <ns3:atemp>19.0</ns3:atemp>
            <ns3:hr>128</ns3:hr>
          </ns3:TrackPointExtension>
        </extensions>
      </trkpt>
      <trkpt lat="49.32643574662506580352783203125" lon="11.1487601883709430694580078125">
        <ele>370.79998779296875</ele>
        <time>2025-10-05T08:48:32.000Z</time>
        <extensions>
          <ns3:TrackPointExtension>
            <ns3:atemp>19.0</ns3:atemp>
            <ns3:hr>129</ns3:hr>
          </ns3:TrackPointExtension>
        </extensions>
      </trkpt>
      <trkpt lat="49.3264321424067020416259765625" lon="11.14874283783137798309326171875">
        <ele>370.79998779296875</ele>
        <time>2025-10-05T08:48:33.000Z</time>
        <extensions>
          <ns3:TrackPointExtension>
            <ns3:atemp>19.0</ns3:atemp>
            <ns3:hr>129</ns3:hr>
          </ns3:TrackPointExtension>
        </extensions>
      </trkpt>
      <trkpt lat="49.3264308013021945953369140625" lon="11.1487209610641002655029296875">
        <ele>370.79998779296875</ele>
        <time>2025-10-05T08:48:34.000Z</time>
        <extensions>
          <ns3:TrackPointExtension>
            <ns3:atemp>19.0</ns3:atemp>
            <ns3:hr>129</ns3:hr>
          </ns3:TrackPointExtension>
        </extensions>
      </trkpt>
      <trkpt lat="49.32643876411020755767822265625" lon="11.14870729856193065643310546875">
        <ele>370.79998779296875</ele>
        <time>2025-10-05T08:48:35.000Z</time>
        <extensions>
          <ns3:TrackPointExtension>
            <ns3:atemp>19.0</ns3:atemp>
            <ns3:hr>129</ns3:hr>
          </ns3:TrackPointExtension>
        </extensions>
      </trkpt>
      <trkpt lat="49.32646575383841991424560546875" lon="11.1487005092203617095947265625">
        <ele>370.79998779296875</ele>
        <time>2025-10-05T08:48:38.000Z</time>
        <extensions>
          <ns3:TrackPointExtension>
            <ns3:atemp>19.0</ns3:atemp>
            <ns3:hr>128</ns3:hr>
          </ns3:TrackPointExtension>
        </extensions>
      </trkpt>
      <trkpt lat="49.3265173025429248809814453125" lon="11.1486379802227020263671875">
        <ele>370.79998779296875</ele>
        <time>2025-10-05T08:48:44.000Z</time>
        <extensions>
          <ns3:TrackPointExtension>
            <ns3:atemp>19.0</ns3:atemp>
            <ns3:hr>125</ns3:hr>
          </ns3:TrackPointExtension>
        </extensions>
      </trkpt>
      <trkpt lat="49.3265300430357456207275390625" lon="11.14860646426677703857421875">
        <ele>370.600006103515625</ele>
        <time>2025-10-05T08:48:45.000Z</time>
        <extensions>
          <ns3:TrackPointExtension>
            <ns3:atemp>19.0</ns3:atemp>
            <ns3:hr>127</ns3:hr>
          </ns3:TrackPointExtension>
        </extensions>
      </trkpt>
      <trkpt lat="49.3265689350664615631103515625" lon="11.14856497384607791900634765625">
        <ele>370.600006103515625</ele>
        <time>2025-10-05T08:48:47.000Z</time>
        <extensions>
          <ns3:TrackPointExtension>
            <ns3:atemp>19.0</ns3:atemp>
            <ns3:hr>124</ns3:hr>
          </ns3:TrackPointExtension>
        </extensions>
      </trkpt>
      <trkpt lat="49.32664076797664165496826171875" lon="11.14850881509482860565185546875">
        <ele>370.20001220703125</ele>
        <time>2025-10-05T08:48:50.000Z</time>
        <extensions>
          <ns3:TrackPointExtension>
            <ns3:atemp>19.0</ns3:atemp>
            <ns3:hr>124</ns3:hr>
          </ns3:TrackPointExtension>
        </extensions>
      </trkpt>
      <trkpt lat="49.32667194865643978118896484375" lon="11.148455254733562469482421875">
        <ele>369.79998779296875</ele>
        <time>2025-10-05T08:48:52.000Z</time>
        <extensions>
          <ns3:TrackPointExtension>
            <ns3:atemp>19.0</ns3:atemp>
            <ns3:hr>125</ns3:hr>
          </ns3:TrackPointExtension>
        </extensions>
      </trkpt>
      <trkpt lat="49.32671670801937580108642578125" lon="11.148423068225383758544921875">
        <ele>369.79998779296875</ele>
        <time>2025-10-05T08:48:54.000Z</time>
        <extensions>
          <ns3:TrackPointExtension>
            <ns3:atemp>19.0</ns3:atemp>
            <ns3:hr>125</ns3:hr>
          </ns3:TrackPointExtension>
        </extensions>
      </trkpt>
      <trkpt lat="49.32677387259900569915771484375" lon="11.1483783088624477386474609375">
        <ele>369.600006103515625</ele>
        <time>2025-10-05T08:48:56.000Z</time>
        <extensions>
          <ns3:TrackPointExtension>
            <ns3:atemp>19.0</ns3:atemp>
            <ns3:hr>122</ns3:hr>
          </ns3:TrackPointExtension>
        </extensions>
      </trkpt>
      <trkpt lat="49.32683455757796764373779296875" lon="11.148276887834072113037109375">
        <ele>369.399993896484375</ele>
        <time>2025-10-05T08:48:59.000Z</time>
        <extensions>
          <ns3:TrackPointExtension>
            <ns3:atemp>19.0</ns3:atemp>
            <ns3:hr>124</ns3:hr>
          </ns3:TrackPointExtension>
        </extensions>
      </trkpt>
      <trkpt lat="49.32700135745108127593994140625" lon="11.1480423621833324432373046875">
        <ele>369.399993896484375</ele>
        <time>2025-10-05T08:49:07.000Z</time>
        <extensions>
          <ns3:TrackPointExtension>
            <ns3:atemp>19.0</ns3:atemp>
            <ns3:hr>126</ns3:hr>
          </ns3:TrackPointExtension>
        </extensions>
      </trkpt>
      <trkpt lat="49.3270755372941493988037109375" lon="11.14794194698333740234375">
        <ele>369</ele>
        <time>2025-10-05T08:49:11.000Z</time>
        <extensions>
          <ns3:TrackPointExtension>
            <ns3:atemp>19.0</ns3:atemp>
            <ns3:hr>125</ns3:hr>
          </ns3:TrackPointExtension>
        </extensions>
      </trkpt>
      <trkpt lat="49.32713513262569904327392578125" lon="11.14789123646914958953857421875">
        <ele>368.79998779296875</ele>
        <time>2025-10-05T08:49:13.000Z</time>
        <extensions>
          <ns3:TrackPointExtension>
            <ns3:atemp>19.0</ns3:atemp>
            <ns3:hr>124</ns3:hr>
          </ns3:TrackPointExtension>
        </extensions>
      </trkpt>
      <trkpt lat="49.3271962366998195648193359375" lon="11.14781714044511318206787109375">
        <ele>368.600006103515625</ele>
        <time>2025-10-05T08:49:15.000Z</time>
        <extensions>
          <ns3:TrackPointExtension>
            <ns3:atemp>19.0</ns3:atemp>
            <ns3:hr>125</ns3:hr>
          </ns3:TrackPointExtension>
        </extensions>
      </trkpt>
      <trkpt lat="49.3272515572607517242431640625" lon="11.14778428338468074798583984375">
        <ele>368.399993896484375</ele>
        <time>2025-10-05T08:49:17.000Z</time>
        <extensions>
          <ns3:TrackPointExtension>
            <ns3:atemp>19.0</ns3:atemp>
            <ns3:hr>125</ns3:hr>
          </ns3:TrackPointExtension>
        </extensions>
      </trkpt>
      <trkpt lat="49.32727360166609287261962890625" lon="11.1477624066174030303955078125">
        <ele>368.399993896484375</ele>
        <time>2025-10-05T08:49:18.000Z</time>
        <extensions>
          <ns3:TrackPointExtension>
            <ns3:atemp>19.0</ns3:atemp>
            <ns3:hr>126</ns3:hr>
          </ns3:TrackPointExtension>
        </extensions>
      </trkpt>
      <trkpt lat="49.32736161164939403533935546875" lon="11.14774069748818874359130859375">
        <ele>368</ele>
        <time>2025-10-05T08:49:21.000Z</time>
        <extensions>
          <ns3:TrackPointExtension>
            <ns3:atemp>19.0</ns3:atemp>
            <ns3:hr>126</ns3:hr>
          </ns3:TrackPointExtension>
        </extensions>
      </trkpt>
      <trkpt lat="49.32741324417293071746826171875" lon="11.1477010510861873626708984375">
        <ele>367.79998779296875</ele>
        <time>2025-10-05T08:49:23.000Z</time>
        <extensions>
          <ns3:TrackPointExtension>
            <ns3:atemp>19.0</ns3:atemp>
            <ns3:hr>127</ns3:hr>
          </ns3:TrackPointExtension>
        </extensions>
      </trkpt>
      <trkpt lat="49.327542744576930999755859375" lon="11.1476299725472927093505859375">
        <ele>367.600006103515625</ele>
        <time>2025-10-05T08:49:29.000Z</time>
        <extensions>
          <ns3:TrackPointExtension>
            <ns3:atemp>19.0</ns3:atemp>
            <ns3:hr>127</ns3:hr>
          </ns3:TrackPointExtension>
        </extensions>
      </trkpt>
      <trkpt lat="49.327729828655719757080078125" lon="11.14760222844779491424560546875">
        <ele>367.399993896484375</ele>
        <time>2025-10-05T08:49:35.000Z</time>
        <extensions>
          <ns3:TrackPointExtension>
            <ns3:atemp>19.0</ns3:atemp>
            <ns3:hr>128</ns3:hr>
          </ns3:TrackPointExtension>
        </extensions>
      </trkpt>
      <trkpt lat="49.3277856521308422088623046875" lon="11.1475964449346065521240234375">
        <ele>367.20001220703125</ele>
        <time>2025-10-05T08:49:37.000Z</time>
        <extensions>
          <ns3:TrackPointExtension>
            <ns3:atemp>19.0</ns3:atemp>
            <ns3:hr>129</ns3:hr>
          </ns3:TrackPointExtension>
        </extensions>
      </trkpt>
      <trkpt lat="49.3279194273054599761962890625" lon="11.1475865542888641357421875">
        <ele>366.79998779296875</ele>
        <time>2025-10-05T08:49:43.000Z</time>
        <extensions>
          <ns3:TrackPointExtension>
            <ns3:atemp>19.0</ns3:atemp>
            <ns3:hr>128</ns3:hr>
          </ns3:TrackPointExtension>
        </extensions>
      </trkpt>
      <trkpt lat="49.32810441590845584869384765625" lon="11.14756082184612751007080078125">
        <ele>366.399993896484375</ele>
        <time>2025-10-05T08:49:49.000Z</time>
        <extensions>
          <ns3:TrackPointExtension>
            <ns3:atemp>19.0</ns3:atemp>
            <ns3:hr>129</ns3:hr>
          </ns3:TrackPointExtension>
        </extensions>
      </trkpt>
      <trkpt lat="49.32826048694550991058349609375" lon="11.147554032504558563232421875">
        <ele>365.79998779296875</ele>
        <time>2025-10-05T08:49:55.000Z</time>
        <extensions>
          <ns3:TrackPointExtension>
            <ns3:atemp>19.0</ns3:atemp>
            <ns3:hr>132</ns3:hr>
          </ns3:TrackPointExtension>
        </extensions>
      </trkpt>
      <trkpt lat="49.328393004834651947021484375" lon="11.14755143411457538604736328125">
        <ele>365.600006103515625</ele>
        <time>2025-10-05T08:50:01.000Z</time>
        <extensions>
          <ns3:TrackPointExtension>
            <ns3:atemp>19.0</ns3:atemp>
            <ns3:hr>132</ns3:hr>
          </ns3:TrackPointExtension>
        </extensions>
      </trkpt>
      <trkpt lat="49.32851730845868587493896484375" lon="11.14758278243243694305419921875">
        <ele>365.20001220703125</ele>
        <time>2025-10-05T08:50:05.000Z</time>
        <extensions>
          <ns3:TrackPointExtension>
            <ns3:atemp>19.0</ns3:atemp>
            <ns3:hr>132</ns3:hr>
          </ns3:TrackPointExtension>
        </extensions>
      </trkpt>
      <trkpt lat="49.3286188133060932159423828125" lon="11.1475731432437896728515625">
        <ele>365</ele>
        <time>2025-10-05T08:50:09.000Z</time>
        <extensions>
          <ns3:TrackPointExtension>
            <ns3:atemp>19.0</ns3:atemp>
            <ns3:hr>132</ns3:hr>
          </ns3:TrackPointExtension>
        </extensions>
      </trkpt>
      <trkpt lat="49.32873507030308246612548828125" lon="11.1476039886474609375">
        <ele>365</ele>
        <time>2025-10-05T08:50:13.000Z</time>
        <extensions>
          <ns3:TrackPointExtension>
            <ns3:atemp>19.0</ns3:atemp>
            <ns3:hr>133</ns3:hr>
          </ns3:TrackPointExtension>
        </extensions>
      </trkpt>
      <trkpt lat="49.32875166647136211395263671875" lon="11.1475946009159088134765625">
        <ele>365.20001220703125</ele>
        <time>2025-10-05T08:50:14.000Z</time>
        <extensions>
          <ns3:TrackPointExtension>
            <ns3:atemp>19.0</ns3:atemp>
            <ns3:hr>133</ns3:hr>
          </ns3:TrackPointExtension>
        </extensions>
      </trkpt>
      <trkpt lat="49.3287462182343006134033203125" lon="11.14760071970522403717041015625">
        <ele>365</ele>
        <time>2025-10-05T08:50:16.000Z</time>
        <extensions>
          <ns3:TrackPointExtension>
            <ns3:atemp>19.0</ns3:atemp>
            <ns3:hr>133</ns3:hr>
          </ns3:TrackPointExtension>
        </extensions>
      </trkpt>
      <trkpt lat="49.32879458181560039520263671875" lon="11.147619746625423431396484375">
        <ele>365</ele>
        <time>2025-10-05T08:50:18.000Z</time>
        <extensions>
          <ns3:TrackPointExtension>
            <ns3:atemp>19.0</ns3:atemp>
            <ns3:hr>134</ns3:hr>
          </ns3:TrackPointExtension>
        </extensions>
      </trkpt>
      <trkpt lat="49.32894377969205379486083984375" lon="11.147638522088527679443359375">
        <ele>364.600006103515625</ele>
        <time>2025-10-05T08:50:25.000Z</time>
        <extensions>
          <ns3:TrackPointExtension>
            <ns3:atemp>19.0</ns3:atemp>
            <ns3:hr>135</ns3:hr>
          </ns3:TrackPointExtension>
        </extensions>
      </trkpt>
      <trkpt lat="49.32897068560123443603515625" lon="11.14764782600104808807373046875">
        <ele>364.600006103515625</ele>
        <time>2025-10-05T08:50:26.000Z</time>
        <extensions>
          <ns3:TrackPointExtension>
            <ns3:atemp>19.0</ns3:atemp>
            <ns3:hr>136</ns3:hr>
          </ns3:TrackPointExtension>
        </extensions>
      </trkpt>
      <trkpt lat="49.32906514964997768402099609375" lon="11.1476670205593109130859375">
        <ele>364.600006103515625</ele>
        <time>2025-10-05T08:50:29.000Z</time>
        <extensions>
          <ns3:TrackPointExtension>
            <ns3:atemp>19.0</ns3:atemp>
            <ns3:hr>136</ns3:hr>
          </ns3:TrackPointExtension>
        </extensions>
      </trkpt>
      <trkpt lat="49.329237900674343109130859375" lon="11.1476886458694934844970703125">
        <ele>364.399993896484375</ele>
        <time>2025-10-05T08:50:34.000Z</time>
        <extensions>
          <ns3:TrackPointExtension>
            <ns3:atemp>19.0</ns3:atemp>
            <ns3:hr>138</ns3:hr>
          </ns3:TrackPointExtension>
        </extensions>
      </trkpt>
      <trkpt lat="49.32936354540288448333740234375" lon="11.1477020569145679473876953125">
        <ele>364.20001220703125</ele>
        <time>2025-10-05T08:50:38.000Z</time>
        <extensions>
          <ns3:TrackPointExtension>
            <ns3:atemp>19.0</ns3:atemp>
            <ns3:hr>140</ns3:hr>
          </ns3:TrackPointExtension>
        </extensions>
      </trkpt>
      <trkpt lat="49.3293943069875240325927734375" lon="11.147710271179676055908203125">
        <ele>364.20001220703125</ele>
        <time>2025-10-05T08:50:39.000Z</time>
        <extensions>
          <ns3:TrackPointExtension>
            <ns3:atemp>19.0</ns3:atemp>
            <ns3:hr>141</ns3:hr>
          </ns3:TrackPointExtension>
        </extensions>
      </trkpt>
      <trkpt lat="49.32952917180955410003662109375" lon="11.14773248322308063507080078125">
        <ele>364</ele>
        <time>2025-10-05T08:50:43.000Z</time>
        <extensions>
          <ns3:TrackPointExtension>
            <ns3:atemp>19.0</ns3:atemp>
            <ns3:hr>138</ns3:hr>
          </ns3:TrackPointExtension>
        </extensions>
      </trkpt>
      <trkpt lat="49.3296732567250728607177734375" lon="11.14784413017332553863525390625">
        <ele>363.79998779296875</ele>
        <time>2025-10-05T08:50:47.000Z</time>
        <extensions>
          <ns3:TrackPointExtension>
            <ns3:atemp>19.0</ns3:atemp>
            <ns3:hr>139</ns3:hr>
          </ns3:TrackPointExtension>
        </extensions>
      </trkpt>
      <trkpt lat="49.32984131388366222381591796875" lon="11.14797589369118213653564453125">
        <ele>363.20001220703125</ele>
        <time>2025-10-05T08:50:55.000Z</time>
        <extensions>
          <ns3:TrackPointExtension>
            <ns3:atemp>19.0</ns3:atemp>
            <ns3:hr>139</ns3:hr>
          </ns3:TrackPointExtension>
        </extensions>
      </trkpt>
      <trkpt lat="49.32990082539618015289306640625" lon="11.14803825505077838897705078125">
        <ele>362.79998779296875</ele>
        <time>2025-10-05T08:50:58.000Z</time>
        <extensions>
          <ns3:TrackPointExtension>
            <ns3:atemp>19.0</ns3:atemp>
            <ns3:hr>138</ns3:hr>
          </ns3:TrackPointExtension>
        </extensions>
      </trkpt>
      <trkpt lat="49.33010702021420001983642578125" lon="11.14823824726045131683349609375">
        <ele>362.20001220703125</ele>
        <time>2025-10-05T08:51:07.000Z</time>
        <extensions>
          <ns3:TrackPointExtension>
            <ns3:atemp>19.0</ns3:atemp>
            <ns3:hr>137</ns3:hr>
          </ns3:TrackPointExtension>
        </extensions>
      </trkpt>
      <trkpt lat="49.33020844124257564544677734375" lon="11.1483348906040191650390625">
        <ele>362.20001220703125</ele>
        <time>2025-10-05T08:51:13.000Z</time>
        <extensions>
          <ns3:TrackPointExtension>
            <ns3:atemp>19.0</ns3:atemp>
            <ns3:hr>135</ns3:hr>
          </ns3:TrackPointExtension>
        </extensions>
      </trkpt>
      <trkpt lat="49.3302677012979984283447265625" lon="11.14841468632221221923828125">
        <ele>363</ele>
        <time>2025-10-05T08:51:19.000Z</time>
        <extensions>
          <ns3:TrackPointExtension>
            <ns3:atemp>19.0</ns3:atemp>
            <ns3:hr>136</ns3:hr>
          </ns3:TrackPointExtension>
        </extensions>
      </trkpt>
      <trkpt lat="49.33028941042721271514892578125" lon="11.14843756891787052154541015625">
        <ele>363.20001220703125</ele>
        <time>2025-10-05T08:51:21.000Z</time>
        <extensions>
          <ns3:TrackPointExtension>
            <ns3:atemp>19.0</ns3:atemp>
            <ns3:hr>136</ns3:hr>
          </ns3:TrackPointExtension>
        </extensions>
      </trkpt>
      <trkpt lat="49.33034397661685943603515625" lon="11.14848685450851917266845703125">
        <ele>363.399993896484375</ele>
        <time>2025-10-05T08:51:25.000Z</time>
        <extensions>
          <ns3:TrackPointExtension>
            <ns3:atemp>19.0</ns3:atemp>
            <ns3:hr>136</ns3:hr>
          </ns3:TrackPointExtension>
        </extensions>
      </trkpt>
      <trkpt lat="49.3304111994802951812744140625" lon="11.14853672683238983154296875">
        <ele>363.399993896484375</ele>
        <time>2025-10-05T08:51:31.000Z</time>
        <extensions>
          <ns3:TrackPointExtension>
            <ns3:atemp>19.0</ns3:atemp>
            <ns3:hr>132</ns3:hr>
          </ns3:TrackPointExtension>
        </extensions>
      </trkpt>
      <trkpt lat="49.33044196106493473052978515625" lon="11.14856421947479248046875">
        <ele>363.399993896484375</ele>
        <time>2025-10-05T08:51:34.000Z</time>
        <extensions>
          <ns3:TrackPointExtension>
            <ns3:atemp>19.0</ns3:atemp>
            <ns3:hr>129</ns3:hr>
          </ns3:TrackPointExtension>
        </extensions>
      </trkpt>
      <trkpt lat="49.33048705570399761199951171875" lon="11.14858366549015045166015625">
        <ele>363.399993896484375</ele>
        <time>2025-10-05T08:51:37.000Z</time>
        <extensions>
          <ns3:TrackPointExtension>
            <ns3:atemp>19.0</ns3:atemp>
            <ns3:hr>126</ns3:hr>
          </ns3:TrackPointExtension>
        </extensions>
      </trkpt>
      <trkpt lat="49.330522008240222930908203125" lon="11.1486069671809673309326171875">
        <ele>363</ele>
        <time>2025-10-05T08:51:40.000Z</time>
        <extensions>
          <ns3:TrackPointExtension>
            <ns3:atemp>19.0</ns3:atemp>
            <ns3:hr>123</ns3:hr>
          </ns3:TrackPointExtension>
        </extensions>
      </trkpt>
      <trkpt lat="49.33054422028362751007080078125" lon="11.14863186143338680267333984375">
        <ele>362.79998779296875</ele>
        <time>2025-10-05T08:51:42.000Z</time>
        <extensions>
          <ns3:TrackPointExtension>
            <ns3:atemp>19.0</ns3:atemp>
            <ns3:hr>121</ns3:hr>
          </ns3:TrackPointExtension>
        </extensions>
      </trkpt>
      <trkpt lat="49.33058512397110462188720703125" lon="11.14866203628480434417724609375">
        <ele>362.600006103515625</ele>
        <time>2025-10-05T08:51:46.000Z</time>
        <extensions>
          <ns3:TrackPointExtension>
            <ns3:atemp>19.0</ns3:atemp>
            <ns3:hr>118</ns3:hr>
          </ns3:TrackPointExtension>
        </extensions>
      </trkpt>
      <trkpt lat="49.33061965741217136383056640625" lon="11.1486969888210296630859375">
        <ele>362.399993896484375</ele>
        <time>2025-10-05T08:51:50.000Z</time>
        <extensions>
          <ns3:TrackPointExtension>
            <ns3:atemp>19.0</ns3:atemp>
            <ns3:hr>116</ns3:hr>
          </ns3:TrackPointExtension>
        </extensions>
      </trkpt>
      <trkpt lat="49.33066139928996562957763671875" lon="11.14875398576259613037109375">
        <ele>362.399993896484375</ele>
        <time>2025-10-05T08:51:54.000Z</time>
        <extensions>
          <ns3:TrackPointExtension>
            <ns3:atemp>19.0</ns3:atemp>
            <ns3:hr>116</ns3:hr>
          </ns3:TrackPointExtension>
        </extensions>
      </trkpt>
      <trkpt lat="49.3307002075016498565673828125" lon="11.1487702466547489166259765625">
        <ele>362.399993896484375</ele>
        <time>2025-10-05T08:51:57.000Z</time>
        <extensions>
          <ns3:TrackPointExtension>
            <ns3:atemp>19.0</ns3:atemp>
            <ns3:hr>114</ns3:hr>
          </ns3:TrackPointExtension>
        </extensions>
      </trkpt>
      <trkpt lat="49.33073516003787517547607421875" lon="11.1487970687448978424072265625">
        <ele>362.399993896484375</ele>
        <time>2025-10-05T08:52:00.000Z</time>
        <extensions>
          <ns3:TrackPointExtension>
            <ns3:atemp>19.0</ns3:atemp>
            <ns3:hr>111</ns3:hr>
          </ns3:TrackPointExtension>
        </extensions>
      </trkpt>
      <trkpt lat="49.330772124230861663818359375" lon="11.14881039597094058990478515625">
        <ele>362.399993896484375</ele>
        <time>2025-10-05T08:52:03.000Z</time>
        <extensions>
          <ns3:TrackPointExtension>
            <ns3:atemp>19.0</ns3:atemp>
            <ns3:hr>108</ns3:hr>
          </ns3:TrackPointExtension>
        </extensions>
      </trkpt>
      <trkpt lat="49.33079651556909084320068359375" lon="11.1488235555589199066162109375">
        <ele>362.20001220703125</ele>
        <time>2025-10-05T08:52:05.000Z</time>
        <extensions>
          <ns3:TrackPointExtension>
            <ns3:atemp>19.0</ns3:atemp>
            <ns3:hr>107</ns3:hr>
          </ns3:TrackPointExtension>
        </extensions>
      </trkpt>
      <trkpt lat="49.330805651843547821044921875" lon="11.148836798965930938720703125">
        <ele>362.20001220703125</ele>
        <time>2025-10-05T08:52:06.000Z</time>
        <extensions>
          <ns3:TrackPointExtension>
            <ns3:atemp>19.0</ns3:atemp>
            <ns3:hr>107</ns3:hr>
          </ns3:TrackPointExtension>
        </extensions>
      </trkpt>
      <trkpt lat="49.3308701924979686737060546875" lon="11.1488889344036579132080078125">
        <ele>362</ele>
        <time>2025-10-05T08:52:12.000Z</time>
        <extensions>
          <ns3:TrackPointExtension>
            <ns3:atemp>19.0</ns3:atemp>
            <ns3:hr>107</ns3:hr>
          </ns3:TrackPointExtension>
        </extensions>
      </trkpt>
      <trkpt lat="49.33090648613870143890380859375" lon="11.14892388693988323211669921875">
        <ele>361.79998779296875</ele>
        <time>2025-10-05T08:52:15.000Z</time>
        <extensions>
          <ns3:TrackPointExtension>
            <ns3:atemp>19.0</ns3:atemp>
            <ns3:hr>104</ns3:hr>
          </ns3:TrackPointExtension>
        </extensions>
      </trkpt>
      <trkpt lat="49.3309831805527210235595703125" lon="11.14898960106074810028076171875">
        <ele>361.399993896484375</ele>
        <time>2025-10-05T08:52:21.000Z</time>
        <extensions>
          <ns3:TrackPointExtension>
            <ns3:atemp>19.0</ns3:atemp>
            <ns3:hr>103</ns3:hr>
          </ns3:TrackPointExtension>
        </extensions>
      </trkpt>
      <trkpt lat="49.33104294352233409881591796875" lon="11.14905749447643756866455078125">
        <ele>361.20001220703125</ele>
        <time>2025-10-05T08:52:27.000Z</time>
        <extensions>
          <ns3:TrackPointExtension>
            <ns3:atemp>19.0</ns3:atemp>
            <ns3:hr>107</ns3:hr>
          </ns3:TrackPointExtension>
        </extensions>
      </trkpt>
      <trkpt lat="49.33105953969061374664306640625" lon="11.1490941233932971954345703125">
        <ele>361.20001220703125</ele>
        <time>2025-10-05T08:52:29.000Z</time>
        <extensions>
          <ns3:TrackPointExtension>
            <ns3:atemp>19.0</ns3:atemp>
            <ns3:hr>109</ns3:hr>
          </ns3:TrackPointExtension>
        </extensions>
      </trkpt>
      <trkpt lat="49.3311404250562191009521484375" lon="11.14924558438360691070556640625">
        <ele>361.20001220703125</ele>
        <time>2025-10-05T08:52:37.000Z</time>
        <extensions>
          <ns3:TrackPointExtension>
            <ns3:atemp>19.0</ns3:atemp>
            <ns3:hr>108</ns3:hr>
          </ns3:TrackPointExtension>
        </extensions>
      </trkpt>
      <trkpt lat="49.33120773173868656158447265625" lon="11.14938564598560333251953125">
        <ele>361.20001220703125</ele>
        <time>2025-10-05T08:52:45.000Z</time>
        <extensions>
          <ns3:TrackPointExtension>
            <ns3:atemp>19.0</ns3:atemp>
            <ns3:hr>109</ns3:hr>
          </ns3:TrackPointExtension>
        </extensions>
      </trkpt>
      <trkpt lat="49.33126070536673069000244140625" lon="11.14955202676355838775634765625">
        <ele>360.600006103515625</ele>
        <time>2025-10-05T08:52:53.000Z</time>
        <extensions>
          <ns3:TrackPointExtension>
            <ns3:atemp>19.0</ns3:atemp>
            <ns3:hr>108</ns3:hr>
          </ns3:TrackPointExtension>
        </extensions>
      </trkpt>
      <trkpt lat="49.33131636120378971099853515625" lon="11.1497162282466888427734375">
        <ele>360.20001220703125</ele>
        <time>2025-10-05T08:53:01.000Z</time>
        <extensions>
          <ns3:TrackPointExtension>
            <ns3:atemp>19.0</ns3:atemp>
            <ns3:hr>107</ns3:hr>
          </ns3:TrackPointExtension>
        </extensions>
      </trkpt>
      <trkpt lat="49.33132692240178585052490234375" lon="11.14973844029009342193603515625">
        <ele>360</ele>
        <time>2025-10-05T08:53:02.000Z</time>
        <extensions>
          <ns3:TrackPointExtension>
            <ns3:atemp>19.0</ns3:atemp>
            <ns3:hr>107</ns3:hr>
          </ns3:TrackPointExtension>
        </extensions>
      </trkpt>
      <trkpt lat="49.33135810308158397674560546875" lon="11.1498562060296535491943359375">
        <ele>359.79998779296875</ele>
        <time>2025-10-05T08:53:09.000Z</time>
        <extensions>
          <ns3:TrackPointExtension>
            <ns3:atemp>19.0</ns3:atemp>
            <ns3:hr>107</ns3:hr>
          </ns3:TrackPointExtension>
        </extensions>
      </trkpt>
      <trkpt lat="49.33142096735537052154541015625" lon="11.14992938004434108734130859375">
        <ele>359.600006103515625</ele>
        <time>2025-10-05T08:53:15.000Z</time>
        <extensions>
          <ns3:TrackPointExtension>
            <ns3:atemp>19.0</ns3:atemp>
            <ns3:hr>107</ns3:hr>
          </ns3:TrackPointExtension>
        </extensions>
      </trkpt>
      <trkpt lat="49.3314344622194766998291015625" lon="11.14993088878691196441650390625">
        <ele>359.600006103515625</ele>
        <time>2025-10-05T08:53:17.000Z</time>
        <extensions>
          <ns3:TrackPointExtension>
            <ns3:atemp>19.0</ns3:atemp>
            <ns3:hr>107</ns3:hr>
          </ns3:TrackPointExtension>
        </extensions>
      </trkpt>
      <trkpt lat="49.3314629606902599334716796875" lon="11.1499309726059436798095703125">
        <ele>359.600006103515625</ele>
        <time>2025-10-05T08:53:23.000Z</time>
        <extensions>
          <ns3:TrackPointExtension>
            <ns3:atemp>19.0</ns3:atemp>
            <ns3:hr>108</ns3:hr>
          </ns3:TrackPointExtension>
        </extensions>
      </trkpt>
      <trkpt lat="49.33148953132331371307373046875" lon="11.149940527975559234619140625">
        <ele>359.600006103515625</ele>
        <time>2025-10-05T08:53:25.000Z</time>
        <extensions>
          <ns3:TrackPointExtension>
            <ns3:atemp>19.0</ns3:atemp>
            <ns3:hr>108</ns3:hr>
          </ns3:TrackPointExtension>
        </extensions>
      </trkpt>
      <trkpt lat="49.33152942918241024017333984375" lon="11.14991881884634494781494140625">
        <ele>359.600006103515625</ele>
        <time>2025-10-05T08:53:29.000Z</time>
        <extensions>
          <ns3:TrackPointExtension>
            <ns3:atemp>19.0</ns3:atemp>
            <ns3:hr>108</ns3:hr>
          </ns3:TrackPointExtension>
        </extensions>
      </trkpt>
      <trkpt lat="49.33156614191830158233642578125" lon="11.149892248213291168212890625">
        <ele>359.600006103515625</ele>
        <time>2025-10-05T08:53:33.000Z</time>
        <extensions>
          <ns3:TrackPointExtension>
            <ns3:atemp>19.0</ns3:atemp>
            <ns3:hr>109</ns3:hr>
          </ns3:TrackPointExtension>
        </extensions>
      </trkpt>
      <trkpt lat="49.331603944301605224609375" lon="11.1498944275081157684326171875">
        <ele>359.600006103515625</ele>
        <time>2025-10-05T08:53:36.000Z</time>
        <extensions>
          <ns3:TrackPointExtension>
            <ns3:atemp>20.0</ns3:atemp>
            <ns3:hr>108</ns3:hr>
          </ns3:TrackPointExtension>
        </extensions>
      </trkpt>
      <trkpt lat="49.33165364898741245269775390625" lon="11.14986567758023738861083984375">
        <ele>359.600006103515625</ele>
        <time>2025-10-05T08:53:41.000Z</time>
        <extensions>
          <ns3:TrackPointExtension>
            <ns3:atemp>19.0</ns3:atemp>
            <ns3:hr>107</ns3:hr>
          </ns3:TrackPointExtension>
        </extensions>
      </trkpt>
      <trkpt lat="49.33166990987956523895263671875" lon="11.14985327236354351043701171875">
        <ele>359.600006103515625</ele>
        <time>2025-10-05T08:53:42.000Z</time>
        <extensions>
          <ns3:TrackPointExtension>
            <ns3:atemp>20.0</ns3:atemp>
            <ns3:hr>107</ns3:hr>
          </ns3:TrackPointExtension>
        </extensions>
      </trkpt>
      <trkpt lat="49.331743419170379638671875" lon="11.14982762373983860015869140625">
        <ele>359.600006103515625</ele>
        <time>2025-10-05T08:53:46.000Z</time>
        <extensions>
          <ns3:TrackPointExtension>
            <ns3:atemp>20.0</ns3:atemp>
            <ns3:hr>105</ns3:hr>
          </ns3:TrackPointExtension>
        </extensions>
      </trkpt>
      <trkpt lat="49.331755824387073516845703125" lon="11.14981890656054019927978515625">
        <ele>359.79998779296875</ele>
        <time>2025-10-05T08:53:47.000Z</time>
        <extensions>
          <ns3:TrackPointExtension>
            <ns3:atemp>19.0</ns3:atemp>
            <ns3:hr>105</ns3:hr>
          </ns3:TrackPointExtension>
        </extensions>
      </trkpt>
      <trkpt lat="49.33176864869892597198486328125" lon="11.1498166434466838836669921875">
        <ele>359.79998779296875</ele>
        <time>2025-10-05T08:53:48.000Z</time>
        <extensions>
          <ns3:TrackPointExtension>
            <ns3:atemp>20.0</ns3:atemp>
            <ns3:hr>106</ns3:hr>
          </ns3:TrackPointExtension>
        </extensions>
      </trkpt>
      <trkpt lat="49.3318394757807254791259765625" lon="11.14980465732514858245849609375">
        <ele>359.79998779296875</ele>
        <time>2025-10-05T08:53:52.000Z</time>
        <extensions>
          <ns3:TrackPointExtension>
            <ns3:atemp>20.0</ns3:atemp>
            <ns3:hr>106</ns3:hr>
          </ns3:TrackPointExtension>
        </extensions>
      </trkpt>
      <trkpt lat="49.33195506222546100616455078125" lon="11.14978169091045856475830078125">
        <ele>359.399993896484375</ele>
        <time>2025-10-05T08:53:59.000Z</time>
        <extensions>
          <ns3:TrackPointExtension>
            <ns3:atemp>19.0</ns3:atemp>
            <ns3:hr>107</ns3:hr>
          </ns3:TrackPointExtension>
        </extensions>
      </trkpt>
      <trkpt lat="49.33197551406919956207275390625" lon="11.1497519351541996002197265625">
        <ele>359</ele>
        <time>2025-10-05T08:54:01.000Z</time>
        <extensions>
          <ns3:TrackPointExtension>
            <ns3:atemp>19.0</ns3:atemp>
            <ns3:hr>107</ns3:hr>
          </ns3:TrackPointExtension>
        </extensions>
      </trkpt>
      <trkpt lat="49.332041479647159576416015625" lon="11.14972720853984355926513671875">
        <ele>359.399993896484375</ele>
        <time>2025-10-05T08:54:06.000Z</time>
        <extensions>
          <ns3:TrackPointExtension>
            <ns3:atemp>19.0</ns3:atemp>
            <ns3:hr>105</ns3:hr>
          </ns3:TrackPointExtension>
        </extensions>
      </trkpt>
      <trkpt lat="49.33207157067954540252685546875" lon="11.1497395299375057220458984375">
        <ele>359.600006103515625</ele>
        <time>2025-10-05T08:54:08.000Z</time>
        <extensions>
          <ns3:TrackPointExtension>
            <ns3:atemp>19.0</ns3:atemp>
            <ns3:hr>109</ns3:hr>
          </ns3:TrackPointExtension>
        </extensions>
      </trkpt>
      <trkpt lat="49.3320875801146030426025390625" lon="11.1497499234974384307861328125">
        <ele>359.600006103515625</ele>
        <time>2025-10-05T08:54:09.000Z</time>
        <extensions>
          <ns3:TrackPointExtension>
            <ns3:atemp>19.0</ns3:atemp>
            <ns3:hr>106</ns3:hr>
          </ns3:TrackPointExtension>
        </extensions>
      </trkpt>
      <trkpt lat="49.33211180381476879119873046875" lon="11.1497432179749011993408203125">
        <ele>359.600006103515625</ele>
        <time>2025-10-05T08:54:11.000Z</time>
        <extensions>
          <ns3:TrackPointExtension>
            <ns3:atemp>19.0</ns3:atemp>
            <ns3:hr>105</ns3:hr>
          </ns3:TrackPointExtension>
        </extensions>
      </trkpt>
      <trkpt lat="49.332141391932964324951171875" lon="11.14973341114819049835205078125">
        <ele>359.399993896484375</ele>
        <time>2025-10-05T08:54:13.000Z</time>
        <extensions>
          <ns3:TrackPointExtension>
            <ns3:atemp>19.0</ns3:atemp>
            <ns3:hr>105</ns3:hr>
          </ns3:TrackPointExtension>
        </extensions>
      </trkpt>
      <trkpt lat="49.33220249600708484649658203125" lon="11.149724610149860382080078125">
        <ele>359.399993896484375</ele>
        <time>2025-10-05T08:54:17.000Z</time>
        <extensions>
          <ns3:TrackPointExtension>
            <ns3:atemp>19.0</ns3:atemp>
            <ns3:hr>104</ns3:hr>
          </ns3:TrackPointExtension>
        </extensions>
      </trkpt>
      <trkpt lat="49.33231296949088573455810546875" lon="11.14972737617790699005126953125">
        <ele>359.79998779296875</ele>
        <time>2025-10-05T08:54:25.000Z</time>
        <extensions>
          <ns3:TrackPointExtension>
            <ns3:atemp>19.0</ns3:atemp>
            <ns3:hr>106</ns3:hr>
          </ns3:TrackPointExtension>
        </extensions>
      </trkpt>
      <trkpt lat="49.33242813684046268463134765625" lon="11.14975620992481708526611328125">
        <ele>360</ele>
        <time>2025-10-05T08:54:32.000Z</time>
        <extensions>
          <ns3:TrackPointExtension>
            <ns3:atemp>19.0</ns3:atemp>
            <ns3:hr>106</ns3:hr>
          </ns3:TrackPointExtension>
        </extensions>
      </trkpt>
      <trkpt lat="49.33248613961040973663330078125" lon="11.149762161076068878173828125">
        <ele>360.20001220703125</ele>
        <time>2025-10-05T08:54:37.000Z</time>
        <extensions>
          <ns3:TrackPointExtension>
            <ns3:atemp>19.0</ns3:atemp>
            <ns3:hr>106</ns3:hr>
          </ns3:TrackPointExtension>
        </extensions>
      </trkpt>
      <trkpt lat="49.33251430280506610870361328125" lon="11.14976861514151096343994140625">
        <ele>360.399993896484375</ele>
        <time>2025-10-05T08:54:40.000Z</time>
        <extensions>
          <ns3:TrackPointExtension>
            <ns3:atemp>19.0</ns3:atemp>
            <ns3:hr>107</ns3:hr>
          </ns3:TrackPointExtension>
        </extensions>
      </trkpt>
      <trkpt lat="49.3325938470661640167236328125" lon="11.14980583079159259796142578125">
        <ele>360.600006103515625</ele>
        <time>2025-10-05T08:54:47.000Z</time>
        <extensions>
          <ns3:TrackPointExtension>
            <ns3:atemp>19.0</ns3:atemp>
            <ns3:hr>104</ns3:hr>
          </ns3:TrackPointExtension>
        </extensions>
      </trkpt>
      <trkpt lat="49.33261874131858348846435546875" lon="11.1498327367007732391357421875">
        <ele>360.600006103515625</ele>
        <time>2025-10-05T08:54:49.000Z</time>
        <extensions>
          <ns3:TrackPointExtension>
            <ns3:atemp>19.0</ns3:atemp>
            <ns3:hr>103</ns3:hr>
          </ns3:TrackPointExtension>
        </extensions>
      </trkpt>
      <trkpt lat="49.3327232636511325836181640625" lon="11.14983499981462955474853515625">
        <ele>361</ele>
        <time>2025-10-05T08:54:58.000Z</time>
        <extensions>
          <ns3:TrackPointExtension>
            <ns3:atemp>19.0</ns3:atemp>
            <ns3:hr>102</ns3:hr>
          </ns3:TrackPointExtension>
        </extensions>
      </trkpt>
      <trkpt lat="49.33274765498936176300048828125" lon="11.1498505063354969024658203125">
        <ele>360.79998779296875</ele>
        <time>2025-10-05T08:55:00.000Z</time>
        <extensions>
          <ns3:TrackPointExtension>
            <ns3:atemp>19.0</ns3:atemp>
            <ns3:hr>102</ns3:hr>
          </ns3:TrackPointExtension>
        </extensions>
      </trkpt>
      <trkpt lat="49.33280968107283115386962890625" lon="11.1499115265905857086181640625">
        <ele>360.600006103515625</ele>
        <time>2025-10-05T08:55:04.000Z</time>
        <extensions>
          <ns3:TrackPointExtension>
            <ns3:atemp>19.0</ns3:atemp>
            <ns3:hr>101</ns3:hr>
          </ns3:TrackPointExtension>
        </extensions>
      </trkpt>
      <trkpt lat="49.33282694779336452484130859375" lon="11.1499209143221378326416015625">
        <ele>360.600006103515625</ele>
        <time>2025-10-05T08:55:06.000Z</time>
        <extensions>
          <ns3:TrackPointExtension>
            <ns3:atemp>19.0</ns3:atemp>
            <ns3:hr>101</ns3:hr>
          </ns3:TrackPointExtension>
        </extensions>
      </trkpt>
      <trkpt lat="49.33287522755563259124755859375" lon="11.1499406956136226654052734375">
        <ele>360.600006103515625</ele>
        <time>2025-10-05T08:55:10.000Z</time>
        <extensions>
          <ns3:TrackPointExtension>
            <ns3:atemp>19.0</ns3:atemp>
            <ns3:hr>100</ns3:hr>
          </ns3:TrackPointExtension>
        </extensions>
      </trkpt>
      <trkpt lat="49.33288863860070705413818359375" lon="11.14994212053716182708740234375">
        <ele>360.399993896484375</ele>
        <time>2025-10-05T08:55:11.000Z</time>
        <extensions>
          <ns3:TrackPointExtension>
            <ns3:atemp>19.0</ns3:atemp>
            <ns3:hr>100</ns3:hr>
          </ns3:TrackPointExtension>
        </extensions>
      </trkpt>
      <trkpt lat="49.33293473906815052032470703125" lon="11.149981431663036346435546875">
        <ele>360.20001220703125</ele>
        <time>2025-10-05T08:55:14.000Z</time>
        <extensions>
          <ns3:TrackPointExtension>
            <ns3:atemp>19.0</ns3:atemp>
            <ns3:hr>100</ns3:hr>
          </ns3:TrackPointExtension>
        </extensions>
      </trkpt>
      <trkpt lat="49.33295485563576221466064453125" lon="11.1500037275254726409912109375">
        <ele>360.20001220703125</ele>
        <time>2025-10-05T08:55:15.000Z</time>
        <extensions>
          <ns3:TrackPointExtension>
            <ns3:atemp>19.0</ns3:atemp>
            <ns3:hr>100</ns3:hr>
          </ns3:TrackPointExtension>
        </extensions>
      </trkpt>
      <trkpt lat="49.33301704935729503631591796875" lon="11.15004773251712322235107421875">
        <ele>360.399993896484375</ele>
        <time>2025-10-05T08:55:20.000Z</time>
        <extensions>
          <ns3:TrackPointExtension>
            <ns3:atemp>19.0</ns3:atemp>
            <ns3:hr>103</ns3:hr>
          </ns3:TrackPointExtension>
        </extensions>
      </trkpt>
      <trkpt lat="49.33303498663008213043212890625" lon="11.1500610597431659698486328125">
        <ele>360.600006103515625</ele>
        <time>2025-10-05T08:55:21.000Z</time>
        <extensions>
          <ns3:TrackPointExtension>
            <ns3:atemp>19.0</ns3:atemp>
            <ns3:hr>103</ns3:hr>
          </ns3:TrackPointExtension>
        </extensions>
      </trkpt>
      <trkpt lat="49.3330786563456058502197265625" lon="11.1500583775341510772705078125">
        <ele>360.79998779296875</ele>
        <time>2025-10-05T08:55:25.000Z</time>
        <extensions>
          <ns3:TrackPointExtension>
            <ns3:atemp>19.0</ns3:atemp>
            <ns3:hr>103</ns3:hr>
          </ns3:TrackPointExtension>
        </extensions>
      </trkpt>
      <trkpt lat="49.33309785090386867523193359375" lon="11.15004689432680606842041015625">
        <ele>360.79998779296875</ele>
        <time>2025-10-05T08:55:27.000Z</time>
        <extensions>
          <ns3:TrackPointExtension>
            <ns3:atemp>19.0</ns3:atemp>
            <ns3:hr>103</ns3:hr>
          </ns3:TrackPointExtension>
        </extensions>
      </trkpt>
      <trkpt lat="49.33310740627348423004150390625" lon="11.150047816336154937744140625">
        <ele>360.79998779296875</ele>
        <time>2025-10-05T08:55:28.000Z</time>
        <extensions>
          <ns3:TrackPointExtension>
            <ns3:atemp>19.0</ns3:atemp>
            <ns3:hr>104</ns3:hr>
          </ns3:TrackPointExtension>
        </extensions>
      </trkpt>
      <trkpt lat="49.333120398223400115966796875" lon="11.1500603891909122467041015625">
        <ele>360.79998779296875</ele>
        <time>2025-10-05T08:55:29.000Z</time>
        <extensions>
          <ns3:TrackPointExtension>
            <ns3:atemp>19.0</ns3:atemp>
            <ns3:hr>104</ns3:hr>
          </ns3:TrackPointExtension>
        </extensions>
      </trkpt>
      <trkpt lat="49.33315551839768886566162109375" lon="11.150090396404266357421875">
        <ele>361</ele>
        <time>2025-10-05T08:55:32.000Z</time>
        <extensions>
          <ns3:TrackPointExtension>
            <ns3:atemp>19.0</ns3:atemp>
            <ns3:hr>105</ns3:hr>
          </ns3:TrackPointExtension>
        </extensions>
      </trkpt>
      <trkpt lat="49.33316188864409923553466796875" lon="11.15007841028273105621337890625">
        <ele>361.20001220703125</ele>
        <time>2025-10-05T08:55:33.000Z</time>
        <extensions>
          <ns3:TrackPointExtension>
            <ns3:atemp>19.0</ns3:atemp>
            <ns3:hr>105</ns3:hr>
          </ns3:TrackPointExtension>
        </extensions>
      </trkpt>
      <trkpt lat="49.3331641517579555511474609375" lon="11.15008025430142879486083984375">
        <ele>361.399993896484375</ele>
        <time>2025-10-05T08:55:34.000Z</time>
        <extensions>
          <ns3:TrackPointExtension>
            <ns3:atemp>19.0</ns3:atemp>
            <ns3:hr>106</ns3:hr>
          </ns3:TrackPointExtension>
        </extensions>
      </trkpt>
      <trkpt lat="49.33325350284576416015625" lon="11.1501465551555156707763671875">
        <ele>361.20001220703125</ele>
        <time>2025-10-05T08:55:39.000Z</time>
        <extensions>
          <ns3:TrackPointExtension>
            <ns3:atemp>19.0</ns3:atemp>
            <ns3:hr>106</ns3:hr>
          </ns3:TrackPointExtension>
        </extensions>
      </trkpt>
      <trkpt lat="49.33326800353825092315673828125" lon="11.1501619778573513031005859375">
        <ele>361.20001220703125</ele>
        <time>2025-10-05T08:55:41.000Z</time>
        <extensions>
          <ns3:TrackPointExtension>
            <ns3:atemp>19.0</ns3:atemp>
            <ns3:hr>109</ns3:hr>
          </ns3:TrackPointExtension>
        </extensions>
      </trkpt>
      <trkpt lat="49.33328124694526195526123046875" lon="11.150175221264362335205078125">
        <ele>361.20001220703125</ele>
        <time>2025-10-05T08:55:42.000Z</time>
        <extensions>
          <ns3:TrackPointExtension>
            <ns3:atemp>19.0</ns3:atemp>
            <ns3:hr>106</ns3:hr>
          </ns3:TrackPointExtension>
        </extensions>
      </trkpt>
      <trkpt lat="49.3333227373659610748291015625" lon="11.15022442303597927093505859375">
        <ele>361.20001220703125</ele>
        <time>2025-10-05T08:55:46.000Z</time>
        <extensions>
          <ns3:TrackPointExtension>
            <ns3:atemp>19.0</ns3:atemp>
            <ns3:hr>107</ns3:hr>
          </ns3:TrackPointExtension>
        </extensions>
      </trkpt>
      <trkpt lat="49.33334612287580966949462890625" lon="11.150238923728466033935546875">
        <ele>361.20001220703125</ele>
        <time>2025-10-05T08:55:48.000Z</time>
        <extensions>
          <ns3:TrackPointExtension>
            <ns3:atemp>19.0</ns3:atemp>
            <ns3:hr>107</ns3:hr>
          </ns3:TrackPointExtension>
        </extensions>
      </trkpt>
      <trkpt lat="49.3334749527275562286376953125" lon="11.1503527499735355377197265625">
        <ele>361.399993896484375</ele>
        <time>2025-10-05T08:55:57.000Z</time>
        <extensions>
          <ns3:TrackPointExtension>
            <ns3:atemp>19.0</ns3:atemp>
            <ns3:hr>107</ns3:hr>
          </ns3:TrackPointExtension>
        </extensions>
      </trkpt>
      <trkpt lat="49.33358333073556423187255859375" lon="11.1503949947655200958251953125">
        <ele>361.399993896484375</ele>
        <time>2025-10-05T08:56:05.000Z</time>
        <extensions>
          <ns3:TrackPointExtension>
            <ns3:atemp>19.0</ns3:atemp>
            <ns3:hr>105</ns3:hr>
          </ns3:TrackPointExtension>
        </extensions>
      </trkpt>
      <trkpt lat="49.33368022553622722625732421875" lon="11.15045995451509952545166015625">
        <ele>361.399993896484375</ele>
        <time>2025-10-05T08:56:13.000Z</time>
        <extensions>
          <ns3:TrackPointExtension>
            <ns3:atemp>19.0</ns3:atemp>
            <ns3:hr>105</ns3:hr>
          </ns3:TrackPointExtension>
        </extensions>
      </trkpt>
      <trkpt lat="49.333808720111846923828125" lon="11.1505495570600032806396484375">
        <ele>361.399993896484375</ele>
        <time>2025-10-05T08:56:21.000Z</time>
        <extensions>
          <ns3:TrackPointExtension>
            <ns3:atemp>19.0</ns3:atemp>
            <ns3:hr>106</ns3:hr>
          </ns3:TrackPointExtension>
        </extensions>
      </trkpt>
      <trkpt lat="49.33387887664139270782470703125" lon="11.15058727562427520751953125">
        <ele>360.79998779296875</ele>
        <time>2025-10-05T08:56:26.000Z</time>
        <extensions>
          <ns3:TrackPointExtension>
            <ns3:atemp>19.0</ns3:atemp>
            <ns3:hr>107</ns3:hr>
          </ns3:TrackPointExtension>
        </extensions>
      </trkpt>
      <trkpt lat="49.33391156606376171112060546875" lon="11.15057948045432567596435546875">
        <ele>360.79998779296875</ele>
        <time>2025-10-05T08:56:28.000Z</time>
        <extensions>
          <ns3:TrackPointExtension>
            <ns3:atemp>19.0</ns3:atemp>
            <ns3:hr>107</ns3:hr>
          </ns3:TrackPointExtension>
        </extensions>
      </trkpt>
      <trkpt lat="49.33404165320098400115966796875" lon="11.15057562477886676788330078125">
        <ele>361.600006103515625</ele>
        <time>2025-10-05T08:56:33.000Z</time>
        <extensions>
          <ns3:TrackPointExtension>
            <ns3:atemp>19.0</ns3:atemp>
            <ns3:hr>108</ns3:hr>
          </ns3:TrackPointExtension>
        </extensions>
      </trkpt>
      <trkpt lat="49.3341206945478916168212890625" lon="11.1506310291588306427001953125">
        <ele>362.20001220703125</ele>
        <time>2025-10-05T08:56:37.000Z</time>
        <extensions>
          <ns3:TrackPointExtension>
            <ns3:atemp>19.0</ns3:atemp>
            <ns3:hr>107</ns3:hr>
          </ns3:TrackPointExtension>
        </extensions>
      </trkpt>
      <trkpt lat="49.334178529679775238037109375" lon="11.15065097808837890625">
        <ele>362.600006103515625</ele>
        <time>2025-10-05T08:56:40.000Z</time>
        <extensions>
          <ns3:TrackPointExtension>
            <ns3:atemp>19.0</ns3:atemp>
            <ns3:hr>107</ns3:hr>
          </ns3:TrackPointExtension>
        </extensions>
      </trkpt>
      <trkpt lat="49.33426058851182460784912109375" lon="11.1506890319287776947021484375">
        <ele>362.79998779296875</ele>
        <time>2025-10-05T08:56:44.000Z</time>
        <extensions>
          <ns3:TrackPointExtension>
            <ns3:atemp>19.0</ns3:atemp>
            <ns3:hr>110</ns3:hr>
          </ns3:TrackPointExtension>
        </extensions>
      </trkpt>
      <trkpt lat="49.3343496881425380706787109375" lon="11.15071526728570461273193359375">
        <ele>362.79998779296875</ele>
        <time>2025-10-05T08:56:47.000Z</time>
        <extensions>
          <ns3:TrackPointExtension>
            <ns3:atemp>19.0</ns3:atemp>
            <ns3:hr>113</ns3:hr>
          </ns3:TrackPointExtension>
        </extensions>
      </trkpt>
      <trkpt lat="49.33437776751816272735595703125" lon="11.15071845240890979766845703125">
        <ele>362.79998779296875</ele>
        <time>2025-10-05T08:56:48.000Z</time>
        <extensions>
          <ns3:TrackPointExtension>
            <ns3:atemp>19.0</ns3:atemp>
            <ns3:hr>114</ns3:hr>
          </ns3:TrackPointExtension>
        </extensions>
      </trkpt>
      <trkpt lat="49.33446829207241535186767578125" lon="11.15073722787201404571533203125">
        <ele>362.79998779296875</ele>
        <time>2025-10-05T08:56:51.000Z</time>
        <extensions>
          <ns3:TrackPointExtension>
            <ns3:atemp>19.0</ns3:atemp>
            <ns3:hr>117</ns3:hr>
          </ns3:TrackPointExtension>
        </extensions>
      </trkpt>
      <trkpt lat="49.33455278165638446807861328125" lon="11.15075332112610340118408203125">
        <ele>362.79998779296875</ele>
        <time>2025-10-05T08:56:54.000Z</time>
        <extensions>
          <ns3:TrackPointExtension>
            <ns3:atemp>19.0</ns3:atemp>
            <ns3:hr>120</ns3:hr>
          </ns3:TrackPointExtension>
        </extensions>
      </trkpt>
      <trkpt lat="49.33457516133785247802734375" lon="11.15075348876416683197021484375">
        <ele>362.79998779296875</ele>
        <time>2025-10-05T08:56:55.000Z</time>
        <extensions>
          <ns3:TrackPointExtension>
            <ns3:atemp>19.0</ns3:atemp>
            <ns3:hr>121</ns3:hr>
          </ns3:TrackPointExtension>
        </extensions>
      </trkpt>
      <trkpt lat="49.3346467427909374237060546875" lon="11.15076974965631961822509765625">
        <ele>363</ele>
        <time>2025-10-05T08:56:58.000Z</time>
        <extensions>
          <ns3:TrackPointExtension>
            <ns3:atemp>19.0</ns3:atemp>
            <ns3:hr>124</ns3:hr>
          </ns3:TrackPointExtension>
        </extensions>
      </trkpt>
      <trkpt lat="49.33477188460528850555419921875" lon="11.15080813877284526824951171875">
        <ele>363</ele>
        <time>2025-10-05T08:57:03.000Z</time>
        <extensions>
          <ns3:TrackPointExtension>
            <ns3:atemp>19.0</ns3:atemp>
            <ns3:hr>127</ns3:hr>
          </ns3:TrackPointExtension>
        </extensions>
      </trkpt>
      <trkpt lat="49.3347949348390102386474609375" lon="11.15081786178052425384521484375">
        <ele>363</ele>
        <time>2025-10-05T08:57:04.000Z</time>
        <extensions>
          <ns3:TrackPointExtension>
            <ns3:atemp>19.0</ns3:atemp>
            <ns3:hr>127</ns3:hr>
          </ns3:TrackPointExtension>
        </extensions>
      </trkpt>
      <trkpt lat="49.334881268441677093505859375" lon="11.15082976408302783966064453125">
        <ele>362.79998779296875</ele>
        <time>2025-10-05T08:57:07.000Z</time>
        <extensions>
          <ns3:TrackPointExtension>
            <ns3:atemp>19.0</ns3:atemp>
            <ns3:hr>131</ns3:hr>
          </ns3:TrackPointExtension>
        </extensions>
      </trkpt>
      <trkpt lat="49.334960393607616424560546875" lon="11.1508502997457981109619140625">
        <ele>362.399993896484375</ele>
        <time>2025-10-05T08:57:10.000Z</time>
        <extensions>
          <ns3:TrackPointExtension>
            <ns3:atemp>19.0</ns3:atemp>
            <ns3:hr>134</ns3:hr>
          </ns3:TrackPointExtension>
        </extensions>
      </trkpt>
      <trkpt lat="49.3350064940750598907470703125" lon="11.15084468387067317962646484375">
        <ele>362.399993896484375</ele>
        <time>2025-10-05T08:57:12.000Z</time>
        <extensions>
          <ns3:TrackPointExtension>
            <ns3:atemp>19.0</ns3:atemp>
            <ns3:hr>136</ns3:hr>
          </ns3:TrackPointExtension>
        </extensions>
      </trkpt>
      <trkpt lat="49.3352495692670345306396484375" lon="11.150774694979190826416015625">
        <ele>362.20001220703125</ele>
        <time>2025-10-05T08:57:21.000Z</time>
        <extensions>
          <ns3:TrackPointExtension>
            <ns3:atemp>19.0</ns3:atemp>
            <ns3:hr>138</ns3:hr>
          </ns3:TrackPointExtension>
        </extensions>
      </trkpt>
      <trkpt lat="49.33537001721560955047607421875" lon="11.15072750486433506011962890625">
        <ele>362</ele>
        <time>2025-10-05T08:57:26.000Z</time>
        <extensions>
          <ns3:TrackPointExtension>
            <ns3:atemp>19.0</ns3:atemp>
            <ns3:hr>141</ns3:hr>
          </ns3:TrackPointExtension>
        </extensions>
      </trkpt>
      <trkpt lat="49.33544679544866085052490234375" lon="11.150700934231281280517578125">
        <ele>362</ele>
        <time>2025-10-05T08:57:29.000Z</time>
        <extensions>
          <ns3:TrackPointExtension>
            <ns3:atemp>19.0</ns3:atemp>
            <ns3:hr>141</ns3:hr>
          </ns3:TrackPointExtension>
        </extensions>
      </trkpt>
      <trkpt lat="49.33561728335916996002197265625" lon="11.15066698752343654632568359375">
        <ele>361.79998779296875</ele>
        <time>2025-10-05T08:57:36.000Z</time>
        <extensions>
          <ns3:TrackPointExtension>
            <ns3:atemp>19.0</ns3:atemp>
            <ns3:hr>141</ns3:hr>
          </ns3:TrackPointExtension>
        </extensions>
      </trkpt>
      <trkpt lat="49.3358668126165866851806640625" lon="11.150592975318431854248046875">
        <ele>362</ele>
        <time>2025-10-05T08:57:46.000Z</time>
        <extensions>
          <ns3:TrackPointExtension>
            <ns3:atemp>19.0</ns3:atemp>
            <ns3:hr>140</ns3:hr>
          </ns3:TrackPointExtension>
        </extensions>
      </trkpt>
      <trkpt lat="49.33600452728569507598876953125" lon="11.15052650682628154754638671875">
        <ele>361.79998779296875</ele>
        <time>2025-10-05T08:57:52.000Z</time>
        <extensions>
          <ns3:TrackPointExtension>
            <ns3:atemp>19.0</ns3:atemp>
            <ns3:hr>139</ns3:hr>
          </ns3:TrackPointExtension>
        </extensions>
      </trkpt>
      <trkpt lat="49.3361682258546352386474609375" lon="11.15041829645633697509765625">
        <ele>361.79998779296875</ele>
        <time>2025-10-05T08:57:59.000Z</time>
        <extensions>
          <ns3:TrackPointExtension>
            <ns3:atemp>19.0</ns3:atemp>
            <ns3:hr>138</ns3:hr>
          </ns3:TrackPointExtension>
        </extensions>
      </trkpt>
      <trkpt lat="49.3363667093217372894287109375" lon="11.15030941553413867950439453125">
        <ele>361.600006103515625</ele>
        <time>2025-10-05T08:58:08.000Z</time>
        <extensions>
          <ns3:TrackPointExtension>
            <ns3:atemp>19.0</ns3:atemp>
            <ns3:hr>136</ns3:hr>
          </ns3:TrackPointExtension>
        </extensions>
      </trkpt>
      <trkpt lat="49.33655865490436553955078125" lon="11.15020782686769962310791015625">
        <ele>361.399993896484375</ele>
        <time>2025-10-05T08:58:16.000Z</time>
        <extensions>
          <ns3:TrackPointExtension>
            <ns3:atemp>19.0</ns3:atemp>
            <ns3:hr>137</ns3:hr>
          </ns3:TrackPointExtension>
        </extensions>
      </trkpt>
      <trkpt lat="49.33672352693974971771240234375" lon="11.1501022987067699432373046875">
        <ele>361.600006103515625</ele>
        <time>2025-10-05T08:58:23.000Z</time>
        <extensions>
          <ns3:TrackPointExtension>
            <ns3:atemp>19.0</ns3:atemp>
            <ns3:hr>138</ns3:hr>
          </ns3:TrackPointExtension>
        </extensions>
      </trkpt>
      <trkpt lat="49.33693307451903820037841796875" lon="11.15001185797154903411865234375">
        <ele>362</ele>
        <time>2025-10-05T08:58:31.000Z</time>
        <extensions>
          <ns3:TrackPointExtension>
            <ns3:atemp>19.0</ns3:atemp>
            <ns3:hr>141</ns3:hr>
          </ns3:TrackPointExtension>
        </extensions>
      </trkpt>
      <trkpt lat="49.3370275385677814483642578125" lon="11.14994077943265438079833984375">
        <ele>362.20001220703125</ele>
        <time>2025-10-05T08:58:35.000Z</time>
        <extensions>
          <ns3:TrackPointExtension>
            <ns3:atemp>19.0</ns3:atemp>
            <ns3:hr>140</ns3:hr>
          </ns3:TrackPointExtension>
        </extensions>
      </trkpt>
      <trkpt lat="49.33716441504657268524169921875" lon="11.14987473003566265106201171875">
        <ele>361.79998779296875</ele>
        <time>2025-10-05T08:58:41.000Z</time>
        <extensions>
          <ns3:TrackPointExtension>
            <ns3:atemp>19.0</ns3:atemp>
            <ns3:hr>141</ns3:hr>
          </ns3:TrackPointExtension>
        </extensions>
      </trkpt>
      <trkpt lat="49.33734144084155559539794921875" lon="11.14979862235486507415771484375">
        <ele>362.20001220703125</ele>
        <time>2025-10-05T08:58:49.000Z</time>
        <extensions>
          <ns3:TrackPointExtension>
            <ns3:atemp>19.0</ns3:atemp>
            <ns3:hr>139</ns3:hr>
          </ns3:TrackPointExtension>
        </extensions>
      </trkpt>
      <trkpt lat="49.33756582438945770263671875" lon="11.14975520409643650054931640625">
        <ele>362</ele>
        <time>2025-10-05T08:58:58.000Z</time>
        <extensions>
          <ns3:TrackPointExtension>
            <ns3:atemp>19.0</ns3:atemp>
            <ns3:hr>137</ns3:hr>
          </ns3:TrackPointExtension>
        </extensions>
      </trkpt>
      <trkpt lat="49.33781719766557216644287109375" lon="11.14971949718892574310302734375">
        <ele>362.79998779296875</ele>
        <time>2025-10-05T08:59:08.000Z</time>
        <extensions>
          <ns3:TrackPointExtension>
            <ns3:atemp>19.0</ns3:atemp>
            <ns3:hr>137</ns3:hr>
          </ns3:TrackPointExtension>
        </extensions>
      </trkpt>
      <trkpt lat="49.33794158510863780975341796875" lon="11.14970021881163120269775390625">
        <ele>363.399993896484375</ele>
        <time>2025-10-05T08:59:13.000Z</time>
        <extensions>
          <ns3:TrackPointExtension>
            <ns3:atemp>19.0</ns3:atemp>
            <ns3:hr>136</ns3:hr>
          </ns3:TrackPointExtension>
        </extensions>
      </trkpt>
      <trkpt lat="49.33807812631130218505859375" lon="11.1496892385184764862060546875">
        <ele>363.20001220703125</ele>
        <time>2025-10-05T08:59:19.000Z</time>
        <extensions>
          <ns3:TrackPointExtension>
            <ns3:atemp>19.0</ns3:atemp>
            <ns3:hr>136</ns3:hr>
          </ns3:TrackPointExtension>
        </extensions>
      </trkpt>
      <trkpt lat="49.33837585151195526123046875" lon="11.14968395791947841644287109375">
        <ele>363.399993896484375</ele>
        <time>2025-10-05T08:59:31.000Z</time>
        <extensions>
          <ns3:TrackPointExtension>
            <ns3:atemp>19.0</ns3:atemp>
            <ns3:hr>138</ns3:hr>
          </ns3:TrackPointExtension>
        </extensions>
      </trkpt>
      <trkpt lat="49.3385812081396579742431640625" lon="11.14965747110545635223388671875">
        <ele>363.600006103515625</ele>
        <time>2025-10-05T08:59:40.000Z</time>
        <extensions>
          <ns3:TrackPointExtension>
            <ns3:atemp>19.0</ns3:atemp>
            <ns3:hr>140</ns3:hr>
          </ns3:TrackPointExtension>
        </extensions>
      </trkpt>
      <trkpt lat="49.33884833939373493194580078125" lon="11.14955387078225612640380859375">
        <ele>363</ele>
        <time>2025-10-05T08:59:51.000Z</time>
        <extensions>
          <ns3:TrackPointExtension>
            <ns3:atemp>19.0</ns3:atemp>
            <ns3:hr>141</ns3:hr>
          </ns3:TrackPointExtension>
        </extensions>
      </trkpt>
      <trkpt lat="49.338985718786716461181640625" lon="11.14942244254052639007568359375">
        <ele>363.79998779296875</ele>
        <time>2025-10-05T08:59:58.000Z</time>
        <extensions>
          <ns3:TrackPointExtension>
            <ns3:atemp>19.0</ns3:atemp>
            <ns3:hr>143</ns3:hr>
          </ns3:TrackPointExtension>
        </extensions>
      </trkpt>
      <trkpt lat="49.33914220891892910003662109375" lon="11.149275004863739013671875">
        <ele>363.600006103515625</ele>
        <time>2025-10-05T09:00:05.000Z</time>
        <extensions>
          <ns3:TrackPointExtension>
            <ns3:atemp>19.0</ns3:atemp>
            <ns3:hr>142</ns3:hr>
          </ns3:TrackPointExtension>
        </extensions>
      </trkpt>
      <trkpt lat="49.33928654529154300689697265625" lon="11.1491092108190059661865234375">
        <ele>364</ele>
        <time>2025-10-05T09:00:12.000Z</time>
        <extensions>
          <ns3:TrackPointExtension>
            <ns3:atemp>19.0</ns3:atemp>
            <ns3:hr>143</ns3:hr>
          </ns3:TrackPointExtension>
        </extensions>
      </trkpt>
      <trkpt lat="49.33939483948051929473876953125" lon="11.1489885114133358001708984375">
        <ele>364</ele>
        <time>2025-10-05T09:00:17.000Z</time>
        <extensions>
          <ns3:TrackPointExtension>
            <ns3:atemp>19.0</ns3:atemp>
            <ns3:hr>143</ns3:hr>
          </ns3:TrackPointExtension>
        </extensions>
      </trkpt>
      <trkpt lat="49.339414536952972412109375" lon="11.14897250197827816009521484375">
        <ele>364</ele>
        <time>2025-10-05T09:00:18.000Z</time>
        <extensions>
          <ns3:TrackPointExtension>
            <ns3:atemp>19.0</ns3:atemp>
            <ns3:hr>143</ns3:hr>
          </ns3:TrackPointExtension>
        </extensions>
      </trkpt>
      <trkpt lat="49.339534230530261993408203125" lon="11.1488158442080020904541015625">
        <ele>364.399993896484375</ele>
        <time>2025-10-05T09:00:24.000Z</time>
        <extensions>
          <ns3:TrackPointExtension>
            <ns3:atemp>19.0</ns3:atemp>
            <ns3:hr>144</ns3:hr>
          </ns3:TrackPointExtension>
        </extensions>
      </trkpt>
      <trkpt lat="49.339577816426753997802734375" lon="11.14877544343471527099609375">
        <ele>363.600006103515625</ele>
        <time>2025-10-05T09:00:26.000Z</time>
        <extensions>
          <ns3:TrackPointExtension>
            <ns3:atemp>19.0</ns3:atemp>
            <ns3:hr>144</ns3:hr>
          </ns3:TrackPointExtension>
        </extensions>
      </trkpt>
      <trkpt lat="49.33976062573492527008056640625" lon="11.14858810789883136749267578125">
        <ele>364.20001220703125</ele>
        <time>2025-10-05T09:00:34.000Z</time>
        <extensions>
          <ns3:TrackPointExtension>
            <ns3:atemp>19.0</ns3:atemp>
            <ns3:hr>146</ns3:hr>
          </ns3:TrackPointExtension>
        </extensions>
      </trkpt>
      <trkpt lat="49.3399201333522796630859375" lon="11.14840873517096042633056640625">
        <ele>363.79998779296875</ele>
        <time>2025-10-05T09:00:42.000Z</time>
        <extensions>
          <ns3:TrackPointExtension>
            <ns3:atemp>19.0</ns3:atemp>
            <ns3:hr>146</ns3:hr>
          </ns3:TrackPointExtension>
        </extensions>
      </trkpt>
      <trkpt lat="49.34011199511587619781494140625" lon="11.14814872853457927703857421875">
        <ele>364.399993896484375</ele>
        <time>2025-10-05T09:00:52.000Z</time>
        <extensions>
          <ns3:TrackPointExtension>
            <ns3:atemp>18.0</ns3:atemp>
            <ns3:hr>147</ns3:hr>
          </ns3:TrackPointExtension>
        </extensions>
      </trkpt>
      <trkpt lat="49.340211488306522369384765625" lon="11.14803037606179714202880859375">
        <ele>364.20001220703125</ele>
        <time>2025-10-05T09:00:57.000Z</time>
        <extensions>
          <ns3:TrackPointExtension>
            <ns3:atemp>18.0</ns3:atemp>
            <ns3:hr>144</ns3:hr>
          </ns3:TrackPointExtension>
        </extensions>
      </trkpt>
      <trkpt lat="49.340281896293163299560546875" lon="11.14795158617198467254638671875">
        <ele>364.79998779296875</ele>
        <time>2025-10-05T09:01:01.000Z</time>
        <extensions>
          <ns3:TrackPointExtension>
            <ns3:atemp>18.0</ns3:atemp>
            <ns3:hr>143</ns3:hr>
          </ns3:TrackPointExtension>
        </extensions>
      </trkpt>
      <trkpt lat="49.340466968715190887451171875" lon="11.1478073336184024810791015625">
        <ele>364.600006103515625</ele>
        <time>2025-10-05T09:01:09.000Z</time>
        <extensions>
          <ns3:TrackPointExtension>
            <ns3:atemp>18.0</ns3:atemp>
            <ns3:hr>142</ns3:hr>
          </ns3:TrackPointExtension>
        </extensions>
      </trkpt>
      <trkpt lat="49.340613149106502532958984375" lon="11.14772611297667026519775390625">
        <ele>365.399993896484375</ele>
        <time>2025-10-05T09:01:15.000Z</time>
        <extensions>
          <ns3:TrackPointExtension>
            <ns3:atemp>18.0</ns3:atemp>
            <ns3:hr>142</ns3:hr>
          </ns3:TrackPointExtension>
        </extensions>
      </trkpt>
      <trkpt lat="49.3406887538731098175048828125" lon="11.147696189582347869873046875">
        <ele>366</ele>
        <time>2025-10-05T09:01:18.000Z</time>
        <extensions>
          <ns3:TrackPointExtension>
            <ns3:atemp>18.0</ns3:atemp>
            <ns3:hr>143</ns3:hr>
          </ns3:TrackPointExtension>
        </extensions>
      </trkpt>
      <trkpt lat="49.34081909246742725372314453125" lon="11.14767733030021190643310546875">
        <ele>365.79998779296875</ele>
        <time>2025-10-05T09:01:23.000Z</time>
        <extensions>
          <ns3:TrackPointExtension>
            <ns3:atemp>18.0</ns3:atemp>
            <ns3:hr>146</ns3:hr>
          </ns3:TrackPointExtension>
        </extensions>
      </trkpt>
      <trkpt lat="49.3409606628119945526123046875" lon="11.14767246879637241363525390625">
        <ele>365.20001220703125</ele>
        <time>2025-10-05T09:01:28.000Z</time>
        <extensions>
          <ns3:TrackPointExtension>
            <ns3:atemp>18.0</ns3:atemp>
            <ns3:hr>147</ns3:hr>
          </ns3:TrackPointExtension>
        </extensions>
      </trkpt>
      <trkpt lat="49.3411504290997982025146484375" lon="11.1476500891149044036865234375">
        <ele>364.399993896484375</ele>
        <time>2025-10-05T09:01:36.000Z</time>
        <extensions>
          <ns3:TrackPointExtension>
            <ns3:atemp>18.0</ns3:atemp>
            <ns3:hr>149</ns3:hr>
          </ns3:TrackPointExtension>
        </extensions>
      </trkpt>
      <trkpt lat="49.3411742337048053741455078125" lon="11.14765000529587268829345703125">
        <ele>364.399993896484375</ele>
        <time>2025-10-05T09:01:37.000Z</time>
        <extensions>
          <ns3:TrackPointExtension>
            <ns3:atemp>18.0</ns3:atemp>
            <ns3:hr>148</ns3:hr>
          </ns3:TrackPointExtension>
        </extensions>
      </trkpt>
      <trkpt lat="49.34125260449945926666259765625" lon="11.14762687124311923980712890625">
        <ele>364.20001220703125</ele>
        <time>2025-10-05T09:01:40.000Z</time>
        <extensions>
          <ns3:TrackPointExtension>
            <ns3:atemp>18.0</ns3:atemp>
            <ns3:hr>147</ns3:hr>
          </ns3:TrackPointExtension>
        </extensions>
      </trkpt>
      <trkpt lat="49.3413150496780872344970703125" lon="11.14759133197367191314697265625">
        <ele>363.79998779296875</ele>
        <time>2025-10-05T09:01:43.000Z</time>
        <extensions>
          <ns3:TrackPointExtension>
            <ns3:atemp>18.0</ns3:atemp>
            <ns3:hr>143</ns3:hr>
          </ns3:TrackPointExtension>
        </extensions>
      </trkpt>
      <trkpt lat="49.34138520620763301849365234375" lon="11.147563755512237548828125">
        <ele>363.399993896484375</ele>
        <time>2025-10-05T09:01:46.000Z</time>
        <extensions>
          <ns3:TrackPointExtension>
            <ns3:atemp>18.0</ns3:atemp>
            <ns3:hr>141</ns3:hr>
          </ns3:TrackPointExtension>
        </extensions>
      </trkpt>
      <trkpt lat="49.3414652533829212188720703125" lon="11.1475350894033908843994140625">
        <ele>363</ele>
        <time>2025-10-05T09:01:49.000Z</time>
        <extensions>
          <ns3:TrackPointExtension>
            <ns3:atemp>18.0</ns3:atemp>
            <ns3:hr>139</ns3:hr>
          </ns3:TrackPointExtension>
        </extensions>
      </trkpt>
      <trkpt lat="49.34157036244869232177734375" lon="11.1475122906267642974853515625">
        <ele>363</ele>
        <time>2025-10-05T09:01:55.000Z</time>
        <extensions>
          <ns3:TrackPointExtension>
            <ns3:atemp>18.0</ns3:atemp>
            <ns3:hr>138</ns3:hr>
          </ns3:TrackPointExtension>
        </extensions>
      </trkpt>
      <trkpt lat="49.3415913172066211700439453125" lon="11.14752863533794879913330078125">
        <ele>363.20001220703125</ele>
        <time>2025-10-05T09:01:59.000Z</time>
        <extensions>
          <ns3:TrackPointExtension>
            <ns3:atemp>18.0</ns3:atemp>
            <ns3:hr>141</ns3:hr>
          </ns3:TrackPointExtension>
        </extensions>
      </trkpt>
      <trkpt lat="49.3415926583111286163330078125" lon="11.1475310660898685455322265625">
        <ele>363.20001220703125</ele>
        <time>2025-10-05T09:02:00.000Z</time>
        <extensions>
          <ns3:TrackPointExtension>
            <ns3:atemp>18.0</ns3:atemp>
            <ns3:hr>141</ns3:hr>
          </ns3:TrackPointExtension>
        </extensions>
      </trkpt>
      <trkpt lat="49.34159316122531890869140625" lon="11.1475320719182491302490234375">
        <ele>363.399993896484375</ele>
        <time>2025-10-05T09:02:01.000Z</time>
        <extensions>
          <ns3:TrackPointExtension>
            <ns3:atemp>18.0</ns3:atemp>
            <ns3:hr>141</ns3:hr>
          </ns3:TrackPointExtension>
        </extensions>
      </trkpt>
      <trkpt lat="49.34161872602999210357666015625" lon="11.14749862812459468841552734375">
        <ele>362.79998779296875</ele>
        <time>2025-10-05T09:02:06.000Z</time>
        <extensions>
          <ns3:TrackPointExtension>
            <ns3:atemp>18.0</ns3:atemp>
            <ns3:hr>137</ns3:hr>
          </ns3:TrackPointExtension>
        </extensions>
      </trkpt>
      <trkpt lat="49.34163934551179409027099609375" lon="11.14747566170990467071533203125">
        <ele>362.600006103515625</ele>
        <time>2025-10-05T09:02:08.000Z</time>
        <extensions>
          <ns3:TrackPointExtension>
            <ns3:atemp>18.0</ns3:atemp>
            <ns3:hr>134</ns3:hr>
          </ns3:TrackPointExtension>
        </extensions>
      </trkpt>
      <trkpt lat="49.3416483141481876373291015625" lon="11.147458814084529876708984375">
        <ele>362.399993896484375</ele>
        <time>2025-10-05T09:02:09.000Z</time>
        <extensions>
          <ns3:TrackPointExtension>
            <ns3:atemp>18.0</ns3:atemp>
            <ns3:hr>133</ns3:hr>
          </ns3:TrackPointExtension>
        </extensions>
      </trkpt>
      <trkpt lat="49.34173121117055416107177734375" lon="11.14741330035030841827392578125">
        <ele>362.399993896484375</ele>
        <time>2025-10-05T09:02:15.000Z</time>
        <extensions>
          <ns3:TrackPointExtension>
            <ns3:atemp>18.0</ns3:atemp>
            <ns3:hr>130</ns3:hr>
          </ns3:TrackPointExtension>
        </extensions>
      </trkpt>
      <trkpt lat="49.341748058795928955078125" lon="11.14740525372326374053955078125">
        <ele>362.20001220703125</ele>
        <time>2025-10-05T09:02:16.000Z</time>
        <extensions>
          <ns3:TrackPointExtension>
            <ns3:atemp>18.0</ns3:atemp>
            <ns3:hr>129</ns3:hr>
          </ns3:TrackPointExtension>
        </extensions>
      </trkpt>
      <trkpt lat="49.34176557697355747222900390625" lon="11.14739486016333103179931640625">
        <ele>362.20001220703125</ele>
        <time>2025-10-05T09:02:17.000Z</time>
        <extensions>
          <ns3:TrackPointExtension>
            <ns3:atemp>18.0</ns3:atemp>
            <ns3:hr>129</ns3:hr>
          </ns3:TrackPointExtension>
        </extensions>
      </trkpt>
      <trkpt lat="49.34189164079725742340087890625" lon="11.14731590263545513153076171875">
        <ele>362</ele>
        <time>2025-10-05T09:02:23.000Z</time>
        <extensions>
          <ns3:TrackPointExtension>
            <ns3:atemp>18.0</ns3:atemp>
            <ns3:hr>128</ns3:hr>
          </ns3:TrackPointExtension>
        </extensions>
      </trkpt>
      <trkpt lat="49.34203279204666614532470703125" lon="11.1472477577626705169677734375">
        <ele>361.600006103515625</ele>
        <time>2025-10-05T09:02:29.000Z</time>
        <extensions>
          <ns3:TrackPointExtension>
            <ns3:atemp>18.0</ns3:atemp>
            <ns3:hr>128</ns3:hr>
          </ns3:TrackPointExtension>
        </extensions>
      </trkpt>
      <trkpt lat="49.34220747090876102447509765625" lon="11.1472185887396335601806640625">
        <ele>361.600006103515625</ele>
        <time>2025-10-05T09:02:36.000Z</time>
        <extensions>
          <ns3:TrackPointExtension>
            <ns3:atemp>18.0</ns3:atemp>
            <ns3:hr>124</ns3:hr>
          </ns3:TrackPointExtension>
        </extensions>
      </trkpt>
      <trkpt lat="49.34231056831777095794677734375" lon="11.1471662856638431549072265625">
        <ele>361.600006103515625</ele>
        <time>2025-10-05T09:02:42.000Z</time>
        <extensions>
          <ns3:TrackPointExtension>
            <ns3:atemp>18.0</ns3:atemp>
            <ns3:hr>121</ns3:hr>
          </ns3:TrackPointExtension>
        </extensions>
      </trkpt>
      <trkpt lat="49.34236890636384487152099609375" lon="11.147110126912593841552734375">
        <ele>361.399993896484375</ele>
        <time>2025-10-05T09:02:48.000Z</time>
        <extensions>
          <ns3:TrackPointExtension>
            <ns3:atemp>18.0</ns3:atemp>
            <ns3:hr>120</ns3:hr>
          </ns3:TrackPointExtension>
        </extensions>
      </trkpt>
      <trkpt lat="49.34240109287202358245849609375" lon="11.14710417576134204864501953125">
        <ele>361.399993896484375</ele>
        <time>2025-10-05T09:02:52.000Z</time>
        <extensions>
          <ns3:TrackPointExtension>
            <ns3:atemp>18.0</ns3:atemp>
            <ns3:hr>121</ns3:hr>
          </ns3:TrackPointExtension>
        </extensions>
      </trkpt>
      <trkpt lat="49.3423969857394695281982421875" lon="11.1470972187817096710205078125">
        <ele>361.399993896484375</ele>
        <time>2025-10-05T09:02:54.000Z</time>
        <extensions>
          <ns3:TrackPointExtension>
            <ns3:atemp>18.0</ns3:atemp>
            <ns3:hr>121</ns3:hr>
          </ns3:TrackPointExtension>
        </extensions>
      </trkpt>
      <trkpt lat="49.34239958412945270538330078125" lon="11.1470935307443141937255859375">
        <ele>361.399993896484375</ele>
        <time>2025-10-05T09:02:56.000Z</time>
        <extensions>
          <ns3:TrackPointExtension>
            <ns3:atemp>18.0</ns3:atemp>
            <ns3:hr>121</ns3:hr>
          </ns3:TrackPointExtension>
        </extensions>
      </trkpt>
      <trkpt lat="49.342421628534793853759765625" lon="11.14709596149623394012451171875">
        <ele>360.79998779296875</ele>
        <time>2025-10-05T09:03:15.000Z</time>
        <extensions>
          <ns3:TrackPointExtension>
            <ns3:atemp>18.0</ns3:atemp>
            <ns3:hr>122</ns3:hr>
          </ns3:TrackPointExtension>
        </extensions>
      </trkpt>
      <trkpt lat="49.34245138429105281829833984375" lon="11.1470955424010753631591796875">
        <ele>360.79998779296875</ele>
        <time>2025-10-05T09:03:16.000Z</time>
        <extensions>
          <ns3:TrackPointExtension>
            <ns3:atemp>18.0</ns3:atemp>
            <ns3:hr>122</ns3:hr>
          </ns3:TrackPointExtension>
        </extensions>
      </trkpt>
      <trkpt lat="49.34261365793645381927490234375" lon="11.14707333035767078399658203125">
        <ele>360.600006103515625</ele>
        <time>2025-10-05T09:03:22.000Z</time>
        <extensions>
          <ns3:TrackPointExtension>
            <ns3:atemp>18.0</ns3:atemp>
            <ns3:hr>123</ns3:hr>
          </ns3:TrackPointExtension>
        </extensions>
      </trkpt>
      <trkpt lat="49.34263545088469982147216796875" lon="11.14706612192094326019287109375">
        <ele>361</ele>
        <time>2025-10-05T09:03:25.000Z</time>
        <extensions>
          <ns3:TrackPointExtension>
            <ns3:atemp>18.0</ns3:atemp>
            <ns3:hr>123</ns3:hr>
          </ns3:TrackPointExtension>
        </extensions>
      </trkpt>
      <trkpt lat="49.34281230904161930084228515625" lon="11.14713200367987155914306640625">
        <ele>359.399993896484375</ele>
        <time>2025-10-05T09:04:28.000Z</time>
        <extensions>
          <ns3:TrackPointExtension>
            <ns3:atemp>18.0</ns3:atemp>
            <ns3:hr>112</ns3:hr>
          </ns3:TrackPointExtension>
        </extensions>
      </trkpt>
      <trkpt lat="49.342801831662654876708984375" lon="11.14706897176802158355712890625">
        <ele>359.79998779296875</ele>
        <time>2025-10-05T09:04:32.000Z</time>
        <extensions>
          <ns3:TrackPointExtension>
            <ns3:atemp>18.0</ns3:atemp>
            <ns3:hr>112</ns3:hr>
          </ns3:TrackPointExtension>
        </extensions>
      </trkpt>
      <trkpt lat="49.34283007867634296417236328125" lon="11.147025637328624725341796875">
        <ele>358.79998779296875</ele>
        <time>2025-10-05T09:04:42.000Z</time>
        <extensions>
          <ns3:TrackPointExtension>
            <ns3:atemp>18.0</ns3:atemp>
            <ns3:hr>111</ns3:hr>
          </ns3:TrackPointExtension>
        </extensions>
      </trkpt>
      <trkpt lat="49.3428610078990459442138671875" lon="11.14698749966919422149658203125">
        <ele>358.600006103515625</ele>
        <time>2025-10-05T09:04:45.000Z</time>
        <extensions>
          <ns3:TrackPointExtension>
            <ns3:atemp>18.0</ns3:atemp>
            <ns3:hr>112</ns3:hr>
          </ns3:TrackPointExtension>
        </extensions>
      </trkpt>
      <trkpt lat="49.342890344560146331787109375" lon="11.146953217685222625732421875">
        <ele>358.20001220703125</ele>
        <time>2025-10-05T09:04:47.000Z</time>
        <extensions>
          <ns3:TrackPointExtension>
            <ns3:atemp>18.0</ns3:atemp>
            <ns3:hr>113</ns3:hr>
          </ns3:TrackPointExtension>
        </extensions>
      </trkpt>
      <trkpt lat="49.34299302287399768829345703125" lon="11.146872751414775848388671875">
        <ele>357.600006103515625</ele>
        <time>2025-10-05T09:04:51.000Z</time>
        <extensions>
          <ns3:TrackPointExtension>
            <ns3:atemp>18.0</ns3:atemp>
            <ns3:hr>115</ns3:hr>
          </ns3:TrackPointExtension>
        </extensions>
      </trkpt>
      <trkpt lat="49.34315646998584270477294921875" lon="11.14676018245518207550048828125">
        <ele>357.79998779296875</ele>
        <time>2025-10-05T09:04:57.000Z</time>
        <extensions>
          <ns3:TrackPointExtension>
            <ns3:atemp>18.0</ns3:atemp>
            <ns3:hr>116</ns3:hr>
          </ns3:TrackPointExtension>
        </extensions>
      </trkpt>
      <trkpt lat="49.34329343028366565704345703125" lon="11.1467270739376544952392578125">
        <ele>357.399993896484375</ele>
        <time>2025-10-05T09:05:02.000Z</time>
        <extensions>
          <ns3:TrackPointExtension>
            <ns3:atemp>18.0</ns3:atemp>
            <ns3:hr>121</ns3:hr>
          </ns3:TrackPointExtension>
        </extensions>
      </trkpt>
      <trkpt lat="49.3433238565921783447265625" lon="11.1467351205646991729736328125">
        <ele>357.399993896484375</ele>
        <time>2025-10-05T09:05:03.000Z</time>
        <extensions>
          <ns3:TrackPointExtension>
            <ns3:atemp>18.0</ns3:atemp>
            <ns3:hr>120</ns3:hr>
          </ns3:TrackPointExtension>
        </extensions>
      </trkpt>
      <trkpt lat="49.34349258430302143096923828125" lon="11.1467086337506771087646484375">
        <ele>357.20001220703125</ele>
        <time>2025-10-05T09:05:10.000Z</time>
        <extensions>
          <ns3:TrackPointExtension>
            <ns3:atemp>18.0</ns3:atemp>
            <ns3:hr>120</ns3:hr>
          </ns3:TrackPointExtension>
        </extensions>
      </trkpt>
      <trkpt lat="49.343658797442913055419921875" lon="11.1467438377439975738525390625">
        <ele>356.79998779296875</ele>
        <time>2025-10-05T09:05:16.000Z</time>
        <extensions>
          <ns3:TrackPointExtension>
            <ns3:atemp>19.0</ns3:atemp>
            <ns3:hr>119</ns3:hr>
          </ns3:TrackPointExtension>
        </extensions>
      </trkpt>
      <trkpt lat="49.34380221180617809295654296875" lon="11.146719865500926971435546875">
        <ele>356.600006103515625</ele>
        <time>2025-10-05T09:05:21.000Z</time>
        <extensions>
          <ns3:TrackPointExtension>
            <ns3:atemp>18.0</ns3:atemp>
            <ns3:hr>120</ns3:hr>
          </ns3:TrackPointExtension>
        </extensions>
      </trkpt>
      <trkpt lat="49.343936741352081298828125" lon="11.146695055067539215087890625">
        <ele>356.79998779296875</ele>
        <time>2025-10-05T09:05:26.000Z</time>
        <extensions>
          <ns3:TrackPointExtension>
            <ns3:atemp>19.0</ns3:atemp>
            <ns3:hr>124</ns3:hr>
          </ns3:TrackPointExtension>
        </extensions>
      </trkpt>
      <trkpt lat="49.3439868651330471038818359375" lon="11.14667569287121295928955078125">
        <ele>357.20001220703125</ele>
        <time>2025-10-05T09:05:28.000Z</time>
        <extensions>
          <ns3:TrackPointExtension>
            <ns3:atemp>19.0</ns3:atemp>
            <ns3:hr>127</ns3:hr>
          </ns3:TrackPointExtension>
        </extensions>
      </trkpt>
      <trkpt lat="49.3440616317093372344970703125" lon="11.1466504633426666259765625">
        <ele>357.399993896484375</ele>
        <time>2025-10-05T09:05:31.000Z</time>
        <extensions>
          <ns3:TrackPointExtension>
            <ns3:atemp>18.0</ns3:atemp>
            <ns3:hr>130</ns3:hr>
          </ns3:TrackPointExtension>
        </extensions>
      </trkpt>
      <trkpt lat="49.34422784484922885894775390625" lon="11.14665959961712360382080078125">
        <ele>356.79998779296875</ele>
        <time>2025-10-05T09:05:37.000Z</time>
        <extensions>
          <ns3:TrackPointExtension>
            <ns3:atemp>19.0</ns3:atemp>
            <ns3:hr>133</ns3:hr>
          </ns3:TrackPointExtension>
        </extensions>
      </trkpt>
      <trkpt lat="49.34425466693937778472900390625" lon="11.146656833589076995849609375">
        <ele>356.79998779296875</ele>
        <time>2025-10-05T09:05:38.000Z</time>
        <extensions>
          <ns3:TrackPointExtension>
            <ns3:atemp>19.0</ns3:atemp>
            <ns3:hr>133</ns3:hr>
          </ns3:TrackPointExtension>
        </extensions>
      </trkpt>
      <trkpt lat="49.34436832554638385772705078125" lon="11.14666043780744075775146484375">
        <ele>356.399993896484375</ele>
        <time>2025-10-05T09:05:42.000Z</time>
        <extensions>
          <ns3:TrackPointExtension>
            <ns3:atemp>19.0</ns3:atemp>
            <ns3:hr>136</ns3:hr>
          </ns3:TrackPointExtension>
        </extensions>
      </trkpt>
      <trkpt lat="49.34439514763653278350830078125" lon="11.14664845168590545654296875">
        <ele>356.20001220703125</ele>
        <time>2025-10-05T09:05:43.000Z</time>
        <extensions>
          <ns3:TrackPointExtension>
            <ns3:atemp>19.0</ns3:atemp>
            <ns3:hr>136</ns3:hr>
          </ns3:TrackPointExtension>
        </extensions>
      </trkpt>
      <trkpt lat="49.3444723449647426605224609375" lon="11.1466171033680438995361328125">
        <ele>356</ele>
        <time>2025-10-05T09:05:46.000Z</time>
        <extensions>
          <ns3:TrackPointExtension>
            <ns3:atemp>19.0</ns3:atemp>
            <ns3:hr>137</ns3:hr>
          </ns3:TrackPointExtension>
        </extensions>
      </trkpt>
      <trkpt lat="49.344642497599124908447265625" lon="11.14667032845318317413330078125">
        <ele>355.79998779296875</ele>
        <time>2025-10-05T09:05:53.000Z</time>
        <extensions>
          <ns3:TrackPointExtension>
            <ns3:atemp>19.0</ns3:atemp>
            <ns3:hr>137</ns3:hr>
          </ns3:TrackPointExtension>
        </extensions>
      </trkpt>
      <trkpt lat="49.344750456511974334716796875" lon="11.14664618857204914093017578125">
        <ele>355.600006103515625</ele>
        <time>2025-10-05T09:05:58.000Z</time>
        <extensions>
          <ns3:TrackPointExtension>
            <ns3:atemp>19.0</ns3:atemp>
            <ns3:hr>138</ns3:hr>
          </ns3:TrackPointExtension>
        </extensions>
      </trkpt>
      <trkpt lat="49.344942234456539154052734375" lon="11.14658567123115062713623046875">
        <ele>355.600006103515625</ele>
        <time>2025-10-05T09:06:05.000Z</time>
        <extensions>
          <ns3:TrackPointExtension>
            <ns3:atemp>18.0</ns3:atemp>
            <ns3:hr>140</ns3:hr>
          </ns3:TrackPointExtension>
        </extensions>
      </trkpt>
      <trkpt lat="49.34502680785953998565673828125" lon="11.14657108671963214874267578125">
        <ele>355.20001220703125</ele>
        <time>2025-10-05T09:06:08.000Z</time>
        <extensions>
          <ns3:TrackPointExtension>
            <ns3:atemp>19.0</ns3:atemp>
            <ns3:hr>140</ns3:hr>
          </ns3:TrackPointExtension>
        </extensions>
      </trkpt>
      <trkpt lat="49.345152787864208221435546875" lon="11.14652951247990131378173828125">
        <ele>354.79998779296875</ele>
        <time>2025-10-05T09:06:13.000Z</time>
        <extensions>
          <ns3:TrackPointExtension>
            <ns3:atemp>18.0</ns3:atemp>
            <ns3:hr>143</ns3:hr>
          </ns3:TrackPointExtension>
        </extensions>
      </trkpt>
      <trkpt lat="49.34522093273699283599853515625" lon="11.1465215496718883514404296875">
        <ele>354.600006103515625</ele>
        <time>2025-10-05T09:06:15.000Z</time>
        <extensions>
          <ns3:TrackPointExtension>
            <ns3:atemp>18.0</ns3:atemp>
            <ns3:hr>142</ns3:hr>
          </ns3:TrackPointExtension>
        </extensions>
      </trkpt>
      <trkpt lat="49.3454681150615215301513671875" lon="11.14651341922581195831298828125">
        <ele>354.79998779296875</ele>
        <time>2025-10-05T09:06:24.000Z</time>
        <extensions>
          <ns3:TrackPointExtension>
            <ns3:atemp>18.0</ns3:atemp>
            <ns3:hr>142</ns3:hr>
          </ns3:TrackPointExtension>
        </extensions>
      </trkpt>
      <trkpt lat="49.345856867730617523193359375" lon="11.1465463601052761077880859375">
        <ele>355.399993896484375</ele>
        <time>2025-10-05T09:06:38.000Z</time>
        <extensions>
          <ns3:TrackPointExtension>
            <ns3:atemp>18.0</ns3:atemp>
            <ns3:hr>140</ns3:hr>
          </ns3:TrackPointExtension>
        </extensions>
      </trkpt>
      <trkpt lat="49.346185438334941864013671875" lon="11.14656823687255382537841796875">
        <ele>355</ele>
        <time>2025-10-05T09:06:50.000Z</time>
        <extensions>
          <ns3:TrackPointExtension>
            <ns3:atemp>18.0</ns3:atemp>
            <ns3:hr>140</ns3:hr>
          </ns3:TrackPointExtension>
        </extensions>
      </trkpt>
      <trkpt lat="49.34642457403242588043212890625" lon="11.14657091908156871795654296875">
        <ele>354.79998779296875</ele>
        <time>2025-10-05T09:06:58.000Z</time>
        <extensions>
          <ns3:TrackPointExtension>
            <ns3:atemp>18.0</ns3:atemp>
            <ns3:hr>143</ns3:hr>
          </ns3:TrackPointExtension>
        </extensions>
      </trkpt>
      <trkpt lat="49.34662506915628910064697265625" lon="11.146542839705944061279296875">
        <ele>354</ele>
        <time>2025-10-05T09:07:05.000Z</time>
        <extensions>
          <ns3:TrackPointExtension>
            <ns3:atemp>18.0</ns3:atemp>
            <ns3:hr>142</ns3:hr>
          </ns3:TrackPointExtension>
        </extensions>
      </trkpt>
      <trkpt lat="49.34669396840035915374755859375" lon="11.14653286524116992950439453125">
        <ele>354.20001220703125</ele>
        <time>2025-10-05T09:07:07.000Z</time>
        <extensions>
          <ns3:TrackPointExtension>
            <ns3:atemp>18.0</ns3:atemp>
            <ns3:hr>143</ns3:hr>
          </ns3:TrackPointExtension>
        </extensions>
      </trkpt>
      <trkpt lat="49.3467731773853302001953125" lon="11.14652699790894985198974609375">
        <ele>354.399993896484375</ele>
        <time>2025-10-05T09:07:10.000Z</time>
        <extensions>
          <ns3:TrackPointExtension>
            <ns3:atemp>18.0</ns3:atemp>
            <ns3:hr>146</ns3:hr>
          </ns3:TrackPointExtension>
        </extensions>
      </trkpt>
      <trkpt lat="49.34689429588615894317626953125" lon="11.14650822244584560394287109375">
        <ele>354.600006103515625</ele>
        <time>2025-10-05T09:07:14.000Z</time>
        <extensions>
          <ns3:TrackPointExtension>
            <ns3:atemp>18.0</ns3:atemp>
            <ns3:hr>146</ns3:hr>
          </ns3:TrackPointExtension>
        </extensions>
      </trkpt>
      <trkpt lat="49.34708858840167522430419921875" lon="11.146457679569721221923828125">
        <ele>353.79998779296875</ele>
        <time>2025-10-05T09:07:21.000Z</time>
        <extensions>
          <ns3:TrackPointExtension>
            <ns3:atemp>18.0</ns3:atemp>
            <ns3:hr>147</ns3:hr>
          </ns3:TrackPointExtension>
        </extensions>
      </trkpt>
      <trkpt lat="49.3472122214734554290771484375" lon="11.14642574451863765716552734375">
        <ele>354</ele>
        <time>2025-10-05T09:07:26.000Z</time>
        <extensions>
          <ns3:TrackPointExtension>
            <ns3:atemp>18.0</ns3:atemp>
            <ns3:hr>148</ns3:hr>
          </ns3:TrackPointExtension>
        </extensions>
      </trkpt>
      <trkpt lat="49.3473812006413936614990234375" lon="11.14637595601379871368408203125">
        <ele>355.20001220703125</ele>
        <time>2025-10-05T09:07:32.000Z</time>
        <extensions>
          <ns3:TrackPointExtension>
            <ns3:atemp>18.0</ns3:atemp>
            <ns3:hr>147</ns3:hr>
          </ns3:TrackPointExtension>
        </extensions>
      </trkpt>
      <trkpt lat="49.3474090285599231719970703125" lon="11.146365143358707427978515625">
        <ele>355.399993896484375</ele>
        <time>2025-10-05T09:07:33.000Z</time>
        <extensions>
          <ns3:TrackPointExtension>
            <ns3:atemp>18.0</ns3:atemp>
            <ns3:hr>147</ns3:hr>
          </ns3:TrackPointExtension>
        </extensions>
      </trkpt>
      <trkpt lat="49.34761664830148220062255859375" lon="11.14628895185887813568115234375">
        <ele>355.20001220703125</ele>
        <time>2025-10-05T09:07:41.000Z</time>
        <extensions>
          <ns3:TrackPointExtension>
            <ns3:atemp>18.0</ns3:atemp>
            <ns3:hr>149</ns3:hr>
          </ns3:TrackPointExtension>
        </extensions>
      </trkpt>
      <trkpt lat="49.34776618145406246185302734375" lon="11.14622893743216991424560546875">
        <ele>355</ele>
        <time>2025-10-05T09:07:47.000Z</time>
        <extensions>
          <ns3:TrackPointExtension>
            <ns3:atemp>18.0</ns3:atemp>
            <ns3:hr>149</ns3:hr>
          </ns3:TrackPointExtension>
        </extensions>
      </trkpt>
      <trkpt lat="49.34790976345539093017578125" lon="11.1462027020752429962158203125">
        <ele>355.399993896484375</ele>
        <time>2025-10-05T09:07:52.000Z</time>
        <extensions>
          <ns3:TrackPointExtension>
            <ns3:atemp>18.0</ns3:atemp>
            <ns3:hr>148</ns3:hr>
          </ns3:TrackPointExtension>
        </extensions>
      </trkpt>
      <trkpt lat="49.34807069599628448486328125" lon="11.1461752094328403472900390625">
        <ele>356.20001220703125</ele>
        <time>2025-10-05T09:07:58.000Z</time>
        <extensions>
          <ns3:TrackPointExtension>
            <ns3:atemp>18.0</ns3:atemp>
            <ns3:hr>147</ns3:hr>
          </ns3:TrackPointExtension>
        </extensions>
      </trkpt>
      <trkpt lat="49.348094500601291656494140625" lon="11.146165318787097930908203125">
        <ele>356.20001220703125</ele>
        <time>2025-10-05T09:07:59.000Z</time>
        <extensions>
          <ns3:TrackPointExtension>
            <ns3:atemp>18.0</ns3:atemp>
            <ns3:hr>147</ns3:hr>
          </ns3:TrackPointExtension>
        </extensions>
      </trkpt>
      <trkpt lat="49.34822735376656055450439453125" lon="11.14613346755504608154296875">
        <ele>356.399993896484375</ele>
        <time>2025-10-05T09:08:04.000Z</time>
        <extensions>
          <ns3:TrackPointExtension>
            <ns3:atemp>18.0</ns3:atemp>
            <ns3:hr>146</ns3:hr>
          </ns3:TrackPointExtension>
        </extensions>
      </trkpt>
      <trkpt lat="49.34839633293449878692626953125" lon="11.14609834738075733184814453125">
        <ele>356.20001220703125</ele>
        <time>2025-10-05T09:08:11.000Z</time>
        <extensions>
          <ns3:TrackPointExtension>
            <ns3:atemp>18.0</ns3:atemp>
            <ns3:hr>146</ns3:hr>
          </ns3:TrackPointExtension>
        </extensions>
      </trkpt>
      <trkpt lat="49.34855760075151920318603515625" lon="11.1460389196872711181640625">
        <ele>356.20001220703125</ele>
        <time>2025-10-05T09:08:17.000Z</time>
        <extensions>
          <ns3:TrackPointExtension>
            <ns3:atemp>18.0</ns3:atemp>
            <ns3:hr>148</ns3:hr>
          </ns3:TrackPointExtension>
        </extensions>
      </trkpt>
      <trkpt lat="49.34871501289308071136474609375" lon="11.14597513340413570404052734375">
        <ele>355.79998779296875</ele>
        <time>2025-10-05T09:08:23.000Z</time>
        <extensions>
          <ns3:TrackPointExtension>
            <ns3:atemp>18.0</ns3:atemp>
            <ns3:hr>148</ns3:hr>
          </ns3:TrackPointExtension>
        </extensions>
      </trkpt>
      <trkpt lat="49.34878542087972164154052734375" lon="11.145907156169414520263671875">
        <ele>355.20001220703125</ele>
        <time>2025-10-05T09:08:26.000Z</time>
        <extensions>
          <ns3:TrackPointExtension>
            <ns3:atemp>18.0</ns3:atemp>
            <ns3:hr>148</ns3:hr>
          </ns3:TrackPointExtension>
        </extensions>
      </trkpt>
      <trkpt lat="49.34882699511945247650146484375" lon="11.14586918614804744720458984375">
        <ele>354.79998779296875</ele>
        <time>2025-10-05T09:08:28.000Z</time>
        <extensions>
          <ns3:TrackPointExtension>
            <ns3:atemp>18.0</ns3:atemp>
            <ns3:hr>149</ns3:hr>
          </ns3:TrackPointExtension>
        </extensions>
      </trkpt>
      <trkpt lat="49.3489915318787097930908203125" lon="11.145745217800140380859375">
        <ele>355.20001220703125</ele>
        <time>2025-10-05T09:08:35.000Z</time>
        <extensions>
          <ns3:TrackPointExtension>
            <ns3:atemp>18.0</ns3:atemp>
            <ns3:hr>146</ns3:hr>
          </ns3:TrackPointExtension>
        </extensions>
      </trkpt>
      <trkpt lat="49.34912078082561492919921875" lon="11.1456045694649219512939453125">
        <ele>355</ele>
        <time>2025-10-05T09:08:41.000Z</time>
        <extensions>
          <ns3:TrackPointExtension>
            <ns3:atemp>18.0</ns3:atemp>
            <ns3:hr>143</ns3:hr>
          </ns3:TrackPointExtension>
        </extensions>
      </trkpt>
      <trkpt lat="49.349167048931121826171875" lon="11.145565509796142578125">
        <ele>355</ele>
        <time>2025-10-05T09:08:43.000Z</time>
        <extensions>
          <ns3:TrackPointExtension>
            <ns3:atemp>18.0</ns3:atemp>
            <ns3:hr>143</ns3:hr>
          </ns3:TrackPointExtension>
        </extensions>
      </trkpt>
      <trkpt lat="49.3492805399000644683837890625" lon="11.1454852111637592315673828125">
        <ele>354.79998779296875</ele>
        <time>2025-10-05T09:08:48.000Z</time>
        <extensions>
          <ns3:TrackPointExtension>
            <ns3:atemp>18.0</ns3:atemp>
            <ns3:hr>140</ns3:hr>
          </ns3:TrackPointExtension>
        </extensions>
      </trkpt>
      <trkpt lat="49.34935941360890865325927734375" lon="11.14544640295207500457763671875">
        <ele>355</ele>
        <time>2025-10-05T09:08:51.000Z</time>
        <extensions>
          <ns3:TrackPointExtension>
            <ns3:atemp>18.0</ns3:atemp>
            <ns3:hr>140</ns3:hr>
          </ns3:TrackPointExtension>
        </extensions>
      </trkpt>
      <trkpt lat="49.34957273304462432861328125" lon="11.14529083482921123504638671875">
        <ele>355.20001220703125</ele>
        <time>2025-10-05T09:09:00.000Z</time>
        <extensions>
          <ns3:TrackPointExtension>
            <ns3:atemp>18.0</ns3:atemp>
            <ns3:hr>140</ns3:hr>
          </ns3:TrackPointExtension>
        </extensions>
      </trkpt>
      <trkpt lat="49.34970709495246410369873046875" lon="11.145250685513019561767578125">
        <ele>355.20001220703125</ele>
        <time>2025-10-05T09:09:05.000Z</time>
        <extensions>
          <ns3:TrackPointExtension>
            <ns3:atemp>18.0</ns3:atemp>
            <ns3:hr>137</ns3:hr>
          </ns3:TrackPointExtension>
        </extensions>
      </trkpt>
      <trkpt lat="49.349825195968151092529296875" lon="11.1451982147991657257080078125">
        <ele>354.20001220703125</ele>
        <time>2025-10-05T09:09:10.000Z</time>
        <extensions>
          <ns3:TrackPointExtension>
            <ns3:atemp>18.0</ns3:atemp>
            <ns3:hr>136</ns3:hr>
          </ns3:TrackPointExtension>
        </extensions>
      </trkpt>
      <trkpt lat="49.34987691231071949005126953125" lon="11.145172230899333953857421875">
        <ele>354</ele>
        <time>2025-10-05T09:09:12.000Z</time>
        <extensions>
          <ns3:TrackPointExtension>
            <ns3:atemp>18.0</ns3:atemp>
            <ns3:hr>137</ns3:hr>
          </ns3:TrackPointExtension>
        </extensions>
      </trkpt>
      <trkpt lat="49.35001236386597156524658203125" lon="11.14516980014741420745849609375">
        <ele>354.600006103515625</ele>
        <time>2025-10-05T09:09:17.000Z</time>
        <extensions>
          <ns3:TrackPointExtension>
            <ns3:atemp>18.0</ns3:atemp>
            <ns3:hr>138</ns3:hr>
          </ns3:TrackPointExtension>
        </extensions>
      </trkpt>
      <trkpt lat="49.35024437494575977325439453125" lon="11.14515337161719799041748046875">
        <ele>354.20001220703125</ele>
        <time>2025-10-05T09:09:25.000Z</time>
        <extensions>
          <ns3:TrackPointExtension>
            <ns3:atemp>18.0</ns3:atemp>
            <ns3:hr>136</ns3:hr>
          </ns3:TrackPointExtension>
        </extensions>
      </trkpt>
      <trkpt lat="49.3504177965223789215087890625" lon="11.14517617039382457733154296875">
        <ele>353.600006103515625</ele>
        <time>2025-10-05T09:09:31.000Z</time>
        <extensions>
          <ns3:TrackPointExtension>
            <ns3:atemp>18.0</ns3:atemp>
            <ns3:hr>139</ns3:hr>
          </ns3:TrackPointExtension>
        </extensions>
      </trkpt>
      <trkpt lat="49.3505193851888179779052734375" lon="11.1452186666429042816162109375">
        <ele>353.600006103515625</ele>
        <time>2025-10-05T09:09:34.000Z</time>
        <extensions>
          <ns3:TrackPointExtension>
            <ns3:atemp>18.0</ns3:atemp>
            <ns3:hr>142</ns3:hr>
          </ns3:TrackPointExtension>
        </extensions>
      </trkpt>
      <trkpt lat="49.350631199777126312255859375" lon="11.1452511884272098541259765625">
        <ele>353.399993896484375</ele>
        <time>2025-10-05T09:09:38.000Z</time>
        <extensions>
          <ns3:TrackPointExtension>
            <ns3:atemp>18.0</ns3:atemp>
            <ns3:hr>145</ns3:hr>
          </ns3:TrackPointExtension>
        </extensions>
      </trkpt>
      <trkpt lat="49.35072348453104496002197265625" lon="11.14529125392436981201171875">
        <ele>353.399993896484375</ele>
        <time>2025-10-05T09:09:41.000Z</time>
        <extensions>
          <ns3:TrackPointExtension>
            <ns3:atemp>18.0</ns3:atemp>
            <ns3:hr>146</ns3:hr>
          </ns3:TrackPointExtension>
        </extensions>
      </trkpt>
      <trkpt lat="49.35086631216108798980712890625" lon="11.14534967578947544097900390625">
        <ele>352.79998779296875</ele>
        <time>2025-10-05T09:09:46.000Z</time>
        <extensions>
          <ns3:TrackPointExtension>
            <ns3:atemp>18.0</ns3:atemp>
            <ns3:hr>148</ns3:hr>
          </ns3:TrackPointExtension>
        </extensions>
      </trkpt>
      <trkpt lat="49.35093336738646030426025390625" lon="11.1453683674335479736328125">
        <ele>352.600006103515625</ele>
        <time>2025-10-05T09:09:49.000Z</time>
        <extensions>
          <ns3:TrackPointExtension>
            <ns3:atemp>18.0</ns3:atemp>
            <ns3:hr>149</ns3:hr>
          </ns3:TrackPointExtension>
        </extensions>
      </trkpt>
      <trkpt lat="49.351162277162075042724609375" lon="11.14544288255274295806884765625">
        <ele>353.20001220703125</ele>
        <time>2025-10-05T09:09:58.000Z</time>
        <extensions>
          <ns3:TrackPointExtension>
            <ns3:atemp>18.0</ns3:atemp>
            <ns3:hr>150</ns3:hr>
          </ns3:TrackPointExtension>
        </extensions>
      </trkpt>
      <trkpt lat="49.35135799460113048553466796875" lon="11.14552837796509265899658203125">
        <ele>352.79998779296875</ele>
        <time>2025-10-05T09:10:06.000Z</time>
        <extensions>
          <ns3:TrackPointExtension>
            <ns3:atemp>18.0</ns3:atemp>
            <ns3:hr>151</ns3:hr>
          </ns3:TrackPointExtension>
        </extensions>
      </trkpt>
      <trkpt lat="49.35150736011564731597900390625" lon="11.145599372684955596923828125">
        <ele>352.79998779296875</ele>
        <time>2025-10-05T09:10:12.000Z</time>
        <extensions>
          <ns3:TrackPointExtension>
            <ns3:atemp>18.0</ns3:atemp>
            <ns3:hr>150</ns3:hr>
          </ns3:TrackPointExtension>
        </extensions>
      </trkpt>
      <trkpt lat="49.3516811169683933258056640625" lon="11.14567137323319911956787109375">
        <ele>353</ele>
        <time>2025-10-05T09:10:19.000Z</time>
        <extensions>
          <ns3:TrackPointExtension>
            <ns3:atemp>18.0</ns3:atemp>
            <ns3:hr>152</ns3:hr>
          </ns3:TrackPointExtension>
        </extensions>
      </trkpt>
      <trkpt lat="49.35190063901245594024658203125" lon="11.14578184671700000762939453125">
        <ele>352</ele>
        <time>2025-10-05T09:10:27.000Z</time>
        <extensions>
          <ns3:TrackPointExtension>
            <ns3:atemp>18.0</ns3:atemp>
            <ns3:hr>154</ns3:hr>
          </ns3:TrackPointExtension>
        </extensions>
      </trkpt>
      <trkpt lat="49.3519372679293155670166015625" lon="11.14580347202718257904052734375">
        <ele>352</ele>
        <time>2025-10-05T09:10:28.000Z</time>
        <extensions>
          <ns3:TrackPointExtension>
            <ns3:atemp>18.0</ns3:atemp>
            <ns3:hr>150</ns3:hr>
          </ns3:TrackPointExtension>
        </extensions>
      </trkpt>
      <trkpt lat="49.351959563791751861572265625" lon="11.14581923000514507293701171875">
        <ele>351.79998779296875</ele>
        <time>2025-10-05T09:10:29.000Z</time>
        <extensions>
          <ns3:TrackPointExtension>
            <ns3:atemp>18.0</ns3:atemp>
            <ns3:hr>150</ns3:hr>
          </ns3:TrackPointExtension>
        </extensions>
      </trkpt>
      <trkpt lat="49.35212485492229461669921875" lon="11.1458620615303516387939453125">
        <ele>351</ele>
        <time>2025-10-05T09:10:35.000Z</time>
        <extensions>
          <ns3:TrackPointExtension>
            <ns3:atemp>18.0</ns3:atemp>
            <ns3:hr>148</ns3:hr>
          </ns3:TrackPointExtension>
        </extensions>
      </trkpt>
      <trkpt lat="49.35218989849090576171875" lon="11.1458667553961277008056640625">
        <ele>350.600006103515625</ele>
        <time>2025-10-05T09:10:38.000Z</time>
        <extensions>
          <ns3:TrackPointExtension>
            <ns3:atemp>18.0</ns3:atemp>
            <ns3:hr>148</ns3:hr>
          </ns3:TrackPointExtension>
        </extensions>
      </trkpt>
      <trkpt lat="49.352258630096912384033203125" lon="11.14584957249462604522705078125">
        <ele>350.79998779296875</ele>
        <time>2025-10-05T09:10:41.000Z</time>
        <extensions>
          <ns3:TrackPointExtension>
            <ns3:atemp>18.0</ns3:atemp>
            <ns3:hr>148</ns3:hr>
          </ns3:TrackPointExtension>
        </extensions>
      </trkpt>
      <trkpt lat="49.35246725566685199737548828125" lon="11.14573004655539989471435546875">
        <ele>350.399993896484375</ele>
        <time>2025-10-05T09:10:49.000Z</time>
        <extensions>
          <ns3:TrackPointExtension>
            <ns3:atemp>18.0</ns3:atemp>
            <ns3:hr>148</ns3:hr>
          </ns3:TrackPointExtension>
        </extensions>
      </trkpt>
      <trkpt lat="49.35260103084146976470947265625" lon="11.14561152644455432891845703125">
        <ele>350.20001220703125</ele>
        <time>2025-10-05T09:10:55.000Z</time>
        <extensions>
          <ns3:TrackPointExtension>
            <ns3:atemp>18.0</ns3:atemp>
            <ns3:hr>151</ns3:hr>
          </ns3:TrackPointExtension>
        </extensions>
      </trkpt>
      <trkpt lat="49.35276699252426624298095703125" lon="11.14548261277377605438232421875">
        <ele>349.79998779296875</ele>
        <time>2025-10-05T09:11:02.000Z</time>
        <extensions>
          <ns3:TrackPointExtension>
            <ns3:atemp>18.0</ns3:atemp>
            <ns3:hr>151</ns3:hr>
          </ns3:TrackPointExtension>
        </extensions>
      </trkpt>
      <trkpt lat="49.35279532335698604583740234375" lon="11.1454500071704387664794921875">
        <ele>349.600006103515625</ele>
        <time>2025-10-05T09:11:03.000Z</time>
        <extensions>
          <ns3:TrackPointExtension>
            <ns3:atemp>18.0</ns3:atemp>
            <ns3:hr>151</ns3:hr>
          </ns3:TrackPointExtension>
        </extensions>
      </trkpt>
      <trkpt lat="49.3529722653329372406005859375" lon="11.1453464068472385406494140625">
        <ele>349</ele>
        <time>2025-10-05T09:11:10.000Z</time>
        <extensions>
          <ns3:TrackPointExtension>
            <ns3:atemp>18.0</ns3:atemp>
            <ns3:hr>152</ns3:hr>
          </ns3:TrackPointExtension>
        </extensions>
      </trkpt>
      <trkpt lat="49.35312992893159389495849609375" lon="11.1452877335250377655029296875">
        <ele>348.79998779296875</ele>
        <time>2025-10-05T09:11:16.000Z</time>
        <extensions>
          <ns3:TrackPointExtension>
            <ns3:atemp>18.0</ns3:atemp>
            <ns3:hr>151</ns3:hr>
          </ns3:TrackPointExtension>
        </extensions>
      </trkpt>
      <trkpt lat="49.35318189673125743865966796875" lon="11.1452756635844707489013671875">
        <ele>348.79998779296875</ele>
        <time>2025-10-05T09:11:18.000Z</time>
        <extensions>
          <ns3:TrackPointExtension>
            <ns3:atemp>18.0</ns3:atemp>
            <ns3:hr>148</ns3:hr>
          </ns3:TrackPointExtension>
        </extensions>
      </trkpt>
      <trkpt lat="49.35323973186314105987548828125" lon="11.1452344246208667755126953125">
        <ele>349</ele>
        <time>2025-10-05T09:11:22.000Z</time>
        <extensions>
          <ns3:TrackPointExtension>
            <ns3:atemp>18.0</ns3:atemp>
            <ns3:hr>146</ns3:hr>
          </ns3:TrackPointExtension>
        </extensions>
      </trkpt>
      <trkpt lat="49.35324425809085369110107421875" lon="11.14521841518580913543701171875">
        <ele>349</ele>
        <time>2025-10-05T09:11:23.000Z</time>
        <extensions>
          <ns3:TrackPointExtension>
            <ns3:atemp>18.0</ns3:atemp>
            <ns3:hr>146</ns3:hr>
          </ns3:TrackPointExtension>
        </extensions>
      </trkpt>
      <trkpt lat="49.35327393002808094024658203125" lon="11.1452049203217029571533203125">
        <ele>349</ele>
        <time>2025-10-05T09:11:26.000Z</time>
        <extensions>
          <ns3:TrackPointExtension>
            <ns3:atemp>18.0</ns3:atemp>
            <ns3:hr>145</ns3:hr>
          </ns3:TrackPointExtension>
        </extensions>
      </trkpt>
      <trkpt lat="49.35341072268784046173095703125" lon="11.145154125988483428955078125">
        <ele>348.600006103515625</ele>
        <time>2025-10-05T09:11:34.000Z</time>
        <extensions>
          <ns3:TrackPointExtension>
            <ns3:atemp>18.0</ns3:atemp>
            <ns3:hr>145</ns3:hr>
          </ns3:TrackPointExtension>
        </extensions>
      </trkpt>
      <trkpt lat="49.3534356169402599334716796875" lon="11.14515068940818309783935546875">
        <ele>348.600006103515625</ele>
        <time>2025-10-05T09:11:35.000Z</time>
        <extensions>
          <ns3:TrackPointExtension>
            <ns3:atemp>18.0</ns3:atemp>
            <ns3:hr>145</ns3:hr>
          </ns3:TrackPointExtension>
        </extensions>
      </trkpt>
      <trkpt lat="49.35357567854225635528564453125" lon="11.14509872160851955413818359375">
        <ele>348.600006103515625</ele>
        <time>2025-10-05T09:11:41.000Z</time>
        <extensions>
          <ns3:TrackPointExtension>
            <ns3:atemp>18.0</ns3:atemp>
            <ns3:hr>146</ns3:hr>
          </ns3:TrackPointExtension>
        </extensions>
      </trkpt>
      <trkpt lat="49.35380098409950733184814453125" lon="11.14507935941219329833984375">
        <ele>348.600006103515625</ele>
        <time>2025-10-05T09:11:50.000Z</time>
        <extensions>
          <ns3:TrackPointExtension>
            <ns3:atemp>18.0</ns3:atemp>
            <ns3:hr>146</ns3:hr>
          </ns3:TrackPointExtension>
        </extensions>
      </trkpt>
      <trkpt lat="49.35396627523005008697509765625" lon="11.14503870718181133270263671875">
        <ele>348.399993896484375</ele>
        <time>2025-10-05T09:11:57.000Z</time>
        <extensions>
          <ns3:TrackPointExtension>
            <ns3:atemp>18.0</ns3:atemp>
            <ns3:hr>147</ns3:hr>
          </ns3:TrackPointExtension>
        </extensions>
      </trkpt>
      <trkpt lat="49.35408144257962703704833984375" lon="11.144990511238574981689453125">
        <ele>349.20001220703125</ele>
        <time>2025-10-05T09:12:02.000Z</time>
        <extensions>
          <ns3:TrackPointExtension>
            <ns3:atemp>18.0</ns3:atemp>
            <ns3:hr>144</ns3:hr>
          </ns3:TrackPointExtension>
        </extensions>
      </trkpt>
      <trkpt lat="49.35416023246943950653076171875" lon="11.1449641920626163482666015625">
        <ele>349.399993896484375</ele>
        <time>2025-10-05T09:12:05.000Z</time>
        <extensions>
          <ns3:TrackPointExtension>
            <ns3:atemp>18.0</ns3:atemp>
            <ns3:hr>141</ns3:hr>
          </ns3:TrackPointExtension>
        </extensions>
      </trkpt>
      <trkpt lat="49.3542136251926422119140625" lon="11.14494969137012958526611328125">
        <ele>349.79998779296875</ele>
        <time>2025-10-05T09:12:07.000Z</time>
        <extensions>
          <ns3:TrackPointExtension>
            <ns3:atemp>18.0</ns3:atemp>
            <ns3:hr>140</ns3:hr>
          </ns3:TrackPointExtension>
        </extensions>
      </trkpt>
      <trkpt lat="49.3542701192200183868408203125" lon="11.144945584237575531005859375">
        <ele>349.79998779296875</ele>
        <time>2025-10-05T09:12:09.000Z</time>
        <extensions>
          <ns3:TrackPointExtension>
            <ns3:atemp>18.0</ns3:atemp>
            <ns3:hr>138</ns3:hr>
          </ns3:TrackPointExtension>
        </extensions>
      </trkpt>
      <trkpt lat="49.3544102646410465240478515625" lon="11.14490560255944728851318359375">
        <ele>349.600006103515625</ele>
        <time>2025-10-05T09:12:15.000Z</time>
        <extensions>
          <ns3:TrackPointExtension>
            <ns3:atemp>18.0</ns3:atemp>
            <ns3:hr>136</ns3:hr>
          </ns3:TrackPointExtension>
        </extensions>
      </trkpt>
      <trkpt lat="49.35456742532551288604736328125" lon="11.1448652856051921844482421875">
        <ele>349.20001220703125</ele>
        <time>2025-10-05T09:12:22.000Z</time>
        <extensions>
          <ns3:TrackPointExtension>
            <ns3:atemp>18.0</ns3:atemp>
            <ns3:hr>136</ns3:hr>
          </ns3:TrackPointExtension>
        </extensions>
      </trkpt>
      <trkpt lat="49.3546776473522186279296875" lon="11.14485204219818115234375">
        <ele>349.399993896484375</ele>
        <time>2025-10-05T09:12:26.000Z</time>
        <extensions>
          <ns3:TrackPointExtension>
            <ns3:atemp>18.0</ns3:atemp>
            <ns3:hr>139</ns3:hr>
          </ns3:TrackPointExtension>
        </extensions>
      </trkpt>
      <trkpt lat="49.35474143363535404205322265625" lon="11.14481356926262378692626953125">
        <ele>349.20001220703125</ele>
        <time>2025-10-05T09:12:29.000Z</time>
        <extensions>
          <ns3:TrackPointExtension>
            <ns3:atemp>18.0</ns3:atemp>
            <ns3:hr>140</ns3:hr>
          </ns3:TrackPointExtension>
        </extensions>
      </trkpt>
      <trkpt lat="49.3548628874123096466064453125" lon="11.1447774432599544525146484375">
        <ele>349.399993896484375</ele>
        <time>2025-10-05T09:12:34.000Z</time>
        <extensions>
          <ns3:TrackPointExtension>
            <ns3:atemp>18.0</ns3:atemp>
            <ns3:hr>140</ns3:hr>
          </ns3:TrackPointExtension>
        </extensions>
      </trkpt>
      <trkpt lat="49.35498920269310474395751953125" lon="11.14473762921988964080810546875">
        <ele>349.600006103515625</ele>
        <time>2025-10-05T09:12:39.000Z</time>
        <extensions>
          <ns3:TrackPointExtension>
            <ns3:atemp>18.0</ns3:atemp>
            <ns3:hr>140</ns3:hr>
          </ns3:TrackPointExtension>
        </extensions>
      </trkpt>
      <trkpt lat="49.355137310922145843505859375" lon="11.14474601112306118011474609375">
        <ele>349.600006103515625</ele>
        <time>2025-10-05T09:12:45.000Z</time>
        <extensions>
          <ns3:TrackPointExtension>
            <ns3:atemp>18.0</ns3:atemp>
            <ns3:hr>140</ns3:hr>
          </ns3:TrackPointExtension>
        </extensions>
      </trkpt>
      <trkpt lat="49.3552363850176334381103515625" lon="11.14480468444526195526123046875">
        <ele>350</ele>
        <time>2025-10-05T09:12:52.000Z</time>
        <extensions>
          <ns3:TrackPointExtension>
            <ns3:atemp>18.0</ns3:atemp>
            <ns3:hr>142</ns3:hr>
          </ns3:TrackPointExtension>
        </extensions>
      </trkpt>
      <trkpt lat="49.35532481409609317779541015625" lon="11.144836284220218658447265625">
        <ele>350</ele>
        <time>2025-10-05T09:12:58.000Z</time>
        <extensions>
          <ns3:TrackPointExtension>
            <ns3:atemp>18.0</ns3:atemp>
            <ns3:hr>142</ns3:hr>
          </ns3:TrackPointExtension>
        </extensions>
      </trkpt>
      <trkpt lat="49.35543025843799114227294921875" lon="11.14489001221954822540283203125">
        <ele>349.79998779296875</ele>
        <time>2025-10-05T09:13:05.000Z</time>
        <extensions>
          <ns3:TrackPointExtension>
            <ns3:atemp>18.0</ns3:atemp>
            <ns3:hr>139</ns3:hr>
          </ns3:TrackPointExtension>
        </extensions>
      </trkpt>
      <trkpt lat="49.35543444938957691192626953125" lon="11.14489051513373851776123046875">
        <ele>349.79998779296875</ele>
        <time>2025-10-05T09:13:06.000Z</time>
        <extensions>
          <ns3:TrackPointExtension>
            <ns3:atemp>18.0</ns3:atemp>
            <ns3:hr>141</ns3:hr>
          </ns3:TrackPointExtension>
        </extensions>
      </trkpt>
      <trkpt lat="49.3554472737014293670654296875" lon="11.14488598890602588653564453125">
        <ele>350</ele>
        <time>2025-10-05T09:13:09.000Z</time>
        <extensions>
          <ns3:TrackPointExtension>
            <ns3:atemp>18.0</ns3:atemp>
            <ns3:hr>141</ns3:hr>
          </ns3:TrackPointExtension>
        </extensions>
      </trkpt>
      <trkpt lat="49.35545054264366626739501953125" lon="11.144881211221218109130859375">
        <ele>350.399993896484375</ele>
        <time>2025-10-05T09:13:11.000Z</time>
        <extensions>
          <ns3:TrackPointExtension>
            <ns3:atemp>18.0</ns3:atemp>
            <ns3:hr>142</ns3:hr>
          </ns3:TrackPointExtension>
        </extensions>
      </trkpt>
      <trkpt lat="49.35548163950443267822265625" lon="11.1448636092245578765869140625">
        <ele>350</ele>
        <time>2025-10-05T09:13:15.000Z</time>
        <extensions>
          <ns3:TrackPointExtension>
            <ns3:atemp>18.0</ns3:atemp>
            <ns3:hr>141</ns3:hr>
          </ns3:TrackPointExtension>
        </extensions>
      </trkpt>
      <trkpt lat="49.35549345798790454864501953125" lon="11.144855059683322906494140625">
        <ele>349.79998779296875</ele>
        <time>2025-10-05T09:13:16.000Z</time>
        <extensions>
          <ns3:TrackPointExtension>
            <ns3:atemp>18.0</ns3:atemp>
            <ns3:hr>141</ns3:hr>
          </ns3:TrackPointExtension>
        </extensions>
      </trkpt>
      <trkpt lat="49.3555146642029285430908203125" lon="11.14486000500619411468505859375">
        <ele>349.600006103515625</ele>
        <time>2025-10-05T09:13:18.000Z</time>
        <extensions>
          <ns3:TrackPointExtension>
            <ns3:atemp>18.0</ns3:atemp>
            <ns3:hr>140</ns3:hr>
          </ns3:TrackPointExtension>
        </extensions>
      </trkpt>
      <trkpt lat="49.3555475212633609771728515625" lon="11.1448565684258937835693359375">
        <ele>349.20001220703125</ele>
        <time>2025-10-05T09:13:21.000Z</time>
        <extensions>
          <ns3:TrackPointExtension>
            <ns3:atemp>18.0</ns3:atemp>
            <ns3:hr>141</ns3:hr>
          </ns3:TrackPointExtension>
        </extensions>
      </trkpt>
      <trkpt lat="49.35555581934750080108642578125" lon="11.14486302249133586883544921875">
        <ele>349.20001220703125</ele>
        <time>2025-10-05T09:13:22.000Z</time>
        <extensions>
          <ns3:TrackPointExtension>
            <ns3:atemp>18.0</ns3:atemp>
            <ns3:hr>140</ns3:hr>
          </ns3:TrackPointExtension>
        </extensions>
      </trkpt>
      <trkpt lat="49.35556453652679920196533203125" lon="11.14486620761454105377197265625">
        <ele>349.20001220703125</ele>
        <time>2025-10-05T09:13:23.000Z</time>
        <extensions>
          <ns3:TrackPointExtension>
            <ns3:atemp>18.0</ns3:atemp>
            <ns3:hr>140</ns3:hr>
          </ns3:TrackPointExtension>
        </extensions>
      </trkpt>
      <trkpt lat="49.3556303344666957855224609375" lon="11.1449018307030200958251953125">
        <ele>349</ele>
        <time>2025-10-05T09:13:29.000Z</time>
        <extensions>
          <ns3:TrackPointExtension>
            <ns3:atemp>18.0</ns3:atemp>
            <ns3:hr>140</ns3:hr>
          </ns3:TrackPointExtension>
        </extensions>
      </trkpt>
      <trkpt lat="49.35571004636585712432861328125" lon="11.14501423202455043792724609375">
        <ele>349</ele>
        <time>2025-10-05T09:13:36.000Z</time>
        <extensions>
          <ns3:TrackPointExtension>
            <ns3:atemp>18.0</ns3:atemp>
            <ns3:hr>140</ns3:hr>
          </ns3:TrackPointExtension>
        </extensions>
      </trkpt>
      <trkpt lat="49.355786740779876708984375" lon="11.1450966261327266693115234375">
        <ele>349.399993896484375</ele>
        <time>2025-10-05T09:13:43.000Z</time>
        <extensions>
          <ns3:TrackPointExtension>
            <ns3:atemp>18.0</ns3:atemp>
            <ns3:hr>138</ns3:hr>
          </ns3:TrackPointExtension>
        </extensions>
      </trkpt>
      <trkpt lat="49.35583560727536678314208984375" lon="11.1451623402535915374755859375">
        <ele>348.79998779296875</ele>
        <time>2025-10-05T09:13:49.000Z</time>
        <extensions>
          <ns3:TrackPointExtension>
            <ns3:atemp>18.0</ns3:atemp>
            <ns3:hr>135</ns3:hr>
          </ns3:TrackPointExtension>
        </extensions>
      </trkpt>
      <trkpt lat="49.3558335117995738983154296875" lon="11.1451697163283824920654296875">
        <ele>348.79998779296875</ele>
        <time>2025-10-05T09:13:50.000Z</time>
        <extensions>
          <ns3:TrackPointExtension>
            <ns3:atemp>19.0</ns3:atemp>
            <ns3:hr>136</ns3:hr>
          </ns3:TrackPointExtension>
        </extensions>
      </trkpt>
      <trkpt lat="49.35593493282794952392578125" lon="11.14514783956110477447509765625">
        <ele>348.399993896484375</ele>
        <time>2025-10-05T09:14:17.000Z</time>
        <extensions>
          <ns3:TrackPointExtension>
            <ns3:atemp>19.0</ns3:atemp>
            <ns3:hr>136</ns3:hr>
          </ns3:TrackPointExtension>
        </extensions>
      </trkpt>
      <trkpt lat="49.35597910545766353607177734375" lon="11.1449967138469219207763671875">
        <ele>348.399993896484375</ele>
        <time>2025-10-05T09:14:19.000Z</time>
        <extensions>
          <ns3:TrackPointExtension>
            <ns3:atemp>19.0</ns3:atemp>
            <ns3:hr>136</ns3:hr>
          </ns3:TrackPointExtension>
        </extensions>
      </trkpt>
      <trkpt lat="49.3560276366770267486572265625" lon="11.1449373699724674224853515625">
        <ele>348.20001220703125</ele>
        <time>2025-10-05T09:14:21.000Z</time>
        <extensions>
          <ns3:TrackPointExtension>
            <ns3:atemp>19.0</ns3:atemp>
            <ns3:hr>137</ns3:hr>
          </ns3:TrackPointExtension>
        </extensions>
      </trkpt>
      <trkpt lat="49.35602210462093353271484375" lon="11.1449363641440868377685546875">
        <ele>348.20001220703125</ele>
        <time>2025-10-05T09:14:22.000Z</time>
        <extensions>
          <ns3:TrackPointExtension>
            <ns3:atemp>19.0</ns3:atemp>
            <ns3:hr>135</ns3:hr>
          </ns3:TrackPointExtension>
        </extensions>
      </trkpt>
      <trkpt lat="49.35601330362260341644287109375" lon="11.14492186345160007476806640625">
        <ele>348.20001220703125</ele>
        <time>2025-10-05T09:14:23.000Z</time>
        <extensions>
          <ns3:TrackPointExtension>
            <ns3:atemp>19.0</ns3:atemp>
            <ns3:hr>135</ns3:hr>
          </ns3:TrackPointExtension>
        </extensions>
      </trkpt>
      <trkpt lat="49.3560039997100830078125" lon="11.144925467669963836669921875">
        <ele>348</ele>
        <time>2025-10-05T09:14:27.000Z</time>
        <extensions>
          <ns3:TrackPointExtension>
            <ns3:atemp>19.0</ns3:atemp>
            <ns3:hr>134</ns3:hr>
          </ns3:TrackPointExtension>
        </extensions>
      </trkpt>
      <trkpt lat="49.35600374825298786163330078125" lon="11.14492773078382015228271484375">
        <ele>348</ele>
        <time>2025-10-05T09:14:28.000Z</time>
        <extensions>
          <ns3:TrackPointExtension>
            <ns3:atemp>19.0</ns3:atemp>
            <ns3:hr>136</ns3:hr>
          </ns3:TrackPointExtension>
        </extensions>
      </trkpt>
      <trkpt lat="49.35602621175348758697509765625" lon="11.14490501582622528076171875">
        <ele>347.600006103515625</ele>
        <time>2025-10-05T09:14:31.000Z</time>
        <extensions>
          <ns3:TrackPointExtension>
            <ns3:atemp>19.0</ns3:atemp>
            <ns3:hr>137</ns3:hr>
          </ns3:TrackPointExtension>
        </extensions>
      </trkpt>
      <trkpt lat="49.3560330010950565338134765625" lon="11.14489688538014888763427734375">
        <ele>347.600006103515625</ele>
        <time>2025-10-05T09:14:32.000Z</time>
        <extensions>
          <ns3:TrackPointExtension>
            <ns3:atemp>19.0</ns3:atemp>
            <ns3:hr>138</ns3:hr>
          </ns3:TrackPointExtension>
        </extensions>
      </trkpt>
      <trkpt lat="49.3561138026416301727294921875" lon="11.144946254789829254150390625">
        <ele>347</ele>
        <time>2025-10-05T09:15:02.000Z</time>
        <extensions>
          <ns3:TrackPointExtension>
            <ns3:atemp>19.0</ns3:atemp>
            <ns3:hr>136</ns3:hr>
          </ns3:TrackPointExtension>
        </extensions>
      </trkpt>
      <trkpt lat="49.3561198376119136810302734375" lon="11.1448170058429241180419921875">
        <ele>346.79998779296875</ele>
        <time>2025-10-05T09:15:06.000Z</time>
        <extensions>
          <ns3:TrackPointExtension>
            <ns3:atemp>19.0</ns3:atemp>
            <ns3:hr>135</ns3:hr>
          </ns3:TrackPointExtension>
        </extensions>
      </trkpt>
      <trkpt lat="49.35615361668169498443603515625" lon="11.1447479389607906341552734375">
        <ele>346.600006103515625</ele>
        <time>2025-10-05T09:15:09.000Z</time>
        <extensions>
          <ns3:TrackPointExtension>
            <ns3:atemp>19.0</ns3:atemp>
            <ns3:hr>134</ns3:hr>
          </ns3:TrackPointExtension>
        </extensions>
      </trkpt>
      <trkpt lat="49.35618127696216106414794921875" lon="11.1446554027497768402099609375">
        <ele>345.79998779296875</ele>
        <time>2025-10-05T09:15:13.000Z</time>
        <extensions>
          <ns3:TrackPointExtension>
            <ns3:atemp>19.0</ns3:atemp>
            <ns3:hr>134</ns3:hr>
          </ns3:TrackPointExtension>
        </extensions>
      </trkpt>
      <trkpt lat="49.35618949122726917266845703125" lon="11.144598238170146942138671875">
        <ele>345.600006103515625</ele>
        <time>2025-10-05T09:15:15.000Z</time>
        <extensions>
          <ns3:TrackPointExtension>
            <ns3:atemp>19.0</ns3:atemp>
            <ns3:hr>135</ns3:hr>
          </ns3:TrackPointExtension>
        </extensions>
      </trkpt>
      <trkpt lat="49.35619971714913845062255859375" lon="11.14457535557448863983154296875">
        <ele>345.399993896484375</ele>
        <time>2025-10-05T09:15:16.000Z</time>
        <extensions>
          <ns3:TrackPointExtension>
            <ns3:atemp>19.0</ns3:atemp>
            <ns3:hr>136</ns3:hr>
          </ns3:TrackPointExtension>
        </extensions>
      </trkpt>
      <trkpt lat="49.3562428839504718780517578125" lon="11.144459433853626251220703125">
        <ele>344.399993896484375</ele>
        <time>2025-10-05T09:15:23.000Z</time>
        <extensions>
          <ns3:TrackPointExtension>
            <ns3:atemp>19.0</ns3:atemp>
            <ns3:hr>135</ns3:hr>
          </ns3:TrackPointExtension>
        </extensions>
      </trkpt>
      <trkpt lat="49.35628831386566162109375" lon="11.1443479545414447784423828125">
        <ele>343.79998779296875</ele>
        <time>2025-10-05T09:15:29.000Z</time>
        <extensions>
          <ns3:TrackPointExtension>
            <ns3:atemp>19.0</ns3:atemp>
            <ns3:hr>134</ns3:hr>
          </ns3:TrackPointExtension>
        </extensions>
      </trkpt>
      <trkpt lat="49.35633164830505847930908203125" lon="11.1442775465548038482666015625">
        <ele>344</ele>
        <time>2025-10-05T09:15:33.000Z</time>
        <extensions>
          <ns3:TrackPointExtension>
            <ns3:atemp>19.0</ns3:atemp>
            <ns3:hr>135</ns3:hr>
          </ns3:TrackPointExtension>
        </extensions>
      </trkpt>
      <trkpt lat="49.35634690336883068084716796875" lon="11.1442342959344387054443359375">
        <ele>344</ele>
        <time>2025-10-05T09:15:35.000Z</time>
        <extensions>
          <ns3:TrackPointExtension>
            <ns3:atemp>19.0</ns3:atemp>
            <ns3:hr>133</ns3:hr>
          </ns3:TrackPointExtension>
        </extensions>
      </trkpt>
      <trkpt lat="49.35636383481323719024658203125" lon="11.144183166325092315673828125">
        <ele>344</ele>
        <time>2025-10-05T09:15:37.000Z</time>
        <extensions>
          <ns3:TrackPointExtension>
            <ns3:atemp>19.0</ns3:atemp>
            <ns3:hr>136</ns3:hr>
          </ns3:TrackPointExtension>
        </extensions>
      </trkpt>
      <trkpt lat="49.35640809126198291778564453125" lon="11.14406271837651729583740234375">
        <ele>344</ele>
        <time>2025-10-05T09:15:45.000Z</time>
        <extensions>
          <ns3:TrackPointExtension>
            <ns3:atemp>19.0</ns3:atemp>
            <ns3:hr>136</ns3:hr>
          </ns3:TrackPointExtension>
        </extensions>
      </trkpt>
      <trkpt lat="49.356438852846622467041015625" lon="11.14403639920055866241455078125">
        <ele>344</ele>
        <time>2025-10-05T09:15:47.000Z</time>
        <extensions>
          <ns3:TrackPointExtension>
            <ns3:atemp>19.0</ns3:atemp>
            <ns3:hr>136</ns3:hr>
          </ns3:TrackPointExtension>
        </extensions>
      </trkpt>
      <trkpt lat="49.3564782477915287017822265625" lon="11.1439950764179229736328125">
        <ele>344</ele>
        <time>2025-10-05T09:15:50.000Z</time>
        <extensions>
          <ns3:TrackPointExtension>
            <ns3:atemp>19.0</ns3:atemp>
            <ns3:hr>135</ns3:hr>
          </ns3:TrackPointExtension>
        </extensions>
      </trkpt>
      <trkpt lat="49.35647045262157917022705078125" lon="11.1438138596713542938232421875">
        <ele>344.399993896484375</ele>
        <time>2025-10-05T09:15:59.000Z</time>
        <extensions>
          <ns3:TrackPointExtension>
            <ns3:atemp>19.0</ns3:atemp>
            <ns3:hr>135</ns3:hr>
          </ns3:TrackPointExtension>
        </extensions>
      </trkpt>
      <trkpt lat="49.35648520477116107940673828125" lon="11.14373582415282726287841796875">
        <ele>344.20001220703125</ele>
        <time>2025-10-05T09:16:02.000Z</time>
        <extensions>
          <ns3:TrackPointExtension>
            <ns3:atemp>19.0</ns3:atemp>
            <ns3:hr>133</ns3:hr>
          </ns3:TrackPointExtension>
        </extensions>
      </trkpt>
      <trkpt lat="49.3565503321588039398193359375" lon="11.14369131624698638916015625">
        <ele>344</ele>
        <time>2025-10-05T09:16:05.000Z</time>
        <extensions>
          <ns3:TrackPointExtension>
            <ns3:atemp>19.0</ns3:atemp>
            <ns3:hr>134</ns3:hr>
          </ns3:TrackPointExtension>
        </extensions>
      </trkpt>
      <trkpt lat="49.356610514223575592041015625" lon="11.143571622669696807861328125">
        <ele>344</ele>
        <time>2025-10-05T09:16:11.000Z</time>
        <extensions>
          <ns3:TrackPointExtension>
            <ns3:atemp>19.0</ns3:atemp>
            <ns3:hr>133</ns3:hr>
          </ns3:TrackPointExtension>
        </extensions>
      </trkpt>
      <trkpt lat="49.35662467963993549346923828125" lon="11.143551506102085113525390625">
        <ele>344</ele>
        <time>2025-10-05T09:16:12.000Z</time>
        <extensions>
          <ns3:TrackPointExtension>
            <ns3:atemp>19.0</ns3:atemp>
            <ns3:hr>138</ns3:hr>
          </ns3:TrackPointExtension>
        </extensions>
      </trkpt>
      <trkpt lat="49.35664697550237178802490234375" lon="11.14354245364665985107421875">
        <ele>344.20001220703125</ele>
        <time>2025-10-05T09:16:13.000Z</time>
        <extensions>
          <ns3:TrackPointExtension>
            <ns3:atemp>19.0</ns3:atemp>
            <ns3:hr>137</ns3:hr>
          </ns3:TrackPointExtension>
        </extensions>
      </trkpt>
      <trkpt lat="49.356721155345439910888671875" lon="11.14347732625901699066162109375">
        <ele>344</ele>
        <time>2025-10-05T09:16:16.000Z</time>
        <extensions>
          <ns3:TrackPointExtension>
            <ns3:atemp>19.0</ns3:atemp>
            <ns3:hr>137</ns3:hr>
          </ns3:TrackPointExtension>
        </extensions>
      </trkpt>
      <trkpt lat="49.35672559775412082672119140625" lon="11.14345771260559558868408203125">
        <ele>343.79998779296875</ele>
        <time>2025-10-05T09:16:17.000Z</time>
        <extensions>
          <ns3:TrackPointExtension>
            <ns3:atemp>19.0</ns3:atemp>
            <ns3:hr>137</ns3:hr>
          </ns3:TrackPointExtension>
        </extensions>
      </trkpt>
      <trkpt lat="49.35674722306430339813232421875" lon="11.14343139342963695526123046875">
        <ele>343.20001220703125</ele>
        <time>2025-10-05T09:16:19.000Z</time>
        <extensions>
          <ns3:TrackPointExtension>
            <ns3:atemp>19.0</ns3:atemp>
            <ns3:hr>139</ns3:hr>
          </ns3:TrackPointExtension>
        </extensions>
      </trkpt>
      <trkpt lat="49.3567709438502788543701171875" lon="11.143424101173877716064453125">
        <ele>343</ele>
        <time>2025-10-05T09:16:20.000Z</time>
        <extensions>
          <ns3:TrackPointExtension>
            <ns3:atemp>19.0</ns3:atemp>
            <ns3:hr>140</ns3:hr>
          </ns3:TrackPointExtension>
        </extensions>
      </trkpt>
      <trkpt lat="49.35681360773742198944091796875" lon="11.14341094158589839935302734375">
        <ele>342.20001220703125</ele>
        <time>2025-10-05T09:16:22.000Z</time>
        <extensions>
          <ns3:TrackPointExtension>
            <ns3:atemp>19.0</ns3:atemp>
            <ns3:hr>142</ns3:hr>
          </ns3:TrackPointExtension>
        </extensions>
      </trkpt>
      <trkpt lat="49.3568289466202259063720703125" lon="11.14340909756720066070556640625">
        <ele>341.79998779296875</ele>
        <time>2025-10-05T09:16:23.000Z</time>
        <extensions>
          <ns3:TrackPointExtension>
            <ns3:atemp>19.0</ns3:atemp>
            <ns3:hr>143</ns3:hr>
          </ns3:TrackPointExtension>
        </extensions>
      </trkpt>
      <trkpt lat="49.3568453751504421234130859375" lon="11.14341278560459613800048828125">
        <ele>341</ele>
        <time>2025-10-05T09:16:25.000Z</time>
        <extensions>
          <ns3:TrackPointExtension>
            <ns3:atemp>19.0</ns3:atemp>
            <ns3:hr>141</ns3:hr>
          </ns3:TrackPointExtension>
        </extensions>
      </trkpt>
      <trkpt lat="49.35682182200253009796142578125" lon="11.14338210783898830413818359375">
        <ele>340.399993896484375</ele>
        <time>2025-10-05T09:16:28.000Z</time>
        <extensions>
          <ns3:TrackPointExtension>
            <ns3:atemp>20.0</ns3:atemp>
            <ns3:hr>143</ns3:hr>
          </ns3:TrackPointExtension>
        </extensions>
      </trkpt>
      <trkpt lat="49.3568078242242336273193359375" lon="11.1433674395084381103515625">
        <ele>340.20001220703125</ele>
        <time>2025-10-05T09:16:32.000Z</time>
        <extensions>
          <ns3:TrackPointExtension>
            <ns3:atemp>20.0</ns3:atemp>
            <ns3:hr>143</ns3:hr>
          </ns3:TrackPointExtension>
        </extensions>
      </trkpt>
      <trkpt lat="49.356799609959125518798828125" lon="11.143373139202594757080078125">
        <ele>340.20001220703125</ele>
        <time>2025-10-05T09:16:35.000Z</time>
        <extensions>
          <ns3:TrackPointExtension>
            <ns3:atemp>20.0</ns3:atemp>
            <ns3:hr>143</ns3:hr>
          </ns3:TrackPointExtension>
        </extensions>
      </trkpt>
      <trkpt lat="49.35679885558784008026123046875" lon="11.1433736421167850494384765625">
        <ele>340.20001220703125</ele>
        <time>2025-10-05T09:16:37.000Z</time>
        <extensions>
          <ns3:TrackPointExtension>
            <ns3:atemp>20.0</ns3:atemp>
            <ns3:hr>142</ns3:hr>
          </ns3:TrackPointExtension>
        </extensions>
      </trkpt>
      <trkpt lat="49.35682467184960842132568359375" lon="11.14336073398590087890625">
        <ele>338.600006103515625</ele>
        <time>2025-10-05T09:16:49.000Z</time>
        <extensions>
          <ns3:TrackPointExtension>
            <ns3:atemp>20.0</ns3:atemp>
            <ns3:hr>138</ns3:hr>
          </ns3:TrackPointExtension>
        </extensions>
      </trkpt>
      <trkpt lat="49.35686021111905574798583984375" lon="11.14334673620760440826416015625">
        <ele>338.399993896484375</ele>
        <time>2025-10-05T09:16:51.000Z</time>
        <extensions>
          <ns3:TrackPointExtension>
            <ns3:atemp>20.0</ns3:atemp>
            <ns3:hr>138</ns3:hr>
          </ns3:TrackPointExtension>
        </extensions>
      </trkpt>
      <trkpt lat="49.35696934349834918975830078125" lon="11.14335427992045879364013671875">
        <ele>338.399993896484375</ele>
        <time>2025-10-05T09:16:57.000Z</time>
        <extensions>
          <ns3:TrackPointExtension>
            <ns3:atemp>20.0</ns3:atemp>
            <ns3:hr>138</ns3:hr>
          </ns3:TrackPointExtension>
        </extensions>
      </trkpt>
      <trkpt lat="49.35700622387230396270751953125" lon="11.143420077860355377197265625">
        <ele>338.399993896484375</ele>
        <time>2025-10-05T09:17:00.000Z</time>
        <extensions>
          <ns3:TrackPointExtension>
            <ns3:atemp>20.0</ns3:atemp>
            <ns3:hr>138</ns3:hr>
          </ns3:TrackPointExtension>
        </extensions>
      </trkpt>
      <trkpt lat="49.35704377479851245880126953125" lon="11.14347447641193866729736328125">
        <ele>338.399993896484375</ele>
        <time>2025-10-05T09:17:03.000Z</time>
        <extensions>
          <ns3:TrackPointExtension>
            <ns3:atemp>20.0</ns3:atemp>
            <ns3:hr>138</ns3:hr>
          </ns3:TrackPointExtension>
        </extensions>
      </trkpt>
      <trkpt lat="49.357057772576808929443359375" lon="11.14348872564733028411865234375">
        <ele>338.20001220703125</ele>
        <time>2025-10-05T09:17:04.000Z</time>
        <extensions>
          <ns3:TrackPointExtension>
            <ns3:atemp>20.0</ns3:atemp>
            <ns3:hr>139</ns3:hr>
          </ns3:TrackPointExtension>
        </extensions>
      </trkpt>
      <trkpt lat="49.357114769518375396728515625" lon="11.14353951998054981231689453125">
        <ele>337.600006103515625</ele>
        <time>2025-10-05T09:17:08.000Z</time>
        <extensions>
          <ns3:TrackPointExtension>
            <ns3:atemp>20.0</ns3:atemp>
            <ns3:hr>139</ns3:hr>
          </ns3:TrackPointExtension>
        </extensions>
      </trkpt>
      <trkpt lat="49.35713094659149646759033203125" lon="11.14355309866368770599365234375">
        <ele>337.20001220703125</ele>
        <time>2025-10-05T09:17:10.000Z</time>
        <extensions>
          <ns3:TrackPointExtension>
            <ns3:atemp>20.0</ns3:atemp>
            <ns3:hr>139</ns3:hr>
          </ns3:TrackPointExtension>
        </extensions>
      </trkpt>
      <trkpt lat="49.3571384064853191375732421875" lon="11.14357472397387027740478515625">
        <ele>337.20001220703125</ele>
        <time>2025-10-05T09:17:11.000Z</time>
        <extensions>
          <ns3:TrackPointExtension>
            <ns3:atemp>20.0</ns3:atemp>
            <ns3:hr>138</ns3:hr>
          </ns3:TrackPointExtension>
        </extensions>
      </trkpt>
      <trkpt lat="49.35715458355844020843505859375" lon="11.1436049826443195343017578125">
        <ele>336.79998779296875</ele>
        <time>2025-10-05T09:17:14.000Z</time>
        <extensions>
          <ns3:TrackPointExtension>
            <ns3:atemp>20.0</ns3:atemp>
            <ns3:hr>139</ns3:hr>
          </ns3:TrackPointExtension>
        </extensions>
      </trkpt>
      <trkpt lat="49.35715760104358196258544921875" lon="11.1436177231371402740478515625">
        <ele>336.600006103515625</ele>
        <time>2025-10-05T09:17:15.000Z</time>
        <extensions>
          <ns3:TrackPointExtension>
            <ns3:atemp>20.0</ns3:atemp>
            <ns3:hr>139</ns3:hr>
          </ns3:TrackPointExtension>
        </extensions>
      </trkpt>
      <trkpt lat="49.35715625993907451629638671875" lon="11.14362384192645549774169921875">
        <ele>336.399993896484375</ele>
        <time>2025-10-05T09:17:17.000Z</time>
        <extensions>
          <ns3:TrackPointExtension>
            <ns3:atemp>20.0</ns3:atemp>
            <ns3:hr>139</ns3:hr>
          </ns3:TrackPointExtension>
        </extensions>
      </trkpt>
      <trkpt lat="49.35716279782354831695556640625" lon="11.1436177231371402740478515625">
        <ele>336.20001220703125</ele>
        <time>2025-10-05T09:17:18.000Z</time>
        <extensions>
          <ns3:TrackPointExtension>
            <ns3:atemp>20.0</ns3:atemp>
            <ns3:hr>139</ns3:hr>
          </ns3:TrackPointExtension>
        </extensions>
      </trkpt>
      <trkpt lat="49.35717252083122730255126953125" lon="11.14360121078789234161376953125">
        <ele>336.20001220703125</ele>
        <time>2025-10-05T09:17:20.000Z</time>
        <extensions>
          <ns3:TrackPointExtension>
            <ns3:atemp>20.0</ns3:atemp>
            <ns3:hr>140</ns3:hr>
          </ns3:TrackPointExtension>
        </extensions>
      </trkpt>
      <trkpt lat="49.3571828305721282958984375" lon="11.1435577087104320526123046875">
        <ele>336.20001220703125</ele>
        <time>2025-10-05T09:17:22.000Z</time>
        <extensions>
          <ns3:TrackPointExtension>
            <ns3:atemp>20.0</ns3:atemp>
            <ns3:hr>141</ns3:hr>
          </ns3:TrackPointExtension>
        </extensions>
      </trkpt>
      <trkpt lat="49.3571997620165348052978515625" lon="11.1435605585575103759765625">
        <ele>336.20001220703125</ele>
        <time>2025-10-05T09:17:23.000Z</time>
        <extensions>
          <ns3:TrackPointExtension>
            <ns3:atemp>20.0</ns3:atemp>
            <ns3:hr>140</ns3:hr>
          </ns3:TrackPointExtension>
        </extensions>
      </trkpt>
      <trkpt lat="49.35725164599716663360595703125" lon="11.1435620673000812530517578125">
        <ele>337</ele>
        <time>2025-10-05T09:17:26.000Z</time>
        <extensions>
          <ns3:TrackPointExtension>
            <ns3:atemp>20.0</ns3:atemp>
            <ns3:hr>137</ns3:hr>
          </ns3:TrackPointExtension>
        </extensions>
      </trkpt>
      <trkpt lat="49.35728601180016994476318359375" lon="11.14356231875717639923095703125">
        <ele>337.20001220703125</ele>
        <time>2025-10-05T09:17:28.000Z</time>
        <extensions>
          <ns3:TrackPointExtension>
            <ns3:atemp>20.0</ns3:atemp>
            <ns3:hr>139</ns3:hr>
          </ns3:TrackPointExtension>
        </extensions>
      </trkpt>
      <trkpt lat="49.35733680613338947296142578125" lon="11.14355980418622493743896484375">
        <ele>337.20001220703125</ele>
        <time>2025-10-05T09:17:31.000Z</time>
        <extensions>
          <ns3:TrackPointExtension>
            <ns3:atemp>20.0</ns3:atemp>
            <ns3:hr>136</ns3:hr>
          </ns3:TrackPointExtension>
        </extensions>
      </trkpt>
      <trkpt lat="49.3573948927223682403564453125" lon="11.1435402743518352508544921875">
        <ele>337</ele>
        <time>2025-10-05T09:17:36.000Z</time>
        <extensions>
          <ns3:TrackPointExtension>
            <ns3:atemp>20.0</ns3:atemp>
            <ns3:hr>134</ns3:hr>
          </ns3:TrackPointExtension>
        </extensions>
      </trkpt>
      <trkpt lat="49.35742892324924468994140625" lon="11.1435225047171115875244140625">
        <ele>337</ele>
        <time>2025-10-05T09:17:39.000Z</time>
        <extensions>
          <ns3:TrackPointExtension>
            <ns3:atemp>20.0</ns3:atemp>
            <ns3:hr>133</ns3:hr>
          </ns3:TrackPointExtension>
        </extensions>
      </trkpt>
      <trkpt lat="49.3574790470302104949951171875" lon="11.14346341229975223541259765625">
        <ele>337.399993896484375</ele>
        <time>2025-10-05T09:17:43.000Z</time>
        <extensions>
          <ns3:TrackPointExtension>
            <ns3:atemp>20.0</ns3:atemp>
            <ns3:hr>132</ns3:hr>
          </ns3:TrackPointExtension>
        </extensions>
      </trkpt>
      <trkpt lat="49.35751433484256267547607421875" lon="11.143394596874713897705078125">
        <ele>337.600006103515625</ele>
        <time>2025-10-05T09:17:47.000Z</time>
        <extensions>
          <ns3:TrackPointExtension>
            <ns3:atemp>20.0</ns3:atemp>
            <ns3:hr>131</ns3:hr>
          </ns3:TrackPointExtension>
        </extensions>
      </trkpt>
      <trkpt lat="49.35753227211534976959228515625" lon="11.14336048252880573272705078125">
        <ele>338.20001220703125</ele>
        <time>2025-10-05T09:17:49.000Z</time>
        <extensions>
          <ns3:TrackPointExtension>
            <ns3:atemp>20.0</ns3:atemp>
            <ns3:hr>131</ns3:hr>
          </ns3:TrackPointExtension>
        </extensions>
      </trkpt>
      <trkpt lat="49.3575461022555828094482421875" lon="11.1433521844446659088134765625">
        <ele>338.600006103515625</ele>
        <time>2025-10-05T09:17:50.000Z</time>
        <extensions>
          <ns3:TrackPointExtension>
            <ns3:atemp>20.0</ns3:atemp>
            <ns3:hr>132</ns3:hr>
          </ns3:TrackPointExtension>
        </extensions>
      </trkpt>
      <trkpt lat="49.3575610220432281494140625" lon="11.1433458141982555389404296875">
        <ele>339</ele>
        <time>2025-10-05T09:17:51.000Z</time>
        <extensions>
          <ns3:TrackPointExtension>
            <ns3:atemp>20.0</ns3:atemp>
            <ns3:hr>131</ns3:hr>
          </ns3:TrackPointExtension>
        </extensions>
      </trkpt>
      <trkpt lat="49.35757149942219257354736328125" lon="11.14334405399858951568603515625">
        <ele>339.20001220703125</ele>
        <time>2025-10-05T09:17:52.000Z</time>
        <extensions>
          <ns3:TrackPointExtension>
            <ns3:atemp>20.0</ns3:atemp>
            <ns3:hr>134</ns3:hr>
          </ns3:TrackPointExtension>
        </extensions>
      </trkpt>
      <trkpt lat="49.35758491046726703643798828125" lon="11.14334656856954097747802734375">
        <ele>339.600006103515625</ele>
        <time>2025-10-05T09:17:53.000Z</time>
        <extensions>
          <ns3:TrackPointExtension>
            <ns3:atemp>20.0</ns3:atemp>
            <ns3:hr>131</ns3:hr>
          </ns3:TrackPointExtension>
        </extensions>
      </trkpt>
      <trkpt lat="49.35761223547160625457763671875" lon="11.14335696212947368621826171875">
        <ele>340.20001220703125</ele>
        <time>2025-10-05T09:17:55.000Z</time>
        <extensions>
          <ns3:TrackPointExtension>
            <ns3:atemp>20.0</ns3:atemp>
            <ns3:hr>131</ns3:hr>
          </ns3:TrackPointExtension>
        </extensions>
      </trkpt>
      <trkpt lat="49.3576423265039920806884765625" lon="11.14336366765201091766357421875">
        <ele>341.399993896484375</ele>
        <time>2025-10-05T09:17:58.000Z</time>
        <extensions>
          <ns3:TrackPointExtension>
            <ns3:atemp>20.0</ns3:atemp>
            <ns3:hr>129</ns3:hr>
          </ns3:TrackPointExtension>
        </extensions>
      </trkpt>
      <trkpt lat="49.357667304575443267822265625" lon="11.14338244311511516571044921875">
        <ele>342</ele>
        <time>2025-10-05T09:18:00.000Z</time>
        <extensions>
          <ns3:TrackPointExtension>
            <ns3:atemp>20.0</ns3:atemp>
            <ns3:hr>130</ns3:hr>
          </ns3:TrackPointExtension>
        </extensions>
      </trkpt>
      <trkpt lat="49.35768985189497470855712890625" lon="11.143398620188236236572265625">
        <ele>342.399993896484375</ele>
        <time>2025-10-05T09:18:02.000Z</time>
        <extensions>
          <ns3:TrackPointExtension>
            <ns3:atemp>20.0</ns3:atemp>
            <ns3:hr>130</ns3:hr>
          </ns3:TrackPointExtension>
        </extensions>
      </trkpt>
      <trkpt lat="49.35769521631300449371337890625" lon="11.14340909756720066070556640625">
        <ele>342.600006103515625</ele>
        <time>2025-10-05T09:18:03.000Z</time>
        <extensions>
          <ns3:TrackPointExtension>
            <ns3:atemp>20.0</ns3:atemp>
            <ns3:hr>130</ns3:hr>
          </ns3:TrackPointExtension>
        </extensions>
      </trkpt>
      <trkpt lat="49.3576989881694316864013671875" lon="11.143414042890071868896484375">
        <ele>343</ele>
        <time>2025-10-05T09:18:04.000Z</time>
        <extensions>
          <ns3:TrackPointExtension>
            <ns3:atemp>20.0</ns3:atemp>
            <ns3:hr>127</ns3:hr>
          </ns3:TrackPointExtension>
        </extensions>
      </trkpt>
      <trkpt lat="49.35770527459681034088134765625" lon="11.1434138752520084381103515625">
        <ele>343.399993896484375</ele>
        <time>2025-10-05T09:18:05.000Z</time>
        <extensions>
          <ns3:TrackPointExtension>
            <ns3:atemp>20.0</ns3:atemp>
            <ns3:hr>126</ns3:hr>
          </ns3:TrackPointExtension>
        </extensions>
      </trkpt>
      <trkpt lat="49.357710890471935272216796875" lon="11.1434132046997547149658203125">
        <ele>343.79998779296875</ele>
        <time>2025-10-05T09:18:10.000Z</time>
        <extensions>
          <ns3:TrackPointExtension>
            <ns3:atemp>20.0</ns3:atemp>
            <ns3:hr>126</ns3:hr>
          </ns3:TrackPointExtension>
        </extensions>
      </trkpt>
      <trkpt lat="49.35771550051867961883544921875" lon="11.1434058286249637603759765625">
        <ele>344</ele>
        <time>2025-10-05T09:18:11.000Z</time>
        <extensions>
          <ns3:TrackPointExtension>
            <ns3:atemp>20.0</ns3:atemp>
            <ns3:hr>127</ns3:hr>
          </ns3:TrackPointExtension>
        </extensions>
      </trkpt>
      <trkpt lat="49.35772396624088287353515625" lon="11.14339937455952167510986328125">
        <ele>344.20001220703125</ele>
        <time>2025-10-05T09:18:12.000Z</time>
        <extensions>
          <ns3:TrackPointExtension>
            <ns3:atemp>20.0</ns3:atemp>
            <ns3:hr>130</ns3:hr>
          </ns3:TrackPointExtension>
        </extensions>
      </trkpt>
      <trkpt lat="49.357745759189128875732421875" lon="11.14335427992045879364013671875">
        <ele>345</ele>
        <time>2025-10-05T09:18:15.000Z</time>
        <extensions>
          <ns3:TrackPointExtension>
            <ns3:atemp>20.0</ns3:atemp>
            <ns3:hr>132</ns3:hr>
          </ns3:TrackPointExtension>
        </extensions>
      </trkpt>
      <trkpt lat="49.3577522970736026763916015625" lon="11.14333458244800567626953125">
        <ele>345.399993896484375</ele>
        <time>2025-10-05T09:18:16.000Z</time>
        <extensions>
          <ns3:TrackPointExtension>
            <ns3:atemp>20.0</ns3:atemp>
            <ns3:hr>132</ns3:hr>
          </ns3:TrackPointExtension>
        </extensions>
      </trkpt>
      <trkpt lat="49.35776562429964542388916015625" lon="11.14332410506904125213623046875">
        <ele>345.600006103515625</ele>
        <time>2025-10-05T09:18:17.000Z</time>
        <extensions>
          <ns3:TrackPointExtension>
            <ns3:atemp>20.0</ns3:atemp>
            <ns3:hr>132</ns3:hr>
          </ns3:TrackPointExtension>
        </extensions>
      </trkpt>
      <trkpt lat="49.3577854894101619720458984375" lon="11.14330868236720561981201171875">
        <ele>346.20001220703125</ele>
        <time>2025-10-05T09:18:19.000Z</time>
        <extensions>
          <ns3:TrackPointExtension>
            <ns3:atemp>20.0</ns3:atemp>
            <ns3:hr>132</ns3:hr>
          </ns3:TrackPointExtension>
        </extensions>
      </trkpt>
      <trkpt lat="49.35782027430832386016845703125" lon="11.14329636096954345703125">
        <ele>347.399993896484375</ele>
        <time>2025-10-05T09:18:22.000Z</time>
        <extensions>
          <ns3:TrackPointExtension>
            <ns3:atemp>20.0</ns3:atemp>
            <ns3:hr>133</ns3:hr>
          </ns3:TrackPointExtension>
        </extensions>
      </trkpt>
      <trkpt lat="49.35782848857343196868896484375" lon="11.14325922913849353790283203125">
        <ele>348</ele>
        <time>2025-10-05T09:18:24.000Z</time>
        <extensions>
          <ns3:TrackPointExtension>
            <ns3:atemp>20.0</ns3:atemp>
            <ns3:hr>133</ns3:hr>
          </ns3:TrackPointExtension>
        </extensions>
      </trkpt>
      <trkpt lat="49.35793175362050533294677734375" lon="11.14314691163599491119384765625">
        <ele>348.399993896484375</ele>
        <time>2025-10-05T09:18:30.000Z</time>
        <extensions>
          <ns3:TrackPointExtension>
            <ns3:atemp>20.0</ns3:atemp>
            <ns3:hr>133</ns3:hr>
          </ns3:TrackPointExtension>
        </extensions>
      </trkpt>
      <trkpt lat="49.35794298537075519561767578125" lon="11.14313031546771526336669921875">
        <ele>348.399993896484375</ele>
        <time>2025-10-05T09:18:31.000Z</time>
        <extensions>
          <ns3:TrackPointExtension>
            <ns3:atemp>20.0</ns3:atemp>
            <ns3:hr>132</ns3:hr>
          </ns3:TrackPointExtension>
        </extensions>
      </trkpt>
      <trkpt lat="49.357967041432857513427734375" lon="11.1430735699832439422607421875">
        <ele>349</ele>
        <time>2025-10-05T09:18:34.000Z</time>
        <extensions>
          <ns3:TrackPointExtension>
            <ns3:atemp>20.0</ns3:atemp>
            <ns3:hr>135</ns3:hr>
          </ns3:TrackPointExtension>
        </extensions>
      </trkpt>
      <trkpt lat="49.3579879961907863616943359375" lon="11.14304129965603351593017578125">
        <ele>348.79998779296875</ele>
        <time>2025-10-05T09:18:36.000Z</time>
        <extensions>
          <ns3:TrackPointExtension>
            <ns3:atemp>20.0</ns3:atemp>
            <ns3:hr>132</ns3:hr>
          </ns3:TrackPointExtension>
        </extensions>
      </trkpt>
      <trkpt lat="49.3580201826989650726318359375" lon="11.143000312149524688720703125">
        <ele>349.20001220703125</ele>
        <time>2025-10-05T09:18:39.000Z</time>
        <extensions>
          <ns3:TrackPointExtension>
            <ns3:atemp>20.0</ns3:atemp>
            <ns3:hr>135</ns3:hr>
          </ns3:TrackPointExtension>
        </extensions>
      </trkpt>
      <trkpt lat="49.35802345164120197296142578125" lon="11.14297575317323207855224609375">
        <ele>349.399993896484375</ele>
        <time>2025-10-05T09:18:40.000Z</time>
        <extensions>
          <ns3:TrackPointExtension>
            <ns3:atemp>20.0</ns3:atemp>
            <ns3:hr>134</ns3:hr>
          </ns3:TrackPointExtension>
        </extensions>
      </trkpt>
      <trkpt lat="49.35803350992500782012939453125" lon="11.14294758997857570648193359375">
        <ele>349.399993896484375</ele>
        <time>2025-10-05T09:18:41.000Z</time>
        <extensions>
          <ns3:TrackPointExtension>
            <ns3:atemp>20.0</ns3:atemp>
            <ns3:hr>134</ns3:hr>
          </ns3:TrackPointExtension>
        </extensions>
      </trkpt>
      <trkpt lat="49.35809000395238399505615234375" lon="11.14279210567474365234375">
        <ele>349.399993896484375</ele>
        <time>2025-10-05T09:18:49.000Z</time>
        <extensions>
          <ns3:TrackPointExtension>
            <ns3:atemp>20.0</ns3:atemp>
            <ns3:hr>135</ns3:hr>
          </ns3:TrackPointExtension>
        </extensions>
      </trkpt>
      <trkpt lat="49.35816074721515178680419921875" lon="11.142613403499126434326171875">
        <ele>349.79998779296875</ele>
        <time>2025-10-05T09:18:58.000Z</time>
        <extensions>
          <ns3:TrackPointExtension>
            <ns3:atemp>20.0</ns3:atemp>
            <ns3:hr>135</ns3:hr>
          </ns3:TrackPointExtension>
        </extensions>
      </trkpt>
      <trkpt lat="49.35822478495538234710693359375" lon="11.14253855310380458831787109375">
        <ele>350.600006103515625</ele>
        <time>2025-10-05T09:19:04.000Z</time>
        <extensions>
          <ns3:TrackPointExtension>
            <ns3:atemp>20.0</ns3:atemp>
            <ns3:hr>133</ns3:hr>
          </ns3:TrackPointExtension>
        </extensions>
      </trkpt>
      <trkpt lat="49.35825143940746784210205078125" lon="11.14250150509178638458251953125">
        <ele>350.79998779296875</ele>
        <time>2025-10-05T09:19:06.000Z</time>
        <extensions>
          <ns3:TrackPointExtension>
            <ns3:atemp>20.0</ns3:atemp>
            <ns3:hr>131</ns3:hr>
          </ns3:TrackPointExtension>
        </extensions>
      </trkpt>
      <trkpt lat="49.35832520015537738800048828125" lon="11.14239824004471302032470703125">
        <ele>350.79998779296875</ele>
        <time>2025-10-05T09:19:13.000Z</time>
        <extensions>
          <ns3:TrackPointExtension>
            <ns3:atemp>20.0</ns3:atemp>
            <ns3:hr>135</ns3:hr>
          </ns3:TrackPointExtension>
        </extensions>
      </trkpt>
      <trkpt lat="49.358439110219478607177734375" lon="11.14251726306974887847900390625">
        <ele>351.399993896484375</ele>
        <time>2025-10-05T09:19:18.000Z</time>
        <extensions>
          <ns3:TrackPointExtension>
            <ns3:atemp>20.0</ns3:atemp>
            <ns3:hr>131</ns3:hr>
          </ns3:TrackPointExtension>
        </extensions>
      </trkpt>
      <trkpt lat="49.35847925953567028045654296875" lon="11.1425545625388622283935546875">
        <ele>351.600006103515625</ele>
        <time>2025-10-05T09:19:20.000Z</time>
        <extensions>
          <ns3:TrackPointExtension>
            <ns3:atemp>20.0</ns3:atemp>
            <ns3:hr>133</ns3:hr>
          </ns3:TrackPointExtension>
        </extensions>
      </trkpt>
      <trkpt lat="49.35858386568725109100341796875" lon="11.14258222281932830810546875">
        <ele>352.20001220703125</ele>
        <time>2025-10-05T09:19:25.000Z</time>
        <extensions>
          <ns3:TrackPointExtension>
            <ns3:atemp>20.0</ns3:atemp>
            <ns3:hr>135</ns3:hr>
          </ns3:TrackPointExtension>
        </extensions>
      </trkpt>
      <trkpt lat="49.3587608076632022857666015625" lon="11.1425649560987949371337890625">
        <ele>352</ele>
        <time>2025-10-05T09:19:32.000Z</time>
        <extensions>
          <ns3:TrackPointExtension>
            <ns3:atemp>20.0</ns3:atemp>
            <ns3:hr>135</ns3:hr>
          </ns3:TrackPointExtension>
        </extensions>
      </trkpt>
      <trkpt lat="49.3589458800852298736572265625" lon="11.14250569604337215423583984375">
        <ele>352.399993896484375</ele>
        <time>2025-10-05T09:19:39.000Z</time>
        <extensions>
          <ns3:TrackPointExtension>
            <ns3:atemp>19.0</ns3:atemp>
            <ns3:hr>138</ns3:hr>
          </ns3:TrackPointExtension>
        </extensions>
      </trkpt>
      <trkpt lat="49.3589653261005878448486328125" lon="11.14249245263636112213134765625">
        <ele>352.399993896484375</ele>
        <time>2025-10-05T09:19:40.000Z</time>
        <extensions>
          <ns3:TrackPointExtension>
            <ns3:atemp>20.0</ns3:atemp>
            <ns3:hr>135</ns3:hr>
          </ns3:TrackPointExtension>
        </extensions>
      </trkpt>
      <trkpt lat="49.35902156867086887359619140625" lon="11.1424501240253448486328125">
        <ele>352.79998779296875</ele>
        <time>2025-10-05T09:19:43.000Z</time>
        <extensions>
          <ns3:TrackPointExtension>
            <ns3:atemp>19.0</ns3:atemp>
            <ns3:hr>136</ns3:hr>
          </ns3:TrackPointExtension>
        </extensions>
      </trkpt>
      <trkpt lat="49.35906934551894664764404296875" lon="11.14241936244070529937744140625">
        <ele>353</ele>
        <time>2025-10-05T09:19:45.000Z</time>
        <extensions>
          <ns3:TrackPointExtension>
            <ns3:atemp>20.0</ns3:atemp>
            <ns3:hr>137</ns3:hr>
          </ns3:TrackPointExtension>
        </extensions>
      </trkpt>
      <trkpt lat="49.35921519063413143157958984375" lon="11.1423366330564022064208984375">
        <ele>353.399993896484375</ele>
        <time>2025-10-05T09:19:51.000Z</time>
        <extensions>
          <ns3:TrackPointExtension>
            <ns3:atemp>19.0</ns3:atemp>
            <ns3:hr>140</ns3:hr>
          </ns3:TrackPointExtension>
        </extensions>
      </trkpt>
      <trkpt lat="49.35926028527319431304931640625" lon="11.14231710322201251983642578125">
        <ele>354</ele>
        <time>2025-10-05T09:19:53.000Z</time>
        <extensions>
          <ns3:TrackPointExtension>
            <ns3:atemp>20.0</ns3:atemp>
            <ns3:hr>141</ns3:hr>
          </ns3:TrackPointExtension>
        </extensions>
      </trkpt>
      <trkpt lat="49.35927906073629856109619140625" lon="11.14229665137827396392822265625">
        <ele>354</ele>
        <time>2025-10-05T09:19:54.000Z</time>
        <extensions>
          <ns3:TrackPointExtension>
            <ns3:atemp>20.0</ns3:atemp>
            <ns3:hr>141</ns3:hr>
          </ns3:TrackPointExtension>
        </extensions>
      </trkpt>
      <trkpt lat="49.35940545983612537384033203125" lon="11.142213083803653717041015625">
        <ele>354.79998779296875</ele>
        <time>2025-10-05T09:20:00.000Z</time>
        <extensions>
          <ns3:TrackPointExtension>
            <ns3:atemp>20.0</ns3:atemp>
            <ns3:hr>141</ns3:hr>
          </ns3:TrackPointExtension>
        </extensions>
      </trkpt>
      <trkpt lat="49.35942943207919597625732421875" lon="11.14220746792852878570556640625">
        <ele>355</ele>
        <time>2025-10-05T09:20:01.000Z</time>
        <extensions>
          <ns3:TrackPointExtension>
            <ns3:atemp>19.0</ns3:atemp>
            <ns3:hr>141</ns3:hr>
          </ns3:TrackPointExtension>
        </extensions>
      </trkpt>
      <trkpt lat="49.359466731548309326171875" lon="11.142203696072101593017578125">
        <ele>355.399993896484375</ele>
        <time>2025-10-05T09:20:03.000Z</time>
        <extensions>
          <ns3:TrackPointExtension>
            <ns3:atemp>19.0</ns3:atemp>
            <ns3:hr>138</ns3:hr>
          </ns3:TrackPointExtension>
        </extensions>
      </trkpt>
      <trkpt lat="49.3594833277165889739990234375" lon="11.14220025949180126190185546875">
        <ele>355.399993896484375</ele>
        <time>2025-10-05T09:20:04.000Z</time>
        <extensions>
          <ns3:TrackPointExtension>
            <ns3:atemp>20.0</ns3:atemp>
            <ns3:hr>141</ns3:hr>
          </ns3:TrackPointExtension>
        </extensions>
      </trkpt>
      <trkpt lat="49.35951828025281429290771484375" lon="11.1421820707619190216064453125">
        <ele>355.600006103515625</ele>
        <time>2025-10-05T09:20:06.000Z</time>
        <extensions>
          <ns3:TrackPointExtension>
            <ns3:atemp>20.0</ns3:atemp>
            <ns3:hr>141</ns3:hr>
          </ns3:TrackPointExtension>
        </extensions>
      </trkpt>
      <trkpt lat="49.3595646321773529052734375" lon="11.1420865170657634735107421875">
        <ele>356.20001220703125</ele>
        <time>2025-10-05T09:20:11.000Z</time>
        <extensions>
          <ns3:TrackPointExtension>
            <ns3:atemp>19.0</ns3:atemp>
            <ns3:hr>141</ns3:hr>
          </ns3:TrackPointExtension>
        </extensions>
      </trkpt>
      <trkpt lat="49.35956664383411407470703125" lon="11.14180496893823146820068359375">
        <ele>356.20001220703125</ele>
        <time>2025-10-05T09:20:18.000Z</time>
        <extensions>
          <ns3:TrackPointExtension>
            <ns3:atemp>19.0</ns3:atemp>
            <ns3:hr>139</ns3:hr>
          </ns3:TrackPointExtension>
        </extensions>
      </trkpt>
      <trkpt lat="49.35955096967518329620361328125" lon="11.14144672639667987823486328125">
        <ele>355.399993896484375</ele>
        <time>2025-10-05T09:20:26.000Z</time>
        <extensions>
          <ns3:TrackPointExtension>
            <ns3:atemp>19.0</ns3:atemp>
            <ns3:hr>141</ns3:hr>
          </ns3:TrackPointExtension>
        </extensions>
      </trkpt>
      <trkpt lat="49.35956940986216068267822265625" lon="11.141274981200695037841796875">
        <ele>355.399993896484375</ele>
        <time>2025-10-05T09:20:31.000Z</time>
        <extensions>
          <ns3:TrackPointExtension>
            <ns3:atemp>19.0</ns3:atemp>
            <ns3:hr>145</ns3:hr>
          </ns3:TrackPointExtension>
        </extensions>
      </trkpt>
      <trkpt lat="49.35958013869822025299072265625" lon="11.14116241224110126495361328125">
        <ele>355.399993896484375</ele>
        <time>2025-10-05T09:20:34.000Z</time>
        <extensions>
          <ns3:TrackPointExtension>
            <ns3:atemp>19.0</ns3:atemp>
            <ns3:hr>144</ns3:hr>
          </ns3:TrackPointExtension>
        </extensions>
      </trkpt>
      <trkpt lat="49.3596264906227588653564453125" lon="11.14097767509520053863525390625">
        <ele>355.600006103515625</ele>
        <time>2025-10-05T09:20:39.000Z</time>
        <extensions>
          <ns3:TrackPointExtension>
            <ns3:atemp>19.0</ns3:atemp>
            <ns3:hr>141</ns3:hr>
          </ns3:TrackPointExtension>
        </extensions>
      </trkpt>
      <trkpt lat="49.35963193885982036590576171875" lon="11.1408922635018825531005859375">
        <ele>356</ele>
        <time>2025-10-05T09:20:41.000Z</time>
        <extensions>
          <ns3:TrackPointExtension>
            <ns3:atemp>19.0</ns3:atemp>
            <ns3:hr>144</ns3:hr>
          </ns3:TrackPointExtension>
        </extensions>
      </trkpt>
      <trkpt lat="49.3596449308097362518310546875" lon="11.140853874385356903076171875">
        <ele>356</ele>
        <time>2025-10-05T09:20:42.000Z</time>
        <extensions>
          <ns3:TrackPointExtension>
            <ns3:atemp>19.0</ns3:atemp>
            <ns3:hr>143</ns3:hr>
          </ns3:TrackPointExtension>
        </extensions>
      </trkpt>
      <trkpt lat="49.3597022630274295806884765625" lon="11.1405940353870391845703125">
        <ele>356</ele>
        <time>2025-10-05T09:20:49.000Z</time>
        <extensions>
          <ns3:TrackPointExtension>
            <ns3:atemp>19.0</ns3:atemp>
            <ns3:hr>143</ns3:hr>
          </ns3:TrackPointExtension>
        </extensions>
      </trkpt>
      <trkpt lat="49.35978524386882781982421875" lon="11.1402265727519989013671875">
        <ele>356</ele>
        <time>2025-10-05T09:20:59.000Z</time>
        <extensions>
          <ns3:TrackPointExtension>
            <ns3:atemp>19.0</ns3:atemp>
            <ns3:hr>143</ns3:hr>
          </ns3:TrackPointExtension>
        </extensions>
      </trkpt>
      <trkpt lat="49.35983997769653797149658203125" lon="11.14009187556803226470947265625">
        <ele>356</ele>
        <time>2025-10-05T09:21:03.000Z</time>
        <extensions>
          <ns3:TrackPointExtension>
            <ns3:atemp>19.0</ns3:atemp>
            <ns3:hr>141</ns3:hr>
          </ns3:TrackPointExtension>
        </extensions>
      </trkpt>
      <trkpt lat="49.359945170581340789794921875" lon="11.13991635851562023162841796875">
        <ele>356.399993896484375</ele>
        <time>2025-10-05T09:21:09.000Z</time>
        <extensions>
          <ns3:TrackPointExtension>
            <ns3:atemp>19.0</ns3:atemp>
            <ns3:hr>140</ns3:hr>
          </ns3:TrackPointExtension>
        </extensions>
      </trkpt>
      <trkpt lat="49.3600127287209033966064453125" lon="11.1396963335573673248291015625">
        <ele>356.600006103515625</ele>
        <time>2025-10-05T09:21:15.000Z</time>
        <extensions>
          <ns3:TrackPointExtension>
            <ns3:atemp>19.0</ns3:atemp>
            <ns3:hr>140</ns3:hr>
          </ns3:TrackPointExtension>
        </extensions>
      </trkpt>
      <trkpt lat="49.3601359426975250244140625" lon="11.13944076932966709136962890625">
        <ele>357</ele>
        <time>2025-10-05T09:21:23.000Z</time>
        <extensions>
          <ns3:TrackPointExtension>
            <ns3:atemp>19.0</ns3:atemp>
            <ns3:hr>141</ns3:hr>
          </ns3:TrackPointExtension>
        </extensions>
      </trkpt>
      <trkpt lat="49.3602256290614604949951171875" lon="11.13913265056908130645751953125">
        <ele>356.79998779296875</ele>
        <time>2025-10-05T09:21:31.000Z</time>
        <extensions>
          <ns3:TrackPointExtension>
            <ns3:atemp>19.0</ns3:atemp>
            <ns3:hr>144</ns3:hr>
          </ns3:TrackPointExtension>
        </extensions>
      </trkpt>
      <trkpt lat="49.36028019525110721588134765625" lon="11.138975657522678375244140625">
        <ele>357</ele>
        <time>2025-10-05T09:21:35.000Z</time>
        <extensions>
          <ns3:TrackPointExtension>
            <ns3:atemp>19.0</ns3:atemp>
            <ns3:hr>144</ns3:hr>
          </ns3:TrackPointExtension>
        </extensions>
      </trkpt>
      <trkpt lat="49.3604147247970104217529296875" lon="11.13871715962886810302734375">
        <ele>357</ele>
        <time>2025-10-05T09:21:43.000Z</time>
        <extensions>
          <ns3:TrackPointExtension>
            <ns3:atemp>19.0</ns3:atemp>
            <ns3:hr>144</ns3:hr>
          </ns3:TrackPointExtension>
        </extensions>
      </trkpt>
      <trkpt lat="49.360433332622051239013671875" lon="11.1386869847774505615234375">
        <ele>357.20001220703125</ele>
        <time>2025-10-05T09:21:44.000Z</time>
        <extensions>
          <ns3:TrackPointExtension>
            <ns3:atemp>19.0</ns3:atemp>
            <ns3:hr>144</ns3:hr>
          </ns3:TrackPointExtension>
        </extensions>
      </trkpt>
      <trkpt lat="49.3605652637779712677001953125" lon="11.1383599229156970977783203125">
        <ele>357.79998779296875</ele>
        <time>2025-10-05T09:21:53.000Z</time>
        <extensions>
          <ns3:TrackPointExtension>
            <ns3:atemp>19.0</ns3:atemp>
            <ns3:hr>142</ns3:hr>
          </ns3:TrackPointExtension>
        </extensions>
      </trkpt>
      <trkpt lat="49.36061002314090728759765625" lon="11.13823008723556995391845703125">
        <ele>358.20001220703125</ele>
        <time>2025-10-05T09:21:56.000Z</time>
        <extensions>
          <ns3:TrackPointExtension>
            <ns3:atemp>19.0</ns3:atemp>
            <ns3:hr>141</ns3:hr>
          </ns3:TrackPointExtension>
        </extensions>
      </trkpt>
      <trkpt lat="49.3607147969305515289306640625" lon="11.13797494210302829742431640625">
        <ele>358.79998779296875</ele>
        <time>2025-10-05T09:22:03.000Z</time>
        <extensions>
          <ns3:TrackPointExtension>
            <ns3:atemp>19.0</ns3:atemp>
            <ns3:hr>142</ns3:hr>
          </ns3:TrackPointExtension>
        </extensions>
      </trkpt>
      <trkpt lat="49.360811524093151092529296875" lon="11.13766430877149105072021484375">
        <ele>358.399993896484375</ele>
        <time>2025-10-05T09:22:11.000Z</time>
        <extensions>
          <ns3:TrackPointExtension>
            <ns3:atemp>19.0</ns3:atemp>
            <ns3:hr>145</ns3:hr>
          </ns3:TrackPointExtension>
        </extensions>
      </trkpt>
      <trkpt lat="49.3608398549258708953857421875" lon="11.13757931627333164215087890625">
        <ele>358.20001220703125</ele>
        <time>2025-10-05T09:22:13.000Z</time>
        <extensions>
          <ns3:TrackPointExtension>
            <ns3:atemp>19.0</ns3:atemp>
            <ns3:hr>145</ns3:hr>
          </ns3:TrackPointExtension>
        </extensions>
      </trkpt>
      <trkpt lat="49.3609753064811229705810546875" lon="11.13725711591541767120361328125">
        <ele>358.399993896484375</ele>
        <time>2025-10-05T09:22:22.000Z</time>
        <extensions>
          <ns3:TrackPointExtension>
            <ns3:atemp>19.0</ns3:atemp>
            <ns3:hr>144</ns3:hr>
          </ns3:TrackPointExtension>
        </extensions>
      </trkpt>
      <trkpt lat="49.36110681854188442230224609375" lon="11.13690842874348163604736328125">
        <ele>359</ele>
        <time>2025-10-05T09:22:31.000Z</time>
        <extensions>
          <ns3:TrackPointExtension>
            <ns3:atemp>19.0</ns3:atemp>
            <ns3:hr>145</ns3:hr>
          </ns3:TrackPointExtension>
        </extensions>
      </trkpt>
      <trkpt lat="49.36116783879697322845458984375" lon="11.13673341460525989532470703125">
        <ele>359.399993896484375</ele>
        <time>2025-10-05T09:22:35.000Z</time>
        <extensions>
          <ns3:TrackPointExtension>
            <ns3:atemp>19.0</ns3:atemp>
            <ns3:hr>145</ns3:hr>
          </ns3:TrackPointExtension>
        </extensions>
      </trkpt>
      <trkpt lat="49.36125165782868862152099609375" lon="11.13649520091712474822998046875">
        <ele>359.79998779296875</ele>
        <time>2025-10-05T09:22:41.000Z</time>
        <extensions>
          <ns3:TrackPointExtension>
            <ns3:atemp>19.0</ns3:atemp>
            <ns3:hr>145</ns3:hr>
          </ns3:TrackPointExtension>
        </extensions>
      </trkpt>
      <trkpt lat="49.36131787486374378204345703125" lon="11.1362426541745662689208984375">
        <ele>360</ele>
        <time>2025-10-05T09:22:47.000Z</time>
        <extensions>
          <ns3:TrackPointExtension>
            <ns3:atemp>19.0</ns3:atemp>
            <ns3:hr>146</ns3:hr>
          </ns3:TrackPointExtension>
        </extensions>
      </trkpt>
      <trkpt lat="49.36133229173719882965087890625" lon="11.13614651374518871307373046875">
        <ele>360.20001220703125</ele>
        <time>2025-10-05T09:22:49.000Z</time>
        <extensions>
          <ns3:TrackPointExtension>
            <ns3:atemp>19.0</ns3:atemp>
            <ns3:hr>146</ns3:hr>
          </ns3:TrackPointExtension>
        </extensions>
      </trkpt>
      <trkpt lat="49.36134402640163898468017578125" lon="11.13605816848576068878173828125">
        <ele>360.399993896484375</ele>
        <time>2025-10-05T09:22:51.000Z</time>
        <extensions>
          <ns3:TrackPointExtension>
            <ns3:atemp>19.0</ns3:atemp>
            <ns3:hr>146</ns3:hr>
          </ns3:TrackPointExtension>
        </extensions>
      </trkpt>
      <trkpt lat="49.36138040386140346527099609375" lon="11.1359000019729137420654296875">
        <ele>360.79998779296875</ele>
        <time>2025-10-05T09:22:55.000Z</time>
        <extensions>
          <ns3:TrackPointExtension>
            <ns3:atemp>19.0</ns3:atemp>
            <ns3:hr>146</ns3:hr>
          </ns3:TrackPointExtension>
        </extensions>
      </trkpt>
      <trkpt lat="49.3614141829311847686767578125" lon="11.13550563342869281768798828125">
        <ele>361</ele>
        <time>2025-10-05T09:23:04.000Z</time>
        <extensions>
          <ns3:TrackPointExtension>
            <ns3:atemp>19.0</ns3:atemp>
            <ns3:hr>145</ns3:hr>
          </ns3:TrackPointExtension>
        </extensions>
      </trkpt>
      <trkpt lat="49.36145114712417125701904296875" lon="11.1351144500076770782470703125">
        <ele>361.20001220703125</ele>
        <time>2025-10-05T09:23:13.000Z</time>
        <extensions>
          <ns3:TrackPointExtension>
            <ns3:atemp>19.0</ns3:atemp>
            <ns3:hr>146</ns3:hr>
          </ns3:TrackPointExtension>
        </extensions>
      </trkpt>
      <trkpt lat="49.3615392409265041351318359375" lon="11.13484044559299945831298828125">
        <ele>361.20001220703125</ele>
        <time>2025-10-05T09:23:21.000Z</time>
        <extensions>
          <ns3:TrackPointExtension>
            <ns3:atemp>19.0</ns3:atemp>
            <ns3:hr>146</ns3:hr>
          </ns3:TrackPointExtension>
        </extensions>
      </trkpt>
      <trkpt lat="49.3615469522774219512939453125" lon="11.13466970622539520263671875">
        <ele>361.399993896484375</ele>
        <time>2025-10-05T09:23:25.000Z</time>
        <extensions>
          <ns3:TrackPointExtension>
            <ns3:atemp>19.0</ns3:atemp>
            <ns3:hr>145</ns3:hr>
          </ns3:TrackPointExtension>
        </extensions>
      </trkpt>
      <trkpt lat="49.36158374883234500885009765625" lon="11.134586893022060394287109375">
        <ele>361.600006103515625</ele>
        <time>2025-10-05T09:23:28.000Z</time>
        <extensions>
          <ns3:TrackPointExtension>
            <ns3:atemp>19.0</ns3:atemp>
            <ns3:hr>145</ns3:hr>
          </ns3:TrackPointExtension>
        </extensions>
      </trkpt>
      <trkpt lat="49.36164267361164093017578125" lon="11.1343191750347614288330078125">
        <ele>362.399993896484375</ele>
        <time>2025-10-05T09:23:35.000Z</time>
        <extensions>
          <ns3:TrackPointExtension>
            <ns3:atemp>18.0</ns3:atemp>
            <ns3:hr>145</ns3:hr>
          </ns3:TrackPointExtension>
        </extensions>
      </trkpt>
      <trkpt lat="49.36165214516222476959228515625" lon="11.13429092802107334136962890625">
        <ele>362.600006103515625</ele>
        <time>2025-10-05T09:23:36.000Z</time>
        <extensions>
          <ns3:TrackPointExtension>
            <ns3:atemp>18.0</ns3:atemp>
            <ns3:hr>145</ns3:hr>
          </ns3:TrackPointExtension>
        </extensions>
      </trkpt>
      <trkpt lat="49.36169858090579509735107421875" lon="11.134077943861484527587890625">
        <ele>362.79998779296875</ele>
        <time>2025-10-05T09:23:41.000Z</time>
        <extensions>
          <ns3:TrackPointExtension>
            <ns3:atemp>18.0</ns3:atemp>
            <ns3:hr>142</ns3:hr>
          </ns3:TrackPointExtension>
        </extensions>
      </trkpt>
      <trkpt lat="49.3617129139602184295654296875" lon="11.13393436186015605926513671875">
        <ele>362.79998779296875</ele>
        <time>2025-10-05T09:23:44.000Z</time>
        <extensions>
          <ns3:TrackPointExtension>
            <ns3:atemp>18.0</ns3:atemp>
            <ns3:hr>141</ns3:hr>
          </ns3:TrackPointExtension>
        </extensions>
      </trkpt>
      <trkpt lat="49.36177150346338748931884765625" lon="11.13372816704213619232177734375">
        <ele>363.399993896484375</ele>
        <time>2025-10-05T09:23:49.000Z</time>
        <extensions>
          <ns3:TrackPointExtension>
            <ns3:atemp>18.0</ns3:atemp>
            <ns3:hr>140</ns3:hr>
          </ns3:TrackPointExtension>
        </extensions>
      </trkpt>
      <trkpt lat="49.36181106604635715484619140625" lon="11.13368441350758075714111328125">
        <ele>364</ele>
        <time>2025-10-05T09:23:51.000Z</time>
        <extensions>
          <ns3:TrackPointExtension>
            <ns3:atemp>18.0</ns3:atemp>
            <ns3:hr>140</ns3:hr>
          </ns3:TrackPointExtension>
        </extensions>
      </trkpt>
      <trkpt lat="49.36187057755887508392333984375" lon="11.13363814540207386016845703125">
        <ele>364.600006103515625</ele>
        <time>2025-10-05T09:23:54.000Z</time>
        <extensions>
          <ns3:TrackPointExtension>
            <ns3:atemp>18.0</ns3:atemp>
            <ns3:hr>137</ns3:hr>
          </ns3:TrackPointExtension>
        </extensions>
      </trkpt>
      <trkpt lat="49.3619499541819095611572265625" lon="11.1335639655590057373046875">
        <ele>365.79998779296875</ele>
        <time>2025-10-05T09:23:58.000Z</time>
        <extensions>
          <ns3:TrackPointExtension>
            <ns3:atemp>18.0</ns3:atemp>
            <ns3:hr>139</ns3:hr>
          </ns3:TrackPointExtension>
        </extensions>
      </trkpt>
      <trkpt lat="49.36198859475553035736083984375" lon="11.13354359753429889678955078125">
        <ele>366</ele>
        <time>2025-10-05T09:24:00.000Z</time>
        <extensions>
          <ns3:TrackPointExtension>
            <ns3:atemp>18.0</ns3:atemp>
            <ns3:hr>140</ns3:hr>
          </ns3:TrackPointExtension>
        </extensions>
      </trkpt>
      <trkpt lat="49.3620894290506839752197265625" lon="11.1334608681499958038330078125">
        <ele>367</ele>
        <time>2025-10-05T09:24:05.000Z</time>
        <extensions>
          <ns3:TrackPointExtension>
            <ns3:atemp>18.0</ns3:atemp>
            <ns3:hr>141</ns3:hr>
          </ns3:TrackPointExtension>
        </extensions>
      </trkpt>
      <trkpt lat="49.36214282177388668060302734375" lon="11.13338869996368885040283203125">
        <ele>367.399993896484375</ele>
        <time>2025-10-05T09:24:08.000Z</time>
        <extensions>
          <ns3:TrackPointExtension>
            <ns3:atemp>18.0</ns3:atemp>
            <ns3:hr>142</ns3:hr>
          </ns3:TrackPointExtension>
        </extensions>
      </trkpt>
      <trkpt lat="49.3622158281505107879638671875" lon="11.1333468742668628692626953125">
        <ele>368.20001220703125</ele>
        <time>2025-10-05T09:24:11.000Z</time>
        <extensions>
          <ns3:TrackPointExtension>
            <ns3:atemp>18.0</ns3:atemp>
            <ns3:hr>142</ns3:hr>
          </ns3:TrackPointExtension>
        </extensions>
      </trkpt>
      <trkpt lat="49.3623117171227931976318359375" lon="11.1332550086081027984619140625">
        <ele>369.20001220703125</ele>
        <time>2025-10-05T09:24:16.000Z</time>
        <extensions>
          <ns3:TrackPointExtension>
            <ns3:atemp>18.0</ns3:atemp>
            <ns3:hr>143</ns3:hr>
          </ns3:TrackPointExtension>
        </extensions>
      </trkpt>
      <trkpt lat="49.36237893998622894287109375" lon="11.133220307528972625732421875">
        <ele>370.399993896484375</ele>
        <time>2025-10-05T09:24:20.000Z</time>
        <extensions>
          <ns3:TrackPointExtension>
            <ns3:atemp>18.0</ns3:atemp>
            <ns3:hr>145</ns3:hr>
          </ns3:TrackPointExtension>
        </extensions>
      </trkpt>
      <trkpt lat="49.36240651644766330718994140625" lon="11.13317026756703853607177734375">
        <ele>371.20001220703125</ele>
        <time>2025-10-05T09:24:22.000Z</time>
        <extensions>
          <ns3:TrackPointExtension>
            <ns3:atemp>18.0</ns3:atemp>
            <ns3:hr>145</ns3:hr>
          </ns3:TrackPointExtension>
        </extensions>
      </trkpt>
      <trkpt lat="49.3624238669872283935546875" lon="11.1331410147249698638916015625">
        <ele>371.600006103515625</ele>
        <time>2025-10-05T09:24:23.000Z</time>
        <extensions>
          <ns3:TrackPointExtension>
            <ns3:atemp>18.0</ns3:atemp>
            <ns3:hr>145</ns3:hr>
          </ns3:TrackPointExtension>
        </extensions>
      </trkpt>
      <trkpt lat="49.36247348785400390625" lon="11.13307873718440532684326171875">
        <ele>372.79998779296875</ele>
        <time>2025-10-05T09:24:27.000Z</time>
        <extensions>
          <ns3:TrackPointExtension>
            <ns3:atemp>18.0</ns3:atemp>
            <ns3:hr>144</ns3:hr>
          </ns3:TrackPointExtension>
        </extensions>
      </trkpt>
      <trkpt lat="49.362540207803249359130859375" lon="11.133049316704273223876953125">
        <ele>374</ele>
        <time>2025-10-05T09:24:30.000Z</time>
        <extensions>
          <ns3:TrackPointExtension>
            <ns3:atemp>18.0</ns3:atemp>
            <ns3:hr>142</ns3:hr>
          </ns3:TrackPointExtension>
        </extensions>
      </trkpt>
      <trkpt lat="49.36258069239556789398193359375" lon="11.1330176331102848052978515625">
        <ele>375</ele>
        <time>2025-10-05T09:24:33.000Z</time>
        <extensions>
          <ns3:TrackPointExtension>
            <ns3:atemp>18.0</ns3:atemp>
            <ns3:hr>141</ns3:hr>
          </ns3:TrackPointExtension>
        </extensions>
      </trkpt>
      <trkpt lat="49.36258320696651935577392578125" lon="11.1330199800431728363037109375">
        <ele>375.79998779296875</ele>
        <time>2025-10-05T09:24:36.000Z</time>
        <extensions>
          <ns3:TrackPointExtension>
            <ns3:atemp>18.0</ns3:atemp>
            <ns3:hr>142</ns3:hr>
          </ns3:TrackPointExtension>
        </extensions>
      </trkpt>
      <trkpt lat="49.3626111187040805816650390625" lon="11.13299324177205562591552734375">
        <ele>375.79998779296875</ele>
        <time>2025-10-05T09:24:39.000Z</time>
        <extensions>
          <ns3:TrackPointExtension>
            <ns3:atemp>18.0</ns3:atemp>
            <ns3:hr>139</ns3:hr>
          </ns3:TrackPointExtension>
        </extensions>
      </trkpt>
      <trkpt lat="49.3626288883388042449951171875" lon="11.13297899253666400909423828125">
        <ele>376</ele>
        <time>2025-10-05T09:24:40.000Z</time>
        <extensions>
          <ns3:TrackPointExtension>
            <ns3:atemp>18.0</ns3:atemp>
            <ns3:hr>139</ns3:hr>
          </ns3:TrackPointExtension>
        </extensions>
      </trkpt>
      <trkpt lat="49.36267540790140628814697265625" lon="11.13297832198441028594970703125">
        <ele>377</ele>
        <time>2025-10-05T09:24:44.000Z</time>
        <extensions>
          <ns3:TrackPointExtension>
            <ns3:atemp>18.0</ns3:atemp>
            <ns3:hr>136</ns3:hr>
          </ns3:TrackPointExtension>
        </extensions>
      </trkpt>
      <trkpt lat="49.362701140344142913818359375" lon="11.1329738795757293701171875">
        <ele>377.20001220703125</ele>
        <time>2025-10-05T09:24:45.000Z</time>
        <extensions>
          <ns3:TrackPointExtension>
            <ns3:atemp>18.0</ns3:atemp>
            <ns3:hr>136</ns3:hr>
          </ns3:TrackPointExtension>
        </extensions>
      </trkpt>
      <trkpt lat="49.36274179257452487945556640625" lon="11.13294412381947040557861328125">
        <ele>378.20001220703125</ele>
        <time>2025-10-05T09:24:50.000Z</time>
        <extensions>
          <ns3:TrackPointExtension>
            <ns3:atemp>18.0</ns3:atemp>
            <ns3:hr>135</ns3:hr>
          </ns3:TrackPointExtension>
        </extensions>
      </trkpt>
      <trkpt lat="49.3627489171922206878662109375" lon="11.13294077105820178985595703125">
        <ele>378.399993896484375</ele>
        <time>2025-10-05T09:24:51.000Z</time>
        <extensions>
          <ns3:TrackPointExtension>
            <ns3:atemp>18.0</ns3:atemp>
            <ns3:hr>136</ns3:hr>
          </ns3:TrackPointExtension>
        </extensions>
      </trkpt>
      <trkpt lat="49.36275972984731197357177734375" lon="11.13289668224751949310302734375">
        <ele>379.20001220703125</ele>
        <time>2025-10-05T09:24:54.000Z</time>
        <extensions>
          <ns3:TrackPointExtension>
            <ns3:atemp>18.0</ns3:atemp>
            <ns3:hr>134</ns3:hr>
          </ns3:TrackPointExtension>
        </extensions>
      </trkpt>
      <trkpt lat="49.36276651918888092041015625" lon="11.13286248408257961273193359375">
        <ele>379.399993896484375</ele>
        <time>2025-10-05T09:24:55.000Z</time>
        <extensions>
          <ns3:TrackPointExtension>
            <ns3:atemp>18.0</ns3:atemp>
            <ns3:hr>135</ns3:hr>
          </ns3:TrackPointExtension>
        </extensions>
      </trkpt>
      <trkpt lat="49.3627940118312835693359375" lon="11.132812611758708953857421875">
        <ele>380</ele>
        <time>2025-10-05T09:24:58.000Z</time>
        <extensions>
          <ns3:TrackPointExtension>
            <ns3:atemp>18.0</ns3:atemp>
            <ns3:hr>133</ns3:hr>
          </ns3:TrackPointExtension>
        </extensions>
      </trkpt>
      <trkpt lat="49.36280532740056514739990234375" lon="11.13279945217072963714599609375">
        <ele>380.20001220703125</ele>
        <time>2025-10-05T09:24:59.000Z</time>
        <extensions>
          <ns3:TrackPointExtension>
            <ns3:atemp>18.0</ns3:atemp>
            <ns3:hr>133</ns3:hr>
          </ns3:TrackPointExtension>
        </extensions>
      </trkpt>
      <trkpt lat="49.36281588859856128692626953125" lon="11.13278771750628948211669921875">
        <ele>380.399993896484375</ele>
        <time>2025-10-05T09:25:00.000Z</time>
        <extensions>
          <ns3:TrackPointExtension>
            <ns3:atemp>18.0</ns3:atemp>
            <ns3:hr>132</ns3:hr>
          </ns3:TrackPointExtension>
        </extensions>
      </trkpt>
      <trkpt lat="49.362821169197559356689453125" lon="11.13276978023350238800048828125">
        <ele>380.600006103515625</ele>
        <time>2025-10-05T09:25:01.000Z</time>
        <extensions>
          <ns3:TrackPointExtension>
            <ns3:atemp>18.0</ns3:atemp>
            <ns3:hr>130</ns3:hr>
          </ns3:TrackPointExtension>
        </extensions>
      </trkpt>
      <trkpt lat="49.36283181421458721160888671875" lon="11.13275418989360332489013671875">
        <ele>380.79998779296875</ele>
        <time>2025-10-05T09:25:02.000Z</time>
        <extensions>
          <ns3:TrackPointExtension>
            <ns3:atemp>18.0</ns3:atemp>
            <ns3:hr>127</ns3:hr>
          </ns3:TrackPointExtension>
        </extensions>
      </trkpt>
      <trkpt lat="49.36283885501325130462646484375" lon="11.13273675553500652313232421875">
        <ele>381</ele>
        <time>2025-10-05T09:25:03.000Z</time>
        <extensions>
          <ns3:TrackPointExtension>
            <ns3:atemp>18.0</ns3:atemp>
            <ns3:hr>128</ns3:hr>
          </ns3:TrackPointExtension>
        </extensions>
      </trkpt>
      <trkpt lat="49.3628588877618312835693359375" lon="11.1327001266181468963623046875">
        <ele>381.399993896484375</ele>
        <time>2025-10-05T09:25:05.000Z</time>
        <extensions>
          <ns3:TrackPointExtension>
            <ns3:atemp>18.0</ns3:atemp>
            <ns3:hr>123</ns3:hr>
          </ns3:TrackPointExtension>
        </extensions>
      </trkpt>
      <trkpt lat="49.36287120915949344635009765625" lon="11.132662408053874969482421875">
        <ele>381.79998779296875</ele>
        <time>2025-10-05T09:25:07.000Z</time>
        <extensions>
          <ns3:TrackPointExtension>
            <ns3:atemp>18.0</ns3:atemp>
            <ns3:hr>119</ns3:hr>
          </ns3:TrackPointExtension>
        </extensions>
      </trkpt>
      <trkpt lat="49.36287540011107921600341796875" lon="11.13264304585754871368408203125">
        <ele>382</ele>
        <time>2025-10-05T09:25:08.000Z</time>
        <extensions>
          <ns3:TrackPointExtension>
            <ns3:atemp>18.0</ns3:atemp>
            <ns3:hr>117</ns3:hr>
          </ns3:TrackPointExtension>
        </extensions>
      </trkpt>
      <trkpt lat="49.36290306039154529571533203125" lon="11.1326090991497039794921875">
        <ele>382.20001220703125</ele>
        <time>2025-10-05T09:25:11.000Z</time>
        <extensions>
          <ns3:TrackPointExtension>
            <ns3:atemp>18.0</ns3:atemp>
            <ns3:hr>114</ns3:hr>
          </ns3:TrackPointExtension>
        </extensions>
      </trkpt>
      <trkpt lat="49.36296206898987293243408203125" lon="11.13255436532199382781982421875">
        <ele>382.399993896484375</ele>
        <time>2025-10-05T09:25:16.000Z</time>
        <extensions>
          <ns3:TrackPointExtension>
            <ns3:atemp>18.0</ns3:atemp>
            <ns3:hr>113</ns3:hr>
          </ns3:TrackPointExtension>
        </extensions>
      </trkpt>
      <trkpt lat="49.36299861408770084381103515625" lon="11.132520250976085662841796875">
        <ele>382.600006103515625</ele>
        <time>2025-10-05T09:25:18.000Z</time>
        <extensions>
          <ns3:TrackPointExtension>
            <ns3:atemp>18.0</ns3:atemp>
            <ns3:hr>115</ns3:hr>
          </ns3:TrackPointExtension>
        </extensions>
      </trkpt>
      <trkpt lat="49.36301655136048793792724609375" lon="11.13246358931064605712890625">
        <ele>382.600006103515625</ele>
        <time>2025-10-05T09:25:19.000Z</time>
        <extensions>
          <ns3:TrackPointExtension>
            <ns3:atemp>18.0</ns3:atemp>
            <ns3:hr>114</ns3:hr>
          </ns3:TrackPointExtension>
        </extensions>
      </trkpt>
      <trkpt lat="49.3630875460803508758544921875" lon="11.13241891376674175262451171875">
        <ele>382.79998779296875</ele>
        <time>2025-10-05T09:25:23.000Z</time>
        <extensions>
          <ns3:TrackPointExtension>
            <ns3:atemp>18.0</ns3:atemp>
            <ns3:hr>112</ns3:hr>
          </ns3:TrackPointExtension>
        </extensions>
      </trkpt>
      <trkpt lat="49.3631026335060596466064453125" lon="11.13241639919579029083251953125">
        <ele>382.79998779296875</ele>
        <time>2025-10-05T09:25:24.000Z</time>
        <extensions>
          <ns3:TrackPointExtension>
            <ns3:atemp>18.0</ns3:atemp>
            <ns3:hr>115</ns3:hr>
          </ns3:TrackPointExtension>
        </extensions>
      </trkpt>
      <trkpt lat="49.363110177218914031982421875" lon="11.132408268749713897705078125">
        <ele>382.79998779296875</ele>
        <time>2025-10-05T09:25:25.000Z</time>
        <extensions>
          <ns3:TrackPointExtension>
            <ns3:atemp>18.0</ns3:atemp>
            <ns3:hr>113</ns3:hr>
          </ns3:TrackPointExtension>
        </extensions>
      </trkpt>
      <trkpt lat="49.36315049417316913604736328125" lon="11.132366023957729339599609375">
        <ele>382.79998779296875</ele>
        <time>2025-10-05T09:25:29.000Z</time>
        <extensions>
          <ns3:TrackPointExtension>
            <ns3:atemp>18.0</ns3:atemp>
            <ns3:hr>113</ns3:hr>
          </ns3:TrackPointExtension>
        </extensions>
      </trkpt>
      <trkpt lat="49.36326884664595127105712890625" lon="11.13237231038510799407958984375">
        <ele>382.600006103515625</ele>
        <time>2025-10-05T09:25:36.000Z</time>
        <extensions>
          <ns3:TrackPointExtension>
            <ns3:atemp>18.0</ns3:atemp>
            <ns3:hr>110</ns3:hr>
          </ns3:TrackPointExtension>
        </extensions>
      </trkpt>
      <trkpt lat="49.36327806673943996429443359375" lon="11.13238203339278697967529296875">
        <ele>382.600006103515625</ele>
        <time>2025-10-05T09:25:37.000Z</time>
        <extensions>
          <ns3:TrackPointExtension>
            <ns3:atemp>18.0</ns3:atemp>
            <ns3:hr>111</ns3:hr>
          </ns3:TrackPointExtension>
        </extensions>
      </trkpt>
      <trkpt lat="49.36339759267866611480712890625" lon="11.13242628984153270721435546875">
        <ele>382.600006103515625</ele>
        <time>2025-10-05T09:25:42.000Z</time>
        <extensions>
          <ns3:TrackPointExtension>
            <ns3:atemp>18.0</ns3:atemp>
            <ns3:hr>111</ns3:hr>
          </ns3:TrackPointExtension>
        </extensions>
      </trkpt>
      <trkpt lat="49.36340798623859882354736328125" lon="11.1324241943657398223876953125">
        <ele>382.79998779296875</ele>
        <time>2025-10-05T09:25:43.000Z</time>
        <extensions>
          <ns3:TrackPointExtension>
            <ns3:atemp>18.0</ns3:atemp>
            <ns3:hr>114</ns3:hr>
          </ns3:TrackPointExtension>
        </extensions>
      </trkpt>
      <trkpt lat="49.36343262903392314910888671875" lon="11.1324255354702472686767578125">
        <ele>383</ele>
        <time>2025-10-05T09:25:46.000Z</time>
        <extensions>
          <ns3:TrackPointExtension>
            <ns3:atemp>18.0</ns3:atemp>
            <ns3:hr>115</ns3:hr>
          </ns3:TrackPointExtension>
        </extensions>
      </trkpt>
      <trkpt lat="49.36347252689301967620849609375" lon="11.13242578692734241485595703125">
        <ele>383.600006103515625</ele>
        <time>2025-10-05T09:25:49.000Z</time>
        <extensions>
          <ns3:TrackPointExtension>
            <ns3:atemp>18.0</ns3:atemp>
            <ns3:hr>116</ns3:hr>
          </ns3:TrackPointExtension>
        </extensions>
      </trkpt>
      <trkpt lat="49.36349499039351940155029296875" lon="11.1324267089366912841796875">
        <ele>383.600006103515625</ele>
        <time>2025-10-05T09:25:50.000Z</time>
        <extensions>
          <ns3:TrackPointExtension>
            <ns3:atemp>18.0</ns3:atemp>
            <ns3:hr>116</ns3:hr>
          </ns3:TrackPointExtension>
        </extensions>
      </trkpt>
      <trkpt lat="49.36359473504126071929931640625" lon="11.132468618452548980712890625">
        <ele>383.399993896484375</ele>
        <time>2025-10-05T09:25:55.000Z</time>
        <extensions>
          <ns3:TrackPointExtension>
            <ns3:atemp>18.0</ns3:atemp>
            <ns3:hr>118</ns3:hr>
          </ns3:TrackPointExtension>
        </extensions>
      </trkpt>
      <trkpt lat="49.36364603228867053985595703125" lon="11.13248278386890888214111328125">
        <ele>383.20001220703125</ele>
        <time>2025-10-05T09:25:58.000Z</time>
        <extensions>
          <ns3:TrackPointExtension>
            <ns3:atemp>18.0</ns3:atemp>
            <ns3:hr>118</ns3:hr>
          </ns3:TrackPointExtension>
        </extensions>
      </trkpt>
      <trkpt lat="49.363681487739086151123046875" lon="11.1324848793447017669677734375">
        <ele>383</ele>
        <time>2025-10-05T09:25:59.000Z</time>
        <extensions>
          <ns3:TrackPointExtension>
            <ns3:atemp>18.0</ns3:atemp>
            <ns3:hr>118</ns3:hr>
          </ns3:TrackPointExtension>
        </extensions>
      </trkpt>
      <trkpt lat="49.36384920962154865264892578125" lon="11.1324399523437023162841796875">
        <ele>382.79998779296875</ele>
        <time>2025-10-05T09:26:05.000Z</time>
        <extensions>
          <ns3:TrackPointExtension>
            <ns3:atemp>18.0</ns3:atemp>
            <ns3:hr>118</ns3:hr>
          </ns3:TrackPointExtension>
        </extensions>
      </trkpt>
      <trkpt lat="49.3639713339507579803466796875" lon="11.13249066285789012908935546875">
        <ele>382.79998779296875</ele>
        <time>2025-10-05T09:26:10.000Z</time>
        <extensions>
          <ns3:TrackPointExtension>
            <ns3:atemp>18.0</ns3:atemp>
            <ns3:hr>120</ns3:hr>
          </ns3:TrackPointExtension>
        </extensions>
      </trkpt>
      <trkpt lat="49.3640383891761302947998046875" lon="11.1325100250542163848876953125">
        <ele>382.600006103515625</ele>
        <time>2025-10-05T09:26:13.000Z</time>
        <extensions>
          <ns3:TrackPointExtension>
            <ns3:atemp>18.0</ns3:atemp>
            <ns3:hr>124</ns3:hr>
          </ns3:TrackPointExtension>
        </extensions>
      </trkpt>
      <trkpt lat="49.364119358360767364501953125" lon="11.1325831152498722076416015625">
        <ele>383</ele>
        <time>2025-10-05T09:26:16.000Z</time>
        <extensions>
          <ns3:TrackPointExtension>
            <ns3:atemp>18.0</ns3:atemp>
            <ns3:hr>128</ns3:hr>
          </ns3:TrackPointExtension>
        </extensions>
      </trkpt>
      <trkpt lat="49.36421935446560382843017578125" lon="11.13259945996105670928955078125">
        <ele>383.20001220703125</ele>
        <time>2025-10-05T09:26:21.000Z</time>
        <extensions>
          <ns3:TrackPointExtension>
            <ns3:atemp>18.0</ns3:atemp>
            <ns3:hr>131</ns3:hr>
          </ns3:TrackPointExtension>
        </extensions>
      </trkpt>
      <trkpt lat="49.364254809916019439697265625" lon="11.13261806778609752655029296875">
        <ele>383.20001220703125</ele>
        <time>2025-10-05T09:26:23.000Z</time>
        <extensions>
          <ns3:TrackPointExtension>
            <ns3:atemp>18.0</ns3:atemp>
            <ns3:hr>130</ns3:hr>
          </ns3:TrackPointExtension>
        </extensions>
      </trkpt>
      <trkpt lat="49.36430350877344608306884765625" lon="11.13264371640980243682861328125">
        <ele>384</ele>
        <time>2025-10-05T09:26:28.000Z</time>
        <extensions>
          <ns3:TrackPointExtension>
            <ns3:atemp>18.0</ns3:atemp>
            <ns3:hr>131</ns3:hr>
          </ns3:TrackPointExtension>
        </extensions>
      </trkpt>
      <trkpt lat="49.3643575720489025115966796875" lon="11.1326330713927745819091796875">
        <ele>384.600006103515625</ele>
        <time>2025-10-05T09:26:32.000Z</time>
        <extensions>
          <ns3:TrackPointExtension>
            <ns3:atemp>18.0</ns3:atemp>
            <ns3:hr>131</ns3:hr>
          </ns3:TrackPointExtension>
        </extensions>
      </trkpt>
      <trkpt lat="49.364380873739719390869140625" lon="11.13262846134603023529052734375">
        <ele>385</ele>
        <time>2025-10-05T09:26:35.000Z</time>
        <extensions>
          <ns3:TrackPointExtension>
            <ns3:atemp>18.0</ns3:atemp>
            <ns3:hr>130</ns3:hr>
          </ns3:TrackPointExtension>
        </extensions>
      </trkpt>
      <trkpt lat="49.36440509743988513946533203125" lon="11.1326028965413570404052734375">
        <ele>385</ele>
        <time>2025-10-05T09:26:37.000Z</time>
        <extensions>
          <ns3:TrackPointExtension>
            <ns3:atemp>18.0</ns3:atemp>
            <ns3:hr>131</ns3:hr>
          </ns3:TrackPointExtension>
        </extensions>
      </trkpt>
      <trkpt lat="49.3644588254392147064208984375" lon="11.132600046694278717041015625">
        <ele>384</ele>
        <time>2025-10-05T09:26:42.000Z</time>
        <extensions>
          <ns3:TrackPointExtension>
            <ns3:atemp>18.0</ns3:atemp>
            <ns3:hr>131</ns3:hr>
          </ns3:TrackPointExtension>
        </extensions>
      </trkpt>
      <trkpt lat="49.36446125619113445281982421875" lon="11.13259769976139068603515625">
        <ele>383.600006103515625</ele>
        <time>2025-10-05T09:26:43.000Z</time>
        <extensions>
          <ns3:TrackPointExtension>
            <ns3:atemp>18.0</ns3:atemp>
            <ns3:hr>132</ns3:hr>
          </ns3:TrackPointExtension>
        </extensions>
      </trkpt>
      <trkpt lat="49.36446662060916423797607421875" lon="11.13259023986756801605224609375">
        <ele>383.399993896484375</ele>
        <time>2025-10-05T09:26:44.000Z</time>
        <extensions>
          <ns3:TrackPointExtension>
            <ns3:atemp>18.0</ns3:atemp>
            <ns3:hr>131</ns3:hr>
          </ns3:TrackPointExtension>
        </extensions>
      </trkpt>
      <trkpt lat="49.36447265557944774627685546875" lon="11.1325737275183200836181640625">
        <ele>382.399993896484375</ele>
        <time>2025-10-05T09:26:45.000Z</time>
        <extensions>
          <ns3:TrackPointExtension>
            <ns3:atemp>18.0</ns3:atemp>
            <ns3:hr>131</ns3:hr>
          </ns3:TrackPointExtension>
        </extensions>
      </trkpt>
      <trkpt lat="49.3644853122532367706298828125" lon="11.13255344331264495849609375">
        <ele>381.79998779296875</ele>
        <time>2025-10-05T09:26:46.000Z</time>
        <extensions>
          <ns3:TrackPointExtension>
            <ns3:atemp>18.0</ns3:atemp>
            <ns3:hr>131</ns3:hr>
          </ns3:TrackPointExtension>
        </extensions>
      </trkpt>
      <trkpt lat="49.364508278667926788330078125" lon="11.1325495876371860504150390625">
        <ele>381</ele>
        <time>2025-10-05T09:26:47.000Z</time>
        <extensions>
          <ns3:TrackPointExtension>
            <ns3:atemp>18.0</ns3:atemp>
            <ns3:hr>131</ns3:hr>
          </ns3:TrackPointExtension>
        </extensions>
      </trkpt>
      <trkpt lat="49.364553205668926239013671875" lon="11.13255679607391357421875">
        <ele>380</ele>
        <time>2025-10-05T09:26:49.000Z</time>
        <extensions>
          <ns3:TrackPointExtension>
            <ns3:atemp>18.0</ns3:atemp>
            <ns3:hr>131</ns3:hr>
          </ns3:TrackPointExtension>
        </extensions>
      </trkpt>
      <trkpt lat="49.364578686654567718505859375" lon="11.132521592080593109130859375">
        <ele>379.399993896484375</ele>
        <time>2025-10-05T09:26:51.000Z</time>
        <extensions>
          <ns3:TrackPointExtension>
            <ns3:atemp>18.0</ns3:atemp>
            <ns3:hr>130</ns3:hr>
          </ns3:TrackPointExtension>
        </extensions>
      </trkpt>
      <trkpt lat="49.36458639800548553466796875" lon="11.13248429261147975921630859375">
        <ele>379.20001220703125</ele>
        <time>2025-10-05T09:26:52.000Z</time>
        <extensions>
          <ns3:TrackPointExtension>
            <ns3:atemp>18.0</ns3:atemp>
            <ns3:hr>130</ns3:hr>
          </ns3:TrackPointExtension>
        </extensions>
      </trkpt>
      <trkpt lat="49.36458162032067775726318359375" lon="11.1324389465153217315673828125">
        <ele>378.79998779296875</ele>
        <time>2025-10-05T09:26:53.000Z</time>
        <extensions>
          <ns3:TrackPointExtension>
            <ns3:atemp>18.0</ns3:atemp>
            <ns3:hr>131</ns3:hr>
          </ns3:TrackPointExtension>
        </extensions>
      </trkpt>
      <trkpt lat="49.3645869009196758270263671875" lon="11.13235504366457462310791015625">
        <ele>378</ele>
        <time>2025-10-05T09:26:56.000Z</time>
        <extensions>
          <ns3:TrackPointExtension>
            <ns3:atemp>18.0</ns3:atemp>
            <ns3:hr>131</ns3:hr>
          </ns3:TrackPointExtension>
        </extensions>
      </trkpt>
      <trkpt lat="49.3646073527634143829345703125" lon="11.13234448246657848358154296875">
        <ele>377.79998779296875</ele>
        <time>2025-10-05T09:26:57.000Z</time>
        <extensions>
          <ns3:TrackPointExtension>
            <ns3:atemp>18.0</ns3:atemp>
            <ns3:hr>130</ns3:hr>
          </ns3:TrackPointExtension>
        </extensions>
      </trkpt>
      <trkpt lat="49.36461950652301311492919921875" lon="11.13233358599245548248291015625">
        <ele>377.79998779296875</ele>
        <time>2025-10-05T09:26:59.000Z</time>
        <extensions>
          <ns3:TrackPointExtension>
            <ns3:atemp>18.0</ns3:atemp>
            <ns3:hr>130</ns3:hr>
          </ns3:TrackPointExtension>
        </extensions>
      </trkpt>
      <trkpt lat="49.36462369747459888458251953125" lon="11.13233358599245548248291015625">
        <ele>377.79998779296875</ele>
        <time>2025-10-05T09:27:00.000Z</time>
        <extensions>
          <ns3:TrackPointExtension>
            <ns3:atemp>18.0</ns3:atemp>
            <ns3:hr>130</ns3:hr>
          </ns3:TrackPointExtension>
        </extensions>
      </trkpt>
      <trkpt lat="49.3646247871220111846923828125" lon="11.13231346942484378814697265625">
        <ele>377.600006103515625</ele>
        <time>2025-10-05T09:27:01.000Z</time>
        <extensions>
          <ns3:TrackPointExtension>
            <ns3:atemp>18.0</ns3:atemp>
            <ns3:hr>129</ns3:hr>
          </ns3:TrackPointExtension>
        </extensions>
      </trkpt>
      <trkpt lat="49.36462386511266231536865234375" lon="11.1322692967951297760009765625">
        <ele>377.600006103515625</ele>
        <time>2025-10-05T09:27:03.000Z</time>
        <extensions>
          <ns3:TrackPointExtension>
            <ns3:atemp>18.0</ns3:atemp>
            <ns3:hr>129</ns3:hr>
          </ns3:TrackPointExtension>
        </extensions>
      </trkpt>
      <trkpt lat="49.3646341748535633087158203125" lon="11.13218790851533412933349609375">
        <ele>377.600006103515625</ele>
        <time>2025-10-05T09:27:06.000Z</time>
        <extensions>
          <ns3:TrackPointExtension>
            <ns3:atemp>18.0</ns3:atemp>
            <ns3:hr>126</ns3:hr>
          </ns3:TrackPointExtension>
        </extensions>
      </trkpt>
      <trkpt lat="49.36465345323085784912109375" lon="11.13215186633169651031494140625">
        <ele>378</ele>
        <time>2025-10-05T09:27:08.000Z</time>
        <extensions>
          <ns3:TrackPointExtension>
            <ns3:atemp>18.0</ns3:atemp>
            <ns3:hr>124</ns3:hr>
          </ns3:TrackPointExtension>
        </extensions>
      </trkpt>
      <trkpt lat="49.364706091582775115966796875" lon="11.13187677226960659027099609375">
        <ele>378</ele>
        <time>2025-10-05T09:27:15.000Z</time>
        <extensions>
          <ns3:TrackPointExtension>
            <ns3:atemp>18.0</ns3:atemp>
            <ns3:hr>121</ns3:hr>
          </ns3:TrackPointExtension>
        </extensions>
      </trkpt>
      <trkpt lat="49.364714808762073516845703125" lon="11.13184190355241298675537109375">
        <ele>378</ele>
        <time>2025-10-05T09:27:16.000Z</time>
        <extensions>
          <ns3:TrackPointExtension>
            <ns3:atemp>18.0</ns3:atemp>
            <ns3:hr>121</ns3:hr>
          </ns3:TrackPointExtension>
        </extensions>
      </trkpt>
      <trkpt lat="49.3648537807166576385498046875" lon="11.13166823051869869232177734375">
        <ele>378</ele>
        <time>2025-10-05T09:27:23.000Z</time>
        <extensions>
          <ns3:TrackPointExtension>
            <ns3:atemp>18.0</ns3:atemp>
            <ns3:hr>120</ns3:hr>
          </ns3:TrackPointExtension>
        </extensions>
      </trkpt>
      <trkpt lat="49.3648995459079742431640625" lon="11.13166294991970062255859375">
        <ele>378.20001220703125</ele>
        <time>2025-10-05T09:27:27.000Z</time>
        <extensions>
          <ns3:TrackPointExtension>
            <ns3:atemp>18.0</ns3:atemp>
            <ns3:hr>121</ns3:hr>
          </ns3:TrackPointExtension>
        </extensions>
      </trkpt>
      <trkpt lat="49.364906586706638336181640625" lon="11.13165414892137050628662109375">
        <ele>378.20001220703125</ele>
        <time>2025-10-05T09:27:28.000Z</time>
        <extensions>
          <ns3:TrackPointExtension>
            <ns3:atemp>18.0</ns3:atemp>
            <ns3:hr>121</ns3:hr>
          </ns3:TrackPointExtension>
        </extensions>
      </trkpt>
      <trkpt lat="49.365034997463226318359375" lon="11.13167024217545986175537109375">
        <ele>378.20001220703125</ele>
        <time>2025-10-05T09:27:33.000Z</time>
        <extensions>
          <ns3:TrackPointExtension>
            <ns3:atemp>18.0</ns3:atemp>
            <ns3:hr>123</ns3:hr>
          </ns3:TrackPointExtension>
        </extensions>
      </trkpt>
      <trkpt lat="49.365089647471904754638671875" lon="11.1316839046776294708251953125">
        <ele>378.399993896484375</ele>
        <time>2025-10-05T09:27:37.000Z</time>
        <extensions>
          <ns3:TrackPointExtension>
            <ns3:atemp>18.0</ns3:atemp>
            <ns3:hr>126</ns3:hr>
          </ns3:TrackPointExtension>
        </extensions>
      </trkpt>
      <trkpt lat="49.3651062436401844024658203125" lon="11.1316896043717861175537109375">
        <ele>378.600006103515625</ele>
        <time>2025-10-05T09:27:38.000Z</time>
        <extensions>
          <ns3:TrackPointExtension>
            <ns3:atemp>18.0</ns3:atemp>
            <ns3:hr>126</ns3:hr>
          </ns3:TrackPointExtension>
        </extensions>
      </trkpt>
      <trkpt lat="49.36514656059443950653076171875" lon="11.1317050270736217498779296875">
        <ele>378.600006103515625</ele>
        <time>2025-10-05T09:27:43.000Z</time>
        <extensions>
          <ns3:TrackPointExtension>
            <ns3:atemp>18.0</ns3:atemp>
            <ns3:hr>128</ns3:hr>
          </ns3:TrackPointExtension>
        </extensions>
      </trkpt>
      <trkpt lat="49.36520238406956195831298828125" lon="11.13176696933805942535400390625">
        <ele>378.79998779296875</ele>
        <time>2025-10-05T09:27:47.000Z</time>
        <extensions>
          <ns3:TrackPointExtension>
            <ns3:atemp>18.0</ns3:atemp>
            <ns3:hr>128</ns3:hr>
          </ns3:TrackPointExtension>
        </extensions>
      </trkpt>
      <trkpt lat="49.3651944212615489959716796875" lon="11.131789684295654296875">
        <ele>379</ele>
        <time>2025-10-05T09:27:48.000Z</time>
        <extensions>
          <ns3:TrackPointExtension>
            <ns3:atemp>18.0</ns3:atemp>
            <ns3:hr>128</ns3:hr>
          </ns3:TrackPointExtension>
        </extensions>
      </trkpt>
      <trkpt lat="49.36522476375102996826171875" lon="11.1318750120699405670166015625">
        <ele>379.399993896484375</ele>
        <time>2025-10-05T09:27:53.000Z</time>
        <extensions>
          <ns3:TrackPointExtension>
            <ns3:atemp>18.0</ns3:atemp>
            <ns3:hr>131</ns3:hr>
          </ns3:TrackPointExtension>
        </extensions>
      </trkpt>
      <trkpt lat="49.36522400937974452972412109375" lon="11.13188398070633411407470703125">
        <ele>379.600006103515625</ele>
        <time>2025-10-05T09:27:55.000Z</time>
        <extensions>
          <ns3:TrackPointExtension>
            <ns3:atemp>18.0</ns3:atemp>
            <ns3:hr>132</ns3:hr>
          </ns3:TrackPointExtension>
        </extensions>
      </trkpt>
      <trkpt lat="49.36526893638074398040771484375" lon="11.13193913362920284271240234375">
        <ele>380</ele>
        <time>2025-10-05T09:28:02.000Z</time>
        <extensions>
          <ns3:TrackPointExtension>
            <ns3:atemp>18.0</ns3:atemp>
            <ns3:hr>134</ns3:hr>
          </ns3:TrackPointExtension>
        </extensions>
      </trkpt>
      <trkpt lat="49.3652852810919284820556640625" lon="11.131927482783794403076171875">
        <ele>380.20001220703125</ele>
        <time>2025-10-05T09:28:04.000Z</time>
        <extensions>
          <ns3:TrackPointExtension>
            <ns3:atemp>18.0</ns3:atemp>
            <ns3:hr>134</ns3:hr>
          </ns3:TrackPointExtension>
        </extensions>
      </trkpt>
      <trkpt lat="49.36527027748525142669677734375" lon="11.1318843998014926910400390625">
        <ele>381.20001220703125</ele>
        <time>2025-10-05T09:28:07.000Z</time>
        <extensions>
          <ns3:TrackPointExtension>
            <ns3:atemp>18.0</ns3:atemp>
            <ns3:hr>134</ns3:hr>
          </ns3:TrackPointExtension>
        </extensions>
      </trkpt>
      <trkpt lat="49.3652725405991077423095703125" lon="11.13185715861618518829345703125">
        <ele>382</ele>
        <time>2025-10-05T09:28:10.000Z</time>
        <extensions>
          <ns3:TrackPointExtension>
            <ns3:atemp>18.0</ns3:atemp>
            <ns3:hr>136</ns3:hr>
          </ns3:TrackPointExtension>
        </extensions>
      </trkpt>
      <trkpt lat="49.36528653837740421295166015625" lon="11.13184492103755474090576171875">
        <ele>382.399993896484375</ele>
        <time>2025-10-05T09:28:11.000Z</time>
        <extensions>
          <ns3:TrackPointExtension>
            <ns3:atemp>18.0</ns3:atemp>
            <ns3:hr>134</ns3:hr>
          </ns3:TrackPointExtension>
        </extensions>
      </trkpt>
      <trkpt lat="49.365316294133663177490234375" lon="11.1318270675837993621826171875">
        <ele>383.79998779296875</ele>
        <time>2025-10-05T09:28:15.000Z</time>
        <extensions>
          <ns3:TrackPointExtension>
            <ns3:atemp>18.0</ns3:atemp>
            <ns3:hr>134</ns3:hr>
          </ns3:TrackPointExtension>
        </extensions>
      </trkpt>
      <trkpt lat="49.36531637795269489288330078125" lon="11.13184005953371524810791015625">
        <ele>384</ele>
        <time>2025-10-05T09:28:16.000Z</time>
        <extensions>
          <ns3:TrackPointExtension>
            <ns3:atemp>18.0</ns3:atemp>
            <ns3:hr>134</ns3:hr>
          </ns3:TrackPointExtension>
        </extensions>
      </trkpt>
      <trkpt lat="49.36532425694167613983154296875" lon="11.13185564987361431121826171875">
        <ele>385.20001220703125</ele>
        <time>2025-10-05T09:28:20.000Z</time>
        <extensions>
          <ns3:TrackPointExtension>
            <ns3:atemp>18.0</ns3:atemp>
            <ns3:hr>134</ns3:hr>
          </ns3:TrackPointExtension>
        </extensions>
      </trkpt>
      <trkpt lat="49.3653271906077861785888671875" lon="11.131855063140392303466796875">
        <ele>385.600006103515625</ele>
        <time>2025-10-05T09:28:21.000Z</time>
        <extensions>
          <ns3:TrackPointExtension>
            <ns3:atemp>18.0</ns3:atemp>
            <ns3:hr>132</ns3:hr>
          </ns3:TrackPointExtension>
        </extensions>
      </trkpt>
      <trkpt lat="49.365330375730991363525390625" lon="11.1318538896739482879638671875">
        <ele>386.399993896484375</ele>
        <time>2025-10-05T09:28:25.000Z</time>
        <extensions>
          <ns3:TrackPointExtension>
            <ns3:atemp>18.0</ns3:atemp>
            <ns3:hr>134</ns3:hr>
          </ns3:TrackPointExtension>
        </extensions>
      </trkpt>
      <trkpt lat="49.3653338961303234100341796875" lon="11.1318528838455677032470703125">
        <ele>386.600006103515625</ele>
        <time>2025-10-05T09:28:26.000Z</time>
        <extensions>
          <ns3:TrackPointExtension>
            <ns3:atemp>18.0</ns3:atemp>
            <ns3:hr>134</ns3:hr>
          </ns3:TrackPointExtension>
        </extensions>
      </trkpt>
      <trkpt lat="49.3653399311006069183349609375" lon="11.131834946572780609130859375">
        <ele>387.600006103515625</ele>
        <time>2025-10-05T09:28:29.000Z</time>
        <extensions>
          <ns3:TrackPointExtension>
            <ns3:atemp>18.0</ns3:atemp>
            <ns3:hr>134</ns3:hr>
          </ns3:TrackPointExtension>
        </extensions>
      </trkpt>
      <trkpt lat="49.36536449007689952850341796875" lon="11.1317875050008296966552734375">
        <ele>388.79998779296875</ele>
        <time>2025-10-05T09:28:33.000Z</time>
        <extensions>
          <ns3:TrackPointExtension>
            <ns3:atemp>18.0</ns3:atemp>
            <ns3:hr>134</ns3:hr>
          </ns3:TrackPointExtension>
        </extensions>
      </trkpt>
      <trkpt lat="49.36540103517472743988037109375" lon="11.1317891813814640045166015625">
        <ele>390.399993896484375</ele>
        <time>2025-10-05T09:28:37.000Z</time>
        <extensions>
          <ns3:TrackPointExtension>
            <ns3:atemp>18.0</ns3:atemp>
            <ns3:hr>134</ns3:hr>
          </ns3:TrackPointExtension>
        </extensions>
      </trkpt>
      <trkpt lat="49.365425594151020050048828125" lon="11.13179479725658893585205078125">
        <ele>391.399993896484375</ele>
        <time>2025-10-05T09:28:40.000Z</time>
        <extensions>
          <ns3:TrackPointExtension>
            <ns3:atemp>18.0</ns3:atemp>
            <ns3:hr>134</ns3:hr>
          </ns3:TrackPointExtension>
        </extensions>
      </trkpt>
      <trkpt lat="49.3654247559607028961181640625" lon="11.13177828490734100341796875">
        <ele>391.79998779296875</ele>
        <time>2025-10-05T09:28:41.000Z</time>
        <extensions>
          <ns3:TrackPointExtension>
            <ns3:atemp>18.0</ns3:atemp>
            <ns3:hr>134</ns3:hr>
          </ns3:TrackPointExtension>
        </extensions>
      </trkpt>
      <trkpt lat="49.36543397605419158935546875" lon="11.13174852915108203887939453125">
        <ele>392.20001220703125</ele>
        <time>2025-10-05T09:28:43.000Z</time>
        <extensions>
          <ns3:TrackPointExtension>
            <ns3:atemp>18.0</ns3:atemp>
            <ns3:hr>133</ns3:hr>
          </ns3:TrackPointExtension>
        </extensions>
      </trkpt>
      <trkpt lat="49.3654545955359935760498046875" lon="11.1316986568272113800048828125">
        <ele>392.600006103515625</ele>
        <time>2025-10-05T09:28:47.000Z</time>
        <extensions>
          <ns3:TrackPointExtension>
            <ns3:atemp>18.0</ns3:atemp>
            <ns3:hr>135</ns3:hr>
          </ns3:TrackPointExtension>
        </extensions>
      </trkpt>
      <trkpt lat="49.36546104960143566131591796875" lon="11.131692789494991302490234375">
        <ele>392.79998779296875</ele>
        <time>2025-10-05T09:28:48.000Z</time>
        <extensions>
          <ns3:TrackPointExtension>
            <ns3:atemp>18.0</ns3:atemp>
            <ns3:hr>135</ns3:hr>
          </ns3:TrackPointExtension>
        </extensions>
      </trkpt>
      <trkpt lat="49.3654800765216350555419921875" lon="11.1316577531397342681884765625">
        <ele>393.20001220703125</ele>
        <time>2025-10-05T09:28:52.000Z</time>
        <extensions>
          <ns3:TrackPointExtension>
            <ns3:atemp>18.0</ns3:atemp>
            <ns3:hr>133</ns3:hr>
          </ns3:TrackPointExtension>
        </extensions>
      </trkpt>
      <trkpt lat="49.365517795085906982421875" lon="11.1316205374896526336669921875">
        <ele>393.399993896484375</ele>
        <time>2025-10-05T09:28:55.000Z</time>
        <extensions>
          <ns3:TrackPointExtension>
            <ns3:atemp>18.0</ns3:atemp>
            <ns3:hr>134</ns3:hr>
          </ns3:TrackPointExtension>
        </extensions>
      </trkpt>
      <trkpt lat="49.36552743427455425262451171875" lon="11.1315638758242130279541015625">
        <ele>393.600006103515625</ele>
        <time>2025-10-05T09:28:57.000Z</time>
        <extensions>
          <ns3:TrackPointExtension>
            <ns3:atemp>18.0</ns3:atemp>
            <ns3:hr>136</ns3:hr>
          </ns3:TrackPointExtension>
        </extensions>
      </trkpt>
      <trkpt lat="49.36553112231194972991943359375" lon="11.13155205734074115753173828125">
        <ele>393.600006103515625</ele>
        <time>2025-10-05T09:28:58.000Z</time>
        <extensions>
          <ns3:TrackPointExtension>
            <ns3:atemp>18.0</ns3:atemp>
            <ns3:hr>135</ns3:hr>
          </ns3:TrackPointExtension>
        </extensions>
      </trkpt>
      <trkpt lat="49.3655270151793956756591796875" lon="11.131395064294338226318359375">
        <ele>393.399993896484375</ele>
        <time>2025-10-05T09:29:03.000Z</time>
        <extensions>
          <ns3:TrackPointExtension>
            <ns3:atemp>18.0</ns3:atemp>
            <ns3:hr>134</ns3:hr>
          </ns3:TrackPointExtension>
        </extensions>
      </trkpt>
      <trkpt lat="49.3655535019934177398681640625" lon="11.131223738193511962890625">
        <ele>393.20001220703125</ele>
        <time>2025-10-05T09:29:08.000Z</time>
        <extensions>
          <ns3:TrackPointExtension>
            <ns3:atemp>18.0</ns3:atemp>
            <ns3:hr>133</ns3:hr>
          </ns3:TrackPointExtension>
        </extensions>
      </trkpt>
      <trkpt lat="49.36561611481010913848876953125" lon="11.13111318089067935943603515625">
        <ele>394</ele>
        <time>2025-10-05T09:29:14.000Z</time>
        <extensions>
          <ns3:TrackPointExtension>
            <ns3:atemp>18.0</ns3:atemp>
            <ns3:hr>132</ns3:hr>
          </ns3:TrackPointExtension>
        </extensions>
      </trkpt>
      <trkpt lat="49.3656128458678722381591796875" lon="11.1311025358736515045166015625">
        <ele>394.20001220703125</ele>
        <time>2025-10-05T09:29:15.000Z</time>
        <extensions>
          <ns3:TrackPointExtension>
            <ns3:atemp>18.0</ns3:atemp>
            <ns3:hr>132</ns3:hr>
          </ns3:TrackPointExtension>
        </extensions>
      </trkpt>
      <trkpt lat="49.36560320667922496795654296875" lon="11.1310851015150547027587890625">
        <ele>394.399993896484375</ele>
        <time>2025-10-05T09:29:17.000Z</time>
        <extensions>
          <ns3:TrackPointExtension>
            <ns3:atemp>18.0</ns3:atemp>
            <ns3:hr>131</ns3:hr>
          </ns3:TrackPointExtension>
        </extensions>
      </trkpt>
      <trkpt lat="49.36561770737171173095703125" lon="11.13103925250470638275146484375">
        <ele>394.399993896484375</ele>
        <time>2025-10-05T09:29:19.000Z</time>
        <extensions>
          <ns3:TrackPointExtension>
            <ns3:atemp>18.0</ns3:atemp>
            <ns3:hr>131</ns3:hr>
          </ns3:TrackPointExtension>
        </extensions>
      </trkpt>
      <trkpt lat="49.365634806454181671142578125" lon="11.13100337795913219451904296875">
        <ele>394.79998779296875</ele>
        <time>2025-10-05T09:29:21.000Z</time>
        <extensions>
          <ns3:TrackPointExtension>
            <ns3:atemp>18.0</ns3:atemp>
            <ns3:hr>128</ns3:hr>
          </ns3:TrackPointExtension>
        </extensions>
      </trkpt>
      <trkpt lat="49.36568115837872028350830078125" lon="11.13093414343893527984619140625">
        <ele>395.600006103515625</ele>
        <time>2025-10-05T09:29:27.000Z</time>
        <extensions>
          <ns3:TrackPointExtension>
            <ns3:atemp>18.0</ns3:atemp>
            <ns3:hr>131</ns3:hr>
          </ns3:TrackPointExtension>
        </extensions>
      </trkpt>
      <trkpt lat="49.3656805716454982757568359375" lon="11.13092995248734951019287109375">
        <ele>395.79998779296875</ele>
        <time>2025-10-05T09:29:28.000Z</time>
        <extensions>
          <ns3:TrackPointExtension>
            <ns3:atemp>18.0</ns3:atemp>
            <ns3:hr>131</ns3:hr>
          </ns3:TrackPointExtension>
        </extensions>
      </trkpt>
      <trkpt lat="49.3656748719513416290283203125" lon="11.1309080757200717926025390625">
        <ele>396.600006103515625</ele>
        <time>2025-10-05T09:29:31.000Z</time>
        <extensions>
          <ns3:TrackPointExtension>
            <ns3:atemp>18.0</ns3:atemp>
            <ns3:hr>129</ns3:hr>
          </ns3:TrackPointExtension>
        </extensions>
      </trkpt>
      <trkpt lat="49.36567227356135845184326171875" lon="11.130876727402210235595703125">
        <ele>396.600006103515625</ele>
        <time>2025-10-05T09:29:32.000Z</time>
        <extensions>
          <ns3:TrackPointExtension>
            <ns3:atemp>18.0</ns3:atemp>
            <ns3:hr>126</ns3:hr>
          </ns3:TrackPointExtension>
        </extensions>
      </trkpt>
      <trkpt lat="49.36567160300910472869873046875" lon="11.130851916968822479248046875">
        <ele>396.600006103515625</ele>
        <time>2025-10-05T09:29:33.000Z</time>
        <extensions>
          <ns3:TrackPointExtension>
            <ns3:atemp>18.0</ns3:atemp>
            <ns3:hr>126</ns3:hr>
          </ns3:TrackPointExtension>
        </extensions>
      </trkpt>
      <trkpt lat="49.36568015255033969879150390625" lon="11.13069869577884674072265625">
        <ele>396.600006103515625</ele>
        <time>2025-10-05T09:29:40.000Z</time>
        <extensions>
          <ns3:TrackPointExtension>
            <ns3:atemp>18.0</ns3:atemp>
            <ns3:hr>127</ns3:hr>
          </ns3:TrackPointExtension>
        </extensions>
      </trkpt>
      <trkpt lat="49.365694820880889892578125" lon="11.13057556562125682830810546875">
        <ele>396.600006103515625</ele>
        <time>2025-10-05T09:29:47.000Z</time>
        <extensions>
          <ns3:TrackPointExtension>
            <ns3:atemp>18.0</ns3:atemp>
            <ns3:hr>129</ns3:hr>
          </ns3:TrackPointExtension>
        </extensions>
      </trkpt>
      <trkpt lat="49.3656943179666996002197265625" lon="11.1305543594062328338623046875">
        <ele>396.600006103515625</ele>
        <time>2025-10-05T09:29:48.000Z</time>
        <extensions>
          <ns3:TrackPointExtension>
            <ns3:atemp>18.0</ns3:atemp>
            <ns3:hr>126</ns3:hr>
          </ns3:TrackPointExtension>
        </extensions>
      </trkpt>
      <trkpt lat="49.36570010147988796234130859375" lon="11.13052745349705219268798828125">
        <ele>396.600006103515625</ele>
        <time>2025-10-05T09:29:49.000Z</time>
        <extensions>
          <ns3:TrackPointExtension>
            <ns3:atemp>18.0</ns3:atemp>
            <ns3:hr>123</ns3:hr>
          </ns3:TrackPointExtension>
        </extensions>
      </trkpt>
      <trkpt lat="49.36571233905851840972900390625" lon="11.13049107603728771209716796875">
        <ele>396.79998779296875</ele>
        <time>2025-10-05T09:29:51.000Z</time>
        <extensions>
          <ns3:TrackPointExtension>
            <ns3:atemp>18.0</ns3:atemp>
            <ns3:hr>126</ns3:hr>
          </ns3:TrackPointExtension>
        </extensions>
      </trkpt>
      <trkpt lat="49.36572357080876827239990234375" lon="11.13048286177217960357666015625">
        <ele>397.20001220703125</ele>
        <time>2025-10-05T09:29:52.000Z</time>
        <extensions>
          <ns3:TrackPointExtension>
            <ns3:atemp>18.0</ns3:atemp>
            <ns3:hr>126</ns3:hr>
          </ns3:TrackPointExtension>
        </extensions>
      </trkpt>
      <trkpt lat="49.3657543323934078216552734375" lon="11.13044162280857563018798828125">
        <ele>398.20001220703125</ele>
        <time>2025-10-05T09:29:56.000Z</time>
        <extensions>
          <ns3:TrackPointExtension>
            <ns3:atemp>18.0</ns3:atemp>
            <ns3:hr>125</ns3:hr>
          </ns3:TrackPointExtension>
        </extensions>
      </trkpt>
      <trkpt lat="49.36575986444950103759765625" lon="11.1304212547838687896728515625">
        <ele>398.600006103515625</ele>
        <time>2025-10-05T09:29:57.000Z</time>
        <extensions>
          <ns3:TrackPointExtension>
            <ns3:atemp>18.0</ns3:atemp>
            <ns3:hr>125</ns3:hr>
          </ns3:TrackPointExtension>
        </extensions>
      </trkpt>
      <trkpt lat="49.36576900072395801544189453125" lon="11.130390577018260955810546875">
        <ele>399.399993896484375</ele>
        <time>2025-10-05T09:29:59.000Z</time>
        <extensions>
          <ns3:TrackPointExtension>
            <ns3:atemp>18.0</ns3:atemp>
            <ns3:hr>126</ns3:hr>
          </ns3:TrackPointExtension>
        </extensions>
      </trkpt>
      <trkpt lat="49.36579146422445774078369140625" lon="11.13025453872978687286376953125">
        <ele>400.399993896484375</ele>
        <time>2025-10-05T09:30:06.000Z</time>
        <extensions>
          <ns3:TrackPointExtension>
            <ns3:atemp>18.0</ns3:atemp>
            <ns3:hr>128</ns3:hr>
          </ns3:TrackPointExtension>
        </extensions>
      </trkpt>
      <trkpt lat="49.36579783447086811065673828125" lon="11.13023643381893634796142578125">
        <ele>400.600006103515625</ele>
        <time>2025-10-05T09:30:07.000Z</time>
        <extensions>
          <ns3:TrackPointExtension>
            <ns3:atemp>18.0</ns3:atemp>
            <ns3:hr>128</ns3:hr>
          </ns3:TrackPointExtension>
        </extensions>
      </trkpt>
      <trkpt lat="49.36582381837069988250732421875" lon="11.130204498767852783203125">
        <ele>400.79998779296875</ele>
        <time>2025-10-05T09:30:11.000Z</time>
        <extensions>
          <ns3:TrackPointExtension>
            <ns3:atemp>17.0</ns3:atemp>
            <ns3:hr>129</ns3:hr>
          </ns3:TrackPointExtension>
        </extensions>
      </trkpt>
      <trkpt lat="49.36579867266118526458740234375" lon="11.13015043549239635467529296875">
        <ele>400</ele>
        <time>2025-10-05T09:30:15.000Z</time>
        <extensions>
          <ns3:TrackPointExtension>
            <ns3:atemp>17.0</ns3:atemp>
            <ns3:hr>130</ns3:hr>
          </ns3:TrackPointExtension>
        </extensions>
      </trkpt>
      <trkpt lat="49.3657900393009185791015625" lon="11.13009762950241565704345703125">
        <ele>399.600006103515625</ele>
        <time>2025-10-05T09:30:17.000Z</time>
        <extensions>
          <ns3:TrackPointExtension>
            <ns3:atemp>17.0</ns3:atemp>
            <ns3:hr>129</ns3:hr>
          </ns3:TrackPointExtension>
        </extensions>
      </trkpt>
      <trkpt lat="49.3658061325550079345703125" lon="11.13004884682595729827880859375">
        <ele>399.399993896484375</ele>
        <time>2025-10-05T09:30:18.000Z</time>
        <extensions>
          <ns3:TrackPointExtension>
            <ns3:atemp>18.0</ns3:atemp>
            <ns3:hr>129</ns3:hr>
          </ns3:TrackPointExtension>
        </extensions>
      </trkpt>
      <trkpt lat="49.36581543646752834320068359375" lon="11.1299357749521732330322265625">
        <ele>398.20001220703125</ele>
        <time>2025-10-05T09:30:20.000Z</time>
        <extensions>
          <ns3:TrackPointExtension>
            <ns3:atemp>17.0</ns3:atemp>
            <ns3:hr>129</ns3:hr>
          </ns3:TrackPointExtension>
        </extensions>
      </trkpt>
      <trkpt lat="49.3658190406858921051025390625" lon="11.1298841424286365509033203125">
        <ele>397.79998779296875</ele>
        <time>2025-10-05T09:30:21.000Z</time>
        <extensions>
          <ns3:TrackPointExtension>
            <ns3:atemp>17.0</ns3:atemp>
            <ns3:hr>130</ns3:hr>
          </ns3:TrackPointExtension>
        </extensions>
      </trkpt>
      <trkpt lat="49.36583362519741058349609375" lon="11.129855811595916748046875">
        <ele>397.600006103515625</ele>
        <time>2025-10-05T09:30:22.000Z</time>
        <extensions>
          <ns3:TrackPointExtension>
            <ns3:atemp>17.0</ns3:atemp>
            <ns3:hr>127</ns3:hr>
          </ns3:TrackPointExtension>
        </extensions>
      </trkpt>
      <trkpt lat="49.3658398278057575225830078125" lon="11.1298100464046001434326171875">
        <ele>397.20001220703125</ele>
        <time>2025-10-05T09:30:23.000Z</time>
        <extensions>
          <ns3:TrackPointExtension>
            <ns3:atemp>17.0</ns3:atemp>
            <ns3:hr>128</ns3:hr>
          </ns3:TrackPointExtension>
        </extensions>
      </trkpt>
      <trkpt lat="49.36581929214298725128173828125" lon="11.12967786379158496856689453125">
        <ele>397.20001220703125</ele>
        <time>2025-10-05T09:30:27.000Z</time>
        <extensions>
          <ns3:TrackPointExtension>
            <ns3:atemp>17.0</ns3:atemp>
            <ns3:hr>128</ns3:hr>
          </ns3:TrackPointExtension>
        </extensions>
      </trkpt>
      <trkpt lat="49.3658066354691982269287109375" lon="11.1296216212213039398193359375">
        <ele>397.399993896484375</ele>
        <time>2025-10-05T09:30:30.000Z</time>
        <extensions>
          <ns3:TrackPointExtension>
            <ns3:atemp>17.0</ns3:atemp>
            <ns3:hr>124</ns3:hr>
          </ns3:TrackPointExtension>
        </extensions>
      </trkpt>
      <trkpt lat="49.36579473316669464111328125" lon="11.12959362566471099853515625">
        <ele>398</ele>
        <time>2025-10-05T09:30:33.000Z</time>
        <extensions>
          <ns3:TrackPointExtension>
            <ns3:atemp>17.0</ns3:atemp>
            <ns3:hr>121</ns3:hr>
          </ns3:TrackPointExtension>
        </extensions>
      </trkpt>
      <trkpt lat="49.36578668653964996337890625" lon="11.12959018908441066741943359375">
        <ele>398.20001220703125</ele>
        <time>2025-10-05T09:30:34.000Z</time>
        <extensions>
          <ns3:TrackPointExtension>
            <ns3:atemp>17.0</ns3:atemp>
            <ns3:hr>122</ns3:hr>
          </ns3:TrackPointExtension>
        </extensions>
      </trkpt>
      <trkpt lat="49.36575676314532756805419921875" lon="11.1295418255031108856201171875">
        <ele>398.399993896484375</ele>
        <time>2025-10-05T09:30:37.000Z</time>
        <extensions>
          <ns3:TrackPointExtension>
            <ns3:atemp>17.0</ns3:atemp>
            <ns3:hr>119</ns3:hr>
          </ns3:TrackPointExtension>
        </extensions>
      </trkpt>
      <trkpt lat="49.3657322041690349578857421875" lon="11.12943998537957668304443359375">
        <ele>398.20001220703125</ele>
        <time>2025-10-05T09:30:42.000Z</time>
        <extensions>
          <ns3:TrackPointExtension>
            <ns3:atemp>17.0</ns3:atemp>
            <ns3:hr>118</ns3:hr>
          </ns3:TrackPointExtension>
        </extensions>
      </trkpt>
      <trkpt lat="49.3657310307025909423828125" lon="11.1293255724012851715087890625">
        <ele>398</ele>
        <time>2025-10-05T09:30:48.000Z</time>
        <extensions>
          <ns3:TrackPointExtension>
            <ns3:atemp>17.0</ns3:atemp>
            <ns3:hr>115</ns3:hr>
          </ns3:TrackPointExtension>
        </extensions>
      </trkpt>
      <trkpt lat="49.3657358922064304351806640625" lon="11.1293071322143077850341796875">
        <ele>398</ele>
        <time>2025-10-05T09:30:49.000Z</time>
        <extensions>
          <ns3:TrackPointExtension>
            <ns3:atemp>17.0</ns3:atemp>
            <ns3:hr>116</ns3:hr>
          </ns3:TrackPointExtension>
        </extensions>
      </trkpt>
      <trkpt lat="49.365773610770702362060546875" lon="11.12923027016222476959228515625">
        <ele>397.399993896484375</ele>
        <time>2025-10-05T09:30:54.000Z</time>
        <extensions>
          <ns3:TrackPointExtension>
            <ns3:atemp>17.0</ns3:atemp>
            <ns3:hr>117</ns3:hr>
          </ns3:TrackPointExtension>
        </extensions>
      </trkpt>
      <trkpt lat="49.36577863991260528564453125" lon="11.1292058788239955902099609375">
        <ele>397.399993896484375</ele>
        <time>2025-10-05T09:30:55.000Z</time>
        <extensions>
          <ns3:TrackPointExtension>
            <ns3:atemp>17.0</ns3:atemp>
            <ns3:hr>116</ns3:hr>
          </ns3:TrackPointExtension>
        </extensions>
      </trkpt>
      <trkpt lat="49.365842677652835845947265625" lon="11.1290617100894451141357421875">
        <ele>397.399993896484375</ele>
        <time>2025-10-05T09:31:01.000Z</time>
        <extensions>
          <ns3:TrackPointExtension>
            <ns3:atemp>17.0</ns3:atemp>
            <ns3:hr>116</ns3:hr>
          </ns3:TrackPointExtension>
        </extensions>
      </trkpt>
      <trkpt lat="49.36584712006151676177978515625" lon="11.1290479637682437896728515625">
        <ele>397.399993896484375</ele>
        <time>2025-10-05T09:31:02.000Z</time>
        <extensions>
          <ns3:TrackPointExtension>
            <ns3:atemp>17.0</ns3:atemp>
            <ns3:hr>118</ns3:hr>
          </ns3:TrackPointExtension>
        </extensions>
      </trkpt>
      <trkpt lat="49.3658653087913990020751953125" lon="11.1290224827826023101806640625">
        <ele>397</ele>
        <time>2025-10-05T09:31:04.000Z</time>
        <extensions>
          <ns3:TrackPointExtension>
            <ns3:atemp>17.0</ns3:atemp>
            <ns3:hr>116</ns3:hr>
          </ns3:TrackPointExtension>
        </extensions>
      </trkpt>
      <trkpt lat="49.36589372344315052032470703125" lon="11.12899742089211940765380859375">
        <ele>396.600006103515625</ele>
        <time>2025-10-05T09:31:06.000Z</time>
        <extensions>
          <ns3:TrackPointExtension>
            <ns3:atemp>17.0</ns3:atemp>
            <ns3:hr>116</ns3:hr>
          </ns3:TrackPointExtension>
        </extensions>
      </trkpt>
      <trkpt lat="49.36593915335834026336669921875" lon="11.128952912986278533935546875">
        <ele>395.600006103515625</ele>
        <time>2025-10-05T09:31:10.000Z</time>
        <extensions>
          <ns3:TrackPointExtension>
            <ns3:atemp>17.0</ns3:atemp>
            <ns3:hr>116</ns3:hr>
          </ns3:TrackPointExtension>
        </extensions>
      </trkpt>
      <trkpt lat="49.3659816496074199676513671875" lon="11.128913350403308868408203125">
        <ele>395</ele>
        <time>2025-10-05T09:31:12.000Z</time>
        <extensions>
          <ns3:TrackPointExtension>
            <ns3:atemp>17.0</ns3:atemp>
            <ns3:hr>116</ns3:hr>
          </ns3:TrackPointExtension>
        </extensions>
      </trkpt>
      <trkpt lat="49.3660061247646808624267578125" lon="11.128898598253726959228515625">
        <ele>394.79998779296875</ele>
        <time>2025-10-05T09:31:13.000Z</time>
        <extensions>
          <ns3:TrackPointExtension>
            <ns3:atemp>17.0</ns3:atemp>
            <ns3:hr>116</ns3:hr>
          </ns3:TrackPointExtension>
        </extensions>
      </trkpt>
      <trkpt lat="49.3660436756908893585205078125" lon="11.12886548973619937896728515625">
        <ele>394.600006103515625</ele>
        <time>2025-10-05T09:31:15.000Z</time>
        <extensions>
          <ns3:TrackPointExtension>
            <ns3:atemp>17.0</ns3:atemp>
            <ns3:hr>115</ns3:hr>
          </ns3:TrackPointExtension>
        </extensions>
      </trkpt>
      <trkpt lat="49.36613897792994976043701171875" lon="11.12874160520732402801513671875">
        <ele>393.399993896484375</ele>
        <time>2025-10-05T09:31:20.000Z</time>
        <extensions>
          <ns3:TrackPointExtension>
            <ns3:atemp>17.0</ns3:atemp>
            <ns3:hr>117</ns3:hr>
          </ns3:TrackPointExtension>
        </extensions>
      </trkpt>
      <trkpt lat="49.3662133254110813140869140625" lon="11.1286456324160099029541015625">
        <ele>392.20001220703125</ele>
        <time>2025-10-05T09:31:24.000Z</time>
        <extensions>
          <ns3:TrackPointExtension>
            <ns3:atemp>17.0</ns3:atemp>
            <ns3:hr>119</ns3:hr>
          </ns3:TrackPointExtension>
        </extensions>
      </trkpt>
      <trkpt lat="49.3662649579346179962158203125" lon="11.12861193716526031494140625">
        <ele>391.399993896484375</ele>
        <time>2025-10-05T09:31:26.000Z</time>
        <extensions>
          <ns3:TrackPointExtension>
            <ns3:atemp>17.0</ns3:atemp>
            <ns3:hr>118</ns3:hr>
          </ns3:TrackPointExtension>
        </extensions>
      </trkpt>
      <trkpt lat="49.36629186384379863739013671875" lon="11.12858234904706478118896484375">
        <ele>391</ele>
        <time>2025-10-05T09:31:27.000Z</time>
        <extensions>
          <ns3:TrackPointExtension>
            <ns3:atemp>17.0</ns3:atemp>
            <ns3:hr>119</ns3:hr>
          </ns3:TrackPointExtension>
        </extensions>
      </trkpt>
      <trkpt lat="49.36639814637601375579833984375" lon="11.12848495133221149444580078125">
        <ele>390.600006103515625</ele>
        <time>2025-10-05T09:31:31.000Z</time>
        <extensions>
          <ns3:TrackPointExtension>
            <ns3:atemp>17.0</ns3:atemp>
            <ns3:hr>119</ns3:hr>
          </ns3:TrackPointExtension>
        </extensions>
      </trkpt>
      <trkpt lat="49.36643620021641254425048828125" lon="11.1284049041569232940673828125">
        <ele>390.600006103515625</ele>
        <time>2025-10-05T09:31:33.000Z</time>
        <extensions>
          <ns3:TrackPointExtension>
            <ns3:atemp>17.0</ns3:atemp>
            <ns3:hr>120</ns3:hr>
          </ns3:TrackPointExtension>
        </extensions>
      </trkpt>
      <trkpt lat="49.36649235896766185760498046875" lon="11.128236763179302215576171875">
        <ele>390.20001220703125</ele>
        <time>2025-10-05T09:31:38.000Z</time>
        <extensions>
          <ns3:TrackPointExtension>
            <ns3:atemp>17.0</ns3:atemp>
            <ns3:hr>123</ns3:hr>
          </ns3:TrackPointExtension>
        </extensions>
      </trkpt>
      <trkpt lat="49.36650560237467288970947265625" lon="11.12819443456828594207763671875">
        <ele>390.20001220703125</ele>
        <time>2025-10-05T09:31:39.000Z</time>
        <extensions>
          <ns3:TrackPointExtension>
            <ns3:atemp>17.0</ns3:atemp>
            <ns3:hr>121</ns3:hr>
          </ns3:TrackPointExtension>
        </extensions>
      </trkpt>
      <trkpt lat="49.36657953076064586639404296875" lon="11.12810038961470127105712890625">
        <ele>390</ele>
        <time>2025-10-05T09:31:43.000Z</time>
        <extensions>
          <ns3:TrackPointExtension>
            <ns3:atemp>17.0</ns3:atemp>
            <ns3:hr>124</ns3:hr>
          </ns3:TrackPointExtension>
        </extensions>
      </trkpt>
      <trkpt lat="49.36659629456698894500732421875" lon="11.12802319228649139404296875">
        <ele>390</ele>
        <time>2025-10-05T09:31:45.000Z</time>
        <extensions>
          <ns3:TrackPointExtension>
            <ns3:atemp>17.0</ns3:atemp>
            <ns3:hr>122</ns3:hr>
          </ns3:TrackPointExtension>
        </extensions>
      </trkpt>
      <trkpt lat="49.36663351021707057952880859375" lon="11.12780601717531681060791015625">
        <ele>389.600006103515625</ele>
        <time>2025-10-05T09:31:50.000Z</time>
        <extensions>
          <ns3:TrackPointExtension>
            <ns3:atemp>17.0</ns3:atemp>
            <ns3:hr>122</ns3:hr>
          </ns3:TrackPointExtension>
        </extensions>
      </trkpt>
      <trkpt lat="49.36665094457566738128662109375" lon="11.127656735479831695556640625">
        <ele>389</ele>
        <time>2025-10-05T09:31:54.000Z</time>
        <extensions>
          <ns3:TrackPointExtension>
            <ns3:atemp>17.0</ns3:atemp>
            <ns3:hr>123</ns3:hr>
          </ns3:TrackPointExtension>
        </extensions>
      </trkpt>
      <trkpt lat="49.36667541973292827606201171875" lon="11.1275509558618068695068359375">
        <ele>389</ele>
        <time>2025-10-05T09:31:57.000Z</time>
        <extensions>
          <ns3:TrackPointExtension>
            <ns3:atemp>17.0</ns3:atemp>
            <ns3:hr>125</ns3:hr>
          </ns3:TrackPointExtension>
        </extensions>
      </trkpt>
      <trkpt lat="49.36671816743910312652587890625" lon="11.1275234632194042205810546875">
        <ele>389.399993896484375</ele>
        <time>2025-10-05T09:32:01.000Z</time>
        <extensions>
          <ns3:TrackPointExtension>
            <ns3:atemp>17.0</ns3:atemp>
            <ns3:hr>128</ns3:hr>
          </ns3:TrackPointExtension>
        </extensions>
      </trkpt>
      <trkpt lat="49.36672437004745006561279296875" lon="11.1275209486484527587890625">
        <ele>389.399993896484375</ele>
        <time>2025-10-05T09:32:02.000Z</time>
        <extensions>
          <ns3:TrackPointExtension>
            <ns3:atemp>17.0</ns3:atemp>
            <ns3:hr>129</ns3:hr>
          </ns3:TrackPointExtension>
        </extensions>
      </trkpt>
      <trkpt lat="49.366728477180004119873046875" lon="11.12750946544110774993896484375">
        <ele>389.399993896484375</ele>
        <time>2025-10-05T09:32:04.000Z</time>
        <extensions>
          <ns3:TrackPointExtension>
            <ns3:atemp>17.0</ns3:atemp>
            <ns3:hr>130</ns3:hr>
          </ns3:TrackPointExtension>
        </extensions>
      </trkpt>
      <trkpt lat="49.36674415133893489837646484375" lon="11.12748364917933940887451171875">
        <ele>389.399993896484375</ele>
        <time>2025-10-05T09:32:06.000Z</time>
        <extensions>
          <ns3:TrackPointExtension>
            <ns3:atemp>17.0</ns3:atemp>
            <ns3:hr>130</ns3:hr>
          </ns3:TrackPointExtension>
        </extensions>
      </trkpt>
      <trkpt lat="49.36675638891756534576416015625" lon="11.1274483613669872283935546875">
        <ele>389</ele>
        <time>2025-10-05T09:32:08.000Z</time>
        <extensions>
          <ns3:TrackPointExtension>
            <ns3:atemp>17.0</ns3:atemp>
            <ns3:hr>131</ns3:hr>
          </ns3:TrackPointExtension>
        </extensions>
      </trkpt>
      <trkpt lat="49.36681875027716159820556640625" lon="11.12739957869052886962890625">
        <ele>388</ele>
        <time>2025-10-05T09:32:13.000Z</time>
        <extensions>
          <ns3:TrackPointExtension>
            <ns3:atemp>17.0</ns3:atemp>
            <ns3:hr>132</ns3:hr>
          </ns3:TrackPointExtension>
        </extensions>
      </trkpt>
      <trkpt lat="49.36683735810220241546630859375" lon="11.127370409667491912841796875">
        <ele>387.79998779296875</ele>
        <time>2025-10-05T09:32:14.000Z</time>
        <extensions>
          <ns3:TrackPointExtension>
            <ns3:atemp>17.0</ns3:atemp>
            <ns3:hr>133</ns3:hr>
          </ns3:TrackPointExtension>
        </extensions>
      </trkpt>
      <trkpt lat="49.36687641777098178863525390625" lon="11.1273115687072277069091796875">
        <ele>387.600006103515625</ele>
        <time>2025-10-05T09:32:16.000Z</time>
        <extensions>
          <ns3:TrackPointExtension>
            <ns3:atemp>17.0</ns3:atemp>
            <ns3:hr>133</ns3:hr>
          </ns3:TrackPointExtension>
        </extensions>
      </trkpt>
      <trkpt lat="49.36693525873124599456787109375" lon="11.12720738165080547332763671875">
        <ele>387.600006103515625</ele>
        <time>2025-10-05T09:32:19.000Z</time>
        <extensions>
          <ns3:TrackPointExtension>
            <ns3:atemp>17.0</ns3:atemp>
            <ns3:hr>134</ns3:hr>
          </ns3:TrackPointExtension>
        </extensions>
      </trkpt>
      <trkpt lat="49.3669576384127140045166015625" lon="11.1271509714424610137939453125">
        <ele>387</ele>
        <time>2025-10-05T09:32:21.000Z</time>
        <extensions>
          <ns3:TrackPointExtension>
            <ns3:atemp>17.0</ns3:atemp>
            <ns3:hr>133</ns3:hr>
          </ns3:TrackPointExtension>
        </extensions>
      </trkpt>
      <trkpt lat="49.36702444218099117279052734375" lon="11.12703672610223293304443359375">
        <ele>385.79998779296875</ele>
        <time>2025-10-05T09:32:25.000Z</time>
        <extensions>
          <ns3:TrackPointExtension>
            <ns3:atemp>17.0</ns3:atemp>
            <ns3:hr>133</ns3:hr>
          </ns3:TrackPointExtension>
        </extensions>
      </trkpt>
      <trkpt lat="49.36705805361270904541015625" lon="11.12702004611492156982421875">
        <ele>385.600006103515625</ele>
        <time>2025-10-05T09:32:26.000Z</time>
        <extensions>
          <ns3:TrackPointExtension>
            <ns3:atemp>17.0</ns3:atemp>
            <ns3:hr>133</ns3:hr>
          </ns3:TrackPointExtension>
        </extensions>
      </trkpt>
      <trkpt lat="49.36709635891020298004150390625" lon="11.127058602869510650634765625">
        <ele>386.399993896484375</ele>
        <time>2025-10-05T09:32:31.000Z</time>
        <extensions>
          <ns3:TrackPointExtension>
            <ns3:atemp>17.0</ns3:atemp>
            <ns3:hr>132</ns3:hr>
          </ns3:TrackPointExtension>
        </extensions>
      </trkpt>
      <trkpt lat="49.3670944310724735260009765625" lon="11.12708400003612041473388671875">
        <ele>386.399993896484375</ele>
        <time>2025-10-05T09:32:34.000Z</time>
        <extensions>
          <ns3:TrackPointExtension>
            <ns3:atemp>17.0</ns3:atemp>
            <ns3:hr>131</ns3:hr>
          </ns3:TrackPointExtension>
        </extensions>
      </trkpt>
      <trkpt lat="49.3670935928821563720703125" lon="11.12707846798002719879150390625">
        <ele>386.399993896484375</ele>
        <time>2025-10-05T09:32:37.000Z</time>
        <extensions>
          <ns3:TrackPointExtension>
            <ns3:atemp>17.0</ns3:atemp>
            <ns3:hr>129</ns3:hr>
          </ns3:TrackPointExtension>
        </extensions>
      </trkpt>
      <trkpt lat="49.3671001307666301727294921875" lon="11.12708819098770618438720703125">
        <ele>386</ele>
        <time>2025-10-05T09:32:49.000Z</time>
        <extensions>
          <ns3:TrackPointExtension>
            <ns3:atemp>17.0</ns3:atemp>
            <ns3:hr>124</ns3:hr>
          </ns3:TrackPointExtension>
        </extensions>
      </trkpt>
      <trkpt lat="49.3671054951846599578857421875" lon="11.12708886153995990753173828125">
        <ele>386</ele>
        <time>2025-10-05T09:32:50.000Z</time>
        <extensions>
          <ns3:TrackPointExtension>
            <ns3:atemp>17.0</ns3:atemp>
            <ns3:hr>125</ns3:hr>
          </ns3:TrackPointExtension>
        </extensions>
      </trkpt>
      <trkpt lat="49.36713525094091892242431640625" lon="11.1270463652908802032470703125">
        <ele>385.600006103515625</ele>
        <time>2025-10-05T09:32:55.000Z</time>
        <extensions>
          <ns3:TrackPointExtension>
            <ns3:atemp>17.0</ns3:atemp>
            <ns3:hr>125</ns3:hr>
          </ns3:TrackPointExtension>
        </extensions>
      </trkpt>
      <trkpt lat="49.36712200753390789031982421875" lon="11.12699464894831180572509765625">
        <ele>385.20001220703125</ele>
        <time>2025-10-05T09:32:58.000Z</time>
        <extensions>
          <ns3:TrackPointExtension>
            <ns3:atemp>17.0</ns3:atemp>
            <ns3:hr>125</ns3:hr>
          </ns3:TrackPointExtension>
        </extensions>
      </trkpt>
      <trkpt lat="49.36713256873190402984619140625" lon="11.126928515732288360595703125">
        <ele>385</ele>
        <time>2025-10-05T09:33:01.000Z</time>
        <extensions>
          <ns3:TrackPointExtension>
            <ns3:atemp>17.0</ns3:atemp>
            <ns3:hr>124</ns3:hr>
          </ns3:TrackPointExtension>
        </extensions>
      </trkpt>
      <trkpt lat="49.3671541102230548858642578125" lon="11.1267640627920627593994140625">
        <ele>384.79998779296875</ele>
        <time>2025-10-05T09:33:06.000Z</time>
        <extensions>
          <ns3:TrackPointExtension>
            <ns3:atemp>17.0</ns3:atemp>
            <ns3:hr>127</ns3:hr>
          </ns3:TrackPointExtension>
        </extensions>
      </trkpt>
      <trkpt lat="49.3671633303165435791015625" lon="11.1267382465302944183349609375">
        <ele>384.79998779296875</ele>
        <time>2025-10-05T09:33:07.000Z</time>
        <extensions>
          <ns3:TrackPointExtension>
            <ns3:atemp>17.0</ns3:atemp>
            <ns3:hr>127</ns3:hr>
          </ns3:TrackPointExtension>
        </extensions>
      </trkpt>
      <trkpt lat="49.36716794036328792572021484375" lon="11.12671251408755779266357421875">
        <ele>384.79998779296875</ele>
        <time>2025-10-05T09:33:08.000Z</time>
        <extensions>
          <ns3:TrackPointExtension>
            <ns3:atemp>17.0</ns3:atemp>
            <ns3:hr>128</ns3:hr>
          </ns3:TrackPointExtension>
        </extensions>
      </trkpt>
      <trkpt lat="49.3671735562384128570556640625" lon="11.12669885158538818359375">
        <ele>384.600006103515625</ele>
        <time>2025-10-05T09:33:09.000Z</time>
        <extensions>
          <ns3:TrackPointExtension>
            <ns3:atemp>17.0</ns3:atemp>
            <ns3:hr>128</ns3:hr>
          </ns3:TrackPointExtension>
        </extensions>
      </trkpt>
      <trkpt lat="49.3671839497983455657958984375" lon="11.1266835965216159820556640625">
        <ele>384.20001220703125</ele>
        <time>2025-10-05T09:33:11.000Z</time>
        <extensions>
          <ns3:TrackPointExtension>
            <ns3:atemp>17.0</ns3:atemp>
            <ns3:hr>129</ns3:hr>
          </ns3:TrackPointExtension>
        </extensions>
      </trkpt>
      <trkpt lat="49.3672178126871585845947265625" lon="11.12663724459707736968994140625">
        <ele>383.79998779296875</ele>
        <time>2025-10-05T09:33:14.000Z</time>
        <extensions>
          <ns3:TrackPointExtension>
            <ns3:atemp>17.0</ns3:atemp>
            <ns3:hr>129</ns3:hr>
          </ns3:TrackPointExtension>
        </extensions>
      </trkpt>
      <trkpt lat="49.367235414683818817138671875" lon="11.1265582032501697540283203125">
        <ele>383.20001220703125</ele>
        <time>2025-10-05T09:33:17.000Z</time>
        <extensions>
          <ns3:TrackPointExtension>
            <ns3:atemp>17.0</ns3:atemp>
            <ns3:hr>129</ns3:hr>
          </ns3:TrackPointExtension>
        </extensions>
      </trkpt>
      <trkpt lat="49.36725494451820850372314453125" lon="11.1264988593757152557373046875">
        <ele>382.399993896484375</ele>
        <time>2025-10-05T09:33:19.000Z</time>
        <extensions>
          <ns3:TrackPointExtension>
            <ns3:atemp>17.0</ns3:atemp>
            <ns3:hr>130</ns3:hr>
          </ns3:TrackPointExtension>
        </extensions>
      </trkpt>
      <trkpt lat="49.36727958731353282928466796875" lon="11.12640271894633769989013671875">
        <ele>381.399993896484375</ele>
        <time>2025-10-05T09:33:23.000Z</time>
        <extensions>
          <ns3:TrackPointExtension>
            <ns3:atemp>17.0</ns3:atemp>
            <ns3:hr>130</ns3:hr>
          </ns3:TrackPointExtension>
        </extensions>
      </trkpt>
      <trkpt lat="49.36728780157864093780517578125" lon="11.12638427875936031341552734375">
        <ele>381.399993896484375</ele>
        <time>2025-10-05T09:33:24.000Z</time>
        <extensions>
          <ns3:TrackPointExtension>
            <ns3:atemp>17.0</ns3:atemp>
            <ns3:hr>129</ns3:hr>
          </ns3:TrackPointExtension>
        </extensions>
      </trkpt>
      <trkpt lat="49.36731529422104358673095703125" lon="11.12623952329158782958984375">
        <ele>381</ele>
        <time>2025-10-05T09:33:29.000Z</time>
        <extensions>
          <ns3:TrackPointExtension>
            <ns3:atemp>17.0</ns3:atemp>
            <ns3:hr>126</ns3:hr>
          </ns3:TrackPointExtension>
        </extensions>
      </trkpt>
      <trkpt lat="49.36731780879199504852294921875" lon="11.12619283609092235565185546875">
        <ele>380.79998779296875</ele>
        <time>2025-10-05T09:33:30.000Z</time>
        <extensions>
          <ns3:TrackPointExtension>
            <ns3:atemp>17.0</ns3:atemp>
            <ns3:hr>127</ns3:hr>
          </ns3:TrackPointExtension>
        </extensions>
      </trkpt>
      <trkpt lat="49.36732350848615169525146484375" lon="11.1260537803173065185546875">
        <ele>380.20001220703125</ele>
        <time>2025-10-05T09:33:34.000Z</time>
        <extensions>
          <ns3:TrackPointExtension>
            <ns3:atemp>17.0</ns3:atemp>
            <ns3:hr>128</ns3:hr>
          </ns3:TrackPointExtension>
        </extensions>
      </trkpt>
      <trkpt lat="49.36733968555927276611328125" lon="11.12594573758542537689208984375">
        <ele>379.600006103515625</ele>
        <time>2025-10-05T09:33:37.000Z</time>
        <extensions>
          <ns3:TrackPointExtension>
            <ns3:atemp>17.0</ns3:atemp>
            <ns3:hr>127</ns3:hr>
          </ns3:TrackPointExtension>
        </extensions>
      </trkpt>
      <trkpt lat="49.36736189760267734527587890625" lon="11.1258973740041255950927734375">
        <ele>379.20001220703125</ele>
        <time>2025-10-05T09:33:39.000Z</time>
        <extensions>
          <ns3:TrackPointExtension>
            <ns3:atemp>17.0</ns3:atemp>
            <ns3:hr>127</ns3:hr>
          </ns3:TrackPointExtension>
        </extensions>
      </trkpt>
      <trkpt lat="49.36739341355860233306884765625" lon="11.12579402513802051544189453125">
        <ele>378.20001220703125</ele>
        <time>2025-10-05T09:33:42.000Z</time>
        <extensions>
          <ns3:TrackPointExtension>
            <ns3:atemp>17.0</ns3:atemp>
            <ns3:hr>130</ns3:hr>
          </ns3:TrackPointExtension>
        </extensions>
      </trkpt>
      <trkpt lat="49.36740246601402759552001953125" lon="11.1257619224488735198974609375">
        <ele>378</ele>
        <time>2025-10-05T09:33:43.000Z</time>
        <extensions>
          <ns3:TrackPointExtension>
            <ns3:atemp>17.0</ns3:atemp>
            <ns3:hr>131</ns3:hr>
          </ns3:TrackPointExtension>
        </extensions>
      </trkpt>
      <trkpt lat="49.36742015182971954345703125" lon="11.1256636865437030792236328125">
        <ele>377.600006103515625</ele>
        <time>2025-10-05T09:33:46.000Z</time>
        <extensions>
          <ns3:TrackPointExtension>
            <ns3:atemp>17.0</ns3:atemp>
            <ns3:hr>133</ns3:hr>
          </ns3:TrackPointExtension>
        </extensions>
      </trkpt>
      <trkpt lat="49.36748377047479152679443359375" lon="11.125449948012828826904296875">
        <ele>377.600006103515625</ele>
        <time>2025-10-05T09:33:53.000Z</time>
        <extensions>
          <ns3:TrackPointExtension>
            <ns3:atemp>17.0</ns3:atemp>
            <ns3:hr>134</ns3:hr>
          </ns3:TrackPointExtension>
        </extensions>
      </trkpt>
      <trkpt lat="49.367503635585308074951171875" lon="11.1252496205270290374755859375">
        <ele>377</ele>
        <time>2025-10-05T09:33:59.000Z</time>
        <extensions>
          <ns3:TrackPointExtension>
            <ns3:atemp>17.0</ns3:atemp>
            <ns3:hr>133</ns3:hr>
          </ns3:TrackPointExtension>
        </extensions>
      </trkpt>
      <trkpt lat="49.36750321649014949798583984375" lon="11.1252167634665966033935546875">
        <ele>377</ele>
        <time>2025-10-05T09:34:00.000Z</time>
        <extensions>
          <ns3:TrackPointExtension>
            <ns3:atemp>17.0</ns3:atemp>
            <ns3:hr>131</ns3:hr>
          </ns3:TrackPointExtension>
        </extensions>
      </trkpt>
      <trkpt lat="49.3675329722464084625244140625" lon="11.12504820339381694793701171875">
        <ele>375.600006103515625</ele>
        <time>2025-10-05T09:34:05.000Z</time>
        <extensions>
          <ns3:TrackPointExtension>
            <ns3:atemp>17.0</ns3:atemp>
            <ns3:hr>132</ns3:hr>
          </ns3:TrackPointExtension>
        </extensions>
      </trkpt>
      <trkpt lat="49.36757680959999561309814453125" lon="11.12490017898380756378173828125">
        <ele>375</ele>
        <time>2025-10-05T09:34:09.000Z</time>
        <extensions>
          <ns3:TrackPointExtension>
            <ns3:atemp>17.0</ns3:atemp>
            <ns3:hr>133</ns3:hr>
          </ns3:TrackPointExtension>
        </extensions>
      </trkpt>
      <trkpt lat="49.36767957173287868499755859375" lon="11.124813593924045562744140625">
        <ele>375.20001220703125</ele>
        <time>2025-10-05T09:34:15.000Z</time>
        <extensions>
          <ns3:TrackPointExtension>
            <ns3:atemp>17.0</ns3:atemp>
            <ns3:hr>132</ns3:hr>
          </ns3:TrackPointExtension>
        </extensions>
      </trkpt>
      <trkpt lat="49.36773204244673252105712890625" lon="11.12467755563557147979736328125">
        <ele>375.600006103515625</ele>
        <time>2025-10-05T09:34:20.000Z</time>
        <extensions>
          <ns3:TrackPointExtension>
            <ns3:atemp>17.0</ns3:atemp>
            <ns3:hr>132</ns3:hr>
          </ns3:TrackPointExtension>
        </extensions>
      </trkpt>
      <trkpt lat="49.3678285181522369384765625" lon="11.124482341110706329345703125">
        <ele>375.20001220703125</ele>
        <time>2025-10-05T09:34:27.000Z</time>
        <extensions>
          <ns3:TrackPointExtension>
            <ns3:atemp>17.0</ns3:atemp>
            <ns3:hr>131</ns3:hr>
          </ns3:TrackPointExtension>
        </extensions>
      </trkpt>
      <trkpt lat="49.367966316640377044677734375" lon="11.1243849433958530426025390625">
        <ele>375.399993896484375</ele>
        <time>2025-10-05T09:34:33.000Z</time>
        <extensions>
          <ns3:TrackPointExtension>
            <ns3:atemp>17.0</ns3:atemp>
            <ns3:hr>130</ns3:hr>
          </ns3:TrackPointExtension>
        </extensions>
      </trkpt>
      <trkpt lat="49.36803764663636684417724609375" lon="11.12426617182791233062744140625">
        <ele>375.399993896484375</ele>
        <time>2025-10-05T09:34:39.000Z</time>
        <extensions>
          <ns3:TrackPointExtension>
            <ns3:atemp>17.0</ns3:atemp>
            <ns3:hr>131</ns3:hr>
          </ns3:TrackPointExtension>
        </extensions>
      </trkpt>
      <trkpt lat="49.36803546734154224395751953125" lon="11.12423834390938282012939453125">
        <ele>375.20001220703125</ele>
        <time>2025-10-05T09:34:40.000Z</time>
        <extensions>
          <ns3:TrackPointExtension>
            <ns3:atemp>17.0</ns3:atemp>
            <ns3:hr>129</ns3:hr>
          </ns3:TrackPointExtension>
        </extensions>
      </trkpt>
      <trkpt lat="49.367964975535869598388671875" lon="11.12412937916815280914306640625">
        <ele>375.20001220703125</ele>
        <time>2025-10-05T09:34:47.000Z</time>
        <extensions>
          <ns3:TrackPointExtension>
            <ns3:atemp>17.0</ns3:atemp>
            <ns3:hr>131</ns3:hr>
          </ns3:TrackPointExtension>
        </extensions>
      </trkpt>
      <trkpt lat="49.36796975322067737579345703125" lon="11.12408210523426532745361328125">
        <ele>375.399993896484375</ele>
        <time>2025-10-05T09:34:50.000Z</time>
        <extensions>
          <ns3:TrackPointExtension>
            <ns3:atemp>17.0</ns3:atemp>
            <ns3:hr>132</ns3:hr>
          </ns3:TrackPointExtension>
        </extensions>
      </trkpt>
      <trkpt lat="49.3679859302937984466552734375" lon="11.12403701059520244598388671875">
        <ele>376.20001220703125</ele>
        <time>2025-10-05T09:34:52.000Z</time>
        <extensions>
          <ns3:TrackPointExtension>
            <ns3:atemp>17.0</ns3:atemp>
            <ns3:hr>130</ns3:hr>
          </ns3:TrackPointExtension>
        </extensions>
      </trkpt>
      <trkpt lat="49.36798970215022563934326171875" lon="11.12401421181857585906982421875">
        <ele>376.399993896484375</ele>
        <time>2025-10-05T09:34:53.000Z</time>
        <extensions>
          <ns3:TrackPointExtension>
            <ns3:atemp>17.0</ns3:atemp>
            <ns3:hr>131</ns3:hr>
          </ns3:TrackPointExtension>
        </extensions>
      </trkpt>
      <trkpt lat="49.36799825169146060943603515625" lon="11.12397448159754276275634765625">
        <ele>377</ele>
        <time>2025-10-05T09:34:54.000Z</time>
        <extensions>
          <ns3:TrackPointExtension>
            <ns3:atemp>17.0</ns3:atemp>
            <ns3:hr>130</ns3:hr>
          </ns3:TrackPointExtension>
        </extensions>
      </trkpt>
      <trkpt lat="49.368078969419002532958984375" lon="11.12379929982125759124755859375">
        <ele>377.600006103515625</ele>
        <time>2025-10-05T09:34:59.000Z</time>
        <extensions>
          <ns3:TrackPointExtension>
            <ns3:atemp>17.0</ns3:atemp>
            <ns3:hr>130</ns3:hr>
          </ns3:TrackPointExtension>
        </extensions>
      </trkpt>
      <trkpt lat="49.36809699051082134246826171875" lon="11.1237596534192562103271484375">
        <ele>377.600006103515625</ele>
        <time>2025-10-05T09:35:00.000Z</time>
        <extensions>
          <ns3:TrackPointExtension>
            <ns3:atemp>17.0</ns3:atemp>
            <ns3:hr>133</ns3:hr>
          </ns3:TrackPointExtension>
        </extensions>
      </trkpt>
      <trkpt lat="49.36816982924938201904296875" lon="11.12363065592944622039794921875">
        <ele>378</ele>
        <time>2025-10-05T09:35:04.000Z</time>
        <extensions>
          <ns3:TrackPointExtension>
            <ns3:atemp>17.0</ns3:atemp>
            <ns3:hr>133</ns3:hr>
          </ns3:TrackPointExtension>
        </extensions>
      </trkpt>
      <trkpt lat="49.368247948586940765380859375" lon="11.12349537201225757598876953125">
        <ele>378.399993896484375</ele>
        <time>2025-10-05T09:35:08.000Z</time>
        <extensions>
          <ns3:TrackPointExtension>
            <ns3:atemp>17.0</ns3:atemp>
            <ns3:hr>134</ns3:hr>
          </ns3:TrackPointExtension>
        </extensions>
      </trkpt>
      <trkpt lat="49.36837971210479736328125" lon="11.12322681583464145660400390625">
        <ele>377.79998779296875</ele>
        <time>2025-10-05T09:35:16.000Z</time>
        <extensions>
          <ns3:TrackPointExtension>
            <ns3:atemp>17.0</ns3:atemp>
            <ns3:hr>129</ns3:hr>
          </ns3:TrackPointExtension>
        </extensions>
      </trkpt>
      <trkpt lat="49.368396811187267303466796875" lon="11.123199574649333953857421875">
        <ele>377.399993896484375</ele>
        <time>2025-10-05T09:35:17.000Z</time>
        <extensions>
          <ns3:TrackPointExtension>
            <ns3:atemp>17.0</ns3:atemp>
            <ns3:hr>129</ns3:hr>
          </ns3:TrackPointExtension>
        </extensions>
      </trkpt>
      <trkpt lat="49.36842002905905246734619140625" lon="11.12318138591945171356201171875">
        <ele>377.399993896484375</ele>
        <time>2025-10-05T09:35:18.000Z</time>
        <extensions>
          <ns3:TrackPointExtension>
            <ns3:atemp>17.0</ns3:atemp>
            <ns3:hr>127</ns3:hr>
          </ns3:TrackPointExtension>
        </extensions>
      </trkpt>
      <trkpt lat="49.368486665189266204833984375" lon="11.123189516365528106689453125">
        <ele>377</ele>
        <time>2025-10-05T09:35:21.000Z</time>
        <extensions>
          <ns3:TrackPointExtension>
            <ns3:atemp>17.0</ns3:atemp>
            <ns3:hr>127</ns3:hr>
          </ns3:TrackPointExtension>
        </extensions>
      </trkpt>
      <trkpt lat="49.3685072846710681915283203125" lon="11.12320753745734691619873046875">
        <ele>376.79998779296875</ele>
        <time>2025-10-05T09:35:22.000Z</time>
        <extensions>
          <ns3:TrackPointExtension>
            <ns3:atemp>17.0</ns3:atemp>
            <ns3:hr>127</ns3:hr>
          </ns3:TrackPointExtension>
        </extensions>
      </trkpt>
      <trkpt lat="49.36868959106504917144775390625" lon="11.12334801815450191497802734375">
        <ele>376.600006103515625</ele>
        <time>2025-10-05T09:35:29.000Z</time>
        <extensions>
          <ns3:TrackPointExtension>
            <ns3:atemp>17.0</ns3:atemp>
            <ns3:hr>131</ns3:hr>
          </ns3:TrackPointExtension>
        </extensions>
      </trkpt>
      <trkpt lat="49.36876150779426097869873046875" lon="11.12339914776384830474853515625">
        <ele>376.399993896484375</ele>
        <time>2025-10-05T09:35:32.000Z</time>
        <extensions>
          <ns3:TrackPointExtension>
            <ns3:atemp>17.0</ns3:atemp>
            <ns3:hr>131</ns3:hr>
          </ns3:TrackPointExtension>
        </extensions>
      </trkpt>
      <trkpt lat="49.36883367598056793212890625" lon="11.12343116663396358489990234375">
        <ele>375.79998779296875</ele>
        <time>2025-10-05T09:35:35.000Z</time>
        <extensions>
          <ns3:TrackPointExtension>
            <ns3:atemp>17.0</ns3:atemp>
            <ns3:hr>131</ns3:hr>
          </ns3:TrackPointExtension>
        </extensions>
      </trkpt>
      <trkpt lat="49.36894691549241542816162109375" lon="11.12351247109472751617431640625">
        <ele>375</ele>
        <time>2025-10-05T09:35:40.000Z</time>
        <extensions>
          <ns3:TrackPointExtension>
            <ns3:atemp>17.0</ns3:atemp>
            <ns3:hr>132</ns3:hr>
          </ns3:TrackPointExtension>
        </extensions>
      </trkpt>
      <trkpt lat="49.36896736733615398406982421875" lon="11.1235269717872142791748046875">
        <ele>374.79998779296875</ele>
        <time>2025-10-05T09:35:41.000Z</time>
        <extensions>
          <ns3:TrackPointExtension>
            <ns3:atemp>17.0</ns3:atemp>
            <ns3:hr>134</ns3:hr>
          </ns3:TrackPointExtension>
        </extensions>
      </trkpt>
      <trkpt lat="49.36907633207738399505615234375" lon="11.1235953681170940399169921875">
        <ele>373.79998779296875</ele>
        <time>2025-10-05T09:35:46.000Z</time>
        <extensions>
          <ns3:TrackPointExtension>
            <ns3:atemp>17.0</ns3:atemp>
            <ns3:hr>132</ns3:hr>
          </ns3:TrackPointExtension>
        </extensions>
      </trkpt>
      <trkpt lat="49.3691560439765453338623046875" lon="11.12363384105265140533447265625">
        <ele>372.79998779296875</ele>
        <time>2025-10-05T09:35:49.000Z</time>
        <extensions>
          <ns3:TrackPointExtension>
            <ns3:atemp>17.0</ns3:atemp>
            <ns3:hr>132</ns3:hr>
          </ns3:TrackPointExtension>
        </extensions>
      </trkpt>
      <trkpt lat="49.36917674727737903594970703125" lon="11.123655550181865692138671875">
        <ele>372.600006103515625</ele>
        <time>2025-10-05T09:35:50.000Z</time>
        <extensions>
          <ns3:TrackPointExtension>
            <ns3:atemp>17.0</ns3:atemp>
            <ns3:hr>133</ns3:hr>
          </ns3:TrackPointExtension>
        </extensions>
      </trkpt>
      <trkpt lat="49.36929157935082912445068359375" lon="11.12372067756950855255126953125">
        <ele>371.600006103515625</ele>
        <time>2025-10-05T09:35:54.000Z</time>
        <extensions>
          <ns3:TrackPointExtension>
            <ns3:atemp>17.0</ns3:atemp>
            <ns3:hr>132</ns3:hr>
          </ns3:TrackPointExtension>
        </extensions>
      </trkpt>
      <trkpt lat="49.36932586133480072021484375" lon="11.12373559735715389251708984375">
        <ele>371.399993896484375</ele>
        <time>2025-10-05T09:35:55.000Z</time>
        <extensions>
          <ns3:TrackPointExtension>
            <ns3:atemp>17.0</ns3:atemp>
            <ns3:hr>132</ns3:hr>
          </ns3:TrackPointExtension>
        </extensions>
      </trkpt>
      <trkpt lat="49.36944848857820034027099609375" lon="11.12382913939654827117919921875">
        <ele>370.399993896484375</ele>
        <time>2025-10-05T09:36:00.000Z</time>
        <extensions>
          <ns3:TrackPointExtension>
            <ns3:atemp>17.0</ns3:atemp>
            <ns3:hr>132</ns3:hr>
          </ns3:TrackPointExtension>
        </extensions>
      </trkpt>
      <trkpt lat="49.36950582079589366912841796875" lon="11.12385411746799945831298828125">
        <ele>370.20001220703125</ele>
        <time>2025-10-05T09:36:02.000Z</time>
        <extensions>
          <ns3:TrackPointExtension>
            <ns3:atemp>17.0</ns3:atemp>
            <ns3:hr>132</ns3:hr>
          </ns3:TrackPointExtension>
        </extensions>
      </trkpt>
      <trkpt lat="49.369581677019596099853515625" lon="11.12391480244696140289306640625">
        <ele>369.399993896484375</ele>
        <time>2025-10-05T09:36:05.000Z</time>
        <extensions>
          <ns3:TrackPointExtension>
            <ns3:atemp>17.0</ns3:atemp>
            <ns3:hr>132</ns3:hr>
          </ns3:TrackPointExtension>
        </extensions>
      </trkpt>
      <trkpt lat="49.369677565991878509521484375" lon="11.12398604862391948699951171875">
        <ele>368.399993896484375</ele>
        <time>2025-10-05T09:36:09.000Z</time>
        <extensions>
          <ns3:TrackPointExtension>
            <ns3:atemp>17.0</ns3:atemp>
            <ns3:hr>132</ns3:hr>
          </ns3:TrackPointExtension>
        </extensions>
      </trkpt>
      <trkpt lat="49.36970380134880542755126953125" lon="11.12400926649570465087890625">
        <ele>368.20001220703125</ele>
        <time>2025-10-05T09:36:10.000Z</time>
        <extensions>
          <ns3:TrackPointExtension>
            <ns3:atemp>17.0</ns3:atemp>
            <ns3:hr>132</ns3:hr>
          </ns3:TrackPointExtension>
        </extensions>
      </trkpt>
      <trkpt lat="49.36984218657016754150390625" lon="11.12409107387065887451171875">
        <ele>367</ele>
        <time>2025-10-05T09:36:15.000Z</time>
        <extensions>
          <ns3:TrackPointExtension>
            <ns3:atemp>17.0</ns3:atemp>
            <ns3:hr>134</ns3:hr>
          </ns3:TrackPointExtension>
        </extensions>
      </trkpt>
      <trkpt lat="49.36990194953978061676025390625" lon="11.12410859204828739166259765625">
        <ele>366.600006103515625</ele>
        <time>2025-10-05T09:36:17.000Z</time>
        <extensions>
          <ns3:TrackPointExtension>
            <ns3:atemp>17.0</ns3:atemp>
            <ns3:hr>134</ns3:hr>
          </ns3:TrackPointExtension>
        </extensions>
      </trkpt>
      <trkpt lat="49.37006120570003986358642578125" lon="11.12415066920220851898193359375">
        <ele>366</ele>
        <time>2025-10-05T09:36:22.000Z</time>
        <extensions>
          <ns3:TrackPointExtension>
            <ns3:atemp>17.0</ns3:atemp>
            <ns3:hr>135</ns3:hr>
          </ns3:TrackPointExtension>
        </extensions>
      </trkpt>
      <trkpt lat="49.37017084099352359771728515625" lon="11.124158464372158050537109375">
        <ele>365.600006103515625</ele>
        <time>2025-10-05T09:36:25.000Z</time>
        <extensions>
          <ns3:TrackPointExtension>
            <ns3:atemp>17.0</ns3:atemp>
            <ns3:hr>133</ns3:hr>
          </ns3:TrackPointExtension>
        </extensions>
      </trkpt>
      <trkpt lat="49.37026807107031345367431640625" lon="11.1241790838539600372314453125">
        <ele>364.79998779296875</ele>
        <time>2025-10-05T09:36:29.000Z</time>
        <extensions>
          <ns3:TrackPointExtension>
            <ns3:atemp>17.0</ns3:atemp>
            <ns3:hr>134</ns3:hr>
          </ns3:TrackPointExtension>
        </extensions>
      </trkpt>
      <trkpt lat="49.3704230524599552154541015625" lon="11.124196350574493408203125">
        <ele>364</ele>
        <time>2025-10-05T09:36:34.000Z</time>
        <extensions>
          <ns3:TrackPointExtension>
            <ns3:atemp>17.0</ns3:atemp>
            <ns3:hr>135</ns3:hr>
          </ns3:TrackPointExtension>
        </extensions>
      </trkpt>
      <trkpt lat="49.370474852621555328369140625" lon="11.124185957014560699462890625">
        <ele>363.600006103515625</ele>
        <time>2025-10-05T09:36:36.000Z</time>
        <extensions>
          <ns3:TrackPointExtension>
            <ns3:atemp>17.0</ns3:atemp>
            <ns3:hr>134</ns3:hr>
          </ns3:TrackPointExtension>
        </extensions>
      </trkpt>
      <trkpt lat="49.3705910257995128631591796875" lon="11.12418285571038722991943359375">
        <ele>363</ele>
        <time>2025-10-05T09:36:40.000Z</time>
        <extensions>
          <ns3:TrackPointExtension>
            <ns3:atemp>17.0</ns3:atemp>
            <ns3:hr>135</ns3:hr>
          </ns3:TrackPointExtension>
        </extensions>
      </trkpt>
      <trkpt lat="49.3706595897674560546875" lon="11.12422610633075237274169921875">
        <ele>362.600006103515625</ele>
        <time>2025-10-05T09:36:43.000Z</time>
        <extensions>
          <ns3:TrackPointExtension>
            <ns3:atemp>17.0</ns3:atemp>
            <ns3:hr>133</ns3:hr>
          </ns3:TrackPointExtension>
        </extensions>
      </trkpt>
      <trkpt lat="49.3707023374736309051513671875" lon="11.124204732477664947509765625">
        <ele>362.399993896484375</ele>
        <time>2025-10-05T09:36:45.000Z</time>
        <extensions>
          <ns3:TrackPointExtension>
            <ns3:atemp>17.0</ns3:atemp>
            <ns3:hr>134</ns3:hr>
          </ns3:TrackPointExtension>
        </extensions>
      </trkpt>
      <trkpt lat="49.37087710015475749969482421875" lon="11.12419257871806621551513671875">
        <ele>361.600006103515625</ele>
        <time>2025-10-05T09:36:51.000Z</time>
        <extensions>
          <ns3:TrackPointExtension>
            <ns3:atemp>17.0</ns3:atemp>
            <ns3:hr>132</ns3:hr>
          </ns3:TrackPointExtension>
        </extensions>
      </trkpt>
      <trkpt lat="49.37096142210066318511962890625" lon="11.12416374497115612030029296875">
        <ele>361.20001220703125</ele>
        <time>2025-10-05T09:36:54.000Z</time>
        <extensions>
          <ns3:TrackPointExtension>
            <ns3:atemp>17.0</ns3:atemp>
            <ns3:hr>133</ns3:hr>
          </ns3:TrackPointExtension>
        </extensions>
      </trkpt>
      <trkpt lat="49.37120617367327213287353515625" lon="11.124174557626247406005859375">
        <ele>360.600006103515625</ele>
        <time>2025-10-05T09:37:02.000Z</time>
        <extensions>
          <ns3:TrackPointExtension>
            <ns3:atemp>17.0</ns3:atemp>
            <ns3:hr>132</ns3:hr>
          </ns3:TrackPointExtension>
        </extensions>
      </trkpt>
      <trkpt lat="49.3712337501347064971923828125" lon="11.124155782163143157958984375">
        <ele>360.600006103515625</ele>
        <time>2025-10-05T09:37:03.000Z</time>
        <extensions>
          <ns3:TrackPointExtension>
            <ns3:atemp>17.0</ns3:atemp>
            <ns3:hr>134</ns3:hr>
          </ns3:TrackPointExtension>
        </extensions>
      </trkpt>
      <trkpt lat="49.37143768183887004852294921875" lon="11.12415771000087261199951171875">
        <ele>359.79998779296875</ele>
        <time>2025-10-05T09:37:10.000Z</time>
        <extensions>
          <ns3:TrackPointExtension>
            <ns3:atemp>17.0</ns3:atemp>
            <ns3:hr>133</ns3:hr>
          </ns3:TrackPointExtension>
        </extensions>
      </trkpt>
      <trkpt lat="49.37151496298611164093017578125" lon="11.12415603362023830413818359375">
        <ele>359.79998779296875</ele>
        <time>2025-10-05T09:37:13.000Z</time>
        <extensions>
          <ns3:TrackPointExtension>
            <ns3:atemp>17.0</ns3:atemp>
            <ns3:hr>135</ns3:hr>
          </ns3:TrackPointExtension>
        </extensions>
      </trkpt>
      <trkpt lat="49.37159861437976360321044921875" lon="11.12417866475880146026611328125">
        <ele>359.399993896484375</ele>
        <time>2025-10-05T09:37:16.000Z</time>
        <extensions>
          <ns3:TrackPointExtension>
            <ns3:atemp>17.0</ns3:atemp>
            <ns3:hr>135</ns3:hr>
          </ns3:TrackPointExtension>
        </extensions>
      </trkpt>
      <trkpt lat="49.37164639122784137725830078125" lon="11.1241740547120571136474609375">
        <ele>359.20001220703125</ele>
        <time>2025-10-05T09:37:18.000Z</time>
        <extensions>
          <ns3:TrackPointExtension>
            <ns3:atemp>17.0</ns3:atemp>
            <ns3:hr>136</ns3:hr>
          </ns3:TrackPointExtension>
        </extensions>
      </trkpt>
      <trkpt lat="49.3718164600431919097900390625" lon="11.1241576261818408966064453125">
        <ele>358.399993896484375</ele>
        <time>2025-10-05T09:37:24.000Z</time>
        <extensions>
          <ns3:TrackPointExtension>
            <ns3:atemp>17.0</ns3:atemp>
            <ns3:hr>137</ns3:hr>
          </ns3:TrackPointExtension>
        </extensions>
      </trkpt>
      <trkpt lat="49.37191880308091640472412109375" lon="11.12416475079953670501708984375">
        <ele>358.20001220703125</ele>
        <time>2025-10-05T09:37:27.000Z</time>
        <extensions>
          <ns3:TrackPointExtension>
            <ns3:atemp>17.0</ns3:atemp>
            <ns3:hr>136</ns3:hr>
          </ns3:TrackPointExtension>
        </extensions>
      </trkpt>
      <trkpt lat="49.372149892151355743408203125" lon="11.12417028285562992095947265625">
        <ele>357.600006103515625</ele>
        <time>2025-10-05T09:37:35.000Z</time>
        <extensions>
          <ns3:TrackPointExtension>
            <ns3:atemp>17.0</ns3:atemp>
            <ns3:hr>136</ns3:hr>
          </ns3:TrackPointExtension>
        </extensions>
      </trkpt>
      <trkpt lat="49.37236639671027660369873046875" lon="11.12417648546397686004638671875">
        <ele>357.20001220703125</ele>
        <time>2025-10-05T09:37:44.000Z</time>
        <extensions>
          <ns3:TrackPointExtension>
            <ns3:atemp>17.0</ns3:atemp>
            <ns3:hr>138</ns3:hr>
          </ns3:TrackPointExtension>
        </extensions>
      </trkpt>
      <trkpt lat="49.37242674641311168670654296875" lon="11.124149747192859649658203125">
        <ele>357</ele>
        <time>2025-10-05T09:37:46.000Z</time>
        <extensions>
          <ns3:TrackPointExtension>
            <ns3:atemp>17.0</ns3:atemp>
            <ns3:hr>138</ns3:hr>
          </ns3:TrackPointExtension>
        </extensions>
      </trkpt>
      <trkpt lat="49.372570328414440155029296875" lon="11.1241264455020427703857421875">
        <ele>357.20001220703125</ele>
        <time>2025-10-05T09:37:53.000Z</time>
        <extensions>
          <ns3:TrackPointExtension>
            <ns3:atemp>17.0</ns3:atemp>
            <ns3:hr>138</ns3:hr>
          </ns3:TrackPointExtension>
        </extensions>
      </trkpt>
      <trkpt lat="49.3727377988398075103759765625" lon="11.12414530478417873382568359375">
        <ele>357.600006103515625</ele>
        <time>2025-10-05T09:37:59.000Z</time>
        <extensions>
          <ns3:TrackPointExtension>
            <ns3:atemp>17.0</ns3:atemp>
            <ns3:hr>139</ns3:hr>
          </ns3:TrackPointExtension>
        </extensions>
      </trkpt>
      <trkpt lat="49.37293837778270244598388671875" lon="11.12416215240955352783203125">
        <ele>357.600006103515625</ele>
        <time>2025-10-05T09:38:06.000Z</time>
        <extensions>
          <ns3:TrackPointExtension>
            <ns3:atemp>17.0</ns3:atemp>
            <ns3:hr>140</ns3:hr>
          </ns3:TrackPointExtension>
        </extensions>
      </trkpt>
      <trkpt lat="49.37296352349221706390380859375" lon="11.124155111610889434814453125">
        <ele>357.399993896484375</ele>
        <time>2025-10-05T09:38:07.000Z</time>
        <extensions>
          <ns3:TrackPointExtension>
            <ns3:atemp>17.0</ns3:atemp>
            <ns3:hr>137</ns3:hr>
          </ns3:TrackPointExtension>
        </extensions>
      </trkpt>
      <trkpt lat="49.372993446886539459228515625" lon="11.12415670417249202728271484375">
        <ele>357.399993896484375</ele>
        <time>2025-10-05T09:38:08.000Z</time>
        <extensions>
          <ns3:TrackPointExtension>
            <ns3:atemp>17.0</ns3:atemp>
            <ns3:hr>140</ns3:hr>
          </ns3:TrackPointExtension>
        </extensions>
      </trkpt>
      <trkpt lat="49.373200647532939910888671875" lon="11.12413792870938777923583984375">
        <ele>357</ele>
        <time>2025-10-05T09:38:15.000Z</time>
        <extensions>
          <ns3:TrackPointExtension>
            <ns3:atemp>17.0</ns3:atemp>
            <ns3:hr>140</ns3:hr>
          </ns3:TrackPointExtension>
        </extensions>
      </trkpt>
      <trkpt lat="49.37339435331523418426513671875" lon="11.124208755791187286376953125">
        <ele>357.399993896484375</ele>
        <time>2025-10-05T09:38:22.000Z</time>
        <extensions>
          <ns3:TrackPointExtension>
            <ns3:atemp>17.0</ns3:atemp>
            <ns3:hr>142</ns3:hr>
          </ns3:TrackPointExtension>
        </extensions>
      </trkpt>
      <trkpt lat="49.3736232630908489227294921875" lon="11.12418017350137233734130859375">
        <ele>357.399993896484375</ele>
        <time>2025-10-05T09:38:31.000Z</time>
        <extensions>
          <ns3:TrackPointExtension>
            <ns3:atemp>17.0</ns3:atemp>
            <ns3:hr>144</ns3:hr>
          </ns3:TrackPointExtension>
        </extensions>
      </trkpt>
      <trkpt lat="49.37376357614994049072265625" lon="11.12413189373910427093505859375">
        <ele>357.600006103515625</ele>
        <time>2025-10-05T09:38:37.000Z</time>
        <extensions>
          <ns3:TrackPointExtension>
            <ns3:atemp>17.0</ns3:atemp>
            <ns3:hr>145</ns3:hr>
          </ns3:TrackPointExtension>
        </extensions>
      </trkpt>
      <trkpt lat="49.3737818486988544464111328125" lon="11.12412602640688419342041015625">
        <ele>357.600006103515625</ele>
        <time>2025-10-05T09:38:38.000Z</time>
        <extensions>
          <ns3:TrackPointExtension>
            <ns3:atemp>17.0</ns3:atemp>
            <ns3:hr>145</ns3:hr>
          </ns3:TrackPointExtension>
        </extensions>
      </trkpt>
      <trkpt lat="49.37394269742071628570556640625" lon="11.12413801252841949462890625">
        <ele>357.79998779296875</ele>
        <time>2025-10-05T09:38:45.000Z</time>
        <extensions>
          <ns3:TrackPointExtension>
            <ns3:atemp>17.0</ns3:atemp>
            <ns3:hr>146</ns3:hr>
          </ns3:TrackPointExtension>
        </extensions>
      </trkpt>
      <trkpt lat="49.37409256584942340850830078125" lon="11.12412602640688419342041015625">
        <ele>357.79998779296875</ele>
        <time>2025-10-05T09:38:50.000Z</time>
        <extensions>
          <ns3:TrackPointExtension>
            <ns3:atemp>17.0</ns3:atemp>
            <ns3:hr>146</ns3:hr>
          </ns3:TrackPointExtension>
        </extensions>
      </trkpt>
      <trkpt lat="49.37427696771919727325439453125" lon="11.124151088297367095947265625">
        <ele>357.600006103515625</ele>
        <time>2025-10-05T09:38:56.000Z</time>
        <extensions>
          <ns3:TrackPointExtension>
            <ns3:atemp>17.0</ns3:atemp>
            <ns3:hr>147</ns3:hr>
          </ns3:TrackPointExtension>
        </extensions>
      </trkpt>
      <trkpt lat="49.3744882754981517791748046875" lon="11.1241415329277515411376953125">
        <ele>357.79998779296875</ele>
        <time>2025-10-05T09:39:04.000Z</time>
        <extensions>
          <ns3:TrackPointExtension>
            <ns3:atemp>17.0</ns3:atemp>
            <ns3:hr>145</ns3:hr>
          </ns3:TrackPointExtension>
        </extensions>
      </trkpt>
      <trkpt lat="49.37467443756759166717529296875" lon="11.12416961230337619781494140625">
        <ele>357.600006103515625</ele>
        <time>2025-10-05T09:39:11.000Z</time>
        <extensions>
          <ns3:TrackPointExtension>
            <ns3:atemp>17.0</ns3:atemp>
            <ns3:hr>146</ns3:hr>
          </ns3:TrackPointExtension>
        </extensions>
      </trkpt>
      <trkpt lat="49.37488096766173839569091796875" lon="11.12417380325496196746826171875">
        <ele>357.600006103515625</ele>
        <time>2025-10-05T09:39:19.000Z</time>
        <extensions>
          <ns3:TrackPointExtension>
            <ns3:atemp>17.0</ns3:atemp>
            <ns3:hr>146</ns3:hr>
          </ns3:TrackPointExtension>
        </extensions>
      </trkpt>
      <trkpt lat="49.37508682720363140106201171875" lon="11.1241643317043781280517578125">
        <ele>357.399993896484375</ele>
        <time>2025-10-05T09:39:27.000Z</time>
        <extensions>
          <ns3:TrackPointExtension>
            <ns3:atemp>17.0</ns3:atemp>
            <ns3:hr>147</ns3:hr>
          </ns3:TrackPointExtension>
        </extensions>
      </trkpt>
      <trkpt lat="49.375213645398616790771484375" lon="11.12411764450371265411376953125">
        <ele>357.20001220703125</ele>
        <time>2025-10-05T09:39:32.000Z</time>
        <extensions>
          <ns3:TrackPointExtension>
            <ns3:atemp>17.0</ns3:atemp>
            <ns3:hr>148</ns3:hr>
          </ns3:TrackPointExtension>
        </extensions>
      </trkpt>
      <trkpt lat="49.3753574788570404052734375" lon="11.12413398921489715576171875">
        <ele>357</ele>
        <time>2025-10-05T09:39:38.000Z</time>
        <extensions>
          <ns3:TrackPointExtension>
            <ns3:atemp>17.0</ns3:atemp>
            <ns3:hr>148</ns3:hr>
          </ns3:TrackPointExtension>
        </extensions>
      </trkpt>
      <trkpt lat="49.37550324015319347381591796875" lon="11.1241522617638111114501953125">
        <ele>357</ele>
        <time>2025-10-05T09:39:42.000Z</time>
        <extensions>
          <ns3:TrackPointExtension>
            <ns3:atemp>17.0</ns3:atemp>
            <ns3:hr>148</ns3:hr>
          </ns3:TrackPointExtension>
        </extensions>
      </trkpt>
      <trkpt lat="49.375683702528476715087890625" lon="11.1241827718913555145263671875">
        <ele>357</ele>
        <time>2025-10-05T09:39:49.000Z</time>
        <extensions>
          <ns3:TrackPointExtension>
            <ns3:atemp>16.0</ns3:atemp>
            <ns3:hr>147</ns3:hr>
          </ns3:TrackPointExtension>
        </extensions>
      </trkpt>
      <trkpt lat="49.3758632428944110870361328125" lon="11.124223172664642333984375">
        <ele>357</ele>
        <time>2025-10-05T09:39:56.000Z</time>
        <extensions>
          <ns3:TrackPointExtension>
            <ns3:atemp>17.0</ns3:atemp>
            <ns3:hr>147</ns3:hr>
          </ns3:TrackPointExtension>
        </extensions>
      </trkpt>
      <trkpt lat="49.3760499916970729827880859375" lon="11.12420749850571155548095703125">
        <ele>357</ele>
        <time>2025-10-05T09:40:04.000Z</time>
        <extensions>
          <ns3:TrackPointExtension>
            <ns3:atemp>17.0</ns3:atemp>
            <ns3:hr>147</ns3:hr>
          </ns3:TrackPointExtension>
        </extensions>
      </trkpt>
      <trkpt lat="49.37623380683362483978271484375" lon="11.12422090955078601837158203125">
        <ele>357.20001220703125</ele>
        <time>2025-10-05T09:40:10.000Z</time>
        <extensions>
          <ns3:TrackPointExtension>
            <ns3:atemp>17.0</ns3:atemp>
            <ns3:hr>146</ns3:hr>
          </ns3:TrackPointExtension>
        </extensions>
      </trkpt>
      <trkpt lat="49.3763567693531513214111328125" lon="11.12416609190404415130615234375">
        <ele>357.399993896484375</ele>
        <time>2025-10-05T09:40:16.000Z</time>
        <extensions>
          <ns3:TrackPointExtension>
            <ns3:atemp>17.0</ns3:atemp>
            <ns3:hr>145</ns3:hr>
          </ns3:TrackPointExtension>
        </extensions>
      </trkpt>
      <trkpt lat="49.37648333609104156494140625" lon="11.124166510999202728271484375">
        <ele>357.399993896484375</ele>
        <time>2025-10-05T09:40:21.000Z</time>
        <extensions>
          <ns3:TrackPointExtension>
            <ns3:atemp>16.0</ns3:atemp>
            <ns3:hr>145</ns3:hr>
          </ns3:TrackPointExtension>
        </extensions>
      </trkpt>
      <trkpt lat="49.37658618204295635223388671875" lon="11.12418101169168949127197265625">
        <ele>357.399993896484375</ele>
        <time>2025-10-05T09:40:26.000Z</time>
        <extensions>
          <ns3:TrackPointExtension>
            <ns3:atemp>17.0</ns3:atemp>
            <ns3:hr>144</ns3:hr>
          </ns3:TrackPointExtension>
        </extensions>
      </trkpt>
      <trkpt lat="49.376774020493030548095703125" lon="11.124191991984844207763671875">
        <ele>357.600006103515625</ele>
        <time>2025-10-05T09:40:33.000Z</time>
        <extensions>
          <ns3:TrackPointExtension>
            <ns3:atemp>16.0</ns3:atemp>
            <ns3:hr>143</ns3:hr>
          </ns3:TrackPointExtension>
        </extensions>
      </trkpt>
      <trkpt lat="49.37698700465261936187744140625" lon="11.12420967780053615570068359375">
        <ele>358</ele>
        <time>2025-10-05T09:40:41.000Z</time>
        <extensions>
          <ns3:TrackPointExtension>
            <ns3:atemp>16.0</ns3:atemp>
            <ns3:hr>142</ns3:hr>
          </ns3:TrackPointExtension>
        </extensions>
      </trkpt>
      <trkpt lat="49.37712513841688632965087890625" lon="11.124208755791187286376953125">
        <ele>358.20001220703125</ele>
        <time>2025-10-05T09:40:46.000Z</time>
        <extensions>
          <ns3:TrackPointExtension>
            <ns3:atemp>17.0</ns3:atemp>
            <ns3:hr>144</ns3:hr>
          </ns3:TrackPointExtension>
        </extensions>
      </trkpt>
      <trkpt lat="49.37721281312406063079833984375" lon="11.12418629229068756103515625">
        <ele>358.399993896484375</ele>
        <time>2025-10-05T09:40:49.000Z</time>
        <extensions>
          <ns3:TrackPointExtension>
            <ns3:atemp>17.0</ns3:atemp>
            <ns3:hr>146</ns3:hr>
          </ns3:TrackPointExtension>
        </extensions>
      </trkpt>
      <trkpt lat="49.37739704735577106475830078125" lon="11.12419375218451023101806640625">
        <ele>359</ele>
        <time>2025-10-05T09:40:57.000Z</time>
        <extensions>
          <ns3:TrackPointExtension>
            <ns3:atemp>17.0</ns3:atemp>
            <ns3:hr>148</ns3:hr>
          </ns3:TrackPointExtension>
        </extensions>
      </trkpt>
      <trkpt lat="49.377598464488983154296875" lon="11.12419475801289081573486328125">
        <ele>359.20001220703125</ele>
        <time>2025-10-05T09:41:06.000Z</time>
        <extensions>
          <ns3:TrackPointExtension>
            <ns3:atemp>17.0</ns3:atemp>
            <ns3:hr>148</ns3:hr>
          </ns3:TrackPointExtension>
        </extensions>
      </trkpt>
      <trkpt lat="49.37778420746326446533203125" lon="11.124175898730754852294921875">
        <ele>359.79998779296875</ele>
        <time>2025-10-05T09:41:14.000Z</time>
        <extensions>
          <ns3:TrackPointExtension>
            <ns3:atemp>17.0</ns3:atemp>
            <ns3:hr>147</ns3:hr>
          </ns3:TrackPointExtension>
        </extensions>
      </trkpt>
      <trkpt lat="49.37796500511467456817626953125" lon="11.1241733841598033905029296875">
        <ele>359.79998779296875</ele>
        <time>2025-10-05T09:41:21.000Z</time>
        <extensions>
          <ns3:TrackPointExtension>
            <ns3:atemp>16.0</ns3:atemp>
            <ns3:hr>150</ns3:hr>
          </ns3:TrackPointExtension>
        </extensions>
      </trkpt>
      <trkpt lat="49.378244876861572265625" lon="11.1241747252643108367919921875">
        <ele>360</ele>
        <time>2025-10-05T09:41:32.000Z</time>
        <extensions>
          <ns3:TrackPointExtension>
            <ns3:atemp>17.0</ns3:atemp>
            <ns3:hr>150</ns3:hr>
          </ns3:TrackPointExtension>
        </extensions>
      </trkpt>
      <trkpt lat="49.37844193540513515472412109375" lon="11.12419576384127140045166015625">
        <ele>360.20001220703125</ele>
        <time>2025-10-05T09:41:40.000Z</time>
        <extensions>
          <ns3:TrackPointExtension>
            <ns3:atemp>17.0</ns3:atemp>
            <ns3:hr>146</ns3:hr>
          </ns3:TrackPointExtension>
        </extensions>
      </trkpt>
      <trkpt lat="49.37853430397808551788330078125" lon="11.1242179758846759796142578125">
        <ele>360.399993896484375</ele>
        <time>2025-10-05T09:41:43.000Z</time>
        <extensions>
          <ns3:TrackPointExtension>
            <ns3:atemp>16.0</ns3:atemp>
            <ns3:hr>147</ns3:hr>
          </ns3:TrackPointExtension>
        </extensions>
      </trkpt>
      <trkpt lat="49.37861108221113681793212890625" lon="11.1242072470486164093017578125">
        <ele>360.399993896484375</ele>
        <time>2025-10-05T09:41:46.000Z</time>
        <extensions>
          <ns3:TrackPointExtension>
            <ns3:atemp>17.0</ns3:atemp>
            <ns3:hr>146</ns3:hr>
          </ns3:TrackPointExtension>
        </extensions>
      </trkpt>
      <trkpt lat="49.37882498838007450103759765625" lon="11.1241532675921916961669921875">
        <ele>359.79998779296875</ele>
        <time>2025-10-05T09:41:54.000Z</time>
        <extensions>
          <ns3:TrackPointExtension>
            <ns3:atemp>17.0</ns3:atemp>
            <ns3:hr>144</ns3:hr>
          </ns3:TrackPointExtension>
        </extensions>
      </trkpt>
      <trkpt lat="49.3790845759212970733642578125" lon="11.12416827119886875152587890625">
        <ele>359.399993896484375</ele>
        <time>2025-10-05T09:42:02.000Z</time>
        <extensions>
          <ns3:TrackPointExtension>
            <ns3:atemp>17.0</ns3:atemp>
            <ns3:hr>144</ns3:hr>
          </ns3:TrackPointExtension>
        </extensions>
      </trkpt>
      <trkpt lat="49.3792790360748767852783203125" lon="11.1241713725030422210693359375">
        <ele>359.399993896484375</ele>
        <time>2025-10-05T09:42:11.000Z</time>
        <extensions>
          <ns3:TrackPointExtension>
            <ns3:atemp>17.0</ns3:atemp>
            <ns3:hr>146</ns3:hr>
          </ns3:TrackPointExtension>
        </extensions>
      </trkpt>
      <trkpt lat="49.37936109490692615509033203125" lon="11.1241386830806732177734375">
        <ele>359.399993896484375</ele>
        <time>2025-10-05T09:42:14.000Z</time>
        <extensions>
          <ns3:TrackPointExtension>
            <ns3:atemp>17.0</ns3:atemp>
            <ns3:hr>146</ns3:hr>
          </ns3:TrackPointExtension>
        </extensions>
      </trkpt>
      <trkpt lat="49.3794476799666881561279296875" lon="11.12415636889636516571044921875">
        <ele>359.399993896484375</ele>
        <time>2025-10-05T09:42:18.000Z</time>
        <extensions>
          <ns3:TrackPointExtension>
            <ns3:atemp>17.0</ns3:atemp>
            <ns3:hr>146</ns3:hr>
          </ns3:TrackPointExtension>
        </extensions>
      </trkpt>
      <trkpt lat="49.37958723865449428558349609375" lon="11.12416441552340984344482421875">
        <ele>359.399993896484375</ele>
        <time>2025-10-05T09:42:24.000Z</time>
        <extensions>
          <ns3:TrackPointExtension>
            <ns3:atemp>17.0</ns3:atemp>
            <ns3:hr>146</ns3:hr>
          </ns3:TrackPointExtension>
        </extensions>
      </trkpt>
      <trkpt lat="49.37978521920740604400634765625" lon="11.12417179159820079803466796875">
        <ele>359.20001220703125</ele>
        <time>2025-10-05T09:42:32.000Z</time>
        <extensions>
          <ns3:TrackPointExtension>
            <ns3:atemp>17.0</ns3:atemp>
            <ns3:hr>146</ns3:hr>
          </ns3:TrackPointExtension>
        </extensions>
      </trkpt>
      <trkpt lat="49.379907511174678802490234375" lon="11.1241869628429412841796875">
        <ele>359.20001220703125</ele>
        <time>2025-10-05T09:42:38.000Z</time>
        <extensions>
          <ns3:TrackPointExtension>
            <ns3:atemp>17.0</ns3:atemp>
            <ns3:hr>143</ns3:hr>
          </ns3:TrackPointExtension>
        </extensions>
      </trkpt>
      <trkpt lat="49.37991849146783351898193359375" lon="11.124177239835262298583984375">
        <ele>359.20001220703125</ele>
        <time>2025-10-05T09:42:39.000Z</time>
        <extensions>
          <ns3:TrackPointExtension>
            <ns3:atemp>17.0</ns3:atemp>
            <ns3:hr>144</ns3:hr>
          </ns3:TrackPointExtension>
        </extensions>
      </trkpt>
      <trkpt lat="49.3800558708608150482177734375" lon="11.12415670417249202728271484375">
        <ele>359</ele>
        <time>2025-10-05T09:42:45.000Z</time>
        <extensions>
          <ns3:TrackPointExtension>
            <ns3:atemp>17.0</ns3:atemp>
            <ns3:hr>143</ns3:hr>
          </ns3:TrackPointExtension>
        </extensions>
      </trkpt>
      <trkpt lat="49.380265586078166961669921875" lon="11.1241579614579677581787109375">
        <ele>358.79998779296875</ele>
        <time>2025-10-05T09:42:53.000Z</time>
        <extensions>
          <ns3:TrackPointExtension>
            <ns3:atemp>17.0</ns3:atemp>
            <ns3:hr>145</ns3:hr>
          </ns3:TrackPointExtension>
        </extensions>
      </trkpt>
      <trkpt lat="49.38051410950720310211181640625" lon="11.1241574585437774658203125">
        <ele>358.600006103515625</ele>
        <time>2025-10-05T09:43:03.000Z</time>
        <extensions>
          <ns3:TrackPointExtension>
            <ns3:atemp>17.0</ns3:atemp>
            <ns3:hr>145</ns3:hr>
          </ns3:TrackPointExtension>
        </extensions>
      </trkpt>
      <trkpt lat="49.38068694435060024261474609375" lon="11.124139018356800079345703125">
        <ele>358.79998779296875</ele>
        <time>2025-10-05T09:43:10.000Z</time>
        <extensions>
          <ns3:TrackPointExtension>
            <ns3:atemp>17.0</ns3:atemp>
            <ns3:hr>146</ns3:hr>
          </ns3:TrackPointExtension>
        </extensions>
      </trkpt>
      <trkpt lat="49.380930773913860321044921875" lon="11.1241547763347625732421875">
        <ele>358.399993896484375</ele>
        <time>2025-10-05T09:43:18.000Z</time>
        <extensions>
          <ns3:TrackPointExtension>
            <ns3:atemp>17.0</ns3:atemp>
            <ns3:hr>143</ns3:hr>
          </ns3:TrackPointExtension>
        </extensions>
      </trkpt>
      <trkpt lat="49.3809664808213710784912109375" lon="11.12414027564227581024169921875">
        <ele>358.20001220703125</ele>
        <time>2025-10-05T09:43:19.000Z</time>
        <extensions>
          <ns3:TrackPointExtension>
            <ns3:atemp>17.0</ns3:atemp>
            <ns3:hr>146</ns3:hr>
          </ns3:TrackPointExtension>
        </extensions>
      </trkpt>
      <trkpt lat="49.38115012831985950469970703125" lon="11.12416994757950305938720703125">
        <ele>358.20001220703125</ele>
        <time>2025-10-05T09:43:26.000Z</time>
        <extensions>
          <ns3:TrackPointExtension>
            <ns3:atemp>17.0</ns3:atemp>
            <ns3:hr>148</ns3:hr>
          </ns3:TrackPointExtension>
        </extensions>
      </trkpt>
      <trkpt lat="49.38139404170215129852294921875" lon="11.12417179159820079803466796875">
        <ele>358.399993896484375</ele>
        <time>2025-10-05T09:43:36.000Z</time>
        <extensions>
          <ns3:TrackPointExtension>
            <ns3:atemp>17.0</ns3:atemp>
            <ns3:hr>148</ns3:hr>
          </ns3:TrackPointExtension>
        </extensions>
      </trkpt>
      <trkpt lat="49.381563104689121246337890625" lon="11.12419978715479373931884765625">
        <ele>358.79998779296875</ele>
        <time>2025-10-05T09:43:44.000Z</time>
        <extensions>
          <ns3:TrackPointExtension>
            <ns3:atemp>17.0</ns3:atemp>
            <ns3:hr>147</ns3:hr>
          </ns3:TrackPointExtension>
        </extensions>
      </trkpt>
      <trkpt lat="49.3818046711385250091552734375" lon="11.12416424788534641265869140625">
        <ele>358.79998779296875</ele>
        <time>2025-10-05T09:43:54.000Z</time>
        <extensions>
          <ns3:TrackPointExtension>
            <ns3:atemp>17.0</ns3:atemp>
            <ns3:hr>146</ns3:hr>
          </ns3:TrackPointExtension>
        </extensions>
      </trkpt>
      <trkpt lat="49.38184146769344806671142578125" lon="11.1241549439728260040283203125">
        <ele>358.79998779296875</ele>
        <time>2025-10-05T09:43:56.000Z</time>
        <extensions>
          <ns3:TrackPointExtension>
            <ns3:atemp>17.0</ns3:atemp>
            <ns3:hr>146</ns3:hr>
          </ns3:TrackPointExtension>
        </extensions>
      </trkpt>
      <trkpt lat="49.38194490037858486175537109375" lon="11.1241693608462810516357421875">
        <ele>358.79998779296875</ele>
        <time>2025-10-05T09:44:00.000Z</time>
        <extensions>
          <ns3:TrackPointExtension>
            <ns3:atemp>17.0</ns3:atemp>
            <ns3:hr>146</ns3:hr>
          </ns3:TrackPointExtension>
        </extensions>
      </trkpt>
      <trkpt lat="49.38217255286872386932373046875" lon="11.12417782656848430633544921875">
        <ele>358.399993896484375</ele>
        <time>2025-10-05T09:44:07.000Z</time>
        <extensions>
          <ns3:TrackPointExtension>
            <ns3:atemp>17.0</ns3:atemp>
            <ns3:hr>147</ns3:hr>
          </ns3:TrackPointExtension>
        </extensions>
      </trkpt>
      <trkpt lat="49.3823303841054439544677734375" lon="11.12416927702724933624267578125">
        <ele>358.79998779296875</ele>
        <time>2025-10-05T09:44:14.000Z</time>
        <extensions>
          <ns3:TrackPointExtension>
            <ns3:atemp>17.0</ns3:atemp>
            <ns3:hr>147</ns3:hr>
          </ns3:TrackPointExtension>
        </extensions>
      </trkpt>
      <trkpt lat="49.382534064352512359619140625" lon="11.12418897449970245361328125">
        <ele>358.79998779296875</ele>
        <time>2025-10-05T09:44:23.000Z</time>
        <extensions>
          <ns3:TrackPointExtension>
            <ns3:atemp>17.0</ns3:atemp>
            <ns3:hr>147</ns3:hr>
          </ns3:TrackPointExtension>
        </extensions>
      </trkpt>
      <trkpt lat="49.3826851062476634979248046875" lon="11.1241923272609710693359375">
        <ele>359.20001220703125</ele>
        <time>2025-10-05T09:44:31.000Z</time>
        <extensions>
          <ns3:TrackPointExtension>
            <ns3:atemp>17.0</ns3:atemp>
            <ns3:hr>149</ns3:hr>
          </ns3:TrackPointExtension>
        </extensions>
      </trkpt>
      <trkpt lat="49.3827913887798786163330078125" lon="11.12419911660254001617431640625">
        <ele>358.79998779296875</ele>
        <time>2025-10-05T09:44:36.000Z</time>
        <extensions>
          <ns3:TrackPointExtension>
            <ns3:atemp>17.0</ns3:atemp>
            <ns3:hr>146</ns3:hr>
          </ns3:TrackPointExtension>
        </extensions>
      </trkpt>
      <trkpt lat="49.38282583840191364288330078125" lon="11.12420196644961833953857421875">
        <ele>358.600006103515625</ele>
        <time>2025-10-05T09:44:38.000Z</time>
        <extensions>
          <ns3:TrackPointExtension>
            <ns3:atemp>17.0</ns3:atemp>
            <ns3:hr>144</ns3:hr>
          </ns3:TrackPointExtension>
        </extensions>
      </trkpt>
      <trkpt lat="49.38293631188571453094482421875" lon="11.12422711215913295745849609375">
        <ele>358.600006103515625</ele>
        <time>2025-10-05T09:44:42.000Z</time>
        <extensions>
          <ns3:TrackPointExtension>
            <ns3:atemp>17.0</ns3:atemp>
            <ns3:hr>144</ns3:hr>
          </ns3:TrackPointExtension>
        </extensions>
      </trkpt>
      <trkpt lat="49.38316128216683864593505859375" lon="11.12421386875212192535400390625">
        <ele>358.399993896484375</ele>
        <time>2025-10-05T09:44:50.000Z</time>
        <extensions>
          <ns3:TrackPointExtension>
            <ns3:atemp>17.0</ns3:atemp>
            <ns3:hr>144</ns3:hr>
          </ns3:TrackPointExtension>
        </extensions>
      </trkpt>
      <trkpt lat="49.38320738263428211212158203125" lon="11.124211438000202178955078125">
        <ele>358.399993896484375</ele>
        <time>2025-10-05T09:44:52.000Z</time>
        <extensions>
          <ns3:TrackPointExtension>
            <ns3:atemp>17.0</ns3:atemp>
            <ns3:hr>147</ns3:hr>
          </ns3:TrackPointExtension>
        </extensions>
      </trkpt>
      <trkpt lat="49.38343453221023082733154296875" lon="11.124200038611888885498046875">
        <ele>358.399993896484375</ele>
        <time>2025-10-05T09:45:01.000Z</time>
        <extensions>
          <ns3:TrackPointExtension>
            <ns3:atemp>17.0</ns3:atemp>
            <ns3:hr>147</ns3:hr>
          </ns3:TrackPointExtension>
        </extensions>
      </trkpt>
      <trkpt lat="49.38360451720654964447021484375" lon="11.12418788485229015350341796875">
        <ele>358.399993896484375</ele>
        <time>2025-10-05T09:45:07.000Z</time>
        <extensions>
          <ns3:TrackPointExtension>
            <ns3:atemp>17.0</ns3:atemp>
            <ns3:hr>148</ns3:hr>
          </ns3:TrackPointExtension>
        </extensions>
      </trkpt>
      <trkpt lat="49.38379545696079730987548828125" lon="11.12418386153876781463623046875">
        <ele>358.600006103515625</ele>
        <time>2025-10-05T09:45:14.000Z</time>
        <extensions>
          <ns3:TrackPointExtension>
            <ns3:atemp>17.0</ns3:atemp>
            <ns3:hr>151</ns3:hr>
          </ns3:TrackPointExtension>
        </extensions>
      </trkpt>
      <trkpt lat="49.383821189403533935546875" lon="11.12418889068067073822021484375">
        <ele>358.79998779296875</ele>
        <time>2025-10-05T09:45:15.000Z</time>
        <extensions>
          <ns3:TrackPointExtension>
            <ns3:atemp>17.0</ns3:atemp>
            <ns3:hr>151</ns3:hr>
          </ns3:TrackPointExtension>
        </extensions>
      </trkpt>
      <trkpt lat="49.38389302231371402740478515625" lon="11.12420934252440929412841796875">
        <ele>358.79998779296875</ele>
        <time>2025-10-05T09:45:18.000Z</time>
        <extensions>
          <ns3:TrackPointExtension>
            <ns3:atemp>17.0</ns3:atemp>
            <ns3:hr>151</ns3:hr>
          </ns3:TrackPointExtension>
        </extensions>
      </trkpt>
      <trkpt lat="49.38401740975677967071533203125" lon="11.12420096062123775482177734375">
        <ele>358.600006103515625</ele>
        <time>2025-10-05T09:45:23.000Z</time>
        <extensions>
          <ns3:TrackPointExtension>
            <ns3:atemp>17.0</ns3:atemp>
            <ns3:hr>151</ns3:hr>
          </ns3:TrackPointExtension>
        </extensions>
      </trkpt>
      <trkpt lat="49.38436475582420825958251953125" lon="11.1242057383060455322265625">
        <ele>358.399993896484375</ele>
        <time>2025-10-05T09:45:37.000Z</time>
        <extensions>
          <ns3:TrackPointExtension>
            <ns3:atemp>17.0</ns3:atemp>
            <ns3:hr>150</ns3:hr>
          </ns3:TrackPointExtension>
        </extensions>
      </trkpt>
      <trkpt lat="49.3845237605273723602294921875" lon="11.124194674193859100341796875">
        <ele>358.399993896484375</ele>
        <time>2025-10-05T09:45:44.000Z</time>
        <extensions>
          <ns3:TrackPointExtension>
            <ns3:atemp>17.0</ns3:atemp>
            <ns3:hr>147</ns3:hr>
          </ns3:TrackPointExtension>
        </extensions>
      </trkpt>
      <trkpt lat="49.3845938332378864288330078125" lon="11.12418822012841701507568359375">
        <ele>358.399993896484375</ele>
        <time>2025-10-05T09:45:47.000Z</time>
        <extensions>
          <ns3:TrackPointExtension>
            <ns3:atemp>17.0</ns3:atemp>
            <ns3:hr>145</ns3:hr>
          </ns3:TrackPointExtension>
        </extensions>
      </trkpt>
      <trkpt lat="49.38471813686192035675048828125" lon="11.12425862811505794525146484375">
        <ele>358.399993896484375</ele>
        <time>2025-10-05T09:45:53.000Z</time>
        <extensions>
          <ns3:TrackPointExtension>
            <ns3:atemp>17.0</ns3:atemp>
            <ns3:hr>146</ns3:hr>
          </ns3:TrackPointExtension>
        </extensions>
      </trkpt>
      <trkpt lat="49.3847722001373767852783203125" lon="11.1243396811187267303466796875">
        <ele>358.399993896484375</ele>
        <time>2025-10-05T09:45:56.000Z</time>
        <extensions>
          <ns3:TrackPointExtension>
            <ns3:atemp>17.0</ns3:atemp>
            <ns3:hr>149</ns3:hr>
          </ns3:TrackPointExtension>
        </extensions>
      </trkpt>
      <trkpt lat="49.3848364055156707763671875" lon="11.1244335584342479705810546875">
        <ele>358.399993896484375</ele>
        <time>2025-10-05T09:45:59.000Z</time>
        <extensions>
          <ns3:TrackPointExtension>
            <ns3:atemp>17.0</ns3:atemp>
            <ns3:hr>149</ns3:hr>
          </ns3:TrackPointExtension>
        </extensions>
      </trkpt>
      <trkpt lat="49.3849839270114898681640625" lon="11.12463396973907947540283203125">
        <ele>358.600006103515625</ele>
        <time>2025-10-05T09:46:06.000Z</time>
        <extensions>
          <ns3:TrackPointExtension>
            <ns3:atemp>17.0</ns3:atemp>
            <ns3:hr>146</ns3:hr>
          </ns3:TrackPointExtension>
        </extensions>
      </trkpt>
      <trkpt lat="49.3850035406649112701416015625" lon="11.1246615462005138397216796875">
        <ele>358.600006103515625</ele>
        <time>2025-10-05T09:46:07.000Z</time>
        <extensions>
          <ns3:TrackPointExtension>
            <ns3:atemp>17.0</ns3:atemp>
            <ns3:hr>146</ns3:hr>
          </ns3:TrackPointExtension>
        </extensions>
      </trkpt>
      <trkpt lat="49.38513002358376979827880859375" lon="11.1248687468469142913818359375">
        <ele>359</ele>
        <time>2025-10-05T09:46:15.000Z</time>
        <extensions>
          <ns3:TrackPointExtension>
            <ns3:atemp>17.0</ns3:atemp>
            <ns3:hr>144</ns3:hr>
          </ns3:TrackPointExtension>
        </extensions>
      </trkpt>
      <trkpt lat="49.385169334709644317626953125" lon="11.12493328750133514404296875">
        <ele>359</ele>
        <time>2025-10-05T09:46:18.000Z</time>
        <extensions>
          <ns3:TrackPointExtension>
            <ns3:atemp>18.0</ns3:atemp>
            <ns3:hr>144</ns3:hr>
          </ns3:TrackPointExtension>
        </extensions>
      </trkpt>
      <trkpt lat="49.38550352118909358978271484375" lon="11.125456653535366058349609375">
        <ele>359.20001220703125</ele>
        <time>2025-10-05T09:46:42.000Z</time>
        <extensions>
          <ns3:TrackPointExtension>
            <ns3:atemp>18.0</ns3:atemp>
            <ns3:hr>147</ns3:hr>
          </ns3:TrackPointExtension>
        </extensions>
      </trkpt>
      <trkpt lat="49.385604523122310638427734375" lon="11.125587411224842071533203125">
        <ele>359.399993896484375</ele>
        <time>2025-10-05T09:46:43.000Z</time>
        <extensions>
          <ns3:TrackPointExtension>
            <ns3:atemp>18.0</ns3:atemp>
            <ns3:hr>147</ns3:hr>
          </ns3:TrackPointExtension>
        </extensions>
      </trkpt>
      <trkpt lat="49.385660178959369659423828125" lon="11.12552211619913578033447265625">
        <ele>359.79998779296875</ele>
        <time>2025-10-05T09:46:46.000Z</time>
        <extensions>
          <ns3:TrackPointExtension>
            <ns3:atemp>18.0</ns3:atemp>
            <ns3:hr>148</ns3:hr>
          </ns3:TrackPointExtension>
        </extensions>
      </trkpt>
      <trkpt lat="49.38567954115569591522216796875" lon="11.12548406235873699188232421875">
        <ele>360</ele>
        <time>2025-10-05T09:46:47.000Z</time>
        <extensions>
          <ns3:TrackPointExtension>
            <ns3:atemp>18.0</ns3:atemp>
            <ns3:hr>149</ns3:hr>
          </ns3:TrackPointExtension>
        </extensions>
      </trkpt>
      <trkpt lat="49.3857424892485141754150390625" lon="11.12533184699714183807373046875">
        <ele>360.399993896484375</ele>
        <time>2025-10-05T09:46:51.000Z</time>
        <extensions>
          <ns3:TrackPointExtension>
            <ns3:atemp>18.0</ns3:atemp>
            <ns3:hr>151</ns3:hr>
          </ns3:TrackPointExtension>
        </extensions>
      </trkpt>
      <trkpt lat="49.38576570712029933929443359375" lon="11.12531038932502269744873046875">
        <ele>360.399993896484375</ele>
        <time>2025-10-05T09:46:52.000Z</time>
        <extensions>
          <ns3:TrackPointExtension>
            <ns3:atemp>18.0</ns3:atemp>
            <ns3:hr>151</ns3:hr>
          </ns3:TrackPointExtension>
        </extensions>
      </trkpt>
      <trkpt lat="49.3858041800558567047119140625" lon="11.1252576671540737152099609375">
        <ele>360.399993896484375</ele>
        <time>2025-10-05T09:46:54.000Z</time>
        <extensions>
          <ns3:TrackPointExtension>
            <ns3:atemp>18.0</ns3:atemp>
            <ns3:hr>152</ns3:hr>
          </ns3:TrackPointExtension>
        </extensions>
      </trkpt>
      <trkpt lat="49.3859483487904071807861328125" lon="11.12508206628262996673583984375">
        <ele>360.399993896484375</ele>
        <time>2025-10-05T09:47:01.000Z</time>
        <extensions>
          <ns3:TrackPointExtension>
            <ns3:atemp>18.0</ns3:atemp>
            <ns3:hr>152</ns3:hr>
          </ns3:TrackPointExtension>
        </extensions>
      </trkpt>
      <trkpt lat="49.38604163937270641326904296875" lon="11.12491576932370662689208984375">
        <ele>360.20001220703125</ele>
        <time>2025-10-05T09:47:06.000Z</time>
        <extensions>
          <ns3:TrackPointExtension>
            <ns3:atemp>18.0</ns3:atemp>
            <ns3:hr>151</ns3:hr>
          </ns3:TrackPointExtension>
        </extensions>
      </trkpt>
      <trkpt lat="49.38613124191761016845703125" lon="11.124818623065948486328125">
        <ele>360</ele>
        <time>2025-10-05T09:47:10.000Z</time>
        <extensions>
          <ns3:TrackPointExtension>
            <ns3:atemp>18.0</ns3:atemp>
            <ns3:hr>154</ns3:hr>
          </ns3:TrackPointExtension>
        </extensions>
      </trkpt>
      <trkpt lat="49.3861766718327999114990234375" lon="11.12477780319750308990478515625">
        <ele>360</ele>
        <time>2025-10-05T09:47:12.000Z</time>
        <extensions>
          <ns3:TrackPointExtension>
            <ns3:atemp>18.0</ns3:atemp>
            <ns3:hr>154</ns3:hr>
          </ns3:TrackPointExtension>
        </extensions>
      </trkpt>
      <trkpt lat="49.38626962713897228240966796875" lon="11.124651990830898284912109375">
        <ele>360.20001220703125</ele>
        <time>2025-10-05T09:47:17.000Z</time>
        <extensions>
          <ns3:TrackPointExtension>
            <ns3:atemp>18.0</ns3:atemp>
            <ns3:hr>155</ns3:hr>
          </ns3:TrackPointExtension>
        </extensions>
      </trkpt>
      <trkpt lat="49.386372976005077362060546875" lon="11.1245341412723064422607421875">
        <ele>360.79998779296875</ele>
        <time>2025-10-05T09:47:22.000Z</time>
        <extensions>
          <ns3:TrackPointExtension>
            <ns3:atemp>18.0</ns3:atemp>
            <ns3:hr>154</ns3:hr>
          </ns3:TrackPointExtension>
        </extensions>
      </trkpt>
      <trkpt lat="49.38648336566984653472900390625" lon="11.1244255118072032928466796875">
        <ele>360.399993896484375</ele>
        <time>2025-10-05T09:47:27.000Z</time>
        <extensions>
          <ns3:TrackPointExtension>
            <ns3:atemp>18.0</ns3:atemp>
            <ns3:hr>157</ns3:hr>
          </ns3:TrackPointExtension>
        </extensions>
      </trkpt>
      <trkpt lat="49.3866028077900409698486328125" lon="11.124332137405872344970703125">
        <ele>360</ele>
        <time>2025-10-05T09:47:32.000Z</time>
        <extensions>
          <ns3:TrackPointExtension>
            <ns3:atemp>18.0</ns3:atemp>
            <ns3:hr>154</ns3:hr>
          </ns3:TrackPointExtension>
        </extensions>
      </trkpt>
      <trkpt lat="49.38675192184746265411376953125" lon="11.124233901500701904296875">
        <ele>360.20001220703125</ele>
        <time>2025-10-05T09:47:38.000Z</time>
        <extensions>
          <ns3:TrackPointExtension>
            <ns3:atemp>18.0</ns3:atemp>
            <ns3:hr>151</ns3:hr>
          </ns3:TrackPointExtension>
        </extensions>
      </trkpt>
      <trkpt lat="49.38686541281640529632568359375" lon="11.12420263700187206268310546875">
        <ele>360.20001220703125</ele>
        <time>2025-10-05T09:47:43.000Z</time>
        <extensions>
          <ns3:TrackPointExtension>
            <ns3:atemp>18.0</ns3:atemp>
            <ns3:hr>151</ns3:hr>
          </ns3:TrackPointExtension>
        </extensions>
      </trkpt>
      <trkpt lat="49.3870577774941921234130859375" lon="11.12422107718884944915771484375">
        <ele>360.600006103515625</ele>
        <time>2025-10-05T09:47:51.000Z</time>
        <extensions>
          <ns3:TrackPointExtension>
            <ns3:atemp>18.0</ns3:atemp>
            <ns3:hr>149</ns3:hr>
          </ns3:TrackPointExtension>
        </extensions>
      </trkpt>
      <trkpt lat="49.38724343664944171905517578125" lon="11.1242162995040416717529296875">
        <ele>361.20001220703125</ele>
        <time>2025-10-05T09:47:59.000Z</time>
        <extensions>
          <ns3:TrackPointExtension>
            <ns3:atemp>18.0</ns3:atemp>
            <ns3:hr>147</ns3:hr>
          </ns3:TrackPointExtension>
        </extensions>
      </trkpt>
      <trkpt lat="49.38728450797498226165771484375" lon="11.12423448823392391204833984375">
        <ele>361.399993896484375</ele>
        <time>2025-10-05T09:48:01.000Z</time>
        <extensions>
          <ns3:TrackPointExtension>
            <ns3:atemp>18.0</ns3:atemp>
            <ns3:hr>149</ns3:hr>
          </ns3:TrackPointExtension>
        </extensions>
      </trkpt>
      <trkpt lat="49.38739397563040256500244140625" lon="11.12421520985662937164306640625">
        <ele>361.79998779296875</ele>
        <time>2025-10-05T09:48:06.000Z</time>
        <extensions>
          <ns3:TrackPointExtension>
            <ns3:atemp>18.0</ns3:atemp>
            <ns3:hr>152</ns3:hr>
          </ns3:TrackPointExtension>
        </extensions>
      </trkpt>
      <trkpt lat="49.387508891522884368896484375" lon="11.12420582212507724761962890625">
        <ele>362.20001220703125</ele>
        <time>2025-10-05T09:48:11.000Z</time>
        <extensions>
          <ns3:TrackPointExtension>
            <ns3:atemp>18.0</ns3:atemp>
            <ns3:hr>155</ns3:hr>
          </ns3:TrackPointExtension>
        </extensions>
      </trkpt>
      <trkpt lat="49.3875529803335666656494140625" lon="11.1242084205150604248046875">
        <ele>362.600006103515625</ele>
        <time>2025-10-05T09:48:13.000Z</time>
        <extensions>
          <ns3:TrackPointExtension>
            <ns3:atemp>18.0</ns3:atemp>
            <ns3:hr>155</ns3:hr>
          </ns3:TrackPointExtension>
        </extensions>
      </trkpt>
      <trkpt lat="49.38772371970117092132568359375" lon="11.124239265918731689453125">
        <ele>363.399993896484375</ele>
        <time>2025-10-05T09:48:20.000Z</time>
        <extensions>
          <ns3:TrackPointExtension>
            <ns3:atemp>18.0</ns3:atemp>
            <ns3:hr>158</ns3:hr>
          </ns3:TrackPointExtension>
        </extensions>
      </trkpt>
      <trkpt lat="49.387780465185642242431640625" lon="11.1242337338626384735107421875">
        <ele>363.600006103515625</ele>
        <time>2025-10-05T09:48:22.000Z</time>
        <extensions>
          <ns3:TrackPointExtension>
            <ns3:atemp>18.0</ns3:atemp>
            <ns3:hr>158</ns3:hr>
          </ns3:TrackPointExtension>
        </extensions>
      </trkpt>
      <trkpt lat="49.3878887593746185302734375" lon="11.1242458038032054901123046875">
        <ele>364.600006103515625</ele>
        <time>2025-10-05T09:48:27.000Z</time>
        <extensions>
          <ns3:TrackPointExtension>
            <ns3:atemp>18.0</ns3:atemp>
            <ns3:hr>158</ns3:hr>
          </ns3:TrackPointExtension>
        </extensions>
      </trkpt>
      <trkpt lat="49.38793075270950794219970703125" lon="11.12424404360353946685791015625">
        <ele>365.20001220703125</ele>
        <time>2025-10-05T09:48:29.000Z</time>
        <extensions>
          <ns3:TrackPointExtension>
            <ns3:atemp>18.0</ns3:atemp>
            <ns3:hr>158</ns3:hr>
          </ns3:TrackPointExtension>
        </extensions>
      </trkpt>
      <trkpt lat="49.38796880654990673065185546875" lon="11.1242347396910190582275390625">
        <ele>365.79998779296875</ele>
        <time>2025-10-05T09:48:31.000Z</time>
        <extensions>
          <ns3:TrackPointExtension>
            <ns3:atemp>18.0</ns3:atemp>
            <ns3:hr>158</ns3:hr>
          </ns3:TrackPointExtension>
        </extensions>
      </trkpt>
      <trkpt lat="49.38801188953220844268798828125" lon="11.12424991093575954437255859375">
        <ele>367</ele>
        <time>2025-10-05T09:48:34.000Z</time>
        <extensions>
          <ns3:TrackPointExtension>
            <ns3:atemp>18.0</ns3:atemp>
            <ns3:hr>158</ns3:hr>
          </ns3:TrackPointExtension>
        </extensions>
      </trkpt>
      <trkpt lat="49.38809989951550960540771484375" lon="11.12424991093575954437255859375">
        <ele>368.20001220703125</ele>
        <time>2025-10-05T09:48:38.000Z</time>
        <extensions>
          <ns3:TrackPointExtension>
            <ns3:atemp>18.0</ns3:atemp>
            <ns3:hr>159</ns3:hr>
          </ns3:TrackPointExtension>
        </extensions>
      </trkpt>
      <trkpt lat="49.38817651011049747467041015625" lon="11.1242437921464443206787109375">
        <ele>369.399993896484375</ele>
        <time>2025-10-05T09:48:42.000Z</time>
        <extensions>
          <ns3:TrackPointExtension>
            <ns3:atemp>18.0</ns3:atemp>
            <ns3:hr>161</ns3:hr>
          </ns3:TrackPointExtension>
        </extensions>
      </trkpt>
      <trkpt lat="49.38827298581600189208984375" lon="11.12422518432140350341796875">
        <ele>370.20001220703125</ele>
        <time>2025-10-05T09:48:47.000Z</time>
        <extensions>
          <ns3:TrackPointExtension>
            <ns3:atemp>18.0</ns3:atemp>
            <ns3:hr>160</ns3:hr>
          </ns3:TrackPointExtension>
        </extensions>
      </trkpt>
      <trkpt lat="49.3882882408797740936279296875" lon="11.1242266930639743804931640625">
        <ele>370.600006103515625</ele>
        <time>2025-10-05T09:48:48.000Z</time>
        <extensions>
          <ns3:TrackPointExtension>
            <ns3:atemp>18.0</ns3:atemp>
            <ns3:hr>161</ns3:hr>
          </ns3:TrackPointExtension>
        </extensions>
      </trkpt>
      <trkpt lat="49.3883951939642429351806640625" lon="11.12418972887098789215087890625">
        <ele>371.79998779296875</ele>
        <time>2025-10-05T09:48:54.000Z</time>
        <extensions>
          <ns3:TrackPointExtension>
            <ns3:atemp>18.0</ns3:atemp>
            <ns3:hr>163</ns3:hr>
          </ns3:TrackPointExtension>
        </extensions>
      </trkpt>
      <trkpt lat="49.38849502243101596832275390625" lon="11.12417480908334255218505859375">
        <ele>372.20001220703125</ele>
        <time>2025-10-05T09:48:59.000Z</time>
        <extensions>
          <ns3:TrackPointExtension>
            <ns3:atemp>18.0</ns3:atemp>
            <ns3:hr>166</ns3:hr>
          </ns3:TrackPointExtension>
        </extensions>
      </trkpt>
      <trkpt lat="49.3885692022740840911865234375" lon="11.1241800896823406219482421875">
        <ele>372.600006103515625</ele>
        <time>2025-10-05T09:49:02.000Z</time>
        <extensions>
          <ns3:TrackPointExtension>
            <ns3:atemp>18.0</ns3:atemp>
            <ns3:hr>166</ns3:hr>
          </ns3:TrackPointExtension>
        </extensions>
      </trkpt>
      <trkpt lat="49.3886158056557178497314453125" lon="11.12417749129235744476318359375">
        <ele>372.79998779296875</ele>
        <time>2025-10-05T09:49:04.000Z</time>
        <extensions>
          <ns3:TrackPointExtension>
            <ns3:atemp>18.0</ns3:atemp>
            <ns3:hr>167</ns3:hr>
          </ns3:TrackPointExtension>
        </extensions>
      </trkpt>
      <trkpt lat="49.38877321779727935791015625" lon="11.12421286292374134063720703125">
        <ele>373.79998779296875</ele>
        <time>2025-10-05T09:49:11.000Z</time>
        <extensions>
          <ns3:TrackPointExtension>
            <ns3:atemp>18.0</ns3:atemp>
            <ns3:hr>167</ns3:hr>
          </ns3:TrackPointExtension>
        </extensions>
      </trkpt>
      <trkpt lat="49.3887914903461933135986328125" lon="11.12420364283025264739990234375">
        <ele>374</ele>
        <time>2025-10-05T09:49:12.000Z</time>
        <extensions>
          <ns3:TrackPointExtension>
            <ns3:atemp>18.0</ns3:atemp>
            <ns3:hr>167</ns3:hr>
          </ns3:TrackPointExtension>
        </extensions>
      </trkpt>
      <trkpt lat="49.38896809704601764678955078125" lon="11.1242525093257427215576171875">
        <ele>374.600006103515625</ele>
        <time>2025-10-05T09:49:19.000Z</time>
        <extensions>
          <ns3:TrackPointExtension>
            <ns3:atemp>18.0</ns3:atemp>
            <ns3:hr>168</ns3:hr>
          </ns3:TrackPointExtension>
        </extensions>
      </trkpt>
      <trkpt lat="49.38904353417456150054931640625" lon="11.1242508329451084136962890625">
        <ele>375</ele>
        <time>2025-10-05T09:49:22.000Z</time>
        <extensions>
          <ns3:TrackPointExtension>
            <ns3:atemp>18.0</ns3:atemp>
            <ns3:hr>167</ns3:hr>
          </ns3:TrackPointExtension>
        </extensions>
      </trkpt>
      <trkpt lat="49.389129616320133209228515625" lon="11.12425175495445728302001953125">
        <ele>375.399993896484375</ele>
        <time>2025-10-05T09:49:26.000Z</time>
        <extensions>
          <ns3:TrackPointExtension>
            <ns3:atemp>18.0</ns3:atemp>
            <ns3:hr>167</ns3:hr>
          </ns3:TrackPointExtension>
        </extensions>
      </trkpt>
      <trkpt lat="49.38932952471077442169189453125" lon="11.12427757121622562408447265625">
        <ele>375.600006103515625</ele>
        <time>2025-10-05T09:49:34.000Z</time>
        <extensions>
          <ns3:TrackPointExtension>
            <ns3:atemp>18.0</ns3:atemp>
            <ns3:hr>164</ns3:hr>
          </ns3:TrackPointExtension>
        </extensions>
      </trkpt>
      <trkpt lat="49.38934360630810260772705078125" lon="11.12427840940654277801513671875">
        <ele>375.79998779296875</ele>
        <time>2025-10-05T09:49:35.000Z</time>
        <extensions>
          <ns3:TrackPointExtension>
            <ns3:atemp>18.0</ns3:atemp>
            <ns3:hr>164</ns3:hr>
          </ns3:TrackPointExtension>
        </extensions>
      </trkpt>
      <trkpt lat="49.38945709727704524993896484375" lon="11.12422945909202098846435546875">
        <ele>376</ele>
        <time>2025-10-05T09:49:41.000Z</time>
        <extensions>
          <ns3:TrackPointExtension>
            <ns3:atemp>18.0</ns3:atemp>
            <ns3:hr>163</ns3:hr>
          </ns3:TrackPointExtension>
        </extensions>
      </trkpt>
      <trkpt lat="49.3895596079528331756591796875" lon="11.12420263700187206268310546875">
        <ele>376</ele>
        <time>2025-10-05T09:49:45.000Z</time>
        <extensions>
          <ns3:TrackPointExtension>
            <ns3:atemp>18.0</ns3:atemp>
            <ns3:hr>159</ns3:hr>
          </ns3:TrackPointExtension>
        </extensions>
      </trkpt>
      <trkpt lat="49.38961115665733814239501953125" lon="11.12420515157282352447509765625">
        <ele>376</ele>
        <time>2025-10-05T09:49:47.000Z</time>
        <extensions>
          <ns3:TrackPointExtension>
            <ns3:atemp>18.0</ns3:atemp>
            <ns3:hr>158</ns3:hr>
          </ns3:TrackPointExtension>
        </extensions>
      </trkpt>
      <trkpt lat="49.389648623764514923095703125" lon="11.1242271959781646728515625">
        <ele>376.20001220703125</ele>
        <time>2025-10-05T09:49:49.000Z</time>
        <extensions>
          <ns3:TrackPointExtension>
            <ns3:atemp>18.0</ns3:atemp>
            <ns3:hr>157</ns3:hr>
          </ns3:TrackPointExtension>
        </extensions>
      </trkpt>
      <trkpt lat="49.38973370008170604705810546875" lon="11.12421168945729732513427734375">
        <ele>376.399993896484375</ele>
        <time>2025-10-05T09:49:53.000Z</time>
        <extensions>
          <ns3:TrackPointExtension>
            <ns3:atemp>18.0</ns3:atemp>
            <ns3:hr>156</ns3:hr>
          </ns3:TrackPointExtension>
        </extensions>
      </trkpt>
      <trkpt lat="49.389932267367839813232421875" lon="11.12421370111405849456787109375">
        <ele>376.600006103515625</ele>
        <time>2025-10-05T09:50:01.000Z</time>
        <extensions>
          <ns3:TrackPointExtension>
            <ns3:atemp>18.0</ns3:atemp>
            <ns3:hr>156</ns3:hr>
          </ns3:TrackPointExtension>
        </extensions>
      </trkpt>
      <trkpt lat="49.39016486518085002899169921875" lon="11.12420263700187206268310546875">
        <ele>377.20001220703125</ele>
        <time>2025-10-05T09:50:10.000Z</time>
        <extensions>
          <ns3:TrackPointExtension>
            <ns3:atemp>18.0</ns3:atemp>
            <ns3:hr>153</ns3:hr>
          </ns3:TrackPointExtension>
        </extensions>
      </trkpt>
      <trkpt lat="49.39043995924293994903564453125" lon="11.1241512559354305267333984375">
        <ele>376.600006103515625</ele>
        <time>2025-10-05T09:50:20.000Z</time>
        <extensions>
          <ns3:TrackPointExtension>
            <ns3:atemp>18.0</ns3:atemp>
            <ns3:hr>151</ns3:hr>
          </ns3:TrackPointExtension>
        </extensions>
      </trkpt>
      <trkpt lat="49.39062905497848987579345703125" lon="11.12421101890504360198974609375">
        <ele>376.20001220703125</ele>
        <time>2025-10-05T09:50:28.000Z</time>
        <extensions>
          <ns3:TrackPointExtension>
            <ns3:atemp>18.0</ns3:atemp>
            <ns3:hr>150</ns3:hr>
          </ns3:TrackPointExtension>
        </extensions>
      </trkpt>
      <trkpt lat="49.39075763337314128875732421875" lon="11.12418855540454387664794921875">
        <ele>375.79998779296875</ele>
        <time>2025-10-05T09:50:34.000Z</time>
        <extensions>
          <ns3:TrackPointExtension>
            <ns3:atemp>18.0</ns3:atemp>
            <ns3:hr>150</ns3:hr>
          </ns3:TrackPointExtension>
        </extensions>
      </trkpt>
      <trkpt lat="49.390775822103023529052734375" lon="11.12417045049369335174560546875">
        <ele>375.79998779296875</ele>
        <time>2025-10-05T09:50:35.000Z</time>
        <extensions>
          <ns3:TrackPointExtension>
            <ns3:atemp>18.0</ns3:atemp>
            <ns3:hr>149</ns3:hr>
          </ns3:TrackPointExtension>
        </extensions>
      </trkpt>
      <trkpt lat="49.3908675201237201690673828125" lon="11.12394212745130062103271484375">
        <ele>375</ele>
        <time>2025-10-05T09:50:40.000Z</time>
        <extensions>
          <ns3:TrackPointExtension>
            <ns3:atemp>18.0</ns3:atemp>
            <ns3:hr>147</ns3:hr>
          </ns3:TrackPointExtension>
        </extensions>
      </trkpt>
      <trkpt lat="49.39088855870068073272705078125" lon="11.12391480244696140289306640625">
        <ele>374.600006103515625</ele>
        <time>2025-10-05T09:50:41.000Z</time>
        <extensions>
          <ns3:TrackPointExtension>
            <ns3:atemp>18.0</ns3:atemp>
            <ns3:hr>146</ns3:hr>
          </ns3:TrackPointExtension>
        </extensions>
      </trkpt>
      <trkpt lat="49.39093030057847499847412109375" lon="11.1237995512783527374267578125">
        <ele>374</ele>
        <time>2025-10-05T09:50:45.000Z</time>
        <extensions>
          <ns3:TrackPointExtension>
            <ns3:atemp>18.0</ns3:atemp>
            <ns3:hr>145</ns3:hr>
          </ns3:TrackPointExtension>
        </extensions>
      </trkpt>
      <trkpt lat="49.3909144587814807891845703125" lon="11.12377800978720188140869140625">
        <ele>374</ele>
        <time>2025-10-05T09:50:46.000Z</time>
        <extensions>
          <ns3:TrackPointExtension>
            <ns3:atemp>18.0</ns3:atemp>
            <ns3:hr>145</ns3:hr>
          </ns3:TrackPointExtension>
        </extensions>
      </trkpt>
      <trkpt lat="49.39089618623256683349609375" lon="11.1237945221364498138427734375">
        <ele>373.79998779296875</ele>
        <time>2025-10-05T09:50:48.000Z</time>
        <extensions>
          <ns3:TrackPointExtension>
            <ns3:atemp>18.0</ns3:atemp>
            <ns3:hr>144</ns3:hr>
          </ns3:TrackPointExtension>
        </extensions>
      </trkpt>
      <trkpt lat="49.3908941745758056640625" lon="11.12378932535648345947265625">
        <ele>373.79998779296875</ele>
        <time>2025-10-05T09:50:49.000Z</time>
        <extensions>
          <ns3:TrackPointExtension>
            <ns3:atemp>18.0</ns3:atemp>
            <ns3:hr>144</ns3:hr>
          </ns3:TrackPointExtension>
        </extensions>
      </trkpt>
      <trkpt lat="49.39091655425727367401123046875" lon="11.1237613297998905181884765625">
        <ele>373.600006103515625</ele>
        <time>2025-10-05T09:50:51.000Z</time>
        <extensions>
          <ns3:TrackPointExtension>
            <ns3:atemp>18.0</ns3:atemp>
            <ns3:hr>141</ns3:hr>
          </ns3:TrackPointExtension>
        </extensions>
      </trkpt>
      <trkpt lat="49.390942119061946868896484375" lon="11.1237194202840328216552734375">
        <ele>373.399993896484375</ele>
        <time>2025-10-05T09:50:53.000Z</time>
        <extensions>
          <ns3:TrackPointExtension>
            <ns3:atemp>18.0</ns3:atemp>
            <ns3:hr>139</ns3:hr>
          </ns3:TrackPointExtension>
        </extensions>
      </trkpt>
      <trkpt lat="49.39097723923623561859130859375" lon="11.1236892454326152801513671875">
        <ele>373.399993896484375</ele>
        <time>2025-10-05T09:50:58.000Z</time>
        <extensions>
          <ns3:TrackPointExtension>
            <ns3:atemp>18.0</ns3:atemp>
            <ns3:hr>138</ns3:hr>
          </ns3:TrackPointExtension>
        </extensions>
      </trkpt>
      <trkpt lat="49.39099081791937351226806640625" lon="11.1236573942005634307861328125">
        <ele>373.399993896484375</ele>
        <time>2025-10-05T09:50:59.000Z</time>
        <extensions>
          <ns3:TrackPointExtension>
            <ns3:atemp>18.0</ns3:atemp>
            <ns3:hr>138</ns3:hr>
          </ns3:TrackPointExtension>
        </extensions>
      </trkpt>
      <trkpt lat="49.39102652482688426971435546875" lon="11.12357743084430694580078125">
        <ele>373.399993896484375</ele>
        <time>2025-10-05T09:51:03.000Z</time>
        <extensions>
          <ns3:TrackPointExtension>
            <ns3:atemp>18.0</ns3:atemp>
            <ns3:hr>139</ns3:hr>
          </ns3:TrackPointExtension>
        </extensions>
      </trkpt>
      <trkpt lat="49.39103675074875354766845703125" lon="11.12356896512210369110107421875">
        <ele>373.20001220703125</ele>
        <time>2025-10-05T09:51:04.000Z</time>
        <extensions>
          <ns3:TrackPointExtension>
            <ns3:atemp>18.0</ns3:atemp>
            <ns3:hr>139</ns3:hr>
          </ns3:TrackPointExtension>
        </extensions>
      </trkpt>
      <trkpt lat="49.39105267636477947235107421875" lon="11.12355052493512630462646484375">
        <ele>373</ele>
        <time>2025-10-05T09:51:06.000Z</time>
        <extensions>
          <ns3:TrackPointExtension>
            <ns3:atemp>18.0</ns3:atemp>
            <ns3:hr>140</ns3:hr>
          </ns3:TrackPointExtension>
        </extensions>
      </trkpt>
      <trkpt lat="49.39105980098247528076171875" lon="11.12354633398354053497314453125">
        <ele>372.79998779296875</ele>
        <time>2025-10-05T09:51:08.000Z</time>
        <extensions>
          <ns3:TrackPointExtension>
            <ns3:atemp>18.0</ns3:atemp>
            <ns3:hr>140</ns3:hr>
          </ns3:TrackPointExtension>
        </extensions>
      </trkpt>
      <trkpt lat="49.39106860198080539703369140625" lon="11.12354197539389133453369140625">
        <ele>372.79998779296875</ele>
        <time>2025-10-05T09:51:09.000Z</time>
        <extensions>
          <ns3:TrackPointExtension>
            <ns3:atemp>18.0</ns3:atemp>
            <ns3:hr>139</ns3:hr>
          </ns3:TrackPointExtension>
        </extensions>
      </trkpt>
      <trkpt lat="49.3910790793597698211669921875" lon="11.1235377006232738494873046875">
        <ele>372.600006103515625</ele>
        <time>2025-10-05T09:51:10.000Z</time>
        <extensions>
          <ns3:TrackPointExtension>
            <ns3:atemp>18.0</ns3:atemp>
            <ns3:hr>140</ns3:hr>
          </ns3:TrackPointExtension>
        </extensions>
      </trkpt>
      <trkpt lat="49.3911635689437389373779296875" lon="11.1235340125858783721923828125">
        <ele>372</ele>
        <time>2025-10-05T09:51:16.000Z</time>
        <extensions>
          <ns3:TrackPointExtension>
            <ns3:atemp>18.0</ns3:atemp>
            <ns3:hr>138</ns3:hr>
          </ns3:TrackPointExtension>
        </extensions>
      </trkpt>
      <trkpt lat="49.3911977671086788177490234375" lon="11.123561672866344451904296875">
        <ele>372</ele>
        <time>2025-10-05T09:51:19.000Z</time>
        <extensions>
          <ns3:TrackPointExtension>
            <ns3:atemp>18.0</ns3:atemp>
            <ns3:hr>135</ns3:hr>
          </ns3:TrackPointExtension>
        </extensions>
      </trkpt>
      <trkpt lat="49.39124143682420253753662109375" lon="11.12356443889439105987548828125">
        <ele>371.79998779296875</ele>
        <time>2025-10-05T09:51:22.000Z</time>
        <extensions>
          <ns3:TrackPointExtension>
            <ns3:atemp>18.0</ns3:atemp>
            <ns3:hr>133</ns3:hr>
          </ns3:TrackPointExtension>
        </extensions>
      </trkpt>
      <trkpt lat="49.3912835977971553802490234375" lon="11.1235668696463108062744140625">
        <ele>371.600006103515625</ele>
        <time>2025-10-05T09:51:25.000Z</time>
        <extensions>
          <ns3:TrackPointExtension>
            <ns3:atemp>18.0</ns3:atemp>
            <ns3:hr>131</ns3:hr>
          </ns3:TrackPointExtension>
        </extensions>
      </trkpt>
      <trkpt lat="49.39135660417377948760986328125" lon="11.12346720881760120391845703125">
        <ele>371.399993896484375</ele>
        <time>2025-10-05T09:51:32.000Z</time>
        <extensions>
          <ns3:TrackPointExtension>
            <ns3:atemp>18.0</ns3:atemp>
            <ns3:hr>130</ns3:hr>
          </ns3:TrackPointExtension>
        </extensions>
      </trkpt>
      <trkpt lat="49.3914224021136760711669921875" lon="11.12349252216517925262451171875">
        <ele>371.399993896484375</ele>
        <time>2025-10-05T09:51:35.000Z</time>
        <extensions>
          <ns3:TrackPointExtension>
            <ns3:atemp>18.0</ns3:atemp>
            <ns3:hr>130</ns3:hr>
          </ns3:TrackPointExtension>
        </extensions>
      </trkpt>
      <trkpt lat="49.391437657177448272705078125" lon="11.123461760580539703369140625">
        <ele>371.399993896484375</ele>
        <time>2025-10-05T09:51:38.000Z</time>
        <extensions>
          <ns3:TrackPointExtension>
            <ns3:atemp>18.0</ns3:atemp>
            <ns3:hr>128</ns3:hr>
          </ns3:TrackPointExtension>
        </extensions>
      </trkpt>
      <trkpt lat="49.3914582766592502593994140625" lon="11.1234579049050807952880859375">
        <ele>372</ele>
        <time>2025-10-05T09:51:41.000Z</time>
        <extensions>
          <ns3:TrackPointExtension>
            <ns3:atemp>18.0</ns3:atemp>
            <ns3:hr>125</ns3:hr>
          </ns3:TrackPointExtension>
        </extensions>
      </trkpt>
      <trkpt lat="49.39145408570766448974609375" lon="11.12346611917018890380859375">
        <ele>372.20001220703125</ele>
        <time>2025-10-05T09:51:42.000Z</time>
        <extensions>
          <ns3:TrackPointExtension>
            <ns3:atemp>18.0</ns3:atemp>
            <ns3:hr>125</ns3:hr>
          </ns3:TrackPointExtension>
        </extensions>
      </trkpt>
      <trkpt lat="49.3914559297263622283935546875" lon="11.12345631234347820281982421875">
        <ele>372.20001220703125</ele>
        <time>2025-10-05T09:51:44.000Z</time>
        <extensions>
          <ns3:TrackPointExtension>
            <ns3:atemp>18.0</ns3:atemp>
            <ns3:hr>124</ns3:hr>
          </ns3:TrackPointExtension>
        </extensions>
      </trkpt>
      <trkpt lat="49.3914529122412204742431640625" lon="11.1234589107334613800048828125">
        <ele>372.20001220703125</ele>
        <time>2025-10-05T09:51:45.000Z</time>
        <extensions>
          <ns3:TrackPointExtension>
            <ns3:atemp>18.0</ns3:atemp>
            <ns3:hr>122</ns3:hr>
          </ns3:TrackPointExtension>
        </extensions>
      </trkpt>
      <trkpt lat="49.39145450480282306671142578125" lon="11.12346167676150798797607421875">
        <ele>372.79998779296875</ele>
        <time>2025-10-05T09:51:49.000Z</time>
        <extensions>
          <ns3:TrackPointExtension>
            <ns3:atemp>18.0</ns3:atemp>
            <ns3:hr>121</ns3:hr>
          </ns3:TrackPointExtension>
        </extensions>
      </trkpt>
      <trkpt lat="49.39145215786993503570556640625" lon="11.123458407819271087646484375">
        <ele>373</ele>
        <time>2025-10-05T09:51:50.000Z</time>
        <extensions>
          <ns3:TrackPointExtension>
            <ns3:atemp>18.0</ns3:atemp>
            <ns3:hr>121</ns3:hr>
          </ns3:TrackPointExtension>
        </extensions>
      </trkpt>
      <trkpt lat="49.39146389253437519073486328125" lon="11.1234304122626781463623046875">
        <ele>372.79998779296875</ele>
        <time>2025-10-05T09:52:08.000Z</time>
        <extensions>
          <ns3:TrackPointExtension>
            <ns3:atemp>18.0</ns3:atemp>
            <ns3:hr>121</ns3:hr>
          </ns3:TrackPointExtension>
        </extensions>
      </trkpt>
      <trkpt lat="49.39145534299314022064208984375" lon="11.123415492475032806396484375">
        <ele>372.79998779296875</ele>
        <time>2025-10-05T09:52:11.000Z</time>
        <extensions>
          <ns3:TrackPointExtension>
            <ns3:atemp>18.0</ns3:atemp>
            <ns3:hr>121</ns3:hr>
          </ns3:TrackPointExtension>
        </extensions>
      </trkpt>
      <trkpt lat="49.391450397670269012451171875" lon="11.123410128057003021240234375">
        <ele>372.79998779296875</ele>
        <time>2025-10-05T09:52:12.000Z</time>
        <extensions>
          <ns3:TrackPointExtension>
            <ns3:atemp>18.0</ns3:atemp>
            <ns3:hr>121</ns3:hr>
          </ns3:TrackPointExtension>
        </extensions>
      </trkpt>
      <trkpt lat="49.39145064912736415863037109375" lon="11.123408116400241851806640625">
        <ele>372.79998779296875</ele>
        <time>2025-10-05T09:52:14.000Z</time>
        <extensions>
          <ns3:TrackPointExtension>
            <ns3:atemp>19.0</ns3:atemp>
            <ns3:hr>120</ns3:hr>
          </ns3:TrackPointExtension>
        </extensions>
      </trkpt>
      <trkpt lat="49.39144595526158809661865234375" lon="11.1234091222286224365234375">
        <ele>372.79998779296875</ele>
        <time>2025-10-05T09:52:17.000Z</time>
        <extensions>
          <ns3:TrackPointExtension>
            <ns3:atemp>18.0</ns3:atemp>
            <ns3:hr>123</ns3:hr>
          </ns3:TrackPointExtension>
        </extensions>
      </trkpt>
      <trkpt lat="49.39143799245357513427734375" lon="11.123394034802913665771484375">
        <ele>372.20001220703125</ele>
        <time>2025-10-05T09:52:37.000Z</time>
        <extensions>
          <ns3:TrackPointExtension>
            <ns3:atemp>19.0</ns3:atemp>
            <ns3:hr>127</ns3:hr>
          </ns3:TrackPointExtension>
        </extensions>
      </trkpt>
      <trkpt lat="49.3914306163787841796875" lon="11.123397052288055419921875">
        <ele>372.20001220703125</ele>
        <time>2025-10-05T09:52:38.000Z</time>
        <extensions>
          <ns3:TrackPointExtension>
            <ns3:atemp>19.0</ns3:atemp>
            <ns3:hr>127</ns3:hr>
          </ns3:TrackPointExtension>
        </extensions>
      </trkpt>
      <trkpt lat="49.391422569751739501953125" lon="11.123399399220943450927734375">
        <ele>372.20001220703125</ele>
        <time>2025-10-05T09:52:39.000Z</time>
        <extensions>
          <ns3:TrackPointExtension>
            <ns3:atemp>19.0</ns3:atemp>
            <ns3:hr>126</ns3:hr>
          </ns3:TrackPointExtension>
        </extensions>
      </trkpt>
      <trkpt lat="49.39141745679080486297607421875" lon="11.12341172061860561370849609375">
        <ele>372.20001220703125</ele>
        <time>2025-10-05T09:52:43.000Z</time>
        <extensions>
          <ns3:TrackPointExtension>
            <ns3:atemp>19.0</ns3:atemp>
            <ns3:hr>128</ns3:hr>
          </ns3:TrackPointExtension>
        </extensions>
      </trkpt>
      <trkpt lat="49.3914049677550792694091796875" lon="11.123430915176868438720703125">
        <ele>369.79998779296875</ele>
        <time>2025-10-05T09:53:01.000Z</time>
        <extensions>
          <ns3:TrackPointExtension>
            <ns3:atemp>19.0</ns3:atemp>
            <ns3:hr>126</ns3:hr>
          </ns3:TrackPointExtension>
        </extensions>
      </trkpt>
      <trkpt lat="49.39138074405491352081298828125" lon="11.1234662868082523345947265625">
        <ele>370</ele>
        <time>2025-10-05T09:53:04.000Z</time>
        <extensions>
          <ns3:TrackPointExtension>
            <ns3:atemp>19.0</ns3:atemp>
            <ns3:hr>125</ns3:hr>
          </ns3:TrackPointExtension>
        </extensions>
      </trkpt>
      <trkpt lat="49.39131972379982471466064453125" lon="11.12359696067869663238525390625">
        <ele>370.600006103515625</ele>
        <time>2025-10-05T09:53:11.000Z</time>
        <extensions>
          <ns3:TrackPointExtension>
            <ns3:atemp>19.0</ns3:atemp>
            <ns3:hr>124</ns3:hr>
          </ns3:TrackPointExtension>
        </extensions>
      </trkpt>
      <trkpt lat="49.3912976793944835662841796875" lon="11.12360961735248565673828125">
        <ele>370.600006103515625</ele>
        <time>2025-10-05T09:53:13.000Z</time>
        <extensions>
          <ns3:TrackPointExtension>
            <ns3:atemp>19.0</ns3:atemp>
            <ns3:hr>123</ns3:hr>
          </ns3:TrackPointExtension>
        </extensions>
      </trkpt>
      <trkpt lat="49.39122634939849376678466796875" lon="11.123601235449314117431640625">
        <ele>370.399993896484375</ele>
        <time>2025-10-05T09:53:19.000Z</time>
        <extensions>
          <ns3:TrackPointExtension>
            <ns3:atemp>19.0</ns3:atemp>
            <ns3:hr>125</ns3:hr>
          </ns3:TrackPointExtension>
        </extensions>
      </trkpt>
      <trkpt lat="49.39117915928363800048828125" lon="11.12365546636283397674560546875">
        <ele>370.600006103515625</ele>
        <time>2025-10-05T09:53:24.000Z</time>
        <extensions>
          <ns3:TrackPointExtension>
            <ns3:atemp>19.0</ns3:atemp>
            <ns3:hr>126</ns3:hr>
          </ns3:TrackPointExtension>
        </extensions>
      </trkpt>
      <trkpt lat="49.391170777380466461181640625" lon="11.12367139197885990142822265625">
        <ele>370.600006103515625</ele>
        <time>2025-10-05T09:53:27.000Z</time>
        <extensions>
          <ns3:TrackPointExtension>
            <ns3:atemp>19.0</ns3:atemp>
            <ns3:hr>127</ns3:hr>
          </ns3:TrackPointExtension>
        </extensions>
      </trkpt>
      <trkpt lat="49.39116097055375576019287109375" lon="11.1236687935888767242431640625">
        <ele>370.600006103515625</ele>
        <time>2025-10-05T09:53:28.000Z</time>
        <extensions>
          <ns3:TrackPointExtension>
            <ns3:atemp>19.0</ns3:atemp>
            <ns3:hr>125</ns3:hr>
          </ns3:TrackPointExtension>
        </extensions>
      </trkpt>
      <trkpt lat="49.39112459309399127960205078125" lon="11.12369184382259845733642578125">
        <ele>370.79998779296875</ele>
        <time>2025-10-05T09:53:32.000Z</time>
        <extensions>
          <ns3:TrackPointExtension>
            <ns3:atemp>19.0</ns3:atemp>
            <ns3:hr>123</ns3:hr>
          </ns3:TrackPointExtension>
        </extensions>
      </trkpt>
      <trkpt lat="49.3911087512969970703125" lon="11.12370550632476806640625">
        <ele>371</ele>
        <time>2025-10-05T09:53:33.000Z</time>
        <extensions>
          <ns3:TrackPointExtension>
            <ns3:atemp>19.0</ns3:atemp>
            <ns3:hr>122</ns3:hr>
          </ns3:TrackPointExtension>
        </extensions>
      </trkpt>
      <trkpt lat="49.39107027836143970489501953125" lon="11.12377817742526531219482421875">
        <ele>371.600006103515625</ele>
        <time>2025-10-05T09:53:38.000Z</time>
        <extensions>
          <ns3:TrackPointExtension>
            <ns3:atemp>19.0</ns3:atemp>
            <ns3:hr>119</ns3:hr>
          </ns3:TrackPointExtension>
        </extensions>
      </trkpt>
      <trkpt lat="49.39103792421519756317138671875" lon="11.12380818463861942291259765625">
        <ele>371.79998779296875</ele>
        <time>2025-10-05T09:53:41.000Z</time>
        <extensions>
          <ns3:TrackPointExtension>
            <ns3:atemp>19.0</ns3:atemp>
            <ns3:hr>121</ns3:hr>
          </ns3:TrackPointExtension>
        </extensions>
      </trkpt>
      <trkpt lat="49.3910254351794719696044921875" lon="11.123804412782192230224609375">
        <ele>372</ele>
        <time>2025-10-05T09:53:42.000Z</time>
        <extensions>
          <ns3:TrackPointExtension>
            <ns3:atemp>19.0</ns3:atemp>
            <ns3:hr>120</ns3:hr>
          </ns3:TrackPointExtension>
        </extensions>
      </trkpt>
      <trkpt lat="49.390962906181812286376953125" lon="11.12378622405230998992919921875">
        <ele>372.79998779296875</ele>
        <time>2025-10-05T09:53:48.000Z</time>
        <extensions>
          <ns3:TrackPointExtension>
            <ns3:atemp>19.0</ns3:atemp>
            <ns3:hr>119</ns3:hr>
          </ns3:TrackPointExtension>
        </extensions>
      </trkpt>
      <trkpt lat="49.3909813463687896728515625" lon="11.12373174168169498443603515625">
        <ele>373</ele>
        <time>2025-10-05T09:53:50.000Z</time>
        <extensions>
          <ns3:TrackPointExtension>
            <ns3:atemp>19.0</ns3:atemp>
            <ns3:hr>119</ns3:hr>
          </ns3:TrackPointExtension>
        </extensions>
      </trkpt>
      <trkpt lat="49.3909795023500919342041015625" lon="11.1236627586185932159423828125">
        <ele>373</ele>
        <time>2025-10-05T09:53:53.000Z</time>
        <extensions>
          <ns3:TrackPointExtension>
            <ns3:atemp>19.0</ns3:atemp>
            <ns3:hr>120</ns3:hr>
          </ns3:TrackPointExtension>
        </extensions>
      </trkpt>
      <trkpt lat="49.390975646674633026123046875" lon="11.123609282076358795166015625">
        <ele>373</ele>
        <time>2025-10-05T09:53:55.000Z</time>
        <extensions>
          <ns3:TrackPointExtension>
            <ns3:atemp>19.0</ns3:atemp>
            <ns3:hr>121</ns3:hr>
          </ns3:TrackPointExtension>
        </extensions>
      </trkpt>
      <trkpt lat="49.39096583984792232513427734375" lon="11.1234102956950664520263671875">
        <ele>372.20001220703125</ele>
        <time>2025-10-05T09:54:02.000Z</time>
        <extensions>
          <ns3:TrackPointExtension>
            <ns3:atemp>19.0</ns3:atemp>
            <ns3:hr>122</ns3:hr>
          </ns3:TrackPointExtension>
        </extensions>
      </trkpt>
      <trkpt lat="49.390993081033229827880859375" lon="11.123233772814273834228515625">
        <ele>372</ele>
        <time>2025-10-05T09:54:10.000Z</time>
        <extensions>
          <ns3:TrackPointExtension>
            <ns3:atemp>19.0</ns3:atemp>
            <ns3:hr>122</ns3:hr>
          </ns3:TrackPointExtension>
        </extensions>
      </trkpt>
      <trkpt lat="49.3910452164709568023681640625" lon="11.123059093952178955078125">
        <ele>371.79998779296875</ele>
        <time>2025-10-05T09:54:19.000Z</time>
        <extensions>
          <ns3:TrackPointExtension>
            <ns3:atemp>19.0</ns3:atemp>
            <ns3:hr>121</ns3:hr>
          </ns3:TrackPointExtension>
        </extensions>
      </trkpt>
      <trkpt lat="49.391117803752422332763671875" lon="11.12292909063398838043212890625">
        <ele>371.600006103515625</ele>
        <time>2025-10-05T09:54:26.000Z</time>
        <extensions>
          <ns3:TrackPointExtension>
            <ns3:atemp>19.0</ns3:atemp>
            <ns3:hr>119</ns3:hr>
          </ns3:TrackPointExtension>
        </extensions>
      </trkpt>
      <trkpt lat="49.3911333940923213958740234375" lon="11.12291316501796245574951171875">
        <ele>371.600006103515625</ele>
        <time>2025-10-05T09:54:27.000Z</time>
        <extensions>
          <ns3:TrackPointExtension>
            <ns3:atemp>19.0</ns3:atemp>
            <ns3:hr>118</ns3:hr>
          </ns3:TrackPointExtension>
        </extensions>
      </trkpt>
      <trkpt lat="49.391166754066944122314453125" lon="11.12284661270678043365478515625">
        <ele>371.20001220703125</ele>
        <time>2025-10-05T09:54:31.000Z</time>
        <extensions>
          <ns3:TrackPointExtension>
            <ns3:atemp>19.0</ns3:atemp>
            <ns3:hr>116</ns3:hr>
          </ns3:TrackPointExtension>
        </extensions>
      </trkpt>
      <trkpt lat="49.39118913374841213226318359375" lon="11.1227702535688877105712890625">
        <ele>371</ele>
        <time>2025-10-05T09:54:35.000Z</time>
        <extensions>
          <ns3:TrackPointExtension>
            <ns3:atemp>19.0</ns3:atemp>
            <ns3:hr>116</ns3:hr>
          </ns3:TrackPointExtension>
        </extensions>
      </trkpt>
      <trkpt lat="49.391220398247241973876953125" lon="11.1226572655141353607177734375">
        <ele>370.79998779296875</ele>
        <time>2025-10-05T09:54:41.000Z</time>
        <extensions>
          <ns3:TrackPointExtension>
            <ns3:atemp>19.0</ns3:atemp>
            <ns3:hr>116</ns3:hr>
          </ns3:TrackPointExtension>
        </extensions>
      </trkpt>
      <trkpt lat="49.39123808406293392181396484375" lon="11.1226498894393444061279296875">
        <ele>370.79998779296875</ele>
        <time>2025-10-05T09:54:42.000Z</time>
        <extensions>
          <ns3:TrackPointExtension>
            <ns3:atemp>19.0</ns3:atemp>
            <ns3:hr>116</ns3:hr>
          </ns3:TrackPointExtension>
        </extensions>
      </trkpt>
      <trkpt lat="49.3912882916629314422607421875" lon="11.12257436849176883697509765625">
        <ele>370.600006103515625</ele>
        <time>2025-10-05T09:54:47.000Z</time>
        <extensions>
          <ns3:TrackPointExtension>
            <ns3:atemp>19.0</ns3:atemp>
            <ns3:hr>117</ns3:hr>
          </ns3:TrackPointExtension>
        </extensions>
      </trkpt>
      <trkpt lat="49.39130480401217937469482421875" lon="11.1225271783769130706787109375">
        <ele>370</ele>
        <time>2025-10-05T09:54:51.000Z</time>
        <extensions>
          <ns3:TrackPointExtension>
            <ns3:atemp>19.0</ns3:atemp>
            <ns3:hr>117</ns3:hr>
          </ns3:TrackPointExtension>
        </extensions>
      </trkpt>
      <trkpt lat="49.3913117609918117523193359375" lon="11.12252407707273960113525390625">
        <ele>369.600006103515625</ele>
        <time>2025-10-05T09:54:52.000Z</time>
        <extensions>
          <ns3:TrackPointExtension>
            <ns3:atemp>19.0</ns3:atemp>
            <ns3:hr>120</ns3:hr>
          </ns3:TrackPointExtension>
        </extensions>
      </trkpt>
      <trkpt lat="49.3913085758686065673828125" lon="11.12251653335988521575927734375">
        <ele>369.399993896484375</ele>
        <time>2025-10-05T09:54:53.000Z</time>
        <extensions>
          <ns3:TrackPointExtension>
            <ns3:atemp>19.0</ns3:atemp>
            <ns3:hr>117</ns3:hr>
          </ns3:TrackPointExtension>
        </extensions>
      </trkpt>
      <trkpt lat="49.3913112580776214599609375" lon="11.12250949256122112274169921875">
        <ele>369.20001220703125</ele>
        <time>2025-10-05T09:54:54.000Z</time>
        <extensions>
          <ns3:TrackPointExtension>
            <ns3:atemp>19.0</ns3:atemp>
            <ns3:hr>117</ns3:hr>
          </ns3:TrackPointExtension>
        </extensions>
      </trkpt>
      <trkpt lat="49.39131067134439945220947265625" lon="11.12250429578125476837158203125">
        <ele>369.20001220703125</ele>
        <time>2025-10-05T09:54:57.000Z</time>
        <extensions>
          <ns3:TrackPointExtension>
            <ns3:atemp>19.0</ns3:atemp>
            <ns3:hr>117</ns3:hr>
          </ns3:TrackPointExtension>
        </extensions>
      </trkpt>
      <trkpt lat="49.39132609404623508453369140625" lon="11.12251385115087032318115234375">
        <ele>369.20001220703125</ele>
        <time>2025-10-05T09:54:59.000Z</time>
        <extensions>
          <ns3:TrackPointExtension>
            <ns3:atemp>19.0</ns3:atemp>
            <ns3:hr>118</ns3:hr>
          </ns3:TrackPointExtension>
        </extensions>
      </trkpt>
      <trkpt lat="49.39133347012102603912353515625" lon="11.12251234240829944610595703125">
        <ele>369.20001220703125</ele>
        <time>2025-10-05T09:55:00.000Z</time>
        <extensions>
          <ns3:TrackPointExtension>
            <ns3:atemp>19.0</ns3:atemp>
            <ns3:hr>118</ns3:hr>
          </ns3:TrackPointExtension>
        </extensions>
      </trkpt>
      <trkpt lat="49.39133179374039173126220703125" lon="11.1224864423274993896484375">
        <ele>369</ele>
        <time>2025-10-05T09:55:05.000Z</time>
        <extensions>
          <ns3:TrackPointExtension>
            <ns3:atemp>19.0</ns3:atemp>
            <ns3:hr>119</ns3:hr>
          </ns3:TrackPointExtension>
        </extensions>
      </trkpt>
      <trkpt lat="49.39132743515074253082275390625" lon="11.12248174846172332763671875">
        <ele>368.79998779296875</ele>
        <time>2025-10-05T09:55:06.000Z</time>
        <extensions>
          <ns3:TrackPointExtension>
            <ns3:atemp>19.0</ns3:atemp>
            <ns3:hr>119</ns3:hr>
          </ns3:TrackPointExtension>
        </extensions>
      </trkpt>
      <trkpt lat="49.39132802188396453857421875" lon="11.12249222584068775177001953125">
        <ele>368.600006103515625</ele>
        <time>2025-10-05T09:55:10.000Z</time>
        <extensions>
          <ns3:TrackPointExtension>
            <ns3:atemp>19.0</ns3:atemp>
            <ns3:hr>120</ns3:hr>
          </ns3:TrackPointExtension>
        </extensions>
      </trkpt>
      <trkpt lat="49.39132802188396453857421875" lon="11.12249222584068775177001953125">
        <ele>368.79998779296875</ele>
        <time>2025-10-05T09:55:12.000Z</time>
        <extensions>
          <ns3:TrackPointExtension>
            <ns3:atemp>19.0</ns3:atemp>
            <ns3:hr>120</ns3:hr>
          </ns3:TrackPointExtension>
        </extensions>
      </trkpt>
      <trkpt lat="49.39134009182453155517578125" lon="11.1224698461592197418212890625">
        <ele>368.79998779296875</ele>
        <time>2025-10-05T09:55:17.000Z</time>
        <extensions>
          <ns3:TrackPointExtension>
            <ns3:atemp>19.0</ns3:atemp>
            <ns3:hr>120</ns3:hr>
          </ns3:TrackPointExtension>
        </extensions>
      </trkpt>
      <trkpt lat="49.3913714401423931121826171875" lon="11.122423075139522552490234375">
        <ele>368.79998779296875</ele>
        <time>2025-10-05T09:55:19.000Z</time>
        <extensions>
          <ns3:TrackPointExtension>
            <ns3:atemp>19.0</ns3:atemp>
            <ns3:hr>120</ns3:hr>
          </ns3:TrackPointExtension>
        </extensions>
      </trkpt>
      <trkpt lat="49.3914775550365447998046875" lon="11.1223040521144866943359375">
        <ele>368.399993896484375</ele>
        <time>2025-10-05T09:55:24.000Z</time>
        <extensions>
          <ns3:TrackPointExtension>
            <ns3:atemp>19.0</ns3:atemp>
            <ns3:hr>120</ns3:hr>
          </ns3:TrackPointExtension>
        </extensions>
      </trkpt>
      <trkpt lat="49.39154201187193393707275390625" lon="11.1222810856997966766357421875">
        <ele>367.79998779296875</ele>
        <time>2025-10-05T09:55:27.000Z</time>
        <extensions>
          <ns3:TrackPointExtension>
            <ns3:atemp>19.0</ns3:atemp>
            <ns3:hr>121</ns3:hr>
          </ns3:TrackPointExtension>
        </extensions>
      </trkpt>
      <trkpt lat="49.3915551714599132537841796875" lon="11.12227982841432094573974609375">
        <ele>367.399993896484375</ele>
        <time>2025-10-05T09:55:29.000Z</time>
        <extensions>
          <ns3:TrackPointExtension>
            <ns3:atemp>19.0</ns3:atemp>
            <ns3:hr>122</ns3:hr>
          </ns3:TrackPointExtension>
        </extensions>
      </trkpt>
      <trkpt lat="49.39158978872001171112060546875" lon="11.12226641736924648284912109375">
        <ele>367</ele>
        <time>2025-10-05T09:55:32.000Z</time>
        <extensions>
          <ns3:TrackPointExtension>
            <ns3:atemp>19.0</ns3:atemp>
            <ns3:hr>122</ns3:hr>
          </ns3:TrackPointExtension>
        </extensions>
      </trkpt>
      <trkpt lat="49.3916057981550693511962890625" lon="11.12225837074220180511474609375">
        <ele>367</ele>
        <time>2025-10-05T09:55:33.000Z</time>
        <extensions>
          <ns3:TrackPointExtension>
            <ns3:atemp>19.0</ns3:atemp>
            <ns3:hr>125</ns3:hr>
          </ns3:TrackPointExtension>
        </extensions>
      </trkpt>
      <trkpt lat="49.39164326526224613189697265625" lon="11.12224705517292022705078125">
        <ele>367</ele>
        <time>2025-10-05T09:55:35.000Z</time>
        <extensions>
          <ns3:TrackPointExtension>
            <ns3:atemp>19.0</ns3:atemp>
            <ns3:hr>125</ns3:hr>
          </ns3:TrackPointExtension>
        </extensions>
      </trkpt>
      <trkpt lat="49.39167310483753681182861328125" lon="11.12223674543201923370361328125">
        <ele>366.600006103515625</ele>
        <time>2025-10-05T09:55:37.000Z</time>
        <extensions>
          <ns3:TrackPointExtension>
            <ns3:atemp>19.0</ns3:atemp>
            <ns3:hr>124</ns3:hr>
          </ns3:TrackPointExtension>
        </extensions>
      </trkpt>
      <trkpt lat="49.39170747064054012298583984375" lon="11.12223272211849689483642578125">
        <ele>366.20001220703125</ele>
        <time>2025-10-05T09:55:40.000Z</time>
        <extensions>
          <ns3:TrackPointExtension>
            <ns3:atemp>20.0</ns3:atemp>
            <ns3:hr>125</ns3:hr>
          </ns3:TrackPointExtension>
        </extensions>
      </trkpt>
      <trkpt lat="49.39174133352935314178466796875" lon="11.12223154865205287933349609375">
        <ele>365.79998779296875</ele>
        <time>2025-10-05T09:55:44.000Z</time>
        <extensions>
          <ns3:TrackPointExtension>
            <ns3:atemp>20.0</ns3:atemp>
            <ns3:hr>123</ns3:hr>
          </ns3:TrackPointExtension>
        </extensions>
      </trkpt>
      <trkpt lat="49.39179900102317333221435546875" lon="11.12222517840564250946044921875">
        <ele>365.600006103515625</ele>
        <time>2025-10-05T09:55:47.000Z</time>
        <extensions>
          <ns3:TrackPointExtension>
            <ns3:atemp>20.0</ns3:atemp>
            <ns3:hr>122</ns3:hr>
          </ns3:TrackPointExtension>
        </extensions>
      </trkpt>
      <trkpt lat="49.39186857081949710845947265625" lon="11.12217069603502750396728515625">
        <ele>364.79998779296875</ele>
        <time>2025-10-05T09:55:52.000Z</time>
        <extensions>
          <ns3:TrackPointExtension>
            <ns3:atemp>20.0</ns3:atemp>
            <ns3:hr>118</ns3:hr>
          </ns3:TrackPointExtension>
        </extensions>
      </trkpt>
      <trkpt lat="49.39190226607024669647216796875" lon="11.1221647448837757110595703125">
        <ele>364.600006103515625</ele>
        <time>2025-10-05T09:55:54.000Z</time>
        <extensions>
          <ns3:TrackPointExtension>
            <ns3:atemp>20.0</ns3:atemp>
            <ns3:hr>117</ns3:hr>
          </ns3:TrackPointExtension>
        </extensions>
      </trkpt>
      <trkpt lat="49.391931854188442230224609375" lon="11.1221359111368656158447265625">
        <ele>364.399993896484375</ele>
        <time>2025-10-05T09:55:56.000Z</time>
        <extensions>
          <ns3:TrackPointExtension>
            <ns3:atemp>20.0</ns3:atemp>
            <ns3:hr>119</ns3:hr>
          </ns3:TrackPointExtension>
        </extensions>
      </trkpt>
      <trkpt lat="49.39198859967291355133056640625" lon="11.1221587099134922027587890625">
        <ele>364.20001220703125</ele>
        <time>2025-10-05T09:55:59.000Z</time>
        <extensions>
          <ns3:TrackPointExtension>
            <ns3:atemp>20.0</ns3:atemp>
            <ns3:hr>122</ns3:hr>
          </ns3:TrackPointExtension>
        </extensions>
      </trkpt>
      <trkpt lat="49.39202816225588321685791015625" lon="11.12216097302734851837158203125">
        <ele>364</ele>
        <time>2025-10-05T09:56:03.000Z</time>
        <extensions>
          <ns3:TrackPointExtension>
            <ns3:atemp>20.0</ns3:atemp>
            <ns3:hr>121</ns3:hr>
          </ns3:TrackPointExtension>
        </extensions>
      </trkpt>
      <trkpt lat="49.39209454692900180816650390625" lon="11.12210783176124095916748046875">
        <ele>363.79998779296875</ele>
        <time>2025-10-05T09:56:09.000Z</time>
        <extensions>
          <ns3:TrackPointExtension>
            <ns3:atemp>20.0</ns3:atemp>
            <ns3:hr>121</ns3:hr>
          </ns3:TrackPointExtension>
        </extensions>
      </trkpt>
      <trkpt lat="49.392200745642185211181640625" lon="11.1220170557498931884765625">
        <ele>363.399993896484375</ele>
        <time>2025-10-05T09:56:15.000Z</time>
        <extensions>
          <ns3:TrackPointExtension>
            <ns3:atemp>20.0</ns3:atemp>
            <ns3:hr>122</ns3:hr>
          </ns3:TrackPointExtension>
        </extensions>
      </trkpt>
      <trkpt lat="49.3922196887433528900146484375" lon="11.12195896916091442108154296875">
        <ele>363</ele>
        <time>2025-10-05T09:56:18.000Z</time>
        <extensions>
          <ns3:TrackPointExtension>
            <ns3:atemp>20.0</ns3:atemp>
            <ns3:hr>123</ns3:hr>
          </ns3:TrackPointExtension>
        </extensions>
      </trkpt>
      <trkpt lat="49.392228238284587860107421875" lon="11.12194086425006389617919921875">
        <ele>363</ele>
        <time>2025-10-05T09:56:19.000Z</time>
        <extensions>
          <ns3:TrackPointExtension>
            <ns3:atemp>20.0</ns3:atemp>
            <ns3:hr>119</ns3:hr>
          </ns3:TrackPointExtension>
        </extensions>
      </trkpt>
      <trkpt lat="49.39223838038742542266845703125" lon="11.121926195919513702392578125">
        <ele>363</ele>
        <time>2025-10-05T09:56:20.000Z</time>
        <extensions>
          <ns3:TrackPointExtension>
            <ns3:atemp>20.0</ns3:atemp>
            <ns3:hr>122</ns3:hr>
          </ns3:TrackPointExtension>
        </extensions>
      </trkpt>
      <trkpt lat="49.39234114252030849456787109375" lon="11.12182301469147205352783203125">
        <ele>362.399993896484375</ele>
        <time>2025-10-05T09:56:26.000Z</time>
        <extensions>
          <ns3:TrackPointExtension>
            <ns3:atemp>20.0</ns3:atemp>
            <ns3:hr>122</ns3:hr>
          </ns3:TrackPointExtension>
        </extensions>
      </trkpt>
      <trkpt lat="49.3923678807914257049560546875" lon="11.12176953814923763275146484375">
        <ele>362</ele>
        <time>2025-10-05T09:56:29.000Z</time>
        <extensions>
          <ns3:TrackPointExtension>
            <ns3:atemp>20.0</ns3:atemp>
            <ns3:hr>122</ns3:hr>
          </ns3:TrackPointExtension>
        </extensions>
      </trkpt>
      <trkpt lat="49.39238087274134159088134765625" lon="11.121714301407337188720703125">
        <ele>361.20001220703125</ele>
        <time>2025-10-05T09:56:34.000Z</time>
        <extensions>
          <ns3:TrackPointExtension>
            <ns3:atemp>20.0</ns3:atemp>
            <ns3:hr>121</ns3:hr>
          </ns3:TrackPointExtension>
        </extensions>
      </trkpt>
      <trkpt lat="49.392385147511959075927734375" lon="11.12170390784740447998046875">
        <ele>361.20001220703125</ele>
        <time>2025-10-05T09:56:35.000Z</time>
        <extensions>
          <ns3:TrackPointExtension>
            <ns3:atemp>20.0</ns3:atemp>
            <ns3:hr>121</ns3:hr>
          </ns3:TrackPointExtension>
        </extensions>
      </trkpt>
      <trkpt lat="49.39238011837005615234375" lon="11.121683456003665924072265625">
        <ele>361.20001220703125</ele>
        <time>2025-10-05T09:56:36.000Z</time>
        <extensions>
          <ns3:TrackPointExtension>
            <ns3:atemp>20.0</ns3:atemp>
            <ns3:hr>121</ns3:hr>
          </ns3:TrackPointExtension>
        </extensions>
      </trkpt>
      <trkpt lat="49.39240551553666591644287109375" lon="11.1216361820697784423828125">
        <ele>360.79998779296875</ele>
        <time>2025-10-05T09:56:39.000Z</time>
        <extensions>
          <ns3:TrackPointExtension>
            <ns3:atemp>20.0</ns3:atemp>
            <ns3:hr>121</ns3:hr>
          </ns3:TrackPointExtension>
        </extensions>
      </trkpt>
      <trkpt lat="49.3924377858638763427734375" lon="11.12161614932119846343994140625">
        <ele>360.600006103515625</ele>
        <time>2025-10-05T09:56:42.000Z</time>
        <extensions>
          <ns3:TrackPointExtension>
            <ns3:atemp>20.0</ns3:atemp>
            <ns3:hr>122</ns3:hr>
          </ns3:TrackPointExtension>
        </extensions>
      </trkpt>
      <trkpt lat="49.3924322538077831268310546875" lon="11.12160089425742626190185546875">
        <ele>360.600006103515625</ele>
        <time>2025-10-05T09:56:43.000Z</time>
        <extensions>
          <ns3:TrackPointExtension>
            <ns3:atemp>20.0</ns3:atemp>
            <ns3:hr>123</ns3:hr>
          </ns3:TrackPointExtension>
        </extensions>
      </trkpt>
      <trkpt lat="49.3924483470618724822998046875" lon="11.12157742492854595184326171875">
        <ele>360.600006103515625</ele>
        <time>2025-10-05T09:56:45.000Z</time>
        <extensions>
          <ns3:TrackPointExtension>
            <ns3:atemp>20.0</ns3:atemp>
            <ns3:hr>123</ns3:hr>
          </ns3:TrackPointExtension>
        </extensions>
      </trkpt>
      <trkpt lat="49.39247223548591136932373046875" lon="11.12154540605843067169189453125">
        <ele>360.600006103515625</ele>
        <time>2025-10-05T09:56:47.000Z</time>
        <extensions>
          <ns3:TrackPointExtension>
            <ns3:atemp>20.0</ns3:atemp>
            <ns3:hr>123</ns3:hr>
          </ns3:TrackPointExtension>
        </extensions>
      </trkpt>
      <trkpt lat="49.3924781866371631622314453125" lon="11.121530570089817047119140625">
        <ele>360.600006103515625</ele>
        <time>2025-10-05T09:56:48.000Z</time>
        <extensions>
          <ns3:TrackPointExtension>
            <ns3:atemp>20.0</ns3:atemp>
            <ns3:hr>123</ns3:hr>
          </ns3:TrackPointExtension>
        </extensions>
      </trkpt>
      <trkpt lat="49.39250308088958263397216796875" lon="11.12147592008113861083984375">
        <ele>360.20001220703125</ele>
        <time>2025-10-05T09:56:51.000Z</time>
        <extensions>
          <ns3:TrackPointExtension>
            <ns3:atemp>20.0</ns3:atemp>
            <ns3:hr>122</ns3:hr>
          </ns3:TrackPointExtension>
        </extensions>
      </trkpt>
      <trkpt lat="49.3925542943179607391357421875" lon="11.12143543548882007598876953125">
        <ele>359.600006103515625</ele>
        <time>2025-10-05T09:56:54.000Z</time>
        <extensions>
          <ns3:TrackPointExtension>
            <ns3:atemp>20.0</ns3:atemp>
            <ns3:hr>122</ns3:hr>
          </ns3:TrackPointExtension>
        </extensions>
      </trkpt>
      <trkpt lat="49.39258991740643978118896484375" lon="11.12136326730251312255859375">
        <ele>359</ele>
        <time>2025-10-05T09:56:58.000Z</time>
        <extensions>
          <ns3:TrackPointExtension>
            <ns3:atemp>20.0</ns3:atemp>
            <ns3:hr>122</ns3:hr>
          </ns3:TrackPointExtension>
        </extensions>
      </trkpt>
      <trkpt lat="49.3926139734685420989990234375" lon="11.12132580019533634185791015625">
        <ele>358.399993896484375</ele>
        <time>2025-10-05T09:57:00.000Z</time>
        <extensions>
          <ns3:TrackPointExtension>
            <ns3:atemp>20.0</ns3:atemp>
            <ns3:hr>123</ns3:hr>
          </ns3:TrackPointExtension>
        </extensions>
      </trkpt>
      <trkpt lat="49.392632581293582916259765625" lon="11.12131766974925994873046875">
        <ele>358.20001220703125</ele>
        <time>2025-10-05T09:57:01.000Z</time>
        <extensions>
          <ns3:TrackPointExtension>
            <ns3:atemp>20.0</ns3:atemp>
            <ns3:hr>121</ns3:hr>
          </ns3:TrackPointExtension>
        </extensions>
      </trkpt>
      <trkpt lat="49.392645321786403656005859375" lon="11.12130702473223209381103515625">
        <ele>358</ele>
        <time>2025-10-05T09:57:02.000Z</time>
        <extensions>
          <ns3:TrackPointExtension>
            <ns3:atemp>20.0</ns3:atemp>
            <ns3:hr>124</ns3:hr>
          </ns3:TrackPointExtension>
        </extensions>
      </trkpt>
      <trkpt lat="49.39264976419508457183837890625" lon="11.1212943680584430694580078125">
        <ele>357.79998779296875</ele>
        <time>2025-10-05T09:57:03.000Z</time>
        <extensions>
          <ns3:TrackPointExtension>
            <ns3:atemp>20.0</ns3:atemp>
            <ns3:hr>121</ns3:hr>
          </ns3:TrackPointExtension>
        </extensions>
      </trkpt>
      <trkpt lat="49.392686896026134490966796875" lon="11.12128816545009613037109375">
        <ele>357.600006103515625</ele>
        <time>2025-10-05T09:57:05.000Z</time>
        <extensions>
          <ns3:TrackPointExtension>
            <ns3:atemp>20.0</ns3:atemp>
            <ns3:hr>122</ns3:hr>
          </ns3:TrackPointExtension>
        </extensions>
      </trkpt>
      <trkpt lat="49.39278303645551204681396484375" lon="11.1212182603776454925537109375">
        <ele>356.79998779296875</ele>
        <time>2025-10-05T09:57:10.000Z</time>
        <extensions>
          <ns3:TrackPointExtension>
            <ns3:atemp>20.0</ns3:atemp>
            <ns3:hr>122</ns3:hr>
          </ns3:TrackPointExtension>
        </extensions>
      </trkpt>
      <trkpt lat="49.392829053103923797607421875" lon="11.12122136168181896209716796875">
        <ele>356.600006103515625</ele>
        <time>2025-10-05T09:57:12.000Z</time>
        <extensions>
          <ns3:TrackPointExtension>
            <ns3:atemp>20.0</ns3:atemp>
            <ns3:hr>122</ns3:hr>
          </ns3:TrackPointExtension>
        </extensions>
      </trkpt>
      <trkpt lat="49.39290273003280162811279296875" lon="11.1210868321359157562255859375">
        <ele>356.20001220703125</ele>
        <time>2025-10-05T09:57:19.000Z</time>
        <extensions>
          <ns3:TrackPointExtension>
            <ns3:atemp>20.0</ns3:atemp>
            <ns3:hr>119</ns3:hr>
          </ns3:TrackPointExtension>
        </extensions>
      </trkpt>
      <trkpt lat="49.39296660013496875762939453125" lon="11.12102706916630268096923828125">
        <ele>356.399993896484375</ele>
        <time>2025-10-05T09:57:24.000Z</time>
        <extensions>
          <ns3:TrackPointExtension>
            <ns3:atemp>20.0</ns3:atemp>
            <ns3:hr>114</ns3:hr>
          </ns3:TrackPointExtension>
        </extensions>
      </trkpt>
      <trkpt lat="49.3929921649396419525146484375" lon="11.12099454738199710845947265625">
        <ele>356.399993896484375</ele>
        <time>2025-10-05T09:57:26.000Z</time>
        <extensions>
          <ns3:TrackPointExtension>
            <ns3:atemp>20.0</ns3:atemp>
            <ns3:hr>111</ns3:hr>
          </ns3:TrackPointExtension>
        </extensions>
      </trkpt>
      <trkpt lat="49.39300599507987499237060546875" lon="11.12101550213992595672607421875">
        <ele>356.399993896484375</ele>
        <time>2025-10-05T09:57:28.000Z</time>
        <extensions>
          <ns3:TrackPointExtension>
            <ns3:atemp>20.0</ns3:atemp>
            <ns3:hr>110</ns3:hr>
          </ns3:TrackPointExtension>
        </extensions>
      </trkpt>
      <trkpt lat="49.39302996732294559478759765625" lon="11.1210380494594573974609375">
        <ele>355.79998779296875</ele>
        <time>2025-10-05T09:57:31.000Z</time>
        <extensions>
          <ns3:TrackPointExtension>
            <ns3:atemp>20.0</ns3:atemp>
            <ns3:hr>109</ns3:hr>
          </ns3:TrackPointExtension>
        </extensions>
      </trkpt>
      <trkpt lat="49.393042623996734619140625" lon="11.12105020321905612945556640625">
        <ele>355.399993896484375</ele>
        <time>2025-10-05T09:57:32.000Z</time>
        <extensions>
          <ns3:TrackPointExtension>
            <ns3:atemp>20.0</ns3:atemp>
            <ns3:hr>109</ns3:hr>
          </ns3:TrackPointExtension>
        </extensions>
      </trkpt>
      <trkpt lat="49.39305134117603302001953125" lon="11.12106042914092540740966796875">
        <ele>355.20001220703125</ele>
        <time>2025-10-05T09:57:33.000Z</time>
        <extensions>
          <ns3:TrackPointExtension>
            <ns3:atemp>20.0</ns3:atemp>
            <ns3:hr>109</ns3:hr>
          </ns3:TrackPointExtension>
        </extensions>
      </trkpt>
      <trkpt lat="49.39310708083212375640869140625" lon="11.12109764479100704193115234375">
        <ele>354.399993896484375</ele>
        <time>2025-10-05T09:57:38.000Z</time>
        <extensions>
          <ns3:TrackPointExtension>
            <ns3:atemp>20.0</ns3:atemp>
            <ns3:hr>108</ns3:hr>
          </ns3:TrackPointExtension>
        </extensions>
      </trkpt>
      <trkpt lat="49.39314094372093677520751953125" lon="11.12109647132456302642822265625">
        <ele>354</ele>
        <time>2025-10-05T09:57:41.000Z</time>
        <extensions>
          <ns3:TrackPointExtension>
            <ns3:atemp>20.0</ns3:atemp>
            <ns3:hr>108</ns3:hr>
          </ns3:TrackPointExtension>
        </extensions>
      </trkpt>
      <trkpt lat="49.39317665062844753265380859375" lon="11.1211233772337436676025390625">
        <ele>353.79998779296875</ele>
        <time>2025-10-05T09:57:44.000Z</time>
        <extensions>
          <ns3:TrackPointExtension>
            <ns3:atemp>20.0</ns3:atemp>
            <ns3:hr>108</ns3:hr>
          </ns3:TrackPointExtension>
        </extensions>
      </trkpt>
      <trkpt lat="49.3932456336915493011474609375" lon="11.121175847947597503662109375">
        <ele>353.79998779296875</ele>
        <time>2025-10-05T09:57:48.000Z</time>
        <extensions>
          <ns3:TrackPointExtension>
            <ns3:atemp>20.0</ns3:atemp>
            <ns3:hr>108</ns3:hr>
          </ns3:TrackPointExtension>
        </extensions>
      </trkpt>
      <trkpt lat="49.39328695647418498992919921875" lon="11.12120476551353931427001953125">
        <ele>354.600006103515625</ele>
        <time>2025-10-05T09:57:51.000Z</time>
        <extensions>
          <ns3:TrackPointExtension>
            <ns3:atemp>20.0</ns3:atemp>
            <ns3:hr>107</ns3:hr>
          </ns3:TrackPointExtension>
        </extensions>
      </trkpt>
      <trkpt lat="49.39333255402743816375732421875" lon="11.1212574876844882965087890625">
        <ele>354.600006103515625</ele>
        <time>2025-10-05T09:57:55.000Z</time>
        <extensions>
          <ns3:TrackPointExtension>
            <ns3:atemp>20.0</ns3:atemp>
            <ns3:hr>107</ns3:hr>
          </ns3:TrackPointExtension>
        </extensions>
      </trkpt>
      <trkpt lat="49.39335920847952365875244140625" lon="11.121258996427059173583984375">
        <ele>354.20001220703125</ele>
        <time>2025-10-05T09:57:58.000Z</time>
        <extensions>
          <ns3:TrackPointExtension>
            <ns3:atemp>20.0</ns3:atemp>
            <ns3:hr>107</ns3:hr>
          </ns3:TrackPointExtension>
        </extensions>
      </trkpt>
      <trkpt lat="49.39340539276599884033203125" lon="11.121299564838409423828125">
        <ele>354</ele>
        <time>2025-10-05T09:58:02.000Z</time>
        <extensions>
          <ns3:TrackPointExtension>
            <ns3:atemp>20.0</ns3:atemp>
            <ns3:hr>106</ns3:hr>
          </ns3:TrackPointExtension>
        </extensions>
      </trkpt>
      <trkpt lat="49.39350656233727931976318359375" lon="11.12131339497864246368408203125">
        <ele>353.600006103515625</ele>
        <time>2025-10-05T09:58:08.000Z</time>
        <extensions>
          <ns3:TrackPointExtension>
            <ns3:atemp>20.0</ns3:atemp>
            <ns3:hr>109</ns3:hr>
          </ns3:TrackPointExtension>
        </extensions>
      </trkpt>
      <trkpt lat="49.39353707246482372283935546875" lon="11.121334768831729888916015625">
        <ele>353.600006103515625</ele>
        <time>2025-10-05T09:58:10.000Z</time>
        <extensions>
          <ns3:TrackPointExtension>
            <ns3:atemp>20.0</ns3:atemp>
            <ns3:hr>110</ns3:hr>
          </ns3:TrackPointExtension>
        </extensions>
      </trkpt>
      <trkpt lat="49.393547214567661285400390625" lon="11.1213275603950023651123046875">
        <ele>353.79998779296875</ele>
        <time>2025-10-05T09:58:12.000Z</time>
        <extensions>
          <ns3:TrackPointExtension>
            <ns3:atemp>20.0</ns3:atemp>
            <ns3:hr>110</ns3:hr>
          </ns3:TrackPointExtension>
        </extensions>
      </trkpt>
      <trkpt lat="49.3935799039900302886962890625" lon="11.1213438212871551513671875">
        <ele>353.79998779296875</ele>
        <time>2025-10-05T09:58:15.000Z</time>
        <extensions>
          <ns3:TrackPointExtension>
            <ns3:atemp>20.0</ns3:atemp>
            <ns3:hr>112</ns3:hr>
          </ns3:TrackPointExtension>
        </extensions>
      </trkpt>
      <trkpt lat="49.39359775744378566741943359375" lon="11.121366955339908599853515625">
        <ele>353.79998779296875</ele>
        <time>2025-10-05T09:58:17.000Z</time>
        <extensions>
          <ns3:TrackPointExtension>
            <ns3:atemp>20.0</ns3:atemp>
            <ns3:hr>112</ns3:hr>
          </ns3:TrackPointExtension>
        </extensions>
      </trkpt>
      <trkpt lat="49.39366967417299747467041015625" lon="11.1213661171495914459228515625">
        <ele>353.79998779296875</ele>
        <time>2025-10-05T09:58:23.000Z</time>
        <extensions>
          <ns3:TrackPointExtension>
            <ns3:atemp>20.0</ns3:atemp>
            <ns3:hr>114</ns3:hr>
          </ns3:TrackPointExtension>
        </extensions>
      </trkpt>
      <trkpt lat="49.3938601948320865631103515625" lon="11.1213842220604419708251953125">
        <ele>354</ele>
        <time>2025-10-05T09:58:33.000Z</time>
        <extensions>
          <ns3:TrackPointExtension>
            <ns3:atemp>20.0</ns3:atemp>
            <ns3:hr>113</ns3:hr>
          </ns3:TrackPointExtension>
        </extensions>
      </trkpt>
      <trkpt lat="49.3939559161663055419921875" lon="11.12146426923573017120361328125">
        <ele>354</ele>
        <time>2025-10-05T09:58:40.000Z</time>
        <extensions>
          <ns3:TrackPointExtension>
            <ns3:atemp>20.0</ns3:atemp>
            <ns3:hr>113</ns3:hr>
          </ns3:TrackPointExtension>
        </extensions>
      </trkpt>
      <trkpt lat="49.393994808197021484375" lon="11.121491007506847381591796875">
        <ele>354</ele>
        <time>2025-10-05T09:58:43.000Z</time>
        <extensions>
          <ns3:TrackPointExtension>
            <ns3:atemp>20.0</ns3:atemp>
            <ns3:hr>113</ns3:hr>
          </ns3:TrackPointExtension>
        </extensions>
      </trkpt>
      <trkpt lat="49.39406798221170902252197265625" lon="11.121440716087818145751953125">
        <ele>353.79998779296875</ele>
        <time>2025-10-05T09:58:48.000Z</time>
        <extensions>
          <ns3:TrackPointExtension>
            <ns3:atemp>20.0</ns3:atemp>
            <ns3:hr>113</ns3:hr>
          </ns3:TrackPointExtension>
        </extensions>
      </trkpt>
      <trkpt lat="49.3941019289195537567138671875" lon="11.12148136831820011138916015625">
        <ele>353.79998779296875</ele>
        <time>2025-10-05T09:58:50.000Z</time>
        <extensions>
          <ns3:TrackPointExtension>
            <ns3:atemp>20.0</ns3:atemp>
            <ns3:hr>113</ns3:hr>
          </ns3:TrackPointExtension>
        </extensions>
      </trkpt>
      <trkpt lat="49.394111149013042449951171875" lon="11.12148799002170562744140625">
        <ele>353.79998779296875</ele>
        <time>2025-10-05T09:58:52.000Z</time>
        <extensions>
          <ns3:TrackPointExtension>
            <ns3:atemp>20.0</ns3:atemp>
            <ns3:hr>113</ns3:hr>
          </ns3:TrackPointExtension>
        </extensions>
      </trkpt>
      <trkpt lat="49.3941168487071990966796875" lon="11.12148120068013668060302734375">
        <ele>353.79998779296875</ele>
        <time>2025-10-05T09:58:53.000Z</time>
        <extensions>
          <ns3:TrackPointExtension>
            <ns3:atemp>19.0</ns3:atemp>
            <ns3:hr>113</ns3:hr>
          </ns3:TrackPointExtension>
        </extensions>
      </trkpt>
      <trkpt lat="49.3942293338477611541748046875" lon="11.1214455775916576385498046875">
        <ele>353.600006103515625</ele>
        <time>2025-10-05T09:58:59.000Z</time>
        <extensions>
          <ns3:TrackPointExtension>
            <ns3:atemp>19.0</ns3:atemp>
            <ns3:hr>114</ns3:hr>
          </ns3:TrackPointExtension>
        </extensions>
      </trkpt>
      <trkpt lat="49.3942769430577754974365234375" lon="11.12143308855593204498291015625">
        <ele>353.600006103515625</ele>
        <time>2025-10-05T09:59:03.000Z</time>
        <extensions>
          <ns3:TrackPointExtension>
            <ns3:atemp>19.0</ns3:atemp>
            <ns3:hr>115</ns3:hr>
          </ns3:TrackPointExtension>
        </extensions>
      </trkpt>
      <trkpt lat="49.39429588615894317626953125" lon="11.1214190907776355743408203125">
        <ele>353.399993896484375</ele>
        <time>2025-10-05T09:59:05.000Z</time>
        <extensions>
          <ns3:TrackPointExtension>
            <ns3:atemp>19.0</ns3:atemp>
            <ns3:hr>115</ns3:hr>
          </ns3:TrackPointExtension>
        </extensions>
      </trkpt>
      <trkpt lat="49.394319020211696624755859375" lon="11.12140207551419734954833984375">
        <ele>353.399993896484375</ele>
        <time>2025-10-05T09:59:07.000Z</time>
        <extensions>
          <ns3:TrackPointExtension>
            <ns3:atemp>19.0</ns3:atemp>
            <ns3:hr>114</ns3:hr>
          </ns3:TrackPointExtension>
        </extensions>
      </trkpt>
      <trkpt lat="49.39440610818564891815185546875" lon="11.12141020596027374267578125">
        <ele>353.600006103515625</ele>
        <time>2025-10-05T09:59:13.000Z</time>
        <extensions>
          <ns3:TrackPointExtension>
            <ns3:atemp>19.0</ns3:atemp>
            <ns3:hr>112</ns3:hr>
          </ns3:TrackPointExtension>
        </extensions>
      </trkpt>
      <trkpt lat="49.394494034349918365478515625" lon="11.12153601832687854766845703125">
        <ele>353.399993896484375</ele>
        <time>2025-10-05T09:59:20.000Z</time>
        <extensions>
          <ns3:TrackPointExtension>
            <ns3:atemp>20.0</ns3:atemp>
            <ns3:hr>111</ns3:hr>
          </ns3:TrackPointExtension>
        </extensions>
      </trkpt>
      <trkpt lat="49.39459319226443767547607421875" lon="11.121728383004665374755859375">
        <ele>353.399993896484375</ele>
        <time>2025-10-05T09:59:28.000Z</time>
        <extensions>
          <ns3:TrackPointExtension>
            <ns3:atemp>19.0</ns3:atemp>
            <ns3:hr>111</ns3:hr>
          </ns3:TrackPointExtension>
        </extensions>
      </trkpt>
      <trkpt lat="49.39460928551852703094482421875" lon="11.12193583510816097259521484375">
        <ele>353.600006103515625</ele>
        <time>2025-10-05T09:59:37.000Z</time>
        <extensions>
          <ns3:TrackPointExtension>
            <ns3:atemp>19.0</ns3:atemp>
            <ns3:hr>111</ns3:hr>
          </ns3:TrackPointExtension>
        </extensions>
      </trkpt>
      <trkpt lat="49.3946350179612636566162109375" lon="11.122092492878437042236328125">
        <ele>353.600006103515625</ele>
        <time>2025-10-05T09:59:45.000Z</time>
        <extensions>
          <ns3:TrackPointExtension>
            <ns3:atemp>19.0</ns3:atemp>
            <ns3:hr>111</ns3:hr>
          </ns3:TrackPointExtension>
        </extensions>
      </trkpt>
      <trkpt lat="49.39470265991985797882080078125" lon="11.122221909463405609130859375">
        <ele>353.399993896484375</ele>
        <time>2025-10-05T09:59:51.000Z</time>
        <extensions>
          <ns3:TrackPointExtension>
            <ns3:atemp>19.0</ns3:atemp>
            <ns3:hr>109</ns3:hr>
          </ns3:TrackPointExtension>
        </extensions>
      </trkpt>
      <trkpt lat="49.394705258309841156005859375" lon="11.1222369968891143798828125">
        <ele>353.399993896484375</ele>
        <time>2025-10-05T09:59:52.000Z</time>
        <extensions>
          <ns3:TrackPointExtension>
            <ns3:atemp>19.0</ns3:atemp>
            <ns3:hr>110</ns3:hr>
          </ns3:TrackPointExtension>
        </extensions>
      </trkpt>
      <trkpt lat="49.39474373124539852142333984375" lon="11.12233447842299938201904296875">
        <ele>353.20001220703125</ele>
        <time>2025-10-05T09:59:57.000Z</time>
        <extensions>
          <ns3:TrackPointExtension>
            <ns3:atemp>19.0</ns3:atemp>
            <ns3:hr>111</ns3:hr>
          </ns3:TrackPointExtension>
        </extensions>
      </trkpt>
      <trkpt lat="49.394764602184295654296875" lon="11.122375465929508209228515625">
        <ele>353.20001220703125</ele>
        <time>2025-10-05T09:59:59.000Z</time>
        <extensions>
          <ns3:TrackPointExtension>
            <ns3:atemp>19.0</ns3:atemp>
            <ns3:hr>110</ns3:hr>
          </ns3:TrackPointExtension>
        </extensions>
      </trkpt>
      <trkpt lat="49.394777677953243255615234375" lon="11.12242952920496463775634765625">
        <ele>353.20001220703125</ele>
        <time>2025-10-05T10:00:02.000Z</time>
        <extensions>
          <ns3:TrackPointExtension>
            <ns3:atemp>19.0</ns3:atemp>
            <ns3:hr>112</ns3:hr>
          </ns3:TrackPointExtension>
        </extensions>
      </trkpt>
      <trkpt lat="49.39480575732886791229248046875" lon="11.12254100851714611053466796875">
        <ele>353.600006103515625</ele>
        <time>2025-10-05T10:00:08.000Z</time>
        <extensions>
          <ns3:TrackPointExtension>
            <ns3:atemp>19.0</ns3:atemp>
            <ns3:hr>113</ns3:hr>
          </ns3:TrackPointExtension>
        </extensions>
      </trkpt>
      <trkpt lat="49.39482386223971843719482421875" lon="11.12257520668208599090576171875">
        <ele>353.79998779296875</ele>
        <time>2025-10-05T10:00:10.000Z</time>
        <extensions>
          <ns3:TrackPointExtension>
            <ns3:atemp>19.0</ns3:atemp>
            <ns3:hr>113</ns3:hr>
          </ns3:TrackPointExtension>
        </extensions>
      </trkpt>
      <trkpt lat="49.39482587389647960662841796875" lon="11.12258794717490673065185546875">
        <ele>353.79998779296875</ele>
        <time>2025-10-05T10:00:11.000Z</time>
        <extensions>
          <ns3:TrackPointExtension>
            <ns3:atemp>19.0</ns3:atemp>
            <ns3:hr>113</ns3:hr>
          </ns3:TrackPointExtension>
        </extensions>
      </trkpt>
      <trkpt lat="49.394845068454742431640625" lon="11.12264209426939487457275390625">
        <ele>353.79998779296875</ele>
        <time>2025-10-05T10:00:15.000Z</time>
        <extensions>
          <ns3:TrackPointExtension>
            <ns3:atemp>19.0</ns3:atemp>
            <ns3:hr>112</ns3:hr>
          </ns3:TrackPointExtension>
        </extensions>
      </trkpt>
      <trkpt lat="49.3948935158550739288330078125" lon="11.1227135919034481048583984375">
        <ele>353.79998779296875</ele>
        <time>2025-10-05T10:00:19.000Z</time>
        <extensions>
          <ns3:TrackPointExtension>
            <ns3:atemp>19.0</ns3:atemp>
            <ns3:hr>112</ns3:hr>
          </ns3:TrackPointExtension>
        </extensions>
      </trkpt>
      <trkpt lat="49.39494363963603973388671875" lon="11.12274728715419769287109375">
        <ele>353.79998779296875</ele>
        <time>2025-10-05T10:00:22.000Z</time>
        <extensions>
          <ns3:TrackPointExtension>
            <ns3:atemp>19.0</ns3:atemp>
            <ns3:hr>112</ns3:hr>
          </ns3:TrackPointExtension>
        </extensions>
      </trkpt>
      <trkpt lat="49.39493651501834392547607421875" lon="11.12271887250244617462158203125">
        <ele>354.20001220703125</ele>
        <time>2025-10-05T10:00:24.000Z</time>
        <extensions>
          <ns3:TrackPointExtension>
            <ns3:atemp>19.0</ns3:atemp>
            <ns3:hr>111</ns3:hr>
          </ns3:TrackPointExtension>
        </extensions>
      </trkpt>
      <trkpt lat="49.3949612416326999664306640625" lon="11.12271367572247982025146484375">
        <ele>354.20001220703125</ele>
        <time>2025-10-05T10:00:26.000Z</time>
        <extensions>
          <ns3:TrackPointExtension>
            <ns3:atemp>19.0</ns3:atemp>
            <ns3:hr>111</ns3:hr>
          </ns3:TrackPointExtension>
        </extensions>
      </trkpt>
      <trkpt lat="49.395069368183612823486328125" lon="11.12268182449042797088623046875">
        <ele>354</ele>
        <time>2025-10-05T10:00:34.000Z</time>
        <extensions>
          <ns3:TrackPointExtension>
            <ns3:atemp>19.0</ns3:atemp>
            <ns3:hr>112</ns3:hr>
          </ns3:TrackPointExtension>
        </extensions>
      </trkpt>
      <trkpt lat="49.39514170400798320770263671875" lon="11.12264879979193210601806640625">
        <ele>354.399993896484375</ele>
        <time>2025-10-05T10:00:40.000Z</time>
        <extensions>
          <ns3:TrackPointExtension>
            <ns3:atemp>19.0</ns3:atemp>
            <ns3:hr>112</ns3:hr>
          </ns3:TrackPointExtension>
        </extensions>
      </trkpt>
      <trkpt lat="49.3951711244881153106689453125" lon="11.12260647118091583251953125">
        <ele>354.600006103515625</ele>
        <time>2025-10-05T10:00:43.000Z</time>
        <extensions>
          <ns3:TrackPointExtension>
            <ns3:atemp>19.0</ns3:atemp>
            <ns3:hr>112</ns3:hr>
          </ns3:TrackPointExtension>
        </extensions>
      </trkpt>
      <trkpt lat="49.39522518776357173919677734375" lon="11.12253296189010143280029296875">
        <ele>354.600006103515625</ele>
        <time>2025-10-05T10:00:47.000Z</time>
        <extensions>
          <ns3:TrackPointExtension>
            <ns3:atemp>19.0</ns3:atemp>
            <ns3:hr>111</ns3:hr>
          </ns3:TrackPointExtension>
        </extensions>
      </trkpt>
      <trkpt lat="49.39524044282734394073486328125" lon="11.122495494782924652099609375">
        <ele>354.20001220703125</ele>
        <time>2025-10-05T10:00:49.000Z</time>
        <extensions>
          <ns3:TrackPointExtension>
            <ns3:atemp>19.0</ns3:atemp>
            <ns3:hr>110</ns3:hr>
          </ns3:TrackPointExtension>
        </extensions>
      </trkpt>
      <trkpt lat="49.39532258547842502593994140625" lon="11.12242030911147594451904296875">
        <ele>353.399993896484375</ele>
        <time>2025-10-05T10:00:55.000Z</time>
        <extensions>
          <ns3:TrackPointExtension>
            <ns3:atemp>19.0</ns3:atemp>
            <ns3:hr>110</ns3:hr>
          </ns3:TrackPointExtension>
        </extensions>
      </trkpt>
      <trkpt lat="49.39535477198660373687744140625" lon="11.12239181064069271087646484375">
        <ele>353.20001220703125</ele>
        <time>2025-10-05T10:00:57.000Z</time>
        <extensions>
          <ns3:TrackPointExtension>
            <ns3:atemp>19.0</ns3:atemp>
            <ns3:hr>110</ns3:hr>
          </ns3:TrackPointExtension>
        </extensions>
      </trkpt>
      <trkpt lat="49.39547312445938587188720703125" lon="11.12226490862667560577392578125">
        <ele>352.79998779296875</ele>
        <time>2025-10-05T10:01:06.000Z</time>
        <extensions>
          <ns3:TrackPointExtension>
            <ns3:atemp>19.0</ns3:atemp>
            <ns3:hr>106</ns3:hr>
          </ns3:TrackPointExtension>
        </extensions>
      </trkpt>
      <trkpt lat="49.395485781133174896240234375" lon="11.12223741598427295684814453125">
        <ele>352.79998779296875</ele>
        <time>2025-10-05T10:01:07.000Z</time>
        <extensions>
          <ns3:TrackPointExtension>
            <ns3:atemp>19.0</ns3:atemp>
            <ns3:hr>106</ns3:hr>
          </ns3:TrackPointExtension>
        </extensions>
      </trkpt>
      <trkpt lat="49.39555476419627666473388671875" lon="11.12217673100531101226806640625">
        <ele>352.79998779296875</ele>
        <time>2025-10-05T10:01:13.000Z</time>
        <extensions>
          <ns3:TrackPointExtension>
            <ns3:atemp>19.0</ns3:atemp>
            <ns3:hr>106</ns3:hr>
          </ns3:TrackPointExtension>
        </extensions>
      </trkpt>
      <trkpt lat="49.3955741263926029205322265625" lon="11.12216851674020290374755859375">
        <ele>352.79998779296875</ele>
        <time>2025-10-05T10:01:14.000Z</time>
        <extensions>
          <ns3:TrackPointExtension>
            <ns3:atemp>19.0</ns3:atemp>
            <ns3:hr>103</ns3:hr>
          </ns3:TrackPointExtension>
        </extensions>
      </trkpt>
      <trkpt lat="49.3956224061548709869384765625" lon="11.12214236520230770111083984375">
        <ele>352.600006103515625</ele>
        <time>2025-10-05T10:01:18.000Z</time>
        <extensions>
          <ns3:TrackPointExtension>
            <ns3:atemp>19.0</ns3:atemp>
            <ns3:hr>104</ns3:hr>
          </ns3:TrackPointExtension>
        </extensions>
      </trkpt>
      <trkpt lat="49.39563673920929431915283203125" lon="11.1220732145011425018310546875">
        <ele>352.399993896484375</ele>
        <time>2025-10-05T10:01:21.000Z</time>
        <extensions>
          <ns3:TrackPointExtension>
            <ns3:atemp>19.0</ns3:atemp>
            <ns3:hr>103</ns3:hr>
          </ns3:TrackPointExtension>
        </extensions>
      </trkpt>
      <trkpt lat="49.3956985138356685638427734375" lon="11.1220557801425457000732421875">
        <ele>352.399993896484375</ele>
        <time>2025-10-05T10:01:24.000Z</time>
        <extensions>
          <ns3:TrackPointExtension>
            <ns3:atemp>19.0</ns3:atemp>
            <ns3:hr>106</ns3:hr>
          </ns3:TrackPointExtension>
        </extensions>
      </trkpt>
      <trkpt lat="49.39574603922665119171142578125" lon="11.12201948650181293487548828125">
        <ele>352.399993896484375</ele>
        <time>2025-10-05T10:01:29.000Z</time>
        <extensions>
          <ns3:TrackPointExtension>
            <ns3:atemp>19.0</ns3:atemp>
            <ns3:hr>108</ns3:hr>
          </ns3:TrackPointExtension>
        </extensions>
      </trkpt>
      <trkpt lat="49.39578962512314319610595703125" lon="11.12196751870214939117431640625">
        <ele>352.399993896484375</ele>
        <time>2025-10-05T10:01:33.000Z</time>
        <extensions>
          <ns3:TrackPointExtension>
            <ns3:atemp>19.0</ns3:atemp>
            <ns3:hr>108</ns3:hr>
          </ns3:TrackPointExtension>
        </extensions>
      </trkpt>
      <trkpt lat="49.39584192819893360137939453125" lon="11.12190532498061656951904296875">
        <ele>352.20001220703125</ele>
        <time>2025-10-05T10:01:36.000Z</time>
        <extensions>
          <ns3:TrackPointExtension>
            <ns3:atemp>19.0</ns3:atemp>
            <ns3:hr>107</ns3:hr>
          </ns3:TrackPointExtension>
        </extensions>
      </trkpt>
      <trkpt lat="49.3959311954677104949951171875" lon="11.1219290457665920257568359375">
        <ele>352.20001220703125</ele>
        <time>2025-10-05T10:01:43.000Z</time>
        <extensions>
          <ns3:TrackPointExtension>
            <ns3:atemp>19.0</ns3:atemp>
            <ns3:hr>106</ns3:hr>
          </ns3:TrackPointExtension>
        </extensions>
      </trkpt>
      <trkpt lat="49.39593966118991374969482421875" lon="11.12194220535457134246826171875">
        <ele>352.399993896484375</ele>
        <time>2025-10-05T10:01:44.000Z</time>
        <extensions>
          <ns3:TrackPointExtension>
            <ns3:atemp>19.0</ns3:atemp>
            <ns3:hr>105</ns3:hr>
          </ns3:TrackPointExtension>
        </extensions>
      </trkpt>
      <trkpt lat="49.3959509767591953277587890625" lon="11.1219565384089946746826171875">
        <ele>352.399993896484375</ele>
        <time>2025-10-05T10:01:45.000Z</time>
        <extensions>
          <ns3:TrackPointExtension>
            <ns3:atemp>19.0</ns3:atemp>
            <ns3:hr>108</ns3:hr>
          </ns3:TrackPointExtension>
        </extensions>
      </trkpt>
      <trkpt lat="49.39601291902363300323486328125" lon="11.12197539769113063812255859375">
        <ele>352.399993896484375</ele>
        <time>2025-10-05T10:01:49.000Z</time>
        <extensions>
          <ns3:TrackPointExtension>
            <ns3:atemp>19.0</ns3:atemp>
            <ns3:hr>104</ns3:hr>
          </ns3:TrackPointExtension>
        </extensions>
      </trkpt>
      <trkpt lat="49.39602498896420001983642578125" lon="11.121977157890796661376953125">
        <ele>352.399993896484375</ele>
        <time>2025-10-05T10:01:50.000Z</time>
        <extensions>
          <ns3:TrackPointExtension>
            <ns3:atemp>19.0</ns3:atemp>
            <ns3:hr>107</ns3:hr>
          </ns3:TrackPointExtension>
        </extensions>
      </trkpt>
      <trkpt lat="49.3960827402770519256591796875" lon="11.1220031417906284332275390625">
        <ele>352.20001220703125</ele>
        <time>2025-10-05T10:01:54.000Z</time>
        <extensions>
          <ns3:TrackPointExtension>
            <ns3:atemp>19.0</ns3:atemp>
            <ns3:hr>108</ns3:hr>
          </ns3:TrackPointExtension>
        </extensions>
      </trkpt>
      <trkpt lat="49.3961357139050960540771484375" lon="11.12202937714755535125732421875">
        <ele>352.20001220703125</ele>
        <time>2025-10-05T10:01:58.000Z</time>
        <extensions>
          <ns3:TrackPointExtension>
            <ns3:atemp>19.0</ns3:atemp>
            <ns3:hr>108</ns3:hr>
          </ns3:TrackPointExtension>
        </extensions>
      </trkpt>
      <trkpt lat="49.39616245217621326446533203125" lon="11.122055612504482269287109375">
        <ele>352.20001220703125</ele>
        <time>2025-10-05T10:02:00.000Z</time>
        <extensions>
          <ns3:TrackPointExtension>
            <ns3:atemp>19.0</ns3:atemp>
            <ns3:hr>108</ns3:hr>
          </ns3:TrackPointExtension>
        </extensions>
      </trkpt>
      <trkpt lat="49.39632874913513660430908203125" lon="11.1220953427255153656005859375">
        <ele>352</ele>
        <time>2025-10-05T10:02:06.000Z</time>
        <extensions>
          <ns3:TrackPointExtension>
            <ns3:atemp>19.0</ns3:atemp>
            <ns3:hr>108</ns3:hr>
          </ns3:TrackPointExtension>
        </extensions>
      </trkpt>
      <trkpt lat="49.3964391387999057769775390625" lon="11.12213180400431156158447265625">
        <ele>351.79998779296875</ele>
        <time>2025-10-05T10:02:10.000Z</time>
        <extensions>
          <ns3:TrackPointExtension>
            <ns3:atemp>19.0</ns3:atemp>
            <ns3:hr>111</ns3:hr>
          </ns3:TrackPointExtension>
        </extensions>
      </trkpt>
      <trkpt lat="49.39646654762327671051025390625" lon="11.122129373252391815185546875">
        <ele>351.79998779296875</ele>
        <time>2025-10-05T10:02:11.000Z</time>
        <extensions>
          <ns3:TrackPointExtension>
            <ns3:atemp>19.0</ns3:atemp>
            <ns3:hr>108</ns3:hr>
          </ns3:TrackPointExtension>
        </extensions>
      </trkpt>
      <trkpt lat="49.3965088762342929840087890625" lon="11.12210690975189208984375">
        <ele>351.399993896484375</ele>
        <time>2025-10-05T10:02:13.000Z</time>
        <extensions>
          <ns3:TrackPointExtension>
            <ns3:atemp>19.0</ns3:atemp>
            <ns3:hr>110</ns3:hr>
          </ns3:TrackPointExtension>
        </extensions>
      </trkpt>
      <trkpt lat="49.39653444103896617889404296875" lon="11.1221027188003063201904296875">
        <ele>351.20001220703125</ele>
        <time>2025-10-05T10:02:15.000Z</time>
        <extensions>
          <ns3:TrackPointExtension>
            <ns3:atemp>19.0</ns3:atemp>
            <ns3:hr>112</ns3:hr>
          </ns3:TrackPointExtension>
        </extensions>
      </trkpt>
      <trkpt lat="49.39664592035114765167236328125" lon="11.12212761305272579193115234375">
        <ele>351.399993896484375</ele>
        <time>2025-10-05T10:02:19.000Z</time>
        <extensions>
          <ns3:TrackPointExtension>
            <ns3:atemp>19.0</ns3:atemp>
            <ns3:hr>111</ns3:hr>
          </ns3:TrackPointExtension>
        </extensions>
      </trkpt>
      <trkpt lat="49.39670710824429988861083984375" lon="11.1221458017826080322265625">
        <ele>351.600006103515625</ele>
        <time>2025-10-05T10:02:21.000Z</time>
        <extensions>
          <ns3:TrackPointExtension>
            <ns3:atemp>19.0</ns3:atemp>
            <ns3:hr>112</ns3:hr>
          </ns3:TrackPointExtension>
        </extensions>
      </trkpt>
      <trkpt lat="49.396773241460323333740234375" lon="11.122183017432689666748046875">
        <ele>352.600006103515625</ele>
        <time>2025-10-05T10:02:24.000Z</time>
        <extensions>
          <ns3:TrackPointExtension>
            <ns3:atemp>19.0</ns3:atemp>
            <ns3:hr>112</ns3:hr>
          </ns3:TrackPointExtension>
        </extensions>
      </trkpt>
      <trkpt lat="49.39678975380957126617431640625" lon="11.12219651229679584503173828125">
        <ele>352.79998779296875</ele>
        <time>2025-10-05T10:02:25.000Z</time>
        <extensions>
          <ns3:TrackPointExtension>
            <ns3:atemp>19.0</ns3:atemp>
            <ns3:hr>111</ns3:hr>
          </ns3:TrackPointExtension>
        </extensions>
      </trkpt>
      <trkpt lat="49.39687759615480899810791015625" lon="11.122219562530517578125">
        <ele>353.79998779296875</ele>
        <time>2025-10-05T10:02:28.000Z</time>
        <extensions>
          <ns3:TrackPointExtension>
            <ns3:atemp>19.0</ns3:atemp>
            <ns3:hr>108</ns3:hr>
          </ns3:TrackPointExtension>
        </extensions>
      </trkpt>
      <trkpt lat="49.39693895168602466583251953125" lon="11.1222381703555583953857421875">
        <ele>354.20001220703125</ele>
        <time>2025-10-05T10:02:31.000Z</time>
        <extensions>
          <ns3:TrackPointExtension>
            <ns3:atemp>19.0</ns3:atemp>
            <ns3:hr>107</ns3:hr>
          </ns3:TrackPointExtension>
        </extensions>
      </trkpt>
      <trkpt lat="49.3970624171197414398193359375" lon="11.122367084026336669921875">
        <ele>353.79998779296875</ele>
        <time>2025-10-05T10:02:37.000Z</time>
        <extensions>
          <ns3:TrackPointExtension>
            <ns3:atemp>19.0</ns3:atemp>
            <ns3:hr>111</ns3:hr>
          </ns3:TrackPointExtension>
        </extensions>
      </trkpt>
      <trkpt lat="49.3971128761768341064453125" lon="11.12242768518626689910888671875">
        <ele>353.600006103515625</ele>
        <time>2025-10-05T10:02:39.000Z</time>
        <extensions>
          <ns3:TrackPointExtension>
            <ns3:atemp>19.0</ns3:atemp>
            <ns3:hr>109</ns3:hr>
          </ns3:TrackPointExtension>
        </extensions>
      </trkpt>
      <trkpt lat="49.39726509153842926025390625" lon="11.1226153559982776641845703125">
        <ele>353.79998779296875</ele>
        <time>2025-10-05T10:02:46.000Z</time>
        <extensions>
          <ns3:TrackPointExtension>
            <ns3:atemp>19.0</ns3:atemp>
            <ns3:hr>112</ns3:hr>
          </ns3:TrackPointExtension>
        </extensions>
      </trkpt>
      <trkpt lat="49.39742862246930599212646484375" lon="11.1228118278086185455322265625">
        <ele>354.20001220703125</ele>
        <time>2025-10-05T10:02:54.000Z</time>
        <extensions>
          <ns3:TrackPointExtension>
            <ns3:atemp>19.0</ns3:atemp>
            <ns3:hr>112</ns3:hr>
          </ns3:TrackPointExtension>
        </extensions>
      </trkpt>
      <trkpt lat="49.39760380424559116363525390625" lon="11.12300855107605457305908203125">
        <ele>354</ele>
        <time>2025-10-05T10:03:02.000Z</time>
        <extensions>
          <ns3:TrackPointExtension>
            <ns3:atemp>19.0</ns3:atemp>
            <ns3:hr>112</ns3:hr>
          </ns3:TrackPointExtension>
        </extensions>
      </trkpt>
      <trkpt lat="49.397694580256938934326171875" lon="11.12316143698990345001220703125">
        <ele>353.20001220703125</ele>
        <time>2025-10-05T10:03:09.000Z</time>
        <extensions>
          <ns3:TrackPointExtension>
            <ns3:atemp>19.0</ns3:atemp>
            <ns3:hr>113</ns3:hr>
          </ns3:TrackPointExtension>
        </extensions>
      </trkpt>
      <trkpt lat="49.397783763706684112548828125" lon="11.12331767566502094268798828125">
        <ele>353.20001220703125</ele>
        <time>2025-10-05T10:03:14.000Z</time>
        <extensions>
          <ns3:TrackPointExtension>
            <ns3:atemp>19.0</ns3:atemp>
            <ns3:hr>110</ns3:hr>
          </ns3:TrackPointExtension>
        </extensions>
      </trkpt>
      <trkpt lat="49.39779885113239288330078125" lon="11.12332932651042938232421875">
        <ele>353.399993896484375</ele>
        <time>2025-10-05T10:03:16.000Z</time>
        <extensions>
          <ns3:TrackPointExtension>
            <ns3:atemp>19.0</ns3:atemp>
            <ns3:hr>109</ns3:hr>
          </ns3:TrackPointExtension>
        </extensions>
      </trkpt>
      <trkpt lat="49.39781066961586475372314453125" lon="11.1233740858733654022216796875">
        <ele>353.600006103515625</ele>
        <time>2025-10-05T10:03:19.000Z</time>
        <extensions>
          <ns3:TrackPointExtension>
            <ns3:atemp>19.0</ns3:atemp>
            <ns3:hr>108</ns3:hr>
          </ns3:TrackPointExtension>
        </extensions>
      </trkpt>
      <trkpt lat="49.3978385813534259796142578125" lon="11.123370565474033355712890625">
        <ele>353.600006103515625</ele>
        <time>2025-10-05T10:03:21.000Z</time>
        <extensions>
          <ns3:TrackPointExtension>
            <ns3:atemp>19.0</ns3:atemp>
            <ns3:hr>109</ns3:hr>
          </ns3:TrackPointExtension>
        </extensions>
      </trkpt>
      <trkpt lat="49.397899098694324493408203125" lon="11.1232855729758739471435546875">
        <ele>353.399993896484375</ele>
        <time>2025-10-05T10:03:28.000Z</time>
        <extensions>
          <ns3:TrackPointExtension>
            <ns3:atemp>19.0</ns3:atemp>
            <ns3:hr>111</ns3:hr>
          </ns3:TrackPointExtension>
        </extensions>
      </trkpt>
      <trkpt lat="49.39793153665959835052490234375" lon="11.123242489993572235107421875">
        <ele>353.20001220703125</ele>
        <time>2025-10-05T10:03:33.000Z</time>
        <extensions>
          <ns3:TrackPointExtension>
            <ns3:atemp>19.0</ns3:atemp>
            <ns3:hr>112</ns3:hr>
          </ns3:TrackPointExtension>
        </extensions>
      </trkpt>
      <trkpt lat="49.39793053083121776580810546875" lon="11.123256571590900421142578125">
        <ele>353.399993896484375</ele>
        <time>2025-10-05T10:03:34.000Z</time>
        <extensions>
          <ns3:TrackPointExtension>
            <ns3:atemp>19.0</ns3:atemp>
            <ns3:hr>112</ns3:hr>
          </ns3:TrackPointExtension>
        </extensions>
      </trkpt>
      <trkpt lat="49.3979274295270442962646484375" lon="11.12327006645500659942626953125">
        <ele>353.600006103515625</ele>
        <time>2025-10-05T10:03:38.000Z</time>
        <extensions>
          <ns3:TrackPointExtension>
            <ns3:atemp>19.0</ns3:atemp>
            <ns3:hr>114</ns3:hr>
          </ns3:TrackPointExtension>
        </extensions>
      </trkpt>
      <trkpt lat="49.39794226549565792083740234375" lon="11.12326855771243572235107421875">
        <ele>353.399993896484375</ele>
        <time>2025-10-05T10:03:40.000Z</time>
        <extensions>
          <ns3:TrackPointExtension>
            <ns3:atemp>19.0</ns3:atemp>
            <ns3:hr>114</ns3:hr>
          </ns3:TrackPointExtension>
        </extensions>
      </trkpt>
      <trkpt lat="49.3979609571397304534912109375" lon="11.12327392213046550750732421875">
        <ele>353</ele>
        <time>2025-10-05T10:03:43.000Z</time>
        <extensions>
          <ns3:TrackPointExtension>
            <ns3:atemp>19.0</ns3:atemp>
            <ns3:hr>113</ns3:hr>
          </ns3:TrackPointExtension>
        </extensions>
      </trkpt>
      <trkpt lat="49.397960789501667022705078125" lon="11.1232696473598480224609375">
        <ele>352.600006103515625</ele>
        <time>2025-10-05T10:03:44.000Z</time>
        <extensions>
          <ns3:TrackPointExtension>
            <ns3:atemp>19.0</ns3:atemp>
            <ns3:hr>113</ns3:hr>
          </ns3:TrackPointExtension>
        </extensions>
      </trkpt>
      <trkpt lat="49.397973529994487762451171875" lon="11.12326361238956451416015625">
        <ele>352.399993896484375</ele>
        <time>2025-10-05T10:03:45.000Z</time>
        <extensions>
          <ns3:TrackPointExtension>
            <ns3:atemp>19.0</ns3:atemp>
            <ns3:hr>113</ns3:hr>
          </ns3:TrackPointExtension>
        </extensions>
      </trkpt>
      <trkpt lat="49.3979980051517486572265625" lon="11.12325380556285381317138671875">
        <ele>352</ele>
        <time>2025-10-05T10:03:47.000Z</time>
        <extensions>
          <ns3:TrackPointExtension>
            <ns3:atemp>19.0</ns3:atemp>
            <ns3:hr>113</ns3:hr>
          </ns3:TrackPointExtension>
        </extensions>
      </trkpt>
      <trkpt lat="49.39800479449331760406494140625" lon="11.123257577419281005859375">
        <ele>351.79998779296875</ele>
        <time>2025-10-05T10:03:49.000Z</time>
        <extensions>
          <ns3:TrackPointExtension>
            <ns3:atemp>19.0</ns3:atemp>
            <ns3:hr>113</ns3:hr>
          </ns3:TrackPointExtension>
        </extensions>
      </trkpt>
      <trkpt lat="49.39801074564456939697265625" lon="11.1232520453631877899169921875">
        <ele>352.600006103515625</ele>
        <time>2025-10-05T10:04:45.000Z</time>
        <extensions>
          <ns3:TrackPointExtension>
            <ns3:atemp>19.0</ns3:atemp>
            <ns3:hr>113</ns3:hr>
          </ns3:TrackPointExtension>
        </extensions>
      </trkpt>
      <trkpt lat="49.3980052135884761810302734375" lon="11.12324492074549198150634765625">
        <ele>352.600006103515625</ele>
        <time>2025-10-05T10:04:46.000Z</time>
        <extensions>
          <ns3:TrackPointExtension>
            <ns3:atemp>19.0</ns3:atemp>
            <ns3:hr>113</ns3:hr>
          </ns3:TrackPointExtension>
        </extensions>
      </trkpt>
      <trkpt lat="49.39800227992236614227294921875" lon="11.1232213675975799560546875">
        <ele>352.20001220703125</ele>
        <time>2025-10-05T10:04:50.000Z</time>
        <extensions>
          <ns3:TrackPointExtension>
            <ns3:atemp>19.0</ns3:atemp>
            <ns3:hr>112</ns3:hr>
          </ns3:TrackPointExtension>
        </extensions>
      </trkpt>
      <trkpt lat="49.39800227992236614227294921875" lon="11.1232213675975799560546875">
        <ele>352.20001220703125</ele>
        <time>2025-10-05T10:04:52.000Z</time>
        <extensions>
          <ns3:TrackPointExtension>
            <ns3:atemp>19.0</ns3:atemp>
            <ns3:hr>111</ns3:hr>
          </ns3:TrackPointExtension>
        </extensions>
      </trkpt>
      <trkpt lat="49.398004375398159027099609375" lon="11.1232388019561767578125">
        <ele>352.20001220703125</ele>
        <time>2025-10-05T10:04:54.000Z</time>
        <extensions>
          <ns3:TrackPointExtension>
            <ns3:atemp>19.0</ns3:atemp>
            <ns3:hr>111</ns3:hr>
          </ns3:TrackPointExtension>
        </extensions>
      </trkpt>
      <trkpt lat="49.39802926965057849884033203125" lon="11.12325531430542469024658203125">
        <ele>352.20001220703125</ele>
        <time>2025-10-05T10:04:55.000Z</time>
        <extensions>
          <ns3:TrackPointExtension>
            <ns3:atemp>19.0</ns3:atemp>
            <ns3:hr>110</ns3:hr>
          </ns3:TrackPointExtension>
        </extensions>
      </trkpt>
      <trkpt lat="49.39818768762052059173583984375" lon="11.12338808365166187286376953125">
        <ele>352</ele>
        <time>2025-10-05T10:05:00.000Z</time>
        <extensions>
          <ns3:TrackPointExtension>
            <ns3:atemp>19.0</ns3:atemp>
            <ns3:hr>110</ns3:hr>
          </ns3:TrackPointExtension>
        </extensions>
      </trkpt>
      <trkpt lat="49.39828164875507354736328125" lon="11.12356008030474185943603515625">
        <ele>352.20001220703125</ele>
        <time>2025-10-05T10:05:05.000Z</time>
        <extensions>
          <ns3:TrackPointExtension>
            <ns3:atemp>19.0</ns3:atemp>
            <ns3:hr>113</ns3:hr>
          </ns3:TrackPointExtension>
        </extensions>
      </trkpt>
      <trkpt lat="49.39834577031433582305908203125" lon="11.12365127541124820709228515625">
        <ele>352.399993896484375</ele>
        <time>2025-10-05T10:05:08.000Z</time>
        <extensions>
          <ns3:TrackPointExtension>
            <ns3:atemp>19.0</ns3:atemp>
            <ns3:hr>116</ns3:hr>
          </ns3:TrackPointExtension>
        </extensions>
      </trkpt>
      <trkpt lat="49.39839966595172882080078125" lon="11.12371020019054412841796875">
        <ele>352.79998779296875</ele>
        <time>2025-10-05T10:05:10.000Z</time>
        <extensions>
          <ns3:TrackPointExtension>
            <ns3:atemp>19.0</ns3:atemp>
            <ns3:hr>119</ns3:hr>
          </ns3:TrackPointExtension>
        </extensions>
      </trkpt>
      <trkpt lat="49.3984286673367023468017578125" lon="11.12376526929438114166259765625">
        <ele>352.79998779296875</ele>
        <time>2025-10-05T10:05:12.000Z</time>
        <extensions>
          <ns3:TrackPointExtension>
            <ns3:atemp>19.0</ns3:atemp>
            <ns3:hr>119</ns3:hr>
          </ns3:TrackPointExtension>
        </extensions>
      </trkpt>
      <trkpt lat="49.3984504602849483489990234375" lon="11.12379326485097408294677734375">
        <ele>352.79998779296875</ele>
        <time>2025-10-05T10:05:13.000Z</time>
        <extensions>
          <ns3:TrackPointExtension>
            <ns3:atemp>19.0</ns3:atemp>
            <ns3:hr>113</ns3:hr>
          </ns3:TrackPointExtension>
        </extensions>
      </trkpt>
      <trkpt lat="49.39851156435906887054443359375" lon="11.12391094677150249481201171875">
        <ele>352.600006103515625</ele>
        <time>2025-10-05T10:05:17.000Z</time>
        <extensions>
          <ns3:TrackPointExtension>
            <ns3:atemp>19.0</ns3:atemp>
            <ns3:hr>114</ns3:hr>
          </ns3:TrackPointExtension>
        </extensions>
      </trkpt>
      <trkpt lat="49.39856554381549358367919921875" lon="11.1240181513130664825439453125">
        <ele>352.600006103515625</ele>
        <time>2025-10-05T10:05:20.000Z</time>
        <extensions>
          <ns3:TrackPointExtension>
            <ns3:atemp>19.0</ns3:atemp>
            <ns3:hr>117</ns3:hr>
          </ns3:TrackPointExtension>
        </extensions>
      </trkpt>
      <trkpt lat="49.39857803285121917724609375" lon="11.12405084073543548583984375">
        <ele>352.600006103515625</ele>
        <time>2025-10-05T10:05:21.000Z</time>
        <extensions>
          <ns3:TrackPointExtension>
            <ns3:atemp>19.0</ns3:atemp>
            <ns3:hr>117</ns3:hr>
          </ns3:TrackPointExtension>
        </extensions>
      </trkpt>
      <trkpt lat="49.39861801452934741973876953125" lon="11.12414245493710041046142578125">
        <ele>352.600006103515625</ele>
        <time>2025-10-05T10:05:24.000Z</time>
        <extensions>
          <ns3:TrackPointExtension>
            <ns3:atemp>19.0</ns3:atemp>
            <ns3:hr>120</ns3:hr>
          </ns3:TrackPointExtension>
        </extensions>
      </trkpt>
      <trkpt lat="49.3986730836331844329833984375" lon="11.1242271959781646728515625">
        <ele>352.600006103515625</ele>
        <time>2025-10-05T10:05:27.000Z</time>
        <extensions>
          <ns3:TrackPointExtension>
            <ns3:atemp>19.0</ns3:atemp>
            <ns3:hr>123</ns3:hr>
          </ns3:TrackPointExtension>
        </extensions>
      </trkpt>
      <trkpt lat="49.3988021649420261383056640625" lon="11.1244727857410907745361328125">
        <ele>351.79998779296875</ele>
        <time>2025-10-05T10:05:35.000Z</time>
        <extensions>
          <ns3:TrackPointExtension>
            <ns3:atemp>19.0</ns3:atemp>
            <ns3:hr>122</ns3:hr>
          </ns3:TrackPointExtension>
        </extensions>
      </trkpt>
      <trkpt lat="49.39882270060479640960693359375" lon="11.12449876964092254638671875">
        <ele>351.79998779296875</ele>
        <time>2025-10-05T10:05:36.000Z</time>
        <extensions>
          <ns3:TrackPointExtension>
            <ns3:atemp>19.0</ns3:atemp>
            <ns3:hr>125</ns3:hr>
          </ns3:TrackPointExtension>
        </extensions>
      </trkpt>
      <trkpt lat="49.3989379517734050750732421875" lon="11.1246746219694614410400390625">
        <ele>351.600006103515625</ele>
        <time>2025-10-05T10:05:42.000Z</time>
        <extensions>
          <ns3:TrackPointExtension>
            <ns3:atemp>19.0</ns3:atemp>
            <ns3:hr>125</ns3:hr>
          </ns3:TrackPointExtension>
        </extensions>
      </trkpt>
      <trkpt lat="49.39903275109827518463134765625" lon="11.1248052120208740234375">
        <ele>351.600006103515625</ele>
        <time>2025-10-05T10:05:47.000Z</time>
        <extensions>
          <ns3:TrackPointExtension>
            <ns3:atemp>19.0</ns3:atemp>
            <ns3:hr>126</ns3:hr>
          </ns3:TrackPointExtension>
        </extensions>
      </trkpt>
      <trkpt lat="49.39906795509159564971923828125" lon="11.124847792088985443115234375">
        <ele>351.600006103515625</ele>
        <time>2025-10-05T10:05:49.000Z</time>
        <extensions>
          <ns3:TrackPointExtension>
            <ns3:atemp>19.0</ns3:atemp>
            <ns3:hr>125</ns3:hr>
          </ns3:TrackPointExtension>
        </extensions>
      </trkpt>
      <trkpt lat="49.399119503796100616455078125" lon="11.12500210292637348175048828125">
        <ele>351.20001220703125</ele>
        <time>2025-10-05T10:05:54.000Z</time>
        <extensions>
          <ns3:TrackPointExtension>
            <ns3:atemp>19.0</ns3:atemp>
            <ns3:hr>125</ns3:hr>
          </ns3:TrackPointExtension>
        </extensions>
      </trkpt>
      <trkpt lat="49.399207346141338348388671875" lon="11.12521969713270664215087890625">
        <ele>350.600006103515625</ele>
        <time>2025-10-05T10:06:01.000Z</time>
        <extensions>
          <ns3:TrackPointExtension>
            <ns3:atemp>19.0</ns3:atemp>
            <ns3:hr>124</ns3:hr>
          </ns3:TrackPointExtension>
        </extensions>
      </trkpt>
      <trkpt lat="49.39921908080577850341796875" lon="11.1252526380121707916259765625">
        <ele>350.600006103515625</ele>
        <time>2025-10-05T10:06:02.000Z</time>
        <extensions>
          <ns3:TrackPointExtension>
            <ns3:atemp>19.0</ns3:atemp>
            <ns3:hr>124</ns3:hr>
          </ns3:TrackPointExtension>
        </extensions>
      </trkpt>
      <trkpt lat="49.39935193397104740142822265625" lon="11.12544097937643527984619140625">
        <ele>350.79998779296875</ele>
        <time>2025-10-05T10:06:09.000Z</time>
        <extensions>
          <ns3:TrackPointExtension>
            <ns3:atemp>19.0</ns3:atemp>
            <ns3:hr>125</ns3:hr>
          </ns3:TrackPointExtension>
        </extensions>
      </trkpt>
      <trkpt lat="49.39944614656269550323486328125" lon="11.12561884336173534393310546875">
        <ele>350.600006103515625</ele>
        <time>2025-10-05T10:06:16.000Z</time>
        <extensions>
          <ns3:TrackPointExtension>
            <ns3:atemp>19.0</ns3:atemp>
            <ns3:hr>124</ns3:hr>
          </ns3:TrackPointExtension>
        </extensions>
      </trkpt>
      <trkpt lat="49.39958981238305568695068359375" lon="11.12584029324352741241455078125">
        <ele>350.399993896484375</ele>
        <time>2025-10-05T10:06:24.000Z</time>
        <extensions>
          <ns3:TrackPointExtension>
            <ns3:atemp>19.0</ns3:atemp>
            <ns3:hr>123</ns3:hr>
          </ns3:TrackPointExtension>
        </extensions>
      </trkpt>
      <trkpt lat="49.3996839411556720733642578125" lon="11.12594590522348880767822265625">
        <ele>350.20001220703125</ele>
        <time>2025-10-05T10:06:28.000Z</time>
        <extensions>
          <ns3:TrackPointExtension>
            <ns3:atemp>19.0</ns3:atemp>
            <ns3:hr>126</ns3:hr>
          </ns3:TrackPointExtension>
        </extensions>
      </trkpt>
      <trkpt lat="49.3997060693800449371337890625" lon="11.12596618942916393280029296875">
        <ele>350.20001220703125</ele>
        <time>2025-10-05T10:06:29.000Z</time>
        <extensions>
          <ns3:TrackPointExtension>
            <ns3:atemp>19.0</ns3:atemp>
            <ns3:hr>123</ns3:hr>
          </ns3:TrackPointExtension>
        </extensions>
      </trkpt>
      <trkpt lat="49.399792738258838653564453125" lon="11.12608035095036029815673828125">
        <ele>350.20001220703125</ele>
        <time>2025-10-05T10:06:33.000Z</time>
        <extensions>
          <ns3:TrackPointExtension>
            <ns3:atemp>19.0</ns3:atemp>
            <ns3:hr>123</ns3:hr>
          </ns3:TrackPointExtension>
        </extensions>
      </trkpt>
      <trkpt lat="49.39986792393028736114501953125" lon="11.126168780028820037841796875">
        <ele>349.600006103515625</ele>
        <time>2025-10-05T10:06:37.000Z</time>
        <extensions>
          <ns3:TrackPointExtension>
            <ns3:atemp>19.0</ns3:atemp>
            <ns3:hr>124</ns3:hr>
          </ns3:TrackPointExtension>
        </extensions>
      </trkpt>
      <trkpt lat="49.39996481873095035552978515625" lon="11.126309596002101898193359375">
        <ele>349.20001220703125</ele>
        <time>2025-10-05T10:06:43.000Z</time>
        <extensions>
          <ns3:TrackPointExtension>
            <ns3:atemp>19.0</ns3:atemp>
            <ns3:hr>123</ns3:hr>
          </ns3:TrackPointExtension>
        </extensions>
      </trkpt>
      <trkpt lat="49.4002242386341094970703125" lon="11.12658846192061901092529296875">
        <ele>348.600006103515625</ele>
        <time>2025-10-05T10:06:55.000Z</time>
        <extensions>
          <ns3:TrackPointExtension>
            <ns3:atemp>19.0</ns3:atemp>
            <ns3:hr>124</ns3:hr>
          </ns3:TrackPointExtension>
        </extensions>
      </trkpt>
      <trkpt lat="49.4003556668758392333984375" lon="11.1267377436161041259765625">
        <ele>348.20001220703125</ele>
        <time>2025-10-05T10:07:02.000Z</time>
        <extensions>
          <ns3:TrackPointExtension>
            <ns3:atemp>19.0</ns3:atemp>
            <ns3:hr>124</ns3:hr>
          </ns3:TrackPointExtension>
        </extensions>
      </trkpt>
      <trkpt lat="49.40044811926782131195068359375" lon="11.12685718573629856109619140625">
        <ele>348.20001220703125</ele>
        <time>2025-10-05T10:07:07.000Z</time>
        <extensions>
          <ns3:TrackPointExtension>
            <ns3:atemp>19.0</ns3:atemp>
            <ns3:hr>121</ns3:hr>
          </ns3:TrackPointExtension>
        </extensions>
      </trkpt>
      <trkpt lat="49.4005595147609710693359375" lon="11.126967407763004302978515625">
        <ele>348.20001220703125</ele>
        <time>2025-10-05T10:07:12.000Z</time>
        <extensions>
          <ns3:TrackPointExtension>
            <ns3:atemp>19.0</ns3:atemp>
            <ns3:hr>122</ns3:hr>
          </ns3:TrackPointExtension>
        </extensions>
      </trkpt>
      <trkpt lat="49.40073109231889247894287109375" lon="11.12710587680339813232421875">
        <ele>348</ele>
        <time>2025-10-05T10:07:19.000Z</time>
        <extensions>
          <ns3:TrackPointExtension>
            <ns3:atemp>19.0</ns3:atemp>
            <ns3:hr>119</ns3:hr>
          </ns3:TrackPointExtension>
        </extensions>
      </trkpt>
      <trkpt lat="49.40075397491455078125" lon="11.12712373025715351104736328125">
        <ele>348</ele>
        <time>2025-10-05T10:07:20.000Z</time>
        <extensions>
          <ns3:TrackPointExtension>
            <ns3:atemp>19.0</ns3:atemp>
            <ns3:hr>119</ns3:hr>
          </ns3:TrackPointExtension>
        </extensions>
      </trkpt>
      <trkpt lat="49.40086989663541316986083984375" lon="11.12715960480272769927978515625">
        <ele>347.600006103515625</ele>
        <time>2025-10-05T10:07:26.000Z</time>
        <extensions>
          <ns3:TrackPointExtension>
            <ns3:atemp>19.0</ns3:atemp>
            <ns3:hr>120</ns3:hr>
          </ns3:TrackPointExtension>
        </extensions>
      </trkpt>
      <trkpt lat="49.400896467268466949462890625" lon="11.12715122289955615997314453125">
        <ele>347.600006103515625</ele>
        <time>2025-10-05T10:07:27.000Z</time>
        <extensions>
          <ns3:TrackPointExtension>
            <ns3:atemp>19.0</ns3:atemp>
            <ns3:hr>118</ns3:hr>
          </ns3:TrackPointExtension>
        </extensions>
      </trkpt>
      <trkpt lat="49.40094868652522563934326171875" lon="11.1271311901509761810302734375">
        <ele>347.399993896484375</ele>
        <time>2025-10-05T10:07:29.000Z</time>
        <extensions>
          <ns3:TrackPointExtension>
            <ns3:atemp>19.0</ns3:atemp>
            <ns3:hr>121</ns3:hr>
          </ns3:TrackPointExtension>
        </extensions>
      </trkpt>
      <trkpt lat="49.40112655051052570343017578125" lon="11.12710512243211269378662109375">
        <ele>347.20001220703125</ele>
        <time>2025-10-05T10:07:36.000Z</time>
        <extensions>
          <ns3:TrackPointExtension>
            <ns3:atemp>19.0</ns3:atemp>
            <ns3:hr>120</ns3:hr>
          </ns3:TrackPointExtension>
        </extensions>
      </trkpt>
      <trkpt lat="49.401269964873790740966796875" lon="11.127041168510913848876953125">
        <ele>347.20001220703125</ele>
        <time>2025-10-05T10:07:41.000Z</time>
        <extensions>
          <ns3:TrackPointExtension>
            <ns3:atemp>19.0</ns3:atemp>
            <ns3:hr>121</ns3:hr>
          </ns3:TrackPointExtension>
        </extensions>
      </trkpt>
      <trkpt lat="49.40134867094457149505615234375" lon="11.126976795494556427001953125">
        <ele>347</ele>
        <time>2025-10-05T10:07:44.000Z</time>
        <extensions>
          <ns3:TrackPointExtension>
            <ns3:atemp>19.0</ns3:atemp>
            <ns3:hr>121</ns3:hr>
          </ns3:TrackPointExtension>
        </extensions>
      </trkpt>
      <trkpt lat="49.40137146972119808197021484375" lon="11.12698157317936420440673828125">
        <ele>347</ele>
        <time>2025-10-05T10:07:45.000Z</time>
        <extensions>
          <ns3:TrackPointExtension>
            <ns3:atemp>19.0</ns3:atemp>
            <ns3:hr>120</ns3:hr>
          </ns3:TrackPointExtension>
        </extensions>
      </trkpt>
      <trkpt lat="49.40147238783538341522216796875" lon="11.12706438638269901275634765625">
        <ele>346.399993896484375</ele>
        <time>2025-10-05T10:07:50.000Z</time>
        <extensions>
          <ns3:TrackPointExtension>
            <ns3:atemp>19.0</ns3:atemp>
            <ns3:hr>120</ns3:hr>
          </ns3:TrackPointExtension>
        </extensions>
      </trkpt>
      <trkpt lat="49.40156173892319202423095703125" lon="11.12712733447551727294921875">
        <ele>346.399993896484375</ele>
        <time>2025-10-05T10:07:54.000Z</time>
        <extensions>
          <ns3:TrackPointExtension>
            <ns3:atemp>19.0</ns3:atemp>
            <ns3:hr>123</ns3:hr>
          </ns3:TrackPointExtension>
        </extensions>
      </trkpt>
      <trkpt lat="49.4016023911535739898681640625" lon="11.1271637119352817535400390625">
        <ele>346.399993896484375</ele>
        <time>2025-10-05T10:07:56.000Z</time>
        <extensions>
          <ns3:TrackPointExtension>
            <ns3:atemp>19.0</ns3:atemp>
            <ns3:hr>120</ns3:hr>
          </ns3:TrackPointExtension>
        </extensions>
      </trkpt>
      <trkpt lat="49.40166718326508998870849609375" lon="11.127219535410404205322265625">
        <ele>346.20001220703125</ele>
        <time>2025-10-05T10:07:59.000Z</time>
        <extensions>
          <ns3:TrackPointExtension>
            <ns3:atemp>19.0</ns3:atemp>
            <ns3:hr>119</ns3:hr>
          </ns3:TrackPointExtension>
        </extensions>
      </trkpt>
      <trkpt lat="49.40187337808310985565185546875" lon="11.12740552984178066253662109375">
        <ele>345.600006103515625</ele>
        <time>2025-10-05T10:08:07.000Z</time>
        <extensions>
          <ns3:TrackPointExtension>
            <ns3:atemp>19.0</ns3:atemp>
            <ns3:hr>119</ns3:hr>
          </ns3:TrackPointExtension>
        </extensions>
      </trkpt>
      <trkpt lat="49.40189701505005359649658203125" lon="11.1274175159633159637451171875">
        <ele>345.399993896484375</ele>
        <time>2025-10-05T10:08:08.000Z</time>
        <extensions>
          <ns3:TrackPointExtension>
            <ns3:atemp>19.0</ns3:atemp>
            <ns3:hr>119</ns3:hr>
          </ns3:TrackPointExtension>
        </extensions>
      </trkpt>
      <trkpt lat="49.40204051323235034942626953125" lon="11.12751147709786891937255859375">
        <ele>345.399993896484375</ele>
        <time>2025-10-05T10:08:14.000Z</time>
        <extensions>
          <ns3:TrackPointExtension>
            <ns3:atemp>19.0</ns3:atemp>
            <ns3:hr>117</ns3:hr>
          </ns3:TrackPointExtension>
        </extensions>
      </trkpt>
      <trkpt lat="49.40206582657992839813232421875" lon="11.1275261454284191131591796875">
        <ele>345.600006103515625</ele>
        <time>2025-10-05T10:08:15.000Z</time>
        <extensions>
          <ns3:TrackPointExtension>
            <ns3:atemp>19.0</ns3:atemp>
            <ns3:hr>120</ns3:hr>
          </ns3:TrackPointExtension>
        </extensions>
      </trkpt>
      <trkpt lat="49.40226900391280651092529296875" lon="11.12760082818567752838134765625">
        <ele>345</ele>
        <time>2025-10-05T10:08:23.000Z</time>
        <extensions>
          <ns3:TrackPointExtension>
            <ns3:atemp>19.0</ns3:atemp>
            <ns3:hr>120</ns3:hr>
          </ns3:TrackPointExtension>
        </extensions>
      </trkpt>
      <trkpt lat="49.40239506773650646209716796875" lon="11.12763226032257080078125">
        <ele>344.399993896484375</ele>
        <time>2025-10-05T10:08:28.000Z</time>
        <extensions>
          <ns3:TrackPointExtension>
            <ns3:atemp>19.0</ns3:atemp>
            <ns3:hr>119</ns3:hr>
          </ns3:TrackPointExtension>
        </extensions>
      </trkpt>
      <trkpt lat="49.40249347127974033355712890625" lon="11.12765782512724399566650390625">
        <ele>344.20001220703125</ele>
        <time>2025-10-05T10:08:32.000Z</time>
        <extensions>
          <ns3:TrackPointExtension>
            <ns3:atemp>19.0</ns3:atemp>
            <ns3:hr>120</ns3:hr>
          </ns3:TrackPointExtension>
        </extensions>
      </trkpt>
      <trkpt lat="49.40278910100460052490234375" lon="11.12775304354727268218994140625">
        <ele>343.600006103515625</ele>
        <time>2025-10-05T10:08:44.000Z</time>
        <extensions>
          <ns3:TrackPointExtension>
            <ns3:atemp>19.0</ns3:atemp>
            <ns3:hr>121</ns3:hr>
          </ns3:TrackPointExtension>
        </extensions>
      </trkpt>
      <trkpt lat="49.4030164182186126708984375" lon="11.12789570353925228118896484375">
        <ele>344.20001220703125</ele>
        <time>2025-10-05T10:08:54.000Z</time>
        <extensions>
          <ns3:TrackPointExtension>
            <ns3:atemp>19.0</ns3:atemp>
            <ns3:hr>121</ns3:hr>
          </ns3:TrackPointExtension>
        </extensions>
      </trkpt>
      <trkpt lat="49.403025470674037933349609375" lon="11.12792537547647953033447265625">
        <ele>344</ele>
        <time>2025-10-05T10:08:55.000Z</time>
        <extensions>
          <ns3:TrackPointExtension>
            <ns3:atemp>19.0</ns3:atemp>
            <ns3:hr>120</ns3:hr>
          </ns3:TrackPointExtension>
        </extensions>
      </trkpt>
      <trkpt lat="49.403040893375873565673828125" lon="11.12795068882405757904052734375">
        <ele>343.79998779296875</ele>
        <time>2025-10-05T10:08:56.000Z</time>
        <extensions>
          <ns3:TrackPointExtension>
            <ns3:atemp>19.0</ns3:atemp>
            <ns3:hr>119</ns3:hr>
          </ns3:TrackPointExtension>
        </extensions>
      </trkpt>
      <trkpt lat="49.40307131968438625335693359375" lon="11.1279764212667942047119140625">
        <ele>343.79998779296875</ele>
        <time>2025-10-05T10:08:58.000Z</time>
        <extensions>
          <ns3:TrackPointExtension>
            <ns3:atemp>19.0</ns3:atemp>
            <ns3:hr>120</ns3:hr>
          </ns3:TrackPointExtension>
        </extensions>
      </trkpt>
      <trkpt lat="49.4031171686947345733642578125" lon="11.12797633744776248931884765625">
        <ele>343.600006103515625</ele>
        <time>2025-10-05T10:09:01.000Z</time>
        <extensions>
          <ns3:TrackPointExtension>
            <ns3:atemp>19.0</ns3:atemp>
            <ns3:hr>121</ns3:hr>
          </ns3:TrackPointExtension>
        </extensions>
      </trkpt>
      <trkpt lat="49.4031818769872188568115234375" lon="11.12799578346312046051025390625">
        <ele>343.399993896484375</ele>
        <time>2025-10-05T10:09:05.000Z</time>
        <extensions>
          <ns3:TrackPointExtension>
            <ns3:atemp>19.0</ns3:atemp>
            <ns3:hr>120</ns3:hr>
          </ns3:TrackPointExtension>
        </extensions>
      </trkpt>
      <trkpt lat="49.4033203460276126861572265625" lon="11.12807859666645526885986328125">
        <ele>343.600006103515625</ele>
        <time>2025-10-05T10:09:11.000Z</time>
        <extensions>
          <ns3:TrackPointExtension>
            <ns3:atemp>19.0</ns3:atemp>
            <ns3:hr>120</ns3:hr>
          </ns3:TrackPointExtension>
        </extensions>
      </trkpt>
      <trkpt lat="49.4034856371581554412841796875" lon="11.128218658268451690673828125">
        <ele>343.399993896484375</ele>
        <time>2025-10-05T10:09:19.000Z</time>
        <extensions>
          <ns3:TrackPointExtension>
            <ns3:atemp>19.0</ns3:atemp>
            <ns3:hr>119</ns3:hr>
          </ns3:TrackPointExtension>
        </extensions>
      </trkpt>
      <trkpt lat="49.40364413894712924957275390625" lon="11.1283658444881439208984375">
        <ele>343.79998779296875</ele>
        <time>2025-10-05T10:09:25.000Z</time>
        <extensions>
          <ns3:TrackPointExtension>
            <ns3:atemp>19.0</ns3:atemp>
            <ns3:hr>122</ns3:hr>
          </ns3:TrackPointExtension>
        </extensions>
      </trkpt>
      <trkpt lat="49.40373952500522136688232421875" lon="11.12846114672720432281494140625">
        <ele>343.600006103515625</ele>
        <time>2025-10-05T10:09:29.000Z</time>
        <extensions>
          <ns3:TrackPointExtension>
            <ns3:atemp>19.0</ns3:atemp>
            <ns3:hr>123</ns3:hr>
          </ns3:TrackPointExtension>
        </extensions>
      </trkpt>
      <trkpt lat="49.4038433767855167388916015625" lon="11.12854278646409511566162109375">
        <ele>343.600006103515625</ele>
        <time>2025-10-05T10:09:33.000Z</time>
        <extensions>
          <ns3:TrackPointExtension>
            <ns3:atemp>19.0</ns3:atemp>
            <ns3:hr>120</ns3:hr>
          </ns3:TrackPointExtension>
        </extensions>
      </trkpt>
      <trkpt lat="49.403904564678668975830078125" lon="11.128611266613006591796875">
        <ele>343.600006103515625</ele>
        <time>2025-10-05T10:09:36.000Z</time>
        <extensions>
          <ns3:TrackPointExtension>
            <ns3:atemp>19.0</ns3:atemp>
            <ns3:hr>120</ns3:hr>
          </ns3:TrackPointExtension>
        </extensions>
      </trkpt>
      <trkpt lat="49.403982348740100860595703125" lon="11.12866734154522418975830078125">
        <ele>343.399993896484375</ele>
        <time>2025-10-05T10:09:39.000Z</time>
        <extensions>
          <ns3:TrackPointExtension>
            <ns3:atemp>19.0</ns3:atemp>
            <ns3:hr>123</ns3:hr>
          </ns3:TrackPointExtension>
        </extensions>
      </trkpt>
      <trkpt lat="49.40404496155679225921630859375" lon="11.1287629790604114532470703125">
        <ele>343</ele>
        <time>2025-10-05T10:09:43.000Z</time>
        <extensions>
          <ns3:TrackPointExtension>
            <ns3:atemp>19.0</ns3:atemp>
            <ns3:hr>124</ns3:hr>
          </ns3:TrackPointExtension>
        </extensions>
      </trkpt>
      <trkpt lat="49.404113776981830596923828125" lon="11.12884336151182651519775390625">
        <ele>342.79998779296875</ele>
        <time>2025-10-05T10:09:46.000Z</time>
        <extensions>
          <ns3:TrackPointExtension>
            <ns3:atemp>19.0</ns3:atemp>
            <ns3:hr>121</ns3:hr>
          </ns3:TrackPointExtension>
        </extensions>
      </trkpt>
      <trkpt lat="49.404194913804531097412109375" lon="11.12894184887409210205078125">
        <ele>342.399993896484375</ele>
        <time>2025-10-05T10:09:50.000Z</time>
        <extensions>
          <ns3:TrackPointExtension>
            <ns3:atemp>19.0</ns3:atemp>
            <ns3:hr>121</ns3:hr>
          </ns3:TrackPointExtension>
        </extensions>
      </trkpt>
      <trkpt lat="49.4042135216295719146728515625" lon="11.12896473146975040435791015625">
        <ele>342.399993896484375</ele>
        <time>2025-10-05T10:09:51.000Z</time>
        <extensions>
          <ns3:TrackPointExtension>
            <ns3:atemp>19.0</ns3:atemp>
            <ns3:hr>122</ns3:hr>
          </ns3:TrackPointExtension>
        </extensions>
      </trkpt>
      <trkpt lat="49.40437185578048229217529296875" lon="11.12919691018760204315185546875">
        <ele>342</ele>
        <time>2025-10-05T10:09:59.000Z</time>
        <extensions>
          <ns3:TrackPointExtension>
            <ns3:atemp>19.0</ns3:atemp>
            <ns3:hr>122</ns3:hr>
          </ns3:TrackPointExtension>
        </extensions>
      </trkpt>
      <trkpt lat="49.4043955765664577484130859375" lon="11.1292575113475322723388671875">
        <ele>342</ele>
        <time>2025-10-05T10:10:01.000Z</time>
        <extensions>
          <ns3:TrackPointExtension>
            <ns3:atemp>19.0</ns3:atemp>
            <ns3:hr>126</ns3:hr>
          </ns3:TrackPointExtension>
        </extensions>
      </trkpt>
      <trkpt lat="49.40443237312138080596923828125" lon="11.12939489074051380157470703125">
        <ele>342</ele>
        <time>2025-10-05T10:10:05.000Z</time>
        <extensions>
          <ns3:TrackPointExtension>
            <ns3:atemp>19.0</ns3:atemp>
            <ns3:hr>126</ns3:hr>
          </ns3:TrackPointExtension>
        </extensions>
      </trkpt>
      <trkpt lat="49.4044358097016811370849609375" lon="11.1295441724359989166259765625">
        <ele>342</ele>
        <time>2025-10-05T10:10:09.000Z</time>
        <extensions>
          <ns3:TrackPointExtension>
            <ns3:atemp>19.0</ns3:atemp>
            <ns3:hr>123</ns3:hr>
          </ns3:TrackPointExtension>
        </extensions>
      </trkpt>
      <trkpt lat="49.4044307805597782135009765625" lon="11.1296501196920871734619140625">
        <ele>341.79998779296875</ele>
        <time>2025-10-05T10:10:12.000Z</time>
        <extensions>
          <ns3:TrackPointExtension>
            <ns3:atemp>19.0</ns3:atemp>
            <ns3:hr>124</ns3:hr>
          </ns3:TrackPointExtension>
        </extensions>
      </trkpt>
      <trkpt lat="49.40439172089099884033203125" lon="11.12990417517721652984619140625">
        <ele>342.20001220703125</ele>
        <time>2025-10-05T10:10:19.000Z</time>
        <extensions>
          <ns3:TrackPointExtension>
            <ns3:atemp>19.0</ns3:atemp>
            <ns3:hr>125</ns3:hr>
          </ns3:TrackPointExtension>
        </extensions>
      </trkpt>
      <trkpt lat="49.4043647311627864837646484375" lon="11.1299907602369785308837890625">
        <ele>342.399993896484375</ele>
        <time>2025-10-05T10:10:22.000Z</time>
        <extensions>
          <ns3:TrackPointExtension>
            <ns3:atemp>19.0</ns3:atemp>
            <ns3:hr>122</ns3:hr>
          </ns3:TrackPointExtension>
        </extensions>
      </trkpt>
      <trkpt lat="49.40436397679150104522705078125" lon="11.13009385764598846435546875">
        <ele>342.20001220703125</ele>
        <time>2025-10-05T10:10:24.000Z</time>
        <extensions>
          <ns3:TrackPointExtension>
            <ns3:atemp>19.0</ns3:atemp>
            <ns3:hr>122</ns3:hr>
          </ns3:TrackPointExtension>
        </extensions>
      </trkpt>
      <trkpt lat="49.4044760428369045257568359375" lon="11.1302381940186023712158203125">
        <ele>341.79998779296875</ele>
        <time>2025-10-05T10:10:29.000Z</time>
        <extensions>
          <ns3:TrackPointExtension>
            <ns3:atemp>19.0</ns3:atemp>
            <ns3:hr>125</ns3:hr>
          </ns3:TrackPointExtension>
        </extensions>
      </trkpt>
      <trkpt lat="49.40449641086161136627197265625" lon="11.1302670277655124664306640625">
        <ele>341.79998779296875</ele>
        <time>2025-10-05T10:10:30.000Z</time>
        <extensions>
          <ns3:TrackPointExtension>
            <ns3:atemp>19.0</ns3:atemp>
            <ns3:hr>124</ns3:hr>
          </ns3:TrackPointExtension>
        </extensions>
      </trkpt>
      <trkpt lat="49.40464694984257221221923828125" lon="11.130521334707736968994140625">
        <ele>341.79998779296875</ele>
        <time>2025-10-05T10:10:38.000Z</time>
        <extensions>
          <ns3:TrackPointExtension>
            <ns3:atemp>19.0</ns3:atemp>
            <ns3:hr>127</ns3:hr>
          </ns3:TrackPointExtension>
        </extensions>
      </trkpt>
      <trkpt lat="49.404665641486644744873046875" lon="11.13056181930005550384521484375">
        <ele>341.600006103515625</ele>
        <time>2025-10-05T10:10:39.000Z</time>
        <extensions>
          <ns3:TrackPointExtension>
            <ns3:atemp>19.0</ns3:atemp>
            <ns3:hr>124</ns3:hr>
          </ns3:TrackPointExtension>
        </extensions>
      </trkpt>
      <trkpt lat="49.4047945551574230194091796875" lon="11.13076734356582164764404296875">
        <ele>341.79998779296875</ele>
        <time>2025-10-05T10:10:47.000Z</time>
        <extensions>
          <ns3:TrackPointExtension>
            <ns3:atemp>19.0</ns3:atemp>
            <ns3:hr>123</ns3:hr>
          </ns3:TrackPointExtension>
        </extensions>
      </trkpt>
      <trkpt lat="49.40487376414239406585693359375" lon="11.1309204809367656707763671875">
        <ele>342.20001220703125</ele>
        <time>2025-10-05T10:10:53.000Z</time>
        <extensions>
          <ns3:TrackPointExtension>
            <ns3:atemp>18.0</ns3:atemp>
            <ns3:hr>120</ns3:hr>
          </ns3:TrackPointExtension>
        </extensions>
      </trkpt>
      <trkpt lat="49.40495624206960201263427734375" lon="11.13112784922122955322265625">
        <ele>341.79998779296875</ele>
        <time>2025-10-05T10:10:59.000Z</time>
        <extensions>
          <ns3:TrackPointExtension>
            <ns3:atemp>18.0</ns3:atemp>
            <ns3:hr>123</ns3:hr>
          </ns3:TrackPointExtension>
        </extensions>
      </trkpt>
      <trkpt lat="49.4050131551921367645263671875" lon="11.1312205530703067779541015625">
        <ele>341.600006103515625</ele>
        <time>2025-10-05T10:11:02.000Z</time>
        <extensions>
          <ns3:TrackPointExtension>
            <ns3:atemp>18.0</ns3:atemp>
            <ns3:hr>123</ns3:hr>
          </ns3:TrackPointExtension>
        </extensions>
      </trkpt>
      <trkpt lat="49.40507694147527217864990234375" lon="11.13144434988498687744140625">
        <ele>341.79998779296875</ele>
        <time>2025-10-05T10:11:09.000Z</time>
        <extensions>
          <ns3:TrackPointExtension>
            <ns3:atemp>18.0</ns3:atemp>
            <ns3:hr>123</ns3:hr>
          </ns3:TrackPointExtension>
        </extensions>
      </trkpt>
      <trkpt lat="49.40511348657310009002685546875" lon="11.13152037374675273895263671875">
        <ele>342.20001220703125</ele>
        <time>2025-10-05T10:11:13.000Z</time>
        <extensions>
          <ns3:TrackPointExtension>
            <ns3:atemp>18.0</ns3:atemp>
            <ns3:hr>124</ns3:hr>
          </ns3:TrackPointExtension>
        </extensions>
      </trkpt>
      <trkpt lat="49.4051217846572399139404296875" lon="11.1315135844051837921142578125">
        <ele>342.399993896484375</ele>
        <time>2025-10-05T10:11:14.000Z</time>
        <extensions>
          <ns3:TrackPointExtension>
            <ns3:atemp>18.0</ns3:atemp>
            <ns3:hr>124</ns3:hr>
          </ns3:TrackPointExtension>
        </extensions>
      </trkpt>
      <trkpt lat="49.405139386653900146484375" lon="11.1314837448298931121826171875">
        <ele>342.399993896484375</ele>
        <time>2025-10-05T10:11:16.000Z</time>
        <extensions>
          <ns3:TrackPointExtension>
            <ns3:atemp>18.0</ns3:atemp>
            <ns3:hr>124</ns3:hr>
          </ns3:TrackPointExtension>
        </extensions>
      </trkpt>
      <trkpt lat="49.405151791870594024658203125" lon="11.13145935349166393280029296875">
        <ele>342.399993896484375</ele>
        <time>2025-10-05T10:11:18.000Z</time>
        <extensions>
          <ns3:TrackPointExtension>
            <ns3:atemp>18.0</ns3:atemp>
            <ns3:hr>123</ns3:hr>
          </ns3:TrackPointExtension>
        </extensions>
      </trkpt>
      <trkpt lat="49.4051512889564037322998046875" lon="11.13142934627830982208251953125">
        <ele>342.399993896484375</ele>
        <time>2025-10-05T10:11:20.000Z</time>
        <extensions>
          <ns3:TrackPointExtension>
            <ns3:atemp>18.0</ns3:atemp>
            <ns3:hr>120</ns3:hr>
          </ns3:TrackPointExtension>
        </extensions>
      </trkpt>
      <trkpt lat="49.4051326811313629150390625" lon="11.13136044703423976898193359375">
        <ele>342.399993896484375</ele>
        <time>2025-10-05T10:11:23.000Z</time>
        <extensions>
          <ns3:TrackPointExtension>
            <ns3:atemp>18.0</ns3:atemp>
            <ns3:hr>119</ns3:hr>
          </ns3:TrackPointExtension>
        </extensions>
      </trkpt>
      <trkpt lat="49.4051221199333667755126953125" lon="11.1313560046255588531494140625">
        <ele>342.20001220703125</ele>
        <time>2025-10-05T10:11:24.000Z</time>
        <extensions>
          <ns3:TrackPointExtension>
            <ns3:atemp>18.0</ns3:atemp>
            <ns3:hr>118</ns3:hr>
          </ns3:TrackPointExtension>
        </extensions>
      </trkpt>
      <trkpt lat="49.405129663646221160888671875" lon="11.13135592080652713775634765625">
        <ele>342.20001220703125</ele>
        <time>2025-10-05T10:11:26.000Z</time>
        <extensions>
          <ns3:TrackPointExtension>
            <ns3:atemp>18.0</ns3:atemp>
            <ns3:hr>118</ns3:hr>
          </ns3:TrackPointExtension>
        </extensions>
      </trkpt>
      <trkpt lat="49.4051315076649188995361328125" lon="11.1313538253307342529296875">
        <ele>342.20001220703125</ele>
        <time>2025-10-05T10:11:27.000Z</time>
        <extensions>
          <ns3:TrackPointExtension>
            <ns3:atemp>18.0</ns3:atemp>
            <ns3:hr>117</ns3:hr>
          </ns3:TrackPointExtension>
        </extensions>
      </trkpt>
      <trkpt lat="49.4051407277584075927734375" lon="11.13134418614208698272705078125">
        <ele>342</ele>
        <time>2025-10-05T10:11:31.000Z</time>
        <extensions>
          <ns3:TrackPointExtension>
            <ns3:atemp>18.0</ns3:atemp>
            <ns3:hr>114</ns3:hr>
          </ns3:TrackPointExtension>
        </extensions>
      </trkpt>
      <trkpt lat="49.40516545437276363372802734375" lon="11.13133630715310573577880859375">
        <ele>341.79998779296875</ele>
        <time>2025-10-05T10:11:41.000Z</time>
        <extensions>
          <ns3:TrackPointExtension>
            <ns3:atemp>18.0</ns3:atemp>
            <ns3:hr>110</ns3:hr>
          </ns3:TrackPointExtension>
        </extensions>
      </trkpt>
      <trkpt lat="49.40515304915606975555419921875" lon="11.131379641592502593994140625">
        <ele>341.600006103515625</ele>
        <time>2025-10-05T10:11:48.000Z</time>
        <extensions>
          <ns3:TrackPointExtension>
            <ns3:atemp>18.0</ns3:atemp>
            <ns3:hr>111</ns3:hr>
          </ns3:TrackPointExtension>
        </extensions>
      </trkpt>
      <trkpt lat="49.40511868335306644439697265625" lon="11.131387017667293548583984375">
        <ele>341.600006103515625</ele>
        <time>2025-10-05T10:11:53.000Z</time>
        <extensions>
          <ns3:TrackPointExtension>
            <ns3:atemp>18.0</ns3:atemp>
            <ns3:hr>111</ns3:hr>
          </ns3:TrackPointExtension>
        </extensions>
      </trkpt>
      <trkpt lat="49.405112229287624359130859375" lon="11.1314009316265583038330078125">
        <ele>341.600006103515625</ele>
        <time>2025-10-05T10:11:54.000Z</time>
        <extensions>
          <ns3:TrackPointExtension>
            <ns3:atemp>18.0</ns3:atemp>
            <ns3:hr>111</ns3:hr>
          </ns3:TrackPointExtension>
        </extensions>
      </trkpt>
      <trkpt lat="49.40509689040482044219970703125" lon="11.1314277537167072296142578125">
        <ele>341.600006103515625</ele>
        <time>2025-10-05T10:11:57.000Z</time>
        <extensions>
          <ns3:TrackPointExtension>
            <ns3:atemp>18.0</ns3:atemp>
            <ns3:hr>111</ns3:hr>
          </ns3:TrackPointExtension>
        </extensions>
      </trkpt>
      <trkpt lat="49.40509906969964504241943359375" lon="11.13141526468098163604736328125">
        <ele>341.600006103515625</ele>
        <time>2025-10-05T10:11:59.000Z</time>
        <extensions>
          <ns3:TrackPointExtension>
            <ns3:atemp>18.0</ns3:atemp>
            <ns3:hr>111</ns3:hr>
          </ns3:TrackPointExtension>
        </extensions>
      </trkpt>
      <trkpt lat="49.4051063619554042816162109375" lon="11.13141543231904506683349609375">
        <ele>341.600006103515625</ele>
        <time>2025-10-05T10:12:01.000Z</time>
        <extensions>
          <ns3:TrackPointExtension>
            <ns3:atemp>18.0</ns3:atemp>
            <ns3:hr>110</ns3:hr>
          </ns3:TrackPointExtension>
        </extensions>
      </trkpt>
      <trkpt lat="49.40507702529430389404296875" lon="11.13140084780752658843994140625">
        <ele>341.399993896484375</ele>
        <time>2025-10-05T10:12:04.000Z</time>
        <extensions>
          <ns3:TrackPointExtension>
            <ns3:atemp>18.0</ns3:atemp>
            <ns3:hr>110</ns3:hr>
          </ns3:TrackPointExtension>
        </extensions>
      </trkpt>
      <trkpt lat="49.4050678052008152008056640625" lon="11.131396405398845672607421875">
        <ele>341.20001220703125</ele>
        <time>2025-10-05T10:12:05.000Z</time>
        <extensions>
          <ns3:TrackPointExtension>
            <ns3:atemp>18.0</ns3:atemp>
            <ns3:hr>109</ns3:hr>
          </ns3:TrackPointExtension>
        </extensions>
      </trkpt>
      <trkpt lat="49.40507258288562297821044921875" lon="11.13138827495276927947998046875">
        <ele>341</ele>
        <time>2025-10-05T10:12:06.000Z</time>
        <extensions>
          <ns3:TrackPointExtension>
            <ns3:atemp>19.0</ns3:atemp>
            <ns3:hr>109</ns3:hr>
          </ns3:TrackPointExtension>
        </extensions>
      </trkpt>
      <trkpt lat="49.4050919450819492340087890625" lon="11.13137033767998218536376953125">
        <ele>340.79998779296875</ele>
        <time>2025-10-05T10:12:08.000Z</time>
        <extensions>
          <ns3:TrackPointExtension>
            <ns3:atemp>19.0</ns3:atemp>
            <ns3:hr>108</ns3:hr>
          </ns3:TrackPointExtension>
        </extensions>
      </trkpt>
      <trkpt lat="49.40508934669196605682373046875" lon="11.1313871853053569793701171875">
        <ele>340.79998779296875</ele>
        <time>2025-10-05T10:12:10.000Z</time>
        <extensions>
          <ns3:TrackPointExtension>
            <ns3:atemp>19.0</ns3:atemp>
            <ns3:hr>106</ns3:hr>
          </ns3:TrackPointExtension>
        </extensions>
      </trkpt>
      <trkpt lat="49.4050906039774417877197265625" lon="11.13138726912438869476318359375">
        <ele>340.79998779296875</ele>
        <time>2025-10-05T10:12:11.000Z</time>
        <extensions>
          <ns3:TrackPointExtension>
            <ns3:atemp>18.0</ns3:atemp>
            <ns3:hr>105</ns3:hr>
          </ns3:TrackPointExtension>
        </extensions>
      </trkpt>
      <trkpt lat="49.40508238971233367919921875" lon="11.13138668239116668701171875">
        <ele>340.79998779296875</ele>
        <time>2025-10-05T10:12:12.000Z</time>
        <extensions>
          <ns3:TrackPointExtension>
            <ns3:atemp>19.0</ns3:atemp>
            <ns3:hr>104</ns3:hr>
          </ns3:TrackPointExtension>
        </extensions>
      </trkpt>
      <trkpt lat="49.40506252460181713104248046875" lon="11.13138877786695957183837890625">
        <ele>340.79998779296875</ele>
        <time>2025-10-05T10:12:14.000Z</time>
        <extensions>
          <ns3:TrackPointExtension>
            <ns3:atemp>19.0</ns3:atemp>
            <ns3:hr>104</ns3:hr>
          </ns3:TrackPointExtension>
        </extensions>
      </trkpt>
      <trkpt lat="49.40505665726959705352783203125" lon="11.13140814006328582763671875">
        <ele>340.79998779296875</ele>
        <time>2025-10-05T10:12:16.000Z</time>
        <extensions>
          <ns3:TrackPointExtension>
            <ns3:atemp>19.0</ns3:atemp>
            <ns3:hr>103</ns3:hr>
          </ns3:TrackPointExtension>
        </extensions>
      </trkpt>
      <trkpt lat="49.40506160259246826171875" lon="11.13142213784158229827880859375">
        <ele>340.399993896484375</ele>
        <time>2025-10-05T10:12:18.000Z</time>
        <extensions>
          <ns3:TrackPointExtension>
            <ns3:atemp>19.0</ns3:atemp>
            <ns3:hr>103</ns3:hr>
          </ns3:TrackPointExtension>
        </extensions>
      </trkpt>
      <trkpt lat="49.4050654582679271697998046875" lon="11.13141660578548908233642578125">
        <ele>340.20001220703125</ele>
        <time>2025-10-05T10:12:19.000Z</time>
        <extensions>
          <ns3:TrackPointExtension>
            <ns3:atemp>19.0</ns3:atemp>
            <ns3:hr>104</ns3:hr>
          </ns3:TrackPointExtension>
        </extensions>
      </trkpt>
      <trkpt lat="49.40506160259246826171875" lon="11.13141459412872791290283203125">
        <ele>340.20001220703125</ele>
        <time>2025-10-05T10:12:21.000Z</time>
        <extensions>
          <ns3:TrackPointExtension>
            <ns3:atemp>19.0</ns3:atemp>
            <ns3:hr>107</ns3:hr>
          </ns3:TrackPointExtension>
        </extensions>
      </trkpt>
      <trkpt lat="49.4050456769764423370361328125" lon="11.13141694106161594390869140625">
        <ele>340</ele>
        <time>2025-10-05T10:12:23.000Z</time>
        <extensions>
          <ns3:TrackPointExtension>
            <ns3:atemp>19.0</ns3:atemp>
            <ns3:hr>105</ns3:hr>
          </ns3:TrackPointExtension>
        </extensions>
      </trkpt>
      <trkpt lat="49.40504123456776142120361328125" lon="11.13145750947296619415283203125">
        <ele>340</ele>
        <time>2025-10-05T10:12:24.000Z</time>
        <extensions>
          <ns3:TrackPointExtension>
            <ns3:atemp>19.0</ns3:atemp>
            <ns3:hr>105</ns3:hr>
          </ns3:TrackPointExtension>
        </extensions>
      </trkpt>
      <trkpt lat="49.4050396420061588287353515625" lon="11.13151400350034236907958984375">
        <ele>340</ele>
        <time>2025-10-05T10:12:30.000Z</time>
        <extensions>
          <ns3:TrackPointExtension>
            <ns3:atemp>19.0</ns3:atemp>
            <ns3:hr>106</ns3:hr>
          </ns3:TrackPointExtension>
        </extensions>
      </trkpt>
      <trkpt lat="49.405068643391132354736328125" lon="11.13150930963456630706787109375">
        <ele>339.79998779296875</ele>
        <time>2025-10-05T10:12:36.000Z</time>
        <extensions>
          <ns3:TrackPointExtension>
            <ns3:atemp>19.0</ns3:atemp>
            <ns3:hr>106</ns3:hr>
          </ns3:TrackPointExtension>
        </extensions>
      </trkpt>
      <trkpt lat="49.40499144606292247772216796875" lon="11.13140470348298549652099609375">
        <ele>339.600006103515625</ele>
        <time>2025-10-05T10:12:47.000Z</time>
        <extensions>
          <ns3:TrackPointExtension>
            <ns3:atemp>19.0</ns3:atemp>
            <ns3:hr>105</ns3:hr>
          </ns3:TrackPointExtension>
        </extensions>
      </trkpt>
      <trkpt lat="49.404978789389133453369140625" lon="11.13133664242923259735107421875">
        <ele>339.600006103515625</ele>
        <time>2025-10-05T10:12:49.000Z</time>
        <extensions>
          <ns3:TrackPointExtension>
            <ns3:atemp>19.0</ns3:atemp>
            <ns3:hr>105</ns3:hr>
          </ns3:TrackPointExtension>
        </extensions>
      </trkpt>
      <trkpt lat="49.404871165752410888671875" lon="11.13115408457815647125244140625">
        <ele>339.399993896484375</ele>
        <time>2025-10-05T10:13:01.000Z</time>
        <extensions>
          <ns3:TrackPointExtension>
            <ns3:atemp>19.0</ns3:atemp>
            <ns3:hr>102</ns3:hr>
          </ns3:TrackPointExtension>
        </extensions>
      </trkpt>
      <trkpt lat="49.4048927910625934600830078125" lon="11.13113044761121273040771484375">
        <ele>339.399993896484375</ele>
        <time>2025-10-05T10:13:02.000Z</time>
        <extensions>
          <ns3:TrackPointExtension>
            <ns3:atemp>19.0</ns3:atemp>
            <ns3:hr>102</ns3:hr>
          </ns3:TrackPointExtension>
        </extensions>
      </trkpt>
      <trkpt lat="49.40527140162885189056396484375" lon="11.13095124252140522003173828125">
        <ele>339</ele>
        <time>2025-10-05T10:14:02.000Z</time>
        <extensions>
          <ns3:TrackPointExtension>
            <ns3:atemp>19.0</ns3:atemp>
            <ns3:hr>99</ns3:hr>
          </ns3:TrackPointExtension>
        </extensions>
      </trkpt>
      <trkpt lat="49.4051657058298587799072265625" lon="11.1311231553554534912109375">
        <ele>339</ele>
        <time>2025-10-05T10:14:03.000Z</time>
        <extensions>
          <ns3:TrackPointExtension>
            <ns3:atemp>19.0</ns3:atemp>
            <ns3:hr>100</ns3:hr>
          </ns3:TrackPointExtension>
        </extensions>
      </trkpt>
      <trkpt lat="49.40506420098245143890380859375" lon="11.13121309317648410797119140625">
        <ele>339.20001220703125</ele>
        <time>2025-10-05T10:14:09.000Z</time>
        <extensions>
          <ns3:TrackPointExtension>
            <ns3:atemp>19.0</ns3:atemp>
            <ns3:hr>100</ns3:hr>
          </ns3:TrackPointExtension>
        </extensions>
      </trkpt>
      <trkpt lat="49.40507610328495502471923828125" lon="11.13125684671103954315185546875">
        <ele>338.79998779296875</ele>
        <time>2025-10-05T10:14:13.000Z</time>
        <extensions>
          <ns3:TrackPointExtension>
            <ns3:atemp>19.0</ns3:atemp>
            <ns3:hr>104</ns3:hr>
          </ns3:TrackPointExtension>
        </extensions>
      </trkpt>
      <trkpt lat="49.40514366142451763153076171875" lon="11.1312195472419261932373046875">
        <ele>338.79998779296875</ele>
        <time>2025-10-05T10:14:15.000Z</time>
        <extensions>
          <ns3:TrackPointExtension>
            <ns3:atemp>19.0</ns3:atemp>
            <ns3:hr>100</ns3:hr>
          </ns3:TrackPointExtension>
        </extensions>
      </trkpt>
      <trkpt lat="49.40515791065990924835205078125" lon="11.1311982572078704833984375">
        <ele>338.79998779296875</ele>
        <time>2025-10-05T10:14:16.000Z</time>
        <extensions>
          <ns3:TrackPointExtension>
            <ns3:atemp>19.0</ns3:atemp>
            <ns3:hr>99</ns3:hr>
          </ns3:TrackPointExtension>
        </extensions>
      </trkpt>
      <trkpt lat="49.40516662783920764923095703125" lon="11.1311990953981876373291015625">
        <ele>338.79998779296875</ele>
        <time>2025-10-05T10:14:17.000Z</time>
        <extensions>
          <ns3:TrackPointExtension>
            <ns3:atemp>19.0</ns3:atemp>
            <ns3:hr>100</ns3:hr>
          </ns3:TrackPointExtension>
        </extensions>
      </trkpt>
      <trkpt lat="49.40517735667526721954345703125" lon="11.1311957426369190216064453125">
        <ele>338.600006103515625</ele>
        <time>2025-10-05T10:14:18.000Z</time>
        <extensions>
          <ns3:TrackPointExtension>
            <ns3:atemp>19.0</ns3:atemp>
            <ns3:hr>98</ns3:hr>
          </ns3:TrackPointExtension>
        </extensions>
      </trkpt>
      <trkpt lat="49.4051737524569034576416015625" lon="11.131161041557788848876953125">
        <ele>338.600006103515625</ele>
        <time>2025-10-05T10:14:19.000Z</time>
        <extensions>
          <ns3:TrackPointExtension>
            <ns3:atemp>19.0</ns3:atemp>
            <ns3:hr>100</ns3:hr>
          </ns3:TrackPointExtension>
        </extensions>
      </trkpt>
      <trkpt lat="49.4051573239266872406005859375" lon="11.13113547675311565399169921875">
        <ele>338.600006103515625</ele>
        <time>2025-10-05T10:14:20.000Z</time>
        <extensions>
          <ns3:TrackPointExtension>
            <ns3:atemp>19.0</ns3:atemp>
            <ns3:hr>100</ns3:hr>
          </ns3:TrackPointExtension>
        </extensions>
      </trkpt>
      <trkpt lat="49.40520845353603363037109375" lon="11.131336726248264312744140625">
        <ele>338.600006103515625</ele>
        <time>2025-10-05T10:14:22.000Z</time>
        <extensions>
          <ns3:TrackPointExtension>
            <ns3:atemp>19.0</ns3:atemp>
            <ns3:hr>102</ns3:hr>
          </ns3:TrackPointExtension>
        </extensions>
      </trkpt>
      <trkpt lat="49.4052109681069850921630859375" lon="11.13127293996512889862060546875">
        <ele>338.79998779296875</ele>
        <time>2025-10-05T10:14:23.000Z</time>
        <extensions>
          <ns3:TrackPointExtension>
            <ns3:atemp>19.0</ns3:atemp>
            <ns3:hr>102</ns3:hr>
          </ns3:TrackPointExtension>
        </extensions>
      </trkpt>
      <trkpt lat="49.4052126444876194000244140625" lon="11.131339408457279205322265625">
        <ele>338.79998779296875</ele>
        <time>2025-10-05T10:14:25.000Z</time>
        <extensions>
          <ns3:TrackPointExtension>
            <ns3:atemp>19.0</ns3:atemp>
            <ns3:hr>104</ns3:hr>
          </ns3:TrackPointExtension>
        </extensions>
      </trkpt>
      <trkpt lat="49.4051931984722614288330078125" lon="11.1313633807003498077392578125">
        <ele>338.79998779296875</ele>
        <time>2025-10-05T10:14:26.000Z</time>
        <extensions>
          <ns3:TrackPointExtension>
            <ns3:atemp>19.0</ns3:atemp>
            <ns3:hr>104</ns3:hr>
          </ns3:TrackPointExtension>
        </extensions>
      </trkpt>
      <trkpt lat="49.4051192700862884521484375" lon="11.1313891969621181488037109375">
        <ele>338.600006103515625</ele>
        <time>2025-10-05T10:14:30.000Z</time>
        <extensions>
          <ns3:TrackPointExtension>
            <ns3:atemp>19.0</ns3:atemp>
            <ns3:hr>103</ns3:hr>
          </ns3:TrackPointExtension>
        </extensions>
      </trkpt>
      <trkpt lat="49.4050838984549045562744140625" lon="11.131609976291656494140625">
        <ele>338.20001220703125</ele>
        <time>2025-10-05T10:14:37.000Z</time>
        <extensions>
          <ns3:TrackPointExtension>
            <ns3:atemp>19.0</ns3:atemp>
            <ns3:hr>110</ns3:hr>
          </ns3:TrackPointExtension>
        </extensions>
      </trkpt>
      <trkpt lat="49.4054540432989597320556640625" lon="11.1324376054108142852783203125">
        <ele>338.20001220703125</ele>
        <time>2025-10-05T10:14:47.000Z</time>
        <extensions>
          <ns3:TrackPointExtension>
            <ns3:atemp>19.0</ns3:atemp>
            <ns3:hr>112</ns3:hr>
          </ns3:TrackPointExtension>
        </extensions>
      </trkpt>
      <trkpt lat="49.40544985234737396240234375" lon="11.13233727402985095977783203125">
        <ele>338.20001220703125</ele>
        <time>2025-10-05T10:14:48.000Z</time>
        <extensions>
          <ns3:TrackPointExtension>
            <ns3:atemp>19.0</ns3:atemp>
            <ns3:hr>112</ns3:hr>
          </ns3:TrackPointExtension>
        </extensions>
      </trkpt>
      <trkpt lat="49.40532722510397434234619140625" lon="11.13192991353571414947509765625">
        <ele>338.399993896484375</ele>
        <time>2025-10-05T10:14:54.000Z</time>
        <extensions>
          <ns3:TrackPointExtension>
            <ns3:atemp>19.0</ns3:atemp>
            <ns3:hr>110</ns3:hr>
          </ns3:TrackPointExtension>
        </extensions>
      </trkpt>
      <trkpt lat="49.40528028644621372222900390625" lon="11.1319377087056636810302734375">
        <ele>338.399993896484375</ele>
        <time>2025-10-05T10:14:58.000Z</time>
        <extensions>
          <ns3:TrackPointExtension>
            <ns3:atemp>19.0</ns3:atemp>
            <ns3:hr>109</ns3:hr>
          </ns3:TrackPointExtension>
        </extensions>
      </trkpt>
      <trkpt lat="49.40526612102985382080078125" lon="11.1318780295550823211669921875">
        <ele>338.399993896484375</ele>
        <time>2025-10-05T10:14:59.000Z</time>
        <extensions>
          <ns3:TrackPointExtension>
            <ns3:atemp>19.0</ns3:atemp>
            <ns3:hr>108</ns3:hr>
          </ns3:TrackPointExtension>
        </extensions>
      </trkpt>
      <trkpt lat="49.40520870499312877655029296875" lon="11.13154359161853790283203125">
        <ele>338.20001220703125</ele>
        <time>2025-10-05T10:15:04.000Z</time>
        <extensions>
          <ns3:TrackPointExtension>
            <ns3:atemp>19.0</ns3:atemp>
            <ns3:hr>105</ns3:hr>
          </ns3:TrackPointExtension>
        </extensions>
      </trkpt>
      <trkpt lat="49.40518473275005817413330078125" lon="11.131480894982814788818359375">
        <ele>338.20001220703125</ele>
        <time>2025-10-05T10:15:05.000Z</time>
        <extensions>
          <ns3:TrackPointExtension>
            <ns3:atemp>19.0</ns3:atemp>
            <ns3:hr>105</ns3:hr>
          </ns3:TrackPointExtension>
        </extensions>
      </trkpt>
      <trkpt lat="49.40508834086358547210693359375" lon="11.131315268576145172119140625">
        <ele>338</ele>
        <time>2025-10-05T10:15:09.000Z</time>
        <extensions>
          <ns3:TrackPointExtension>
            <ns3:atemp>19.0</ns3:atemp>
            <ns3:hr>102</ns3:hr>
          </ns3:TrackPointExtension>
        </extensions>
      </trkpt>
      <trkpt lat="49.40501223318278789520263671875" lon="11.13116129301488399505615234375">
        <ele>338</ele>
        <time>2025-10-05T10:15:11.000Z</time>
        <extensions>
          <ns3:TrackPointExtension>
            <ns3:atemp>19.0</ns3:atemp>
            <ns3:hr>102</ns3:hr>
          </ns3:TrackPointExtension>
        </extensions>
      </trkpt>
      <trkpt lat="49.405084736645221710205078125" lon="11.13126841373741626739501953125">
        <ele>337.79998779296875</ele>
        <time>2025-10-05T10:15:16.000Z</time>
        <extensions>
          <ns3:TrackPointExtension>
            <ns3:atemp>19.0</ns3:atemp>
            <ns3:hr>102</ns3:hr>
          </ns3:TrackPointExtension>
        </extensions>
      </trkpt>
      <trkpt lat="49.4050832279026508331298828125" lon="11.13126841373741626739501953125">
        <ele>337.79998779296875</ele>
        <time>2025-10-05T10:15:18.000Z</time>
        <extensions>
          <ns3:TrackPointExtension>
            <ns3:atemp>19.0</ns3:atemp>
            <ns3:hr>102</ns3:hr>
          </ns3:TrackPointExtension>
        </extensions>
      </trkpt>
      <trkpt lat="49.4050771929323673248291015625" lon="11.13126087002456188201904296875">
        <ele>337.600006103515625</ele>
        <time>2025-10-05T10:15:20.000Z</time>
        <extensions>
          <ns3:TrackPointExtension>
            <ns3:atemp>19.0</ns3:atemp>
            <ns3:hr>102</ns3:hr>
          </ns3:TrackPointExtension>
        </extensions>
      </trkpt>
      <trkpt lat="49.4050564058125019073486328125" lon="11.13129205070436000823974609375">
        <ele>337.399993896484375</ele>
        <time>2025-10-05T10:15:22.000Z</time>
        <extensions>
          <ns3:TrackPointExtension>
            <ns3:atemp>19.0</ns3:atemp>
            <ns3:hr>101</ns3:hr>
          </ns3:TrackPointExtension>
        </extensions>
      </trkpt>
      <trkpt lat="49.40505011938512325286865234375" lon="11.1313484609127044677734375">
        <ele>337.20001220703125</ele>
        <time>2025-10-05T10:15:24.000Z</time>
        <extensions>
          <ns3:TrackPointExtension>
            <ns3:atemp>19.0</ns3:atemp>
            <ns3:hr>101</ns3:hr>
          </ns3:TrackPointExtension>
        </extensions>
      </trkpt>
      <trkpt lat="49.40506621263921260833740234375" lon="11.1313496343791484832763671875">
        <ele>337.20001220703125</ele>
        <time>2025-10-05T10:15:25.000Z</time>
        <extensions>
          <ns3:TrackPointExtension>
            <ns3:atemp>19.0</ns3:atemp>
            <ns3:hr>100</ns3:hr>
          </ns3:TrackPointExtension>
        </extensions>
      </trkpt>
      <trkpt lat="49.405092783272266387939453125" lon="11.1313804797828197479248046875">
        <ele>337.20001220703125</ele>
        <time>2025-10-05T10:15:28.000Z</time>
        <extensions>
          <ns3:TrackPointExtension>
            <ns3:atemp>19.0</ns3:atemp>
            <ns3:hr>100</ns3:hr>
          </ns3:TrackPointExtension>
        </extensions>
      </trkpt>
      <trkpt lat="49.405126981437206268310546875" lon="11.13141744397580623626708984375">
        <ele>337.20001220703125</ele>
        <time>2025-10-05T10:15:30.000Z</time>
        <extensions>
          <ns3:TrackPointExtension>
            <ns3:atemp>19.0</ns3:atemp>
            <ns3:hr>100</ns3:hr>
          </ns3:TrackPointExtension>
        </extensions>
      </trkpt>
      <trkpt lat="49.40516746602952480316162109375" lon="11.13144099712371826171875">
        <ele>337.20001220703125</ele>
        <time>2025-10-05T10:15:33.000Z</time>
        <extensions>
          <ns3:TrackPointExtension>
            <ns3:atemp>19.0</ns3:atemp>
            <ns3:hr>100</ns3:hr>
          </ns3:TrackPointExtension>
        </extensions>
      </trkpt>
      <trkpt lat="49.40516897477209568023681640625" lon="11.13141559995710849761962890625">
        <ele>337</ele>
        <time>2025-10-05T10:15:40.000Z</time>
        <extensions>
          <ns3:TrackPointExtension>
            <ns3:atemp>19.0</ns3:atemp>
            <ns3:hr>103</ns3:hr>
          </ns3:TrackPointExtension>
        </extensions>
      </trkpt>
      <trkpt lat="49.40516646020114421844482421875" lon="11.131376288831233978271484375">
        <ele>336.79998779296875</ele>
        <time>2025-10-05T10:15:43.000Z</time>
        <extensions>
          <ns3:TrackPointExtension>
            <ns3:atemp>19.0</ns3:atemp>
            <ns3:hr>102</ns3:hr>
          </ns3:TrackPointExtension>
        </extensions>
      </trkpt>
      <trkpt lat="49.405144751071929931640625" lon="11.1313674040138721466064453125">
        <ele>337</ele>
        <time>2025-10-05T10:15:46.000Z</time>
        <extensions>
          <ns3:TrackPointExtension>
            <ns3:atemp>19.0</ns3:atemp>
            <ns3:hr>103</ns3:hr>
          </ns3:TrackPointExtension>
        </extensions>
      </trkpt>
      <trkpt lat="49.4051211141049861907958984375" lon="11.13136254251003265380859375">
        <ele>337</ele>
        <time>2025-10-05T10:15:49.000Z</time>
        <extensions>
          <ns3:TrackPointExtension>
            <ns3:atemp>19.0</ns3:atemp>
            <ns3:hr>103</ns3:hr>
          </ns3:TrackPointExtension>
        </extensions>
      </trkpt>
      <trkpt lat="49.405111558735370635986328125" lon="11.1313845030963420867919921875">
        <ele>336.600006103515625</ele>
        <time>2025-10-05T10:15:51.000Z</time>
        <extensions>
          <ns3:TrackPointExtension>
            <ns3:atemp>19.0</ns3:atemp>
            <ns3:hr>104</ns3:hr>
          </ns3:TrackPointExtension>
        </extensions>
      </trkpt>
      <trkpt lat="49.40514567308127880096435546875" lon="11.131364218890666961669921875">
        <ele>336.399993896484375</ele>
        <time>2025-10-05T10:15:53.000Z</time>
        <extensions>
          <ns3:TrackPointExtension>
            <ns3:atemp>19.0</ns3:atemp>
            <ns3:hr>104</ns3:hr>
          </ns3:TrackPointExtension>
        </extensions>
      </trkpt>
      <trkpt lat="49.40515992231667041778564453125" lon="11.1313479579985141754150390625">
        <ele>336.399993896484375</ele>
        <time>2025-10-05T10:15:54.000Z</time>
        <extensions>
          <ns3:TrackPointExtension>
            <ns3:atemp>19.0</ns3:atemp>
            <ns3:hr>105</ns3:hr>
          </ns3:TrackPointExtension>
        </extensions>
      </trkpt>
      <trkpt lat="49.40513058565557003021240234375" lon="11.131357848644256591796875">
        <ele>336.399993896484375</ele>
        <time>2025-10-05T10:15:55.000Z</time>
        <extensions>
          <ns3:TrackPointExtension>
            <ns3:atemp>19.0</ns3:atemp>
            <ns3:hr>104</ns3:hr>
          </ns3:TrackPointExtension>
        </extensions>
      </trkpt>
      <trkpt lat="49.40511231310665607452392578125" lon="11.1313586868345737457275390625">
        <ele>336.20001220703125</ele>
        <time>2025-10-05T10:15:57.000Z</time>
        <extensions>
          <ns3:TrackPointExtension>
            <ns3:atemp>19.0</ns3:atemp>
            <ns3:hr>103</ns3:hr>
          </ns3:TrackPointExtension>
        </extensions>
      </trkpt>
      <trkpt lat="49.4051100499927997589111328125" lon="11.13135843537747859954833984375">
        <ele>336.20001220703125</ele>
        <time>2025-10-05T10:16:01.000Z</time>
        <extensions>
          <ns3:TrackPointExtension>
            <ns3:atemp>19.0</ns3:atemp>
            <ns3:hr>103</ns3:hr>
          </ns3:TrackPointExtension>
        </extensions>
      </trkpt>
      <trkpt lat="49.4051237963140010833740234375" lon="11.13135407678782939910888671875">
        <ele>336.20001220703125</ele>
        <time>2025-10-05T10:16:03.000Z</time>
        <extensions>
          <ns3:TrackPointExtension>
            <ns3:atemp>19.0</ns3:atemp>
            <ns3:hr>103</ns3:hr>
          </ns3:TrackPointExtension>
        </extensions>
      </trkpt>
      <trkpt lat="49.40515975467860698699951171875" lon="11.1313322000205516815185546875">
        <ele>336.600006103515625</ele>
        <time>2025-10-05T10:16:09.000Z</time>
        <extensions>
          <ns3:TrackPointExtension>
            <ns3:atemp>19.0</ns3:atemp>
            <ns3:hr>104</ns3:hr>
          </ns3:TrackPointExtension>
        </extensions>
      </trkpt>
      <trkpt lat="49.4051445834338665008544921875" lon="11.13123002462089061737060546875">
        <ele>336.600006103515625</ele>
        <time>2025-10-05T10:16:10.000Z</time>
        <extensions>
          <ns3:TrackPointExtension>
            <ns3:atemp>19.0</ns3:atemp>
            <ns3:hr>103</ns3:hr>
          </ns3:TrackPointExtension>
        </extensions>
      </trkpt>
      <trkpt lat="49.4051278196275234222412109375" lon="11.13116674125194549560546875">
        <ele>336.600006103515625</ele>
        <time>2025-10-05T10:16:12.000Z</time>
        <extensions>
          <ns3:TrackPointExtension>
            <ns3:atemp>19.0</ns3:atemp>
            <ns3:hr>104</ns3:hr>
          </ns3:TrackPointExtension>
        </extensions>
      </trkpt>
      <trkpt lat="49.40512488596141338348388671875" lon="11.13118895329535007476806640625">
        <ele>336.600006103515625</ele>
        <time>2025-10-05T10:16:16.000Z</time>
        <extensions>
          <ns3:TrackPointExtension>
            <ns3:atemp>19.0</ns3:atemp>
            <ns3:hr>106</ns3:hr>
          </ns3:TrackPointExtension>
        </extensions>
      </trkpt>
      <trkpt lat="49.40513108856976032257080078125" lon="11.13114352338016033172607421875">
        <ele>336.600006103515625</ele>
        <time>2025-10-05T10:16:18.000Z</time>
        <extensions>
          <ns3:TrackPointExtension>
            <ns3:atemp>19.0</ns3:atemp>
            <ns3:hr>108</ns3:hr>
          </ns3:TrackPointExtension>
        </extensions>
      </trkpt>
      <trkpt lat="49.405140392482280731201171875" lon="11.13112189806997776031494140625">
        <ele>336.600006103515625</ele>
        <time>2025-10-05T10:16:20.000Z</time>
        <extensions>
          <ns3:TrackPointExtension>
            <ns3:atemp>19.0</ns3:atemp>
            <ns3:hr>109</ns3:hr>
          </ns3:TrackPointExtension>
        </extensions>
      </trkpt>
      <trkpt lat="49.4051305018365383148193359375" lon="11.13114587031304836273193359375">
        <ele>336.399993896484375</ele>
        <time>2025-10-05T10:16:26.000Z</time>
        <extensions>
          <ns3:TrackPointExtension>
            <ns3:atemp>19.0</ns3:atemp>
            <ns3:hr>110</ns3:hr>
          </ns3:TrackPointExtension>
        </extensions>
      </trkpt>
      <trkpt lat="49.405126981437206268310546875" lon="11.131129525601863861083984375">
        <ele>336.600006103515625</ele>
        <time>2025-10-05T10:16:27.000Z</time>
        <extensions>
          <ns3:TrackPointExtension>
            <ns3:atemp>19.0</ns3:atemp>
            <ns3:hr>110</ns3:hr>
          </ns3:TrackPointExtension>
        </extensions>
      </trkpt>
      <trkpt lat="49.405111558735370635986328125" lon="11.13117638044059276580810546875">
        <ele>336.600006103515625</ele>
        <time>2025-10-05T10:16:28.000Z</time>
        <extensions>
          <ns3:TrackPointExtension>
            <ns3:atemp>19.0</ns3:atemp>
            <ns3:hr>110</ns3:hr>
          </ns3:TrackPointExtension>
        </extensions>
      </trkpt>
      <trkpt lat="49.40510275773704051971435546875" lon="11.13118660636246204376220703125">
        <ele>336.600006103515625</ele>
        <time>2025-10-05T10:16:30.000Z</time>
        <extensions>
          <ns3:TrackPointExtension>
            <ns3:atemp>19.0</ns3:atemp>
            <ns3:hr>110</ns3:hr>
          </ns3:TrackPointExtension>
        </extensions>
      </trkpt>
      <trkpt lat="49.405135028064250946044921875" lon="11.13118057139217853546142578125">
        <ele>336.399993896484375</ele>
        <time>2025-10-05T10:16:35.000Z</time>
        <extensions>
          <ns3:TrackPointExtension>
            <ns3:atemp>19.0</ns3:atemp>
            <ns3:hr>110</ns3:hr>
          </ns3:TrackPointExtension>
        </extensions>
      </trkpt>
      <trkpt lat="49.40519110299646854400634765625" lon="11.1310944892466068267822265625">
        <ele>336.20001220703125</ele>
        <time>2025-10-05T10:16:39.000Z</time>
        <extensions>
          <ns3:TrackPointExtension>
            <ns3:atemp>19.0</ns3:atemp>
            <ns3:hr>109</ns3:hr>
          </ns3:TrackPointExtension>
        </extensions>
      </trkpt>
      <trkpt lat="49.40534792840480804443359375" lon="11.13113681785762310028076171875">
        <ele>336.20001220703125</ele>
        <time>2025-10-05T10:16:58.000Z</time>
        <extensions>
          <ns3:TrackPointExtension>
            <ns3:atemp>19.0</ns3:atemp>
            <ns3:hr>110</ns3:hr>
          </ns3:TrackPointExtension>
        </extensions>
      </trkpt>
      <trkpt lat="49.405363686382770538330078125" lon="11.13114603795111179351806640625">
        <ele>336.20001220703125</ele>
        <time>2025-10-05T10:17:04.000Z</time>
        <extensions>
          <ns3:TrackPointExtension>
            <ns3:atemp>19.0</ns3:atemp>
            <ns3:hr>113</ns3:hr>
          </ns3:TrackPointExtension>
        </extensions>
      </trkpt>
      <trkpt lat="49.40535170026123523712158203125" lon="11.13114000298082828521728515625">
        <ele>336.20001220703125</ele>
        <time>2025-10-05T10:17:05.000Z</time>
        <extensions>
          <ns3:TrackPointExtension>
            <ns3:atemp>19.0</ns3:atemp>
            <ns3:hr>114</ns3:hr>
          </ns3:TrackPointExtension>
        </extensions>
      </trkpt>
      <trkpt lat="49.4052555598318576812744140625" lon="11.1312232352793216705322265625">
        <ele>336.399993896484375</ele>
        <time>2025-10-05T10:17:09.000Z</time>
        <extensions>
          <ns3:TrackPointExtension>
            <ns3:atemp>19.0</ns3:atemp>
            <ns3:hr>115</ns3:hr>
          </ns3:TrackPointExtension>
        </extensions>
      </trkpt>
      <trkpt lat="49.405236281454563140869140625" lon="11.131254918873310089111328125">
        <ele>336.399993896484375</ele>
        <time>2025-10-05T10:17:10.000Z</time>
        <extensions>
          <ns3:TrackPointExtension>
            <ns3:atemp>19.0</ns3:atemp>
            <ns3:hr>112</ns3:hr>
          </ns3:TrackPointExtension>
        </extensions>
      </trkpt>
      <trkpt lat="49.4052173383533954620361328125" lon="11.131282746791839599609375">
        <ele>336.399993896484375</ele>
        <time>2025-10-05T10:17:11.000Z</time>
        <extensions>
          <ns3:TrackPointExtension>
            <ns3:atemp>19.0</ns3:atemp>
            <ns3:hr>114</ns3:hr>
          </ns3:TrackPointExtension>
        </extensions>
      </trkpt>
      <trkpt lat="49.405186660587787628173828125" lon="11.1313402466475963592529296875">
        <ele>336.399993896484375</ele>
        <time>2025-10-05T10:17:13.000Z</time>
        <extensions>
          <ns3:TrackPointExtension>
            <ns3:atemp>19.0</ns3:atemp>
            <ns3:hr>114</ns3:hr>
          </ns3:TrackPointExtension>
        </extensions>
      </trkpt>
      <trkpt lat="49.405175931751728057861328125" lon="11.13138408400118350982666015625">
        <ele>336.20001220703125</ele>
        <time>2025-10-05T10:17:15.000Z</time>
        <extensions>
          <ns3:TrackPointExtension>
            <ns3:atemp>19.0</ns3:atemp>
            <ns3:hr>114</ns3:hr>
          </ns3:TrackPointExtension>
        </extensions>
      </trkpt>
      <trkpt lat="49.40517760813236236572265625" lon="11.13142046146094799041748046875">
        <ele>336</ele>
        <time>2025-10-05T10:17:16.000Z</time>
        <extensions>
          <ns3:TrackPointExtension>
            <ns3:atemp>19.0</ns3:atemp>
            <ns3:hr>114</ns3:hr>
          </ns3:TrackPointExtension>
        </extensions>
      </trkpt>
      <trkpt lat="49.4051891751587390899658203125" lon="11.13146471790969371795654296875">
        <ele>335.79998779296875</ele>
        <time>2025-10-05T10:17:17.000Z</time>
        <extensions>
          <ns3:TrackPointExtension>
            <ns3:atemp>19.0</ns3:atemp>
            <ns3:hr>113</ns3:hr>
          </ns3:TrackPointExtension>
        </extensions>
      </trkpt>
      <trkpt lat="49.40521323122084140777587890625" lon="11.13157217390835285186767578125">
        <ele>336.20001220703125</ele>
        <time>2025-10-05T10:17:20.000Z</time>
        <extensions>
          <ns3:TrackPointExtension>
            <ns3:atemp>19.0</ns3:atemp>
            <ns3:hr>113</ns3:hr>
          </ns3:TrackPointExtension>
        </extensions>
      </trkpt>
      <trkpt lat="49.4052324257791042327880859375" lon="11.13165180198848247528076171875">
        <ele>336.79998779296875</ele>
        <time>2025-10-05T10:17:23.000Z</time>
        <extensions>
          <ns3:TrackPointExtension>
            <ns3:atemp>19.0</ns3:atemp>
            <ns3:hr>113</ns3:hr>
          </ns3:TrackPointExtension>
        </extensions>
      </trkpt>
      <trkpt lat="49.40523267723619937896728515625" lon="11.1317667178809642791748046875">
        <ele>337</ele>
        <time>2025-10-05T10:17:28.000Z</time>
        <extensions>
          <ns3:TrackPointExtension>
            <ns3:atemp>19.0</ns3:atemp>
            <ns3:hr>114</ns3:hr>
          </ns3:TrackPointExtension>
        </extensions>
      </trkpt>
      <trkpt lat="49.40523334778845310211181640625" lon="11.13176847808063030242919921875">
        <ele>337</ele>
        <time>2025-10-05T10:17:29.000Z</time>
        <extensions>
          <ns3:TrackPointExtension>
            <ns3:atemp>19.0</ns3:atemp>
            <ns3:hr>113</ns3:hr>
          </ns3:TrackPointExtension>
        </extensions>
      </trkpt>
      <trkpt lat="49.405229575932025909423828125" lon="11.13176713697612285614013671875">
        <ele>337</ele>
        <time>2025-10-05T10:17:32.000Z</time>
        <extensions>
          <ns3:TrackPointExtension>
            <ns3:atemp>19.0</ns3:atemp>
            <ns3:hr>112</ns3:hr>
          </ns3:TrackPointExtension>
        </extensions>
      </trkpt>
      <trkpt lat="49.4051992334425449371337890625" lon="11.1317596770823001861572265625">
        <ele>336.79998779296875</ele>
        <time>2025-10-05T10:17:34.000Z</time>
        <extensions>
          <ns3:TrackPointExtension>
            <ns3:atemp>19.0</ns3:atemp>
            <ns3:hr>111</ns3:hr>
          </ns3:TrackPointExtension>
        </extensions>
      </trkpt>
      <trkpt lat="49.40515439026057720184326171875" lon="11.1317186057567596435546875">
        <ele>336.79998779296875</ele>
        <time>2025-10-05T10:17:36.000Z</time>
        <extensions>
          <ns3:TrackPointExtension>
            <ns3:atemp>19.0</ns3:atemp>
            <ns3:hr>111</ns3:hr>
          </ns3:TrackPointExtension>
        </extensions>
      </trkpt>
      <trkpt lat="49.40512002445757389068603515625" lon="11.13152347505092620849609375">
        <ele>336.20001220703125</ele>
        <time>2025-10-05T10:17:43.000Z</time>
        <extensions>
          <ns3:TrackPointExtension>
            <ns3:atemp>19.0</ns3:atemp>
            <ns3:hr>110</ns3:hr>
          </ns3:TrackPointExtension>
        </extensions>
      </trkpt>
      <trkpt lat="49.40508062951266765594482421875" lon="11.13144527189433574676513671875">
        <ele>335.79998779296875</ele>
        <time>2025-10-05T10:17:45.000Z</time>
        <extensions>
          <ns3:TrackPointExtension>
            <ns3:atemp>19.0</ns3:atemp>
            <ns3:hr>110</ns3:hr>
          </ns3:TrackPointExtension>
        </extensions>
      </trkpt>
      <trkpt lat="49.40504014492034912109375" lon="11.1313623748719692230224609375">
        <ele>335.79998779296875</ele>
        <time>2025-10-05T10:17:47.000Z</time>
        <extensions>
          <ns3:TrackPointExtension>
            <ns3:atemp>19.0</ns3:atemp>
            <ns3:hr>111</ns3:hr>
          </ns3:TrackPointExtension>
        </extensions>
      </trkpt>
      <trkpt lat="49.4049219600856304168701171875" lon="11.1310656554996967315673828125">
        <ele>335.79998779296875</ele>
        <time>2025-10-05T10:17:54.000Z</time>
        <extensions>
          <ns3:TrackPointExtension>
            <ns3:atemp>19.0</ns3:atemp>
            <ns3:hr>112</ns3:hr>
          </ns3:TrackPointExtension>
        </extensions>
      </trkpt>
      <trkpt lat="49.40491600893437862396240234375" lon="11.13095040433108806610107421875">
        <ele>335.79998779296875</ele>
        <time>2025-10-05T10:17:57.000Z</time>
        <extensions>
          <ns3:TrackPointExtension>
            <ns3:atemp>19.0</ns3:atemp>
            <ns3:hr>114</ns3:hr>
          </ns3:TrackPointExtension>
        </extensions>
      </trkpt>
      <trkpt lat="49.40492682158946990966796875" lon="11.130917631089687347412109375">
        <ele>335.79998779296875</ele>
        <time>2025-10-05T10:17:58.000Z</time>
        <extensions>
          <ns3:TrackPointExtension>
            <ns3:atemp>19.0</ns3:atemp>
            <ns3:hr>114</ns3:hr>
          </ns3:TrackPointExtension>
        </extensions>
      </trkpt>
      <trkpt lat="49.40494635142385959625244140625" lon="11.1308906413614749908447265625">
        <ele>335.79998779296875</ele>
        <time>2025-10-05T10:17:59.000Z</time>
        <extensions>
          <ns3:TrackPointExtension>
            <ns3:atemp>19.0</ns3:atemp>
            <ns3:hr>115</ns3:hr>
          </ns3:TrackPointExtension>
        </extensions>
      </trkpt>
      <trkpt lat="49.4049876742064952850341796875" lon="11.130838505923748016357421875">
        <ele>336</ele>
        <time>2025-10-05T10:18:01.000Z</time>
        <extensions>
          <ns3:TrackPointExtension>
            <ns3:atemp>19.0</ns3:atemp>
            <ns3:hr>116</ns3:hr>
          </ns3:TrackPointExtension>
        </extensions>
      </trkpt>
      <trkpt lat="49.40500385127961635589599609375" lon="11.13081679679453372955322265625">
        <ele>336</ele>
        <time>2025-10-05T10:18:02.000Z</time>
        <extensions>
          <ns3:TrackPointExtension>
            <ns3:atemp>19.0</ns3:atemp>
            <ns3:hr>116</ns3:hr>
          </ns3:TrackPointExtension>
        </extensions>
      </trkpt>
      <trkpt lat="49.40516796894371509552001953125" lon="11.13064362667500972747802734375">
        <ele>335.600006103515625</ele>
        <time>2025-10-05T10:18:10.000Z</time>
        <extensions>
          <ns3:TrackPointExtension>
            <ns3:atemp>19.0</ns3:atemp>
            <ns3:hr>119</ns3:hr>
          </ns3:TrackPointExtension>
        </extensions>
      </trkpt>
      <trkpt lat="49.40530291758477687835693359375" lon="11.13055494613945484161376953125">
        <ele>335.399993896484375</ele>
        <time>2025-10-05T10:18:15.000Z</time>
        <extensions>
          <ns3:TrackPointExtension>
            <ns3:atemp>19.0</ns3:atemp>
            <ns3:hr>121</ns3:hr>
          </ns3:TrackPointExtension>
        </extensions>
      </trkpt>
      <trkpt lat="49.40539109520614147186279296875" lon="11.13046643324196338653564453125">
        <ele>334.79998779296875</ele>
        <time>2025-10-05T10:18:19.000Z</time>
        <extensions>
          <ns3:TrackPointExtension>
            <ns3:atemp>19.0</ns3:atemp>
            <ns3:hr>123</ns3:hr>
          </ns3:TrackPointExtension>
        </extensions>
      </trkpt>
      <trkpt lat="49.4054775126278400421142578125" lon="11.1303940974175930023193359375">
        <ele>334.399993896484375</ele>
        <time>2025-10-05T10:18:22.000Z</time>
        <extensions>
          <ns3:TrackPointExtension>
            <ns3:atemp>19.0</ns3:atemp>
            <ns3:hr>124</ns3:hr>
          </ns3:TrackPointExtension>
        </extensions>
      </trkpt>
      <trkpt lat="49.40564774908125400543212890625" lon="11.13022889010608196258544921875">
        <ele>334.20001220703125</ele>
        <time>2025-10-05T10:18:28.000Z</time>
        <extensions>
          <ns3:TrackPointExtension>
            <ns3:atemp>19.0</ns3:atemp>
            <ns3:hr>125</ns3:hr>
          </ns3:TrackPointExtension>
        </extensions>
      </trkpt>
      <trkpt lat="49.40574933774769306182861328125" lon="11.1301092803478240966796875">
        <ele>334.20001220703125</ele>
        <time>2025-10-05T10:18:32.000Z</time>
        <extensions>
          <ns3:TrackPointExtension>
            <ns3:atemp>19.0</ns3:atemp>
            <ns3:hr>122</ns3:hr>
          </ns3:TrackPointExtension>
        </extensions>
      </trkpt>
      <trkpt lat="49.4057732261717319488525390625" lon="11.13007776439189910888671875">
        <ele>334.20001220703125</ele>
        <time>2025-10-05T10:18:33.000Z</time>
        <extensions>
          <ns3:TrackPointExtension>
            <ns3:atemp>19.0</ns3:atemp>
            <ns3:hr>123</ns3:hr>
          </ns3:TrackPointExtension>
        </extensions>
      </trkpt>
      <trkpt lat="49.40579493530094623565673828125" lon="11.13005471415817737579345703125">
        <ele>334.20001220703125</ele>
        <time>2025-10-05T10:18:34.000Z</time>
        <extensions>
          <ns3:TrackPointExtension>
            <ns3:atemp>19.0</ns3:atemp>
            <ns3:hr>120</ns3:hr>
          </ns3:TrackPointExtension>
        </extensions>
      </trkpt>
      <trkpt lat="49.405839443206787109375" lon="11.12999956123530864715576171875">
        <ele>333.600006103515625</ele>
        <time>2025-10-05T10:18:36.000Z</time>
        <extensions>
          <ns3:TrackPointExtension>
            <ns3:atemp>19.0</ns3:atemp>
            <ns3:hr>123</ns3:hr>
          </ns3:TrackPointExtension>
        </extensions>
      </trkpt>
      <trkpt lat="49.40591714344918727874755859375" lon="11.1298784427344799041748046875">
        <ele>333.20001220703125</ele>
        <time>2025-10-05T10:18:40.000Z</time>
        <extensions>
          <ns3:TrackPointExtension>
            <ns3:atemp>19.0</ns3:atemp>
            <ns3:hr>123</ns3:hr>
          </ns3:TrackPointExtension>
        </extensions>
      </trkpt>
      <trkpt lat="49.4060954265296459197998046875" lon="11.129642240703105926513671875">
        <ele>332.79998779296875</ele>
        <time>2025-10-05T10:18:48.000Z</time>
        <extensions>
          <ns3:TrackPointExtension>
            <ns3:atemp>19.0</ns3:atemp>
            <ns3:hr>122</ns3:hr>
          </ns3:TrackPointExtension>
        </extensions>
      </trkpt>
      <trkpt lat="49.40613607876002788543701171875" lon="11.1295840702950954437255859375">
        <ele>332.600006103515625</ele>
        <time>2025-10-05T10:18:50.000Z</time>
        <extensions>
          <ns3:TrackPointExtension>
            <ns3:atemp>19.0</ns3:atemp>
            <ns3:hr>123</ns3:hr>
          </ns3:TrackPointExtension>
        </extensions>
      </trkpt>
      <trkpt lat="49.4062164612114429473876953125" lon="11.12948021851480007171630859375">
        <ele>332.399993896484375</ele>
        <time>2025-10-05T10:18:54.000Z</time>
        <extensions>
          <ns3:TrackPointExtension>
            <ns3:atemp>19.0</ns3:atemp>
            <ns3:hr>122</ns3:hr>
          </ns3:TrackPointExtension>
        </extensions>
      </trkpt>
      <trkpt lat="49.40658216364681720733642578125" lon="11.1293088085949420928955078125">
        <ele>332.79998779296875</ele>
        <time>2025-10-05T10:19:06.000Z</time>
        <extensions>
          <ns3:TrackPointExtension>
            <ns3:atemp>19.0</ns3:atemp>
            <ns3:hr>118</ns3:hr>
          </ns3:TrackPointExtension>
        </extensions>
      </trkpt>
      <trkpt lat="49.40654243342578411102294921875" lon="11.12913320772349834442138671875">
        <ele>332.79998779296875</ele>
        <time>2025-10-05T10:19:09.000Z</time>
        <extensions>
          <ns3:TrackPointExtension>
            <ns3:atemp>19.0</ns3:atemp>
            <ns3:hr>117</ns3:hr>
          </ns3:TrackPointExtension>
        </extensions>
      </trkpt>
      <trkpt lat="49.40667034126818180084228515625" lon="11.12886196933686733245849609375">
        <ele>333</ele>
        <time>2025-10-05T10:19:16.000Z</time>
        <extensions>
          <ns3:TrackPointExtension>
            <ns3:atemp>19.0</ns3:atemp>
            <ns3:hr>119</ns3:hr>
          </ns3:TrackPointExtension>
        </extensions>
      </trkpt>
      <trkpt lat="49.4067743606865406036376953125" lon="11.1286831833422183990478515625">
        <ele>333.20001220703125</ele>
        <time>2025-10-05T10:19:22.000Z</time>
        <extensions>
          <ns3:TrackPointExtension>
            <ns3:atemp>19.0</ns3:atemp>
            <ns3:hr>117</ns3:hr>
          </ns3:TrackPointExtension>
        </extensions>
      </trkpt>
      <trkpt lat="49.406830184161663055419921875" lon="11.12855971790850162506103515625">
        <ele>333.399993896484375</ele>
        <time>2025-10-05T10:19:26.000Z</time>
        <extensions>
          <ns3:TrackPointExtension>
            <ns3:atemp>19.0</ns3:atemp>
            <ns3:hr>120</ns3:hr>
          </ns3:TrackPointExtension>
        </extensions>
      </trkpt>
      <trkpt lat="49.4069054536521434783935546875" lon="11.12843365408480167388916015625">
        <ele>333.399993896484375</ele>
        <time>2025-10-05T10:19:31.000Z</time>
        <extensions>
          <ns3:TrackPointExtension>
            <ns3:atemp>19.0</ns3:atemp>
            <ns3:hr>121</ns3:hr>
          </ns3:TrackPointExtension>
        </extensions>
      </trkpt>
      <trkpt lat="49.4070026837289333343505859375" lon="11.12826115451753139495849609375">
        <ele>333.399993896484375</ele>
        <time>2025-10-05T10:19:38.000Z</time>
        <extensions>
          <ns3:TrackPointExtension>
            <ns3:atemp>19.0</ns3:atemp>
            <ns3:hr>119</ns3:hr>
          </ns3:TrackPointExtension>
        </extensions>
      </trkpt>
      <trkpt lat="49.40708608366549015045166015625" lon="11.12811966799199581146240234375">
        <ele>333.600006103515625</ele>
        <time>2025-10-05T10:19:42.000Z</time>
        <extensions>
          <ns3:TrackPointExtension>
            <ns3:atemp>19.0</ns3:atemp>
            <ns3:hr>116</ns3:hr>
          </ns3:TrackPointExtension>
        </extensions>
      </trkpt>
      <trkpt lat="49.40709597431123256683349609375" lon="11.12808798439800739288330078125">
        <ele>333.600006103515625</ele>
        <time>2025-10-05T10:19:43.000Z</time>
        <extensions>
          <ns3:TrackPointExtension>
            <ns3:atemp>19.0</ns3:atemp>
            <ns3:hr>119</ns3:hr>
          </ns3:TrackPointExtension>
        </extensions>
      </trkpt>
      <trkpt lat="49.40713553689420223236083984375" lon="11.128029562532901763916015625">
        <ele>333.600006103515625</ele>
        <time>2025-10-05T10:19:45.000Z</time>
        <extensions>
          <ns3:TrackPointExtension>
            <ns3:atemp>19.0</ns3:atemp>
            <ns3:hr>119</ns3:hr>
          </ns3:TrackPointExtension>
        </extensions>
      </trkpt>
      <trkpt lat="49.40727367065846920013427734375" lon="11.12783820368349552154541015625">
        <ele>333.79998779296875</ele>
        <time>2025-10-05T10:19:51.000Z</time>
        <extensions>
          <ns3:TrackPointExtension>
            <ns3:atemp>19.0</ns3:atemp>
            <ns3:hr>119</ns3:hr>
          </ns3:TrackPointExtension>
        </extensions>
      </trkpt>
      <trkpt lat="49.40729445777833461761474609375" lon="11.1278079450130462646484375">
        <ele>334</ele>
        <time>2025-10-05T10:19:52.000Z</time>
        <extensions>
          <ns3:TrackPointExtension>
            <ns3:atemp>19.0</ns3:atemp>
            <ns3:hr>119</ns3:hr>
          </ns3:TrackPointExtension>
        </extensions>
      </trkpt>
      <trkpt lat="49.407421611249446868896484375" lon="11.12757794559001922607421875">
        <ele>333.79998779296875</ele>
        <time>2025-10-05T10:20:00.000Z</time>
        <extensions>
          <ns3:TrackPointExtension>
            <ns3:atemp>19.0</ns3:atemp>
            <ns3:hr>119</ns3:hr>
          </ns3:TrackPointExtension>
        </extensions>
      </trkpt>
      <trkpt lat="49.40755597315728664398193359375" lon="11.12727628089487552642822265625">
        <ele>333.79998779296875</ele>
        <time>2025-10-05T10:20:09.000Z</time>
        <extensions>
          <ns3:TrackPointExtension>
            <ns3:atemp>19.0</ns3:atemp>
            <ns3:hr>116</ns3:hr>
          </ns3:TrackPointExtension>
        </extensions>
      </trkpt>
      <trkpt lat="49.407560415565967559814453125" lon="11.127254404127597808837890625">
        <ele>334</ele>
        <time>2025-10-05T10:20:10.000Z</time>
        <extensions>
          <ns3:TrackPointExtension>
            <ns3:atemp>19.0</ns3:atemp>
            <ns3:hr>115</ns3:hr>
          </ns3:TrackPointExtension>
        </extensions>
      </trkpt>
      <trkpt lat="49.407614059746265411376953125" lon="11.12713462673127651214599609375">
        <ele>334.600006103515625</ele>
        <time>2025-10-05T10:20:17.000Z</time>
        <extensions>
          <ns3:TrackPointExtension>
            <ns3:atemp>19.0</ns3:atemp>
            <ns3:hr>116</ns3:hr>
          </ns3:TrackPointExtension>
        </extensions>
      </trkpt>
      <trkpt lat="49.40761900506913661956787109375" lon="11.12709891982376575469970703125">
        <ele>334.600006103515625</ele>
        <time>2025-10-05T10:20:19.000Z</time>
        <extensions>
          <ns3:TrackPointExtension>
            <ns3:atemp>19.0</ns3:atemp>
            <ns3:hr>118</ns3:hr>
          </ns3:TrackPointExtension>
        </extensions>
      </trkpt>
      <trkpt lat="49.40762403421103954315185546875" lon="11.12705633975565433502197265625">
        <ele>334.399993896484375</ele>
        <time>2025-10-05T10:20:23.000Z</time>
        <extensions>
          <ns3:TrackPointExtension>
            <ns3:atemp>19.0</ns3:atemp>
            <ns3:hr>118</ns3:hr>
          </ns3:TrackPointExtension>
        </extensions>
      </trkpt>
      <trkpt lat="49.40762621350586414337158203125" lon="11.127044856548309326171875">
        <ele>334.399993896484375</ele>
        <time>2025-10-05T10:20:24.000Z</time>
        <extensions>
          <ns3:TrackPointExtension>
            <ns3:atemp>19.0</ns3:atemp>
            <ns3:hr>117</ns3:hr>
          </ns3:TrackPointExtension>
        </extensions>
      </trkpt>
      <trkpt lat="49.407692849636077880859375" lon="11.12688652239739894866943359375">
        <ele>334</ele>
        <time>2025-10-05T10:20:34.000Z</time>
        <extensions>
          <ns3:TrackPointExtension>
            <ns3:atemp>19.0</ns3:atemp>
            <ns3:hr>117</ns3:hr>
          </ns3:TrackPointExtension>
        </extensions>
      </trkpt>
      <trkpt lat="49.40772025845944881439208984375" lon="11.12678828649222850799560546875">
        <ele>334</ele>
        <time>2025-10-05T10:20:39.000Z</time>
        <extensions>
          <ns3:TrackPointExtension>
            <ns3:atemp>19.0</ns3:atemp>
            <ns3:hr>116</ns3:hr>
          </ns3:TrackPointExtension>
        </extensions>
      </trkpt>
      <trkpt lat="49.407743476331233978271484375" lon="11.1267141066491603851318359375">
        <ele>333.600006103515625</ele>
        <time>2025-10-05T10:20:41.000Z</time>
        <extensions>
          <ns3:TrackPointExtension>
            <ns3:atemp>19.0</ns3:atemp>
            <ns3:hr>117</ns3:hr>
          </ns3:TrackPointExtension>
        </extensions>
      </trkpt>
      <trkpt lat="49.40784481354057788848876953125" lon="11.12647513858973979949951171875">
        <ele>333.600006103515625</ele>
        <time>2025-10-05T10:20:47.000Z</time>
        <extensions>
          <ns3:TrackPointExtension>
            <ns3:atemp>19.0</ns3:atemp>
            <ns3:hr>117</ns3:hr>
          </ns3:TrackPointExtension>
        </extensions>
      </trkpt>
      <trkpt lat="49.40792628563940525054931640625" lon="11.12651889212429523468017578125">
        <ele>334.79998779296875</ele>
        <time>2025-10-05T10:20:51.000Z</time>
        <extensions>
          <ns3:TrackPointExtension>
            <ns3:atemp>19.0</ns3:atemp>
            <ns3:hr>118</ns3:hr>
          </ns3:TrackPointExtension>
        </extensions>
      </trkpt>
      <trkpt lat="49.407955370843410491943359375" lon="11.12654688768088817596435546875">
        <ele>335.20001220703125</ele>
        <time>2025-10-05T10:20:52.000Z</time>
        <extensions>
          <ns3:TrackPointExtension>
            <ns3:atemp>19.0</ns3:atemp>
            <ns3:hr>117</ns3:hr>
          </ns3:TrackPointExtension>
        </extensions>
      </trkpt>
      <trkpt lat="49.40802535973489284515380859375" lon="11.1266175471246242523193359375">
        <ele>335.79998779296875</ele>
        <time>2025-10-05T10:20:55.000Z</time>
        <extensions>
          <ns3:TrackPointExtension>
            <ns3:atemp>19.0</ns3:atemp>
            <ns3:hr>116</ns3:hr>
          </ns3:TrackPointExtension>
        </extensions>
      </trkpt>
      <trkpt lat="49.40808755345642566680908203125" lon="11.12673028372228145599365234375">
        <ele>336.79998779296875</ele>
        <time>2025-10-05T10:20:59.000Z</time>
        <extensions>
          <ns3:TrackPointExtension>
            <ns3:atemp>19.0</ns3:atemp>
            <ns3:hr>116</ns3:hr>
          </ns3:TrackPointExtension>
        </extensions>
      </trkpt>
      <trkpt lat="49.40809987485408782958984375" lon="11.12676196731626987457275390625">
        <ele>337</ele>
        <time>2025-10-05T10:21:00.000Z</time>
        <extensions>
          <ns3:TrackPointExtension>
            <ns3:atemp>19.0</ns3:atemp>
            <ns3:hr>114</ns3:hr>
          </ns3:TrackPointExtension>
        </extensions>
      </trkpt>
      <trkpt lat="49.40812912769615650177001953125" lon="11.12682667560875415802001953125">
        <ele>337.399993896484375</ele>
        <time>2025-10-05T10:21:02.000Z</time>
        <extensions>
          <ns3:TrackPointExtension>
            <ns3:atemp>19.0</ns3:atemp>
            <ns3:hr>117</ns3:hr>
          </ns3:TrackPointExtension>
        </extensions>
      </trkpt>
      <trkpt lat="49.40824580378830432891845703125" lon="11.1270205490291118621826171875">
        <ele>338</ele>
        <time>2025-10-05T10:21:08.000Z</time>
        <extensions>
          <ns3:TrackPointExtension>
            <ns3:atemp>18.0</ns3:atemp>
            <ns3:hr>118</ns3:hr>
          </ns3:TrackPointExtension>
        </extensions>
      </trkpt>
      <trkpt lat="49.408274553716182708740234375" lon="11.1270450241863727569580078125">
        <ele>338</ele>
        <time>2025-10-05T10:21:09.000Z</time>
        <extensions>
          <ns3:TrackPointExtension>
            <ns3:atemp>18.0</ns3:atemp>
            <ns3:hr>119</ns3:hr>
          </ns3:TrackPointExtension>
        </extensions>
      </trkpt>
      <trkpt lat="49.4083781540393829345703125" lon="11.1271372251212596893310546875">
        <ele>338.600006103515625</ele>
        <time>2025-10-05T10:21:13.000Z</time>
        <extensions>
          <ns3:TrackPointExtension>
            <ns3:atemp>18.0</ns3:atemp>
            <ns3:hr>119</ns3:hr>
          </ns3:TrackPointExtension>
        </extensions>
      </trkpt>
      <trkpt lat="49.4084631465375423431396484375" lon="11.127305366098880767822265625">
        <ele>338.399993896484375</ele>
        <time>2025-10-05T10:21:20.000Z</time>
        <extensions>
          <ns3:TrackPointExtension>
            <ns3:atemp>18.0</ns3:atemp>
            <ns3:hr>119</ns3:hr>
          </ns3:TrackPointExtension>
        </extensions>
      </trkpt>
      <trkpt lat="49.40860035829246044158935546875" lon="11.12750996835529804229736328125">
        <ele>336.600006103515625</ele>
        <time>2025-10-05T10:21:27.000Z</time>
        <extensions>
          <ns3:TrackPointExtension>
            <ns3:atemp>18.0</ns3:atemp>
            <ns3:hr>121</ns3:hr>
          </ns3:TrackPointExtension>
        </extensions>
      </trkpt>
      <trkpt lat="49.4086398370563983917236328125" lon="11.12753343768417835235595703125">
        <ele>336.20001220703125</ele>
        <time>2025-10-05T10:21:29.000Z</time>
        <extensions>
          <ns3:TrackPointExtension>
            <ns3:atemp>18.0</ns3:atemp>
            <ns3:hr>121</ns3:hr>
          </ns3:TrackPointExtension>
        </extensions>
      </trkpt>
      <trkpt lat="49.40867277793586254119873046875" lon="11.127495132386684417724609375">
        <ele>335.79998779296875</ele>
        <time>2025-10-05T10:21:31.000Z</time>
        <extensions>
          <ns3:TrackPointExtension>
            <ns3:atemp>18.0</ns3:atemp>
            <ns3:hr>121</ns3:hr>
          </ns3:TrackPointExtension>
        </extensions>
      </trkpt>
      <trkpt lat="49.40869155339896678924560546875" lon="11.12746872939169406890869140625">
        <ele>335.600006103515625</ele>
        <time>2025-10-05T10:21:32.000Z</time>
        <extensions>
          <ns3:TrackPointExtension>
            <ns3:atemp>18.0</ns3:atemp>
            <ns3:hr>120</ns3:hr>
          </ns3:TrackPointExtension>
        </extensions>
      </trkpt>
      <trkpt lat="49.40869708545506000518798828125" lon="11.127422042191028594970703125">
        <ele>335.399993896484375</ele>
        <time>2025-10-05T10:21:33.000Z</time>
        <extensions>
          <ns3:TrackPointExtension>
            <ns3:atemp>18.0</ns3:atemp>
            <ns3:hr>120</ns3:hr>
          </ns3:TrackPointExtension>
        </extensions>
      </trkpt>
      <trkpt lat="49.40871954895555973052978515625" lon="11.12724401056766510009765625">
        <ele>334.399993896484375</ele>
        <time>2025-10-05T10:21:37.000Z</time>
        <extensions>
          <ns3:TrackPointExtension>
            <ns3:atemp>18.0</ns3:atemp>
            <ns3:hr>120</ns3:hr>
          </ns3:TrackPointExtension>
        </extensions>
      </trkpt>
      <trkpt lat="49.4087310321629047393798828125" lon="11.12714686430990695953369140625">
        <ele>334.20001220703125</ele>
        <time>2025-10-05T10:21:39.000Z</time>
        <extensions>
          <ns3:TrackPointExtension>
            <ns3:atemp>18.0</ns3:atemp>
            <ns3:hr>120</ns3:hr>
          </ns3:TrackPointExtension>
        </extensions>
      </trkpt>
      <trkpt lat="49.40877939574420452117919921875" lon="11.1269523203372955322265625">
        <ele>333.20001220703125</ele>
        <time>2025-10-05T10:21:43.000Z</time>
        <extensions>
          <ns3:TrackPointExtension>
            <ns3:atemp>18.0</ns3:atemp>
            <ns3:hr>122</ns3:hr>
          </ns3:TrackPointExtension>
        </extensions>
      </trkpt>
      <trkpt lat="49.40884628333151340484619140625" lon="11.12671888433396816253662109375">
        <ele>333</ele>
        <time>2025-10-05T10:21:49.000Z</time>
        <extensions>
          <ns3:TrackPointExtension>
            <ns3:atemp>18.0</ns3:atemp>
            <ns3:hr>120</ns3:hr>
          </ns3:TrackPointExtension>
        </extensions>
      </trkpt>
      <trkpt lat="49.40894016064703464508056640625" lon="11.12658142112195491790771484375">
        <ele>333</ele>
        <time>2025-10-05T10:21:54.000Z</time>
        <extensions>
          <ns3:TrackPointExtension>
            <ns3:atemp>18.0</ns3:atemp>
            <ns3:hr>117</ns3:hr>
          </ns3:TrackPointExtension>
        </extensions>
      </trkpt>
      <trkpt lat="49.4089841656386852264404296875" lon="11.12652727402746677398681640625">
        <ele>333.20001220703125</ele>
        <time>2025-10-05T10:21:56.000Z</time>
        <extensions>
          <ns3:TrackPointExtension>
            <ns3:atemp>18.0</ns3:atemp>
            <ns3:hr>118</ns3:hr>
          </ns3:TrackPointExtension>
        </extensions>
      </trkpt>
      <trkpt lat="49.4090767018496990203857421875" lon="11.1264421977102756500244140625">
        <ele>333.20001220703125</ele>
        <time>2025-10-05T10:22:00.000Z</time>
        <extensions>
          <ns3:TrackPointExtension>
            <ns3:atemp>18.0</ns3:atemp>
            <ns3:hr>121</ns3:hr>
          </ns3:TrackPointExtension>
        </extensions>
      </trkpt>
      <trkpt lat="49.409160353243350982666015625" lon="11.1263442970812320709228515625">
        <ele>333.399993896484375</ele>
        <time>2025-10-05T10:22:04.000Z</time>
        <extensions>
          <ns3:TrackPointExtension>
            <ns3:atemp>18.0</ns3:atemp>
            <ns3:hr>119</ns3:hr>
          </ns3:TrackPointExtension>
        </extensions>
      </trkpt>
      <trkpt lat="49.40920502878725528717041015625" lon="11.12628838978707790374755859375">
        <ele>333.600006103515625</ele>
        <time>2025-10-05T10:22:06.000Z</time>
        <extensions>
          <ns3:TrackPointExtension>
            <ns3:atemp>18.0</ns3:atemp>
            <ns3:hr>122</ns3:hr>
          </ns3:TrackPointExtension>
        </extensions>
      </trkpt>
      <trkpt lat="49.40928549505770206451416015625" lon="11.12615059129893779754638671875">
        <ele>333.79998779296875</ele>
        <time>2025-10-05T10:22:10.000Z</time>
        <extensions>
          <ns3:TrackPointExtension>
            <ns3:atemp>18.0</ns3:atemp>
            <ns3:hr>121</ns3:hr>
          </ns3:TrackPointExtension>
        </extensions>
      </trkpt>
      <trkpt lat="49.409438632428646087646484375" lon="11.12590215168893337249755859375">
        <ele>334</ele>
        <time>2025-10-05T10:22:18.000Z</time>
        <extensions>
          <ns3:TrackPointExtension>
            <ns3:atemp>18.0</ns3:atemp>
            <ns3:hr>121</ns3:hr>
          </ns3:TrackPointExtension>
        </extensions>
      </trkpt>
      <trkpt lat="49.40947894938290119171142578125" lon="11.12584901042282581329345703125">
        <ele>334.600006103515625</ele>
        <time>2025-10-05T10:22:20.000Z</time>
        <extensions>
          <ns3:TrackPointExtension>
            <ns3:atemp>18.0</ns3:atemp>
            <ns3:hr>120</ns3:hr>
          </ns3:TrackPointExtension>
        </extensions>
      </trkpt>
      <trkpt lat="49.40958389081060886383056640625" lon="11.12572143785655498504638671875">
        <ele>334.20001220703125</ele>
        <time>2025-10-05T10:22:25.000Z</time>
        <extensions>
          <ns3:TrackPointExtension>
            <ns3:atemp>18.0</ns3:atemp>
            <ns3:hr>120</ns3:hr>
          </ns3:TrackPointExtension>
        </extensions>
      </trkpt>
      <trkpt lat="49.40968648530542850494384765625" lon="11.1256003193557262420654296875">
        <ele>334.399993896484375</ele>
        <time>2025-10-05T10:22:30.000Z</time>
        <extensions>
          <ns3:TrackPointExtension>
            <ns3:atemp>18.0</ns3:atemp>
            <ns3:hr>120</ns3:hr>
          </ns3:TrackPointExtension>
        </extensions>
      </trkpt>
      <trkpt lat="49.4096996448934078216552734375" lon="11.12558506429195404052734375">
        <ele>334.399993896484375</ele>
        <time>2025-10-05T10:22:31.000Z</time>
        <extensions>
          <ns3:TrackPointExtension>
            <ns3:atemp>18.0</ns3:atemp>
            <ns3:hr>117</ns3:hr>
          </ns3:TrackPointExtension>
        </extensions>
      </trkpt>
      <trkpt lat="49.4097264669835567474365234375" lon="11.12551993690431118011474609375">
        <ele>334.600006103515625</ele>
        <time>2025-10-05T10:22:34.000Z</time>
        <extensions>
          <ns3:TrackPointExtension>
            <ns3:atemp>18.0</ns3:atemp>
            <ns3:hr>118</ns3:hr>
          </ns3:TrackPointExtension>
        </extensions>
      </trkpt>
      <trkpt lat="49.4097727350890636444091796875" lon="11.1254548095166683197021484375">
        <ele>334.600006103515625</ele>
        <time>2025-10-05T10:22:38.000Z</time>
        <extensions>
          <ns3:TrackPointExtension>
            <ns3:atemp>18.0</ns3:atemp>
            <ns3:hr>121</ns3:hr>
          </ns3:TrackPointExtension>
        </extensions>
      </trkpt>
      <trkpt lat="49.40978103317320346832275390625" lon="11.125435866415500640869140625">
        <ele>334.399993896484375</ele>
        <time>2025-10-05T10:22:39.000Z</time>
        <extensions>
          <ns3:TrackPointExtension>
            <ns3:atemp>18.0</ns3:atemp>
            <ns3:hr>118</ns3:hr>
          </ns3:TrackPointExtension>
        </extensions>
      </trkpt>
      <trkpt lat="49.40980684943497180938720703125" lon="11.12540158443152904510498046875">
        <ele>334.20001220703125</ele>
        <time>2025-10-05T10:22:41.000Z</time>
        <extensions>
          <ns3:TrackPointExtension>
            <ns3:atemp>18.0</ns3:atemp>
            <ns3:hr>117</ns3:hr>
          </ns3:TrackPointExtension>
        </extensions>
      </trkpt>
      <trkpt lat="49.409930147230625152587890625" lon="11.1252553202211856842041015625">
        <ele>334.399993896484375</ele>
        <time>2025-10-05T10:22:51.000Z</time>
        <extensions>
          <ns3:TrackPointExtension>
            <ns3:atemp>18.0</ns3:atemp>
            <ns3:hr>117</ns3:hr>
          </ns3:TrackPointExtension>
        </extensions>
      </trkpt>
      <trkpt lat="49.40998588688671588897705078125" lon="11.12524417228996753692626953125">
        <ele>334.399993896484375</ele>
        <time>2025-10-05T10:22:55.000Z</time>
        <extensions>
          <ns3:TrackPointExtension>
            <ns3:atemp>18.0</ns3:atemp>
            <ns3:hr>115</ns3:hr>
          </ns3:TrackPointExtension>
        </extensions>
      </trkpt>
      <trkpt lat="49.4099926762282848358154296875" lon="11.125240065157413482666015625">
        <ele>334.20001220703125</ele>
        <time>2025-10-05T10:22:57.000Z</time>
        <extensions>
          <ns3:TrackPointExtension>
            <ns3:atemp>18.0</ns3:atemp>
            <ns3:hr>115</ns3:hr>
          </ns3:TrackPointExtension>
        </extensions>
      </trkpt>
      <trkpt lat="49.410069286823272705078125" lon="11.1251326091587543487548828125">
        <ele>334</ele>
        <time>2025-10-05T10:23:02.000Z</time>
        <extensions>
          <ns3:TrackPointExtension>
            <ns3:atemp>18.0</ns3:atemp>
            <ns3:hr>114</ns3:hr>
          </ns3:TrackPointExtension>
        </extensions>
      </trkpt>
      <trkpt lat="49.41024220548570156097412109375" lon="11.1249674856662750244140625">
        <ele>333.79998779296875</ele>
        <time>2025-10-05T10:23:10.000Z</time>
        <extensions>
          <ns3:TrackPointExtension>
            <ns3:atemp>18.0</ns3:atemp>
            <ns3:hr>115</ns3:hr>
          </ns3:TrackPointExtension>
        </extensions>
      </trkpt>
      <trkpt lat="49.41034530289471149444580078125" lon="11.12504803575575351715087890625">
        <ele>334.399993896484375</ele>
        <time>2025-10-05T10:23:15.000Z</time>
        <extensions>
          <ns3:TrackPointExtension>
            <ns3:atemp>18.0</ns3:atemp>
            <ns3:hr>114</ns3:hr>
          </ns3:TrackPointExtension>
        </extensions>
      </trkpt>
      <trkpt lat="49.4103899784386157989501953125" lon="11.12516756169497966766357421875">
        <ele>335.600006103515625</ele>
        <time>2025-10-05T10:23:21.000Z</time>
        <extensions>
          <ns3:TrackPointExtension>
            <ns3:atemp>18.0</ns3:atemp>
            <ns3:hr>115</ns3:hr>
          </ns3:TrackPointExtension>
        </extensions>
      </trkpt>
      <trkpt lat="49.41045342944562435150146484375" lon="11.12520092166960239410400390625">
        <ele>336.600006103515625</ele>
        <time>2025-10-05T10:23:26.000Z</time>
        <extensions>
          <ns3:TrackPointExtension>
            <ns3:atemp>18.0</ns3:atemp>
            <ns3:hr>115</ns3:hr>
          </ns3:TrackPointExtension>
        </extensions>
      </trkpt>
      <trkpt lat="49.41049215383827686309814453125" lon="11.1251748539507389068603515625">
        <ele>336.79998779296875</ele>
        <time>2025-10-05T10:23:29.000Z</time>
        <extensions>
          <ns3:TrackPointExtension>
            <ns3:atemp>18.0</ns3:atemp>
            <ns3:hr>115</ns3:hr>
          </ns3:TrackPointExtension>
        </extensions>
      </trkpt>
      <trkpt lat="49.41056524403393268585205078125" lon="11.12499103881418704986572265625">
        <ele>337</ele>
        <time>2025-10-05T10:23:37.000Z</time>
        <extensions>
          <ns3:TrackPointExtension>
            <ns3:atemp>18.0</ns3:atemp>
            <ns3:hr>114</ns3:hr>
          </ns3:TrackPointExtension>
        </extensions>
      </trkpt>
      <trkpt lat="49.41061855293810367584228515625" lon="11.12490084953606128692626953125">
        <ele>337.399993896484375</ele>
        <time>2025-10-05T10:23:40.000Z</time>
        <extensions>
          <ns3:TrackPointExtension>
            <ns3:atemp>18.0</ns3:atemp>
            <ns3:hr>111</ns3:hr>
          </ns3:TrackPointExtension>
        </extensions>
      </trkpt>
      <trkpt lat="49.410670436918735504150390625" lon="11.1248519830405712127685546875">
        <ele>337.79998779296875</ele>
        <time>2025-10-05T10:23:42.000Z</time>
        <extensions>
          <ns3:TrackPointExtension>
            <ns3:atemp>18.0</ns3:atemp>
            <ns3:hr>113</ns3:hr>
          </ns3:TrackPointExtension>
        </extensions>
      </trkpt>
      <trkpt lat="49.41072835586965084075927734375" lon="11.12480764277279376983642578125">
        <ele>338.20001220703125</ele>
        <time>2025-10-05T10:23:44.000Z</time>
        <extensions>
          <ns3:TrackPointExtension>
            <ns3:atemp>18.0</ns3:atemp>
            <ns3:hr>114</ns3:hr>
          </ns3:TrackPointExtension>
        </extensions>
      </trkpt>
      <trkpt lat="49.41079147160053253173828125" lon="11.124715693295001983642578125">
        <ele>338.600006103515625</ele>
        <time>2025-10-05T10:23:47.000Z</time>
        <extensions>
          <ns3:TrackPointExtension>
            <ns3:atemp>17.0</ns3:atemp>
            <ns3:hr>117</ns3:hr>
          </ns3:TrackPointExtension>
        </extensions>
      </trkpt>
      <trkpt lat="49.4108779728412628173828125" lon="11.1245844326913356781005859375">
        <ele>338.79998779296875</ele>
        <time>2025-10-05T10:23:51.000Z</time>
        <extensions>
          <ns3:TrackPointExtension>
            <ns3:atemp>17.0</ns3:atemp>
            <ns3:hr>116</ns3:hr>
          </ns3:TrackPointExtension>
        </extensions>
      </trkpt>
      <trkpt lat="49.41102591343224048614501953125" lon="11.1243953369557857513427734375">
        <ele>338.20001220703125</ele>
        <time>2025-10-05T10:23:58.000Z</time>
        <extensions>
          <ns3:TrackPointExtension>
            <ns3:atemp>17.0</ns3:atemp>
            <ns3:hr>119</ns3:hr>
          </ns3:TrackPointExtension>
        </extensions>
      </trkpt>
      <trkpt lat="49.41104921512305736541748046875" lon="11.12437136471271514892578125">
        <ele>338</ele>
        <time>2025-10-05T10:23:59.000Z</time>
        <extensions>
          <ns3:TrackPointExtension>
            <ns3:atemp>17.0</ns3:atemp>
            <ns3:hr>116</ns3:hr>
          </ns3:TrackPointExtension>
        </extensions>
      </trkpt>
      <trkpt lat="49.411136470735073089599609375" lon="11.1242471449077129364013671875">
        <ele>338</ele>
        <time>2025-10-05T10:24:03.000Z</time>
        <extensions>
          <ns3:TrackPointExtension>
            <ns3:atemp>17.0</ns3:atemp>
            <ns3:hr>116</ns3:hr>
          </ns3:TrackPointExtension>
        </extensions>
      </trkpt>
      <trkpt lat="49.41120612435042858123779296875" lon="11.12414748407900333404541015625">
        <ele>338</ele>
        <time>2025-10-05T10:24:06.000Z</time>
        <extensions>
          <ns3:TrackPointExtension>
            <ns3:atemp>17.0</ns3:atemp>
            <ns3:hr>114</ns3:hr>
          </ns3:TrackPointExtension>
        </extensions>
      </trkpt>
      <trkpt lat="49.41127653233706951141357421875" lon="11.12406249158084392547607421875">
        <ele>338</ele>
        <time>2025-10-05T10:24:09.000Z</time>
        <extensions>
          <ns3:TrackPointExtension>
            <ns3:atemp>17.0</ns3:atemp>
            <ns3:hr>117</ns3:hr>
          </ns3:TrackPointExtension>
        </extensions>
      </trkpt>
      <trkpt lat="49.41133419983088970184326171875" lon="11.12391446717083454132080078125">
        <ele>337.79998779296875</ele>
        <time>2025-10-05T10:24:13.000Z</time>
        <extensions>
          <ns3:TrackPointExtension>
            <ns3:atemp>17.0</ns3:atemp>
            <ns3:hr>118</ns3:hr>
          </ns3:TrackPointExtension>
        </extensions>
      </trkpt>
      <trkpt lat="49.41143654286861419677734375" lon="11.12376929260790348052978515625">
        <ele>337.399993896484375</ele>
        <time>2025-10-05T10:24:18.000Z</time>
        <extensions>
          <ns3:TrackPointExtension>
            <ns3:atemp>17.0</ns3:atemp>
            <ns3:hr>121</ns3:hr>
          </ns3:TrackPointExtension>
        </extensions>
      </trkpt>
      <trkpt lat="49.41150569356977939605712890625" lon="11.12367021851241588592529296875">
        <ele>337</ele>
        <time>2025-10-05T10:24:21.000Z</time>
        <extensions>
          <ns3:TrackPointExtension>
            <ns3:atemp>17.0</ns3:atemp>
            <ns3:hr>122</ns3:hr>
          </ns3:TrackPointExtension>
        </extensions>
      </trkpt>
      <trkpt lat="49.41153955645859241485595703125" lon="11.12361087463796138763427734375">
        <ele>336.600006103515625</ele>
        <time>2025-10-05T10:24:23.000Z</time>
        <extensions>
          <ns3:TrackPointExtension>
            <ns3:atemp>17.0</ns3:atemp>
            <ns3:hr>122</ns3:hr>
          </ns3:TrackPointExtension>
        </extensions>
      </trkpt>
      <trkpt lat="49.41160912625491619110107421875" lon="11.12349838949739933013916015625">
        <ele>336.600006103515625</ele>
        <time>2025-10-05T10:24:27.000Z</time>
        <extensions>
          <ns3:TrackPointExtension>
            <ns3:atemp>17.0</ns3:atemp>
            <ns3:hr>122</ns3:hr>
          </ns3:TrackPointExtension>
        </extensions>
      </trkpt>
      <trkpt lat="49.41167752258479595184326171875" lon="11.123353801667690277099609375">
        <ele>336.79998779296875</ele>
        <time>2025-10-05T10:24:31.000Z</time>
        <extensions>
          <ns3:TrackPointExtension>
            <ns3:atemp>17.0</ns3:atemp>
            <ns3:hr>126</ns3:hr>
          </ns3:TrackPointExtension>
        </extensions>
      </trkpt>
      <trkpt lat="49.41174524836242198944091796875" lon="11.12328666262328624725341796875">
        <ele>337.20001220703125</ele>
        <time>2025-10-05T10:24:33.000Z</time>
        <extensions>
          <ns3:TrackPointExtension>
            <ns3:atemp>17.0</ns3:atemp>
            <ns3:hr>126</ns3:hr>
          </ns3:TrackPointExtension>
        </extensions>
      </trkpt>
      <trkpt lat="49.411836527287960052490234375" lon="11.1231910251080989837646484375">
        <ele>337</ele>
        <time>2025-10-05T10:24:36.000Z</time>
        <extensions>
          <ns3:TrackPointExtension>
            <ns3:atemp>17.0</ns3:atemp>
            <ns3:hr>129</ns3:hr>
          </ns3:TrackPointExtension>
        </extensions>
      </trkpt>
      <trkpt lat="49.41191506572067737579345703125" lon="11.12307124771177768707275390625">
        <ele>337</ele>
        <time>2025-10-05T10:24:40.000Z</time>
        <extensions>
          <ns3:TrackPointExtension>
            <ns3:atemp>17.0</ns3:atemp>
            <ns3:hr>128</ns3:hr>
          </ns3:TrackPointExtension>
        </extensions>
      </trkpt>
      <trkpt lat="49.412035010755062103271484375" lon="11.12294283695518970489501953125">
        <ele>335.79998779296875</ele>
        <time>2025-10-05T10:24:46.000Z</time>
        <extensions>
          <ns3:TrackPointExtension>
            <ns3:atemp>17.0</ns3:atemp>
            <ns3:hr>125</ns3:hr>
          </ns3:TrackPointExtension>
        </extensions>
      </trkpt>
      <trkpt lat="49.4120583124458789825439453125" lon="11.122918613255023956298828125">
        <ele>335.79998779296875</ele>
        <time>2025-10-05T10:24:47.000Z</time>
        <extensions>
          <ns3:TrackPointExtension>
            <ns3:atemp>17.0</ns3:atemp>
            <ns3:hr>125</ns3:hr>
          </ns3:TrackPointExtension>
        </extensions>
      </trkpt>
      <trkpt lat="49.4120824523270130157470703125" lon="11.122900508344173431396484375">
        <ele>335.600006103515625</ele>
        <time>2025-10-05T10:24:48.000Z</time>
        <extensions>
          <ns3:TrackPointExtension>
            <ns3:atemp>17.0</ns3:atemp>
            <ns3:hr>124</ns3:hr>
          </ns3:TrackPointExtension>
        </extensions>
      </trkpt>
      <trkpt lat="49.41223156638443470001220703125" lon="11.12273345701396465301513671875">
        <ele>335.600006103515625</ele>
        <time>2025-10-05T10:24:55.000Z</time>
        <extensions>
          <ns3:TrackPointExtension>
            <ns3:atemp>17.0</ns3:atemp>
            <ns3:hr>126</ns3:hr>
          </ns3:TrackPointExtension>
        </extensions>
      </trkpt>
      <trkpt lat="49.41232108511030673980712890625" lon="11.12264377065002918243408203125">
        <ele>335.79998779296875</ele>
        <time>2025-10-05T10:24:59.000Z</time>
        <extensions>
          <ns3:TrackPointExtension>
            <ns3:atemp>17.0</ns3:atemp>
            <ns3:hr>123</ns3:hr>
          </ns3:TrackPointExtension>
        </extensions>
      </trkpt>
      <trkpt lat="49.41238763742148876190185546875" lon="11.12256866879761219024658203125">
        <ele>335.20001220703125</ele>
        <time>2025-10-05T10:25:02.000Z</time>
        <extensions>
          <ns3:TrackPointExtension>
            <ns3:atemp>17.0</ns3:atemp>
            <ns3:hr>126</ns3:hr>
          </ns3:TrackPointExtension>
        </extensions>
      </trkpt>
      <trkpt lat="49.41240482032299041748046875" lon="11.1225271783769130706787109375">
        <ele>335</ele>
        <time>2025-10-05T10:25:03.000Z</time>
        <extensions>
          <ns3:TrackPointExtension>
            <ns3:atemp>17.0</ns3:atemp>
            <ns3:hr>126</ns3:hr>
          </ns3:TrackPointExtension>
        </extensions>
      </trkpt>
      <trkpt lat="49.41243222914636135101318359375" lon="11.122453249990940093994140625">
        <ele>334.79998779296875</ele>
        <time>2025-10-05T10:25:05.000Z</time>
        <extensions>
          <ns3:TrackPointExtension>
            <ns3:atemp>17.0</ns3:atemp>
            <ns3:hr>128</ns3:hr>
          </ns3:TrackPointExtension>
        </extensions>
      </trkpt>
      <trkpt lat="49.41244899295270442962646484375" lon="11.1224168725311756134033203125">
        <ele>334.600006103515625</ele>
        <time>2025-10-05T10:25:06.000Z</time>
        <extensions>
          <ns3:TrackPointExtension>
            <ns3:atemp>17.0</ns3:atemp>
            <ns3:hr>126</ns3:hr>
          </ns3:TrackPointExtension>
        </extensions>
      </trkpt>
      <trkpt lat="49.4124794192612171173095703125" lon="11.12236850894987583160400390625">
        <ele>334.600006103515625</ele>
        <time>2025-10-05T10:25:09.000Z</time>
        <extensions>
          <ns3:TrackPointExtension>
            <ns3:atemp>17.0</ns3:atemp>
            <ns3:hr>128</ns3:hr>
          </ns3:TrackPointExtension>
        </extensions>
      </trkpt>
      <trkpt lat="49.4124760664999485015869140625" lon="11.12241209484636783599853515625">
        <ele>334.600006103515625</ele>
        <time>2025-10-05T10:25:11.000Z</time>
        <extensions>
          <ns3:TrackPointExtension>
            <ns3:atemp>17.0</ns3:atemp>
            <ns3:hr>129</ns3:hr>
          </ns3:TrackPointExtension>
        </extensions>
      </trkpt>
      <trkpt lat="49.412466175854206085205078125" lon="11.1224463768303394317626953125">
        <ele>334.600006103515625</ele>
        <time>2025-10-05T10:25:13.000Z</time>
        <extensions>
          <ns3:TrackPointExtension>
            <ns3:atemp>17.0</ns3:atemp>
            <ns3:hr>130</ns3:hr>
          </ns3:TrackPointExtension>
        </extensions>
      </trkpt>
      <trkpt lat="49.41245033405721187591552734375" lon="11.12245232798159122467041015625">
        <ele>334.600006103515625</ele>
        <time>2025-10-05T10:25:14.000Z</time>
        <extensions>
          <ns3:TrackPointExtension>
            <ns3:atemp>17.0</ns3:atemp>
            <ns3:hr>129</ns3:hr>
          </ns3:TrackPointExtension>
        </extensions>
      </trkpt>
      <trkpt lat="49.41241797991096973419189453125" lon="11.12246640957891941070556640625">
        <ele>335</ele>
        <time>2025-10-05T10:25:17.000Z</time>
        <extensions>
          <ns3:TrackPointExtension>
            <ns3:atemp>17.0</ns3:atemp>
            <ns3:hr>126</ns3:hr>
          </ns3:TrackPointExtension>
        </extensions>
      </trkpt>
      <trkpt lat="49.4123945944011211395263671875" lon="11.12245400436222553253173828125">
        <ele>335.600006103515625</ele>
        <time>2025-10-05T10:25:21.000Z</time>
        <extensions>
          <ns3:TrackPointExtension>
            <ns3:atemp>17.0</ns3:atemp>
            <ns3:hr>128</ns3:hr>
          </ns3:TrackPointExtension>
        </extensions>
      </trkpt>
      <trkpt lat="49.41240859217941761016845703125" lon="11.1224597878754138946533203125">
        <ele>335.600006103515625</ele>
        <time>2025-10-05T10:25:22.000Z</time>
        <extensions>
          <ns3:TrackPointExtension>
            <ns3:atemp>17.0</ns3:atemp>
            <ns3:hr>128</ns3:hr>
          </ns3:TrackPointExtension>
        </extensions>
      </trkpt>
      <trkpt lat="49.412364251911640167236328125" lon="11.122530363500118255615234375">
        <ele>335.20001220703125</ele>
        <time>2025-10-05T10:25:30.000Z</time>
        <extensions>
          <ns3:TrackPointExtension>
            <ns3:atemp>17.0</ns3:atemp>
            <ns3:hr>128</ns3:hr>
          </ns3:TrackPointExtension>
        </extensions>
      </trkpt>
      <trkpt lat="49.41233919002115726470947265625" lon="11.12253698520362377166748046875">
        <ele>335</ele>
        <time>2025-10-05T10:25:31.000Z</time>
        <extensions>
          <ns3:TrackPointExtension>
            <ns3:atemp>17.0</ns3:atemp>
            <ns3:hr>128</ns3:hr>
          </ns3:TrackPointExtension>
        </extensions>
      </trkpt>
      <trkpt lat="49.41231362521648406982421875" lon="11.1225454509258270263671875">
        <ele>335</ele>
        <time>2025-10-05T10:25:32.000Z</time>
        <extensions>
          <ns3:TrackPointExtension>
            <ns3:atemp>17.0</ns3:atemp>
            <ns3:hr>128</ns3:hr>
          </ns3:TrackPointExtension>
        </extensions>
      </trkpt>
      <trkpt lat="49.4121686182916164398193359375" lon="11.12249356694519519805908203125">
        <ele>335</ele>
        <time>2025-10-05T10:25:37.000Z</time>
        <extensions>
          <ns3:TrackPointExtension>
            <ns3:atemp>16.0</ns3:atemp>
            <ns3:hr>127</ns3:hr>
          </ns3:TrackPointExtension>
        </extensions>
      </trkpt>
      <trkpt lat="49.41209812648594379425048828125" lon="11.12238359637558460235595703125">
        <ele>335.600006103515625</ele>
        <time>2025-10-05T10:25:40.000Z</time>
        <extensions>
          <ns3:TrackPointExtension>
            <ns3:atemp>17.0</ns3:atemp>
            <ns3:hr>126</ns3:hr>
          </ns3:TrackPointExtension>
        </extensions>
      </trkpt>
      <trkpt lat="49.41203844733536243438720703125" lon="11.12226675264537334442138671875">
        <ele>336.20001220703125</ele>
        <time>2025-10-05T10:25:43.000Z</time>
        <extensions>
          <ns3:TrackPointExtension>
            <ns3:atemp>16.0</ns3:atemp>
            <ns3:hr>130</ns3:hr>
          </ns3:TrackPointExtension>
        </extensions>
      </trkpt>
      <trkpt lat="49.412008188664913177490234375" lon="11.12219198606908321380615234375">
        <ele>336.600006103515625</ele>
        <time>2025-10-05T10:25:45.000Z</time>
        <extensions>
          <ns3:TrackPointExtension>
            <ns3:atemp>16.0</ns3:atemp>
            <ns3:hr>128</ns3:hr>
          </ns3:TrackPointExtension>
        </extensions>
      </trkpt>
      <trkpt lat="49.411995448172092437744140625" lon="11.1221603862941265106201171875">
        <ele>336.79998779296875</ele>
        <time>2025-10-05T10:25:46.000Z</time>
        <extensions>
          <ns3:TrackPointExtension>
            <ns3:atemp>17.0</ns3:atemp>
            <ns3:hr>126</ns3:hr>
          </ns3:TrackPointExtension>
        </extensions>
      </trkpt>
      <trkpt lat="49.41195446066558361053466796875" lon="11.1220980249345302581787109375">
        <ele>336.79998779296875</ele>
        <time>2025-10-05T10:25:49.000Z</time>
        <extensions>
          <ns3:TrackPointExtension>
            <ns3:atemp>16.0</ns3:atemp>
            <ns3:hr>129</ns3:hr>
          </ns3:TrackPointExtension>
        </extensions>
      </trkpt>
      <trkpt lat="49.4119456596672534942626953125" lon="11.122081764042377471923828125">
        <ele>336.79998779296875</ele>
        <time>2025-10-05T10:25:50.000Z</time>
        <extensions>
          <ns3:TrackPointExtension>
            <ns3:atemp>16.0</ns3:atemp>
            <ns3:hr>128</ns3:hr>
          </ns3:TrackPointExtension>
        </extensions>
      </trkpt>
      <trkpt lat="49.4119956158101558685302734375" lon="11.1219984479248523712158203125">
        <ele>336.600006103515625</ele>
        <time>2025-10-05T10:25:57.000Z</time>
        <extensions>
          <ns3:TrackPointExtension>
            <ns3:atemp>16.0</ns3:atemp>
            <ns3:hr>127</ns3:hr>
          </ns3:TrackPointExtension>
        </extensions>
      </trkpt>
      <trkpt lat="49.41203744150698184967041015625" lon="11.1219501681625843048095703125">
        <ele>336.399993896484375</ele>
        <time>2025-10-05T10:26:00.000Z</time>
        <extensions>
          <ns3:TrackPointExtension>
            <ns3:atemp>16.0</ns3:atemp>
            <ns3:hr>129</ns3:hr>
          </ns3:TrackPointExtension>
        </extensions>
      </trkpt>
      <trkpt lat="49.41206149756908416748046875" lon="11.12194019369781017303466796875">
        <ele>336.20001220703125</ele>
        <time>2025-10-05T10:26:02.000Z</time>
        <extensions>
          <ns3:TrackPointExtension>
            <ns3:atemp>16.0</ns3:atemp>
            <ns3:hr>127</ns3:hr>
          </ns3:TrackPointExtension>
        </extensions>
      </trkpt>
      <trkpt lat="49.41207432188093662261962890625" lon="11.1219350807368755340576171875">
        <ele>335.399993896484375</ele>
        <time>2025-10-05T10:26:05.000Z</time>
        <extensions>
          <ns3:TrackPointExtension>
            <ns3:atemp>16.0</ns3:atemp>
            <ns3:hr>126</ns3:hr>
          </ns3:TrackPointExtension>
        </extensions>
      </trkpt>
      <trkpt lat="49.41207398660480976104736328125" lon="11.1219263635575771331787109375">
        <ele>335.20001220703125</ele>
        <time>2025-10-05T10:26:07.000Z</time>
        <extensions>
          <ns3:TrackPointExtension>
            <ns3:atemp>16.0</ns3:atemp>
            <ns3:hr>125</ns3:hr>
          </ns3:TrackPointExtension>
        </extensions>
      </trkpt>
      <trkpt lat="49.41208027303218841552734375" lon="11.1219149641692638397216796875">
        <ele>334.399993896484375</ele>
        <time>2025-10-05T10:26:10.000Z</time>
        <extensions>
          <ns3:TrackPointExtension>
            <ns3:atemp>16.0</ns3:atemp>
            <ns3:hr>124</ns3:hr>
          </ns3:TrackPointExtension>
        </extensions>
      </trkpt>
      <trkpt lat="49.41206979565322399139404296875" lon="11.12187883816659450531005859375">
        <ele>333.20001220703125</ele>
        <time>2025-10-05T10:26:13.000Z</time>
        <extensions>
          <ns3:TrackPointExtension>
            <ns3:atemp>16.0</ns3:atemp>
            <ns3:hr>123</ns3:hr>
          </ns3:TrackPointExtension>
        </extensions>
      </trkpt>
      <trkpt lat="49.41206325776875019073486328125" lon="11.12184447236359119415283203125">
        <ele>332</ele>
        <time>2025-10-05T10:26:16.000Z</time>
        <extensions>
          <ns3:TrackPointExtension>
            <ns3:atemp>16.0</ns3:atemp>
            <ns3:hr>122</ns3:hr>
          </ns3:TrackPointExtension>
        </extensions>
      </trkpt>
      <trkpt lat="49.4120581448078155517578125" lon="11.12179501913487911224365234375">
        <ele>331</ele>
        <time>2025-10-05T10:26:21.000Z</time>
        <extensions>
          <ns3:TrackPointExtension>
            <ns3:atemp>16.0</ns3:atemp>
            <ns3:hr>121</ns3:hr>
          </ns3:TrackPointExtension>
        </extensions>
      </trkpt>
      <trkpt lat="49.41203576512634754180908203125" lon="11.12164783291518688201904296875">
        <ele>331.20001220703125</ele>
        <time>2025-10-05T10:26:30.000Z</time>
        <extensions>
          <ns3:TrackPointExtension>
            <ns3:atemp>17.0</ns3:atemp>
            <ns3:hr>121</ns3:hr>
          </ns3:TrackPointExtension>
        </extensions>
      </trkpt>
      <trkpt lat="49.41203945316374301910400390625" lon="11.1216044984757900238037109375">
        <ele>331.20001220703125</ele>
        <time>2025-10-05T10:26:34.000Z</time>
        <extensions>
          <ns3:TrackPointExtension>
            <ns3:atemp>17.0</ns3:atemp>
            <ns3:hr>124</ns3:hr>
          </ns3:TrackPointExtension>
        </extensions>
      </trkpt>
      <trkpt lat="49.41208907403051853179931640625" lon="11.12150232307612895965576171875">
        <ele>330.399993896484375</ele>
        <time>2025-10-05T10:26:43.000Z</time>
        <extensions>
          <ns3:TrackPointExtension>
            <ns3:atemp>17.0</ns3:atemp>
            <ns3:hr>126</ns3:hr>
          </ns3:TrackPointExtension>
        </extensions>
      </trkpt>
      <trkpt lat="49.41218890249729156494140625" lon="11.12153761088848114013671875">
        <ele>330.20001220703125</ele>
        <time>2025-10-05T10:26:48.000Z</time>
        <extensions>
          <ns3:TrackPointExtension>
            <ns3:atemp>17.0</ns3:atemp>
            <ns3:hr>124</ns3:hr>
          </ns3:TrackPointExtension>
        </extensions>
      </trkpt>
      <trkpt lat="49.41218462772667407989501953125" lon="11.1215786822140216827392578125">
        <ele>330.20001220703125</ele>
        <time>2025-10-05T10:26:50.000Z</time>
        <extensions>
          <ns3:TrackPointExtension>
            <ns3:atemp>17.0</ns3:atemp>
            <ns3:hr>123</ns3:hr>
          </ns3:TrackPointExtension>
        </extensions>
      </trkpt>
      <trkpt lat="49.4122021459043025970458984375" lon="11.12153249792754650115966796875">
        <ele>330</ele>
        <time>2025-10-05T10:26:57.000Z</time>
        <extensions>
          <ns3:TrackPointExtension>
            <ns3:atemp>17.0</ns3:atemp>
            <ns3:hr>123</ns3:hr>
          </ns3:TrackPointExtension>
        </extensions>
      </trkpt>
      <trkpt lat="49.41221346147358417510986328125" lon="11.12152663059532642364501953125">
        <ele>330</ele>
        <time>2025-10-05T10:26:58.000Z</time>
        <extensions>
          <ns3:TrackPointExtension>
            <ns3:atemp>17.0</ns3:atemp>
            <ns3:hr>122</ns3:hr>
          </ns3:TrackPointExtension>
        </extensions>
      </trkpt>
    </trkseg>
  </trk>
</gpx>
