<?xml version="1.0" encoding="UTF-8"?>
<gpx creator="Garmin Connect" version="1.1"
  xsi:schemaLocation="http://www.topografix.com/GPX/1/1 http://www.topografix.com/GPX/11.xsd"
  xmlns:ns3="http://www.garmin.com/xmlschemas/TrackPointExtension/v1"
  xmlns="http://www.topografix.com/GPX/1/1"
  xmlns:xsi="http://www.w3.org/2001/XMLSchema-instance" xmlns:ns2="http://www.garmin.com/xmlschemas/GpxExtensions/v3">
  <metadata>
    <link href="connect.garmin.com">
      <text>Garmin Connect</text>
    </link>
    <time>2023-09-05T05:05:40.000Z</time>
  </metadata>
  <trk>
    <name>Weßling Отсл. мест.</name>
    <type>other</type>
    <trkseg>
      <trkpt lat="48.07729898951947689056396484375" lon="11.25133532099425792694091796875">
        <ele>593.4000244140625</ele>
        <time>2023-09-05T05:05:40.000Z</time>
        <extensions>
          <ns3:TrackPointExtension>
            <ns3:atemp>31.0</ns3:atemp>
            <ns3:hr>76</ns3:hr>
          </ns3:TrackPointExtension>
        </extensions>
      </trkpt>
      <trkpt lat="48.077294714748859405517578125" lon="11.2513167969882488250732421875">
        <ele>593.4000244140625</ele>
        <time>2023-09-05T05:05:41.000Z</time>
        <extensions>
          <ns3:TrackPointExtension>
            <ns3:atemp>31.0</ns3:atemp>
            <ns3:hr>75</ns3:hr>
          </ns3:TrackPointExtension>
        </extensions>
      </trkpt>
      <trkpt lat="48.077275939285755157470703125" lon="11.25124982558190822601318359375">
        <ele>593.4000244140625</ele>
        <time>2023-09-05T05:05:45.000Z</time>
        <extensions>
          <ns3:TrackPointExtension>
            <ns3:atemp>32.0</ns3:atemp>
            <ns3:hr>78</ns3:hr>
          </ns3:TrackPointExtension>
        </extensions>
      </trkpt>
      <trkpt lat="48.07726680301129817962646484375" lon="11.25118562020361423492431640625">
        <ele>593.5999755859375</ele>
        <time>2023-09-05T05:05:48.000Z</time>
        <extensions>
          <ns3:TrackPointExtension>
            <ns3:atemp>31.0</ns3:atemp>
            <ns3:hr>81</ns3:hr>
          </ns3:TrackPointExtension>
        </extensions>
      </trkpt>
      <trkpt lat="48.07726143859326839447021484375" lon="11.25112543813884258270263671875">
        <ele>593.5999755859375</ele>
        <time>2023-09-05T05:05:51.000Z</time>
        <extensions>
          <ns3:TrackPointExtension>
            <ns3:atemp>31.0</ns3:atemp>
            <ns3:hr>83</ns3:hr>
          </ns3:TrackPointExtension>
        </extensions>
      </trkpt>
      <trkpt lat="48.07722120545804500579833984375" lon="11.2509335763752460479736328125">
        <ele>593.20001220703125</ele>
        <time>2023-09-05T05:06:01.000Z</time>
        <extensions>
          <ns3:TrackPointExtension>
            <ns3:atemp>31.0</ns3:atemp>
            <ns3:hr>84</ns3:hr>
          </ns3:TrackPointExtension>
        </extensions>
      </trkpt>
      <trkpt lat="48.077202178537845611572265625" lon="11.25086409039795398712158203125">
        <ele>593.20001220703125</ele>
        <time>2023-09-05T05:06:06.000Z</time>
        <extensions>
          <ns3:TrackPointExtension>
            <ns3:atemp>31.0</ns3:atemp>
            <ns3:hr>83</ns3:hr>
          </ns3:TrackPointExtension>
        </extensions>
      </trkpt>
      <trkpt lat="48.07719723321497440338134765625" lon="11.2508390285074710845947265625">
        <ele>593.20001220703125</ele>
        <time>2023-09-05T05:06:08.000Z</time>
        <extensions>
          <ns3:TrackPointExtension>
            <ns3:atemp>31.0</ns3:atemp>
            <ns3:hr>83</ns3:hr>
          </ns3:TrackPointExtension>
        </extensions>
      </trkpt>
      <trkpt lat="48.07719044387340545654296875" lon="11.2508179061114788055419921875">
        <ele>592</ele>
        <time>2023-09-05T05:06:11.000Z</time>
        <extensions>
          <ns3:TrackPointExtension>
            <ns3:atemp>31.0</ns3:atemp>
            <ns3:hr>82</ns3:hr>
          </ns3:TrackPointExtension>
        </extensions>
      </trkpt>
      <trkpt lat="48.07713068090379238128662109375" lon="11.25074657611548900604248046875">
        <ele>589.79998779296875</ele>
        <time>2023-09-05T05:06:18.000Z</time>
        <extensions>
          <ns3:TrackPointExtension>
            <ns3:atemp>31.0</ns3:atemp>
            <ns3:hr>82</ns3:hr>
          </ns3:TrackPointExtension>
        </extensions>
      </trkpt>
      <trkpt lat="48.07712112553417682647705078125" lon="11.25072620809078216552734375">
        <ele>589.5999755859375</ele>
        <time>2023-09-05T05:06:19.000Z</time>
        <extensions>
          <ns3:TrackPointExtension>
            <ns3:atemp>31.0</ns3:atemp>
            <ns3:hr>80</ns3:hr>
          </ns3:TrackPointExtension>
        </extensions>
      </trkpt>
      <trkpt lat="48.07710193097591400146484375" lon="11.25073299743235111236572265625">
        <ele>589.5999755859375</ele>
        <time>2023-09-05T05:06:20.000Z</time>
        <extensions>
          <ns3:TrackPointExtension>
            <ns3:atemp>31.0</ns3:atemp>
            <ns3:hr>82</ns3:hr>
          </ns3:TrackPointExtension>
        </extensions>
      </trkpt>
      <trkpt lat="48.077068738639354705810546875" lon="11.25075303018093109130859375">
        <ele>589.5999755859375</ele>
        <time>2023-09-05T05:06:23.000Z</time>
        <extensions>
          <ns3:TrackPointExtension>
            <ns3:atemp>31.0</ns3:atemp>
            <ns3:hr>82</ns3:hr>
          </ns3:TrackPointExtension>
        </extensions>
      </trkpt>
      <trkpt lat="48.07706295512616634368896484375" lon="11.25075998716056346893310546875">
        <ele>589.5999755859375</ele>
        <time>2023-09-05T05:06:24.000Z</time>
        <extensions>
          <ns3:TrackPointExtension>
            <ns3:atemp>31.0</ns3:atemp>
            <ns3:hr>83</ns3:hr>
          </ns3:TrackPointExtension>
        </extensions>
      </trkpt>
      <trkpt lat="48.077030181884765625" lon="11.2508232705295085906982421875">
        <ele>591.5999755859375</ele>
        <time>2023-09-05T05:06:30.000Z</time>
        <extensions>
          <ns3:TrackPointExtension>
            <ns3:atemp>31.0</ns3:atemp>
            <ns3:hr>83</ns3:hr>
          </ns3:TrackPointExtension>
        </extensions>
      </trkpt>
      <trkpt lat="48.077014423906803131103515625" lon="11.25082679092884063720703125">
        <ele>592.79998779296875</ele>
        <time>2023-09-05T05:06:33.000Z</time>
        <extensions>
          <ns3:TrackPointExtension>
            <ns3:atemp>31.0</ns3:atemp>
            <ns3:hr>83</ns3:hr>
          </ns3:TrackPointExtension>
        </extensions>
      </trkpt>
      <trkpt lat="48.077009059488773345947265625" lon="11.2508380226790904998779296875">
        <ele>592.79998779296875</ele>
        <time>2023-09-05T05:06:35.000Z</time>
        <extensions>
          <ns3:TrackPointExtension>
            <ns3:atemp>31.0</ns3:atemp>
            <ns3:hr>83</ns3:hr>
          </ns3:TrackPointExtension>
        </extensions>
      </trkpt>
      <trkpt lat="48.07694845832884311676025390625" lon="11.25090725719928741455078125">
        <ele>593.5999755859375</ele>
        <time>2023-09-05T05:06:41.000Z</time>
        <extensions>
          <ns3:TrackPointExtension>
            <ns3:atemp>31.0</ns3:atemp>
            <ns3:hr>83</ns3:hr>
          </ns3:TrackPointExtension>
        </extensions>
      </trkpt>
      <trkpt lat="48.0769394896924495697021484375" lon="11.25092594884335994720458984375">
        <ele>593.5999755859375</ele>
        <time>2023-09-05T05:06:42.000Z</time>
        <extensions>
          <ns3:TrackPointExtension>
            <ns3:atemp>31.0</ns3:atemp>
            <ns3:hr>83</ns3:hr>
          </ns3:TrackPointExtension>
        </extensions>
      </trkpt>
      <trkpt lat="48.07691375724971294403076171875" lon="11.25097322277724742889404296875">
        <ele>593.79998779296875</ele>
        <time>2023-09-05T05:06:45.000Z</time>
        <extensions>
          <ns3:TrackPointExtension>
            <ns3:atemp>31.0</ns3:atemp>
            <ns3:hr>81</ns3:hr>
          </ns3:TrackPointExtension>
        </extensions>
      </trkpt>
      <trkpt lat="48.076899088919162750244140625" lon="11.25102795660495758056640625">
        <ele>593.79998779296875</ele>
        <time>2023-09-05T05:06:48.000Z</time>
        <extensions>
          <ns3:TrackPointExtension>
            <ns3:atemp>31.0</ns3:atemp>
            <ns3:hr>82</ns3:hr>
          </ns3:TrackPointExtension>
        </extensions>
      </trkpt>
      <trkpt lat="48.07688341476023197174072265625" lon="11.2511251866817474365234375">
        <ele>593</ele>
        <time>2023-09-05T05:06:53.000Z</time>
        <extensions>
          <ns3:TrackPointExtension>
            <ns3:atemp>31.0</ns3:atemp>
            <ns3:hr>82</ns3:hr>
          </ns3:TrackPointExtension>
        </extensions>
      </trkpt>
      <trkpt lat="48.0768767930567264556884765625" lon="11.2511384300887584686279296875">
        <ele>592.79998779296875</ele>
        <time>2023-09-05T05:06:54.000Z</time>
        <extensions>
          <ns3:TrackPointExtension>
            <ns3:atemp>31.0</ns3:atemp>
            <ns3:hr>82</ns3:hr>
          </ns3:TrackPointExtension>
        </extensions>
      </trkpt>
      <trkpt lat="48.07686883024871349334716796875" lon="11.2511546909809112548828125">
        <ele>592.4000244140625</ele>
        <time>2023-09-05T05:06:55.000Z</time>
        <extensions>
          <ns3:TrackPointExtension>
            <ns3:atemp>31.0</ns3:atemp>
            <ns3:hr>82</ns3:hr>
          </ns3:TrackPointExtension>
        </extensions>
      </trkpt>
      <trkpt lat="48.07685625739395618438720703125" lon="11.25117153860628604888916015625">
        <ele>592.20001220703125</ele>
        <time>2023-09-05T05:06:56.000Z</time>
        <extensions>
          <ns3:TrackPointExtension>
            <ns3:atemp>31.0</ns3:atemp>
            <ns3:hr>82</ns3:hr>
          </ns3:TrackPointExtension>
        </extensions>
      </trkpt>
      <trkpt lat="48.07681619189679622650146484375" lon="11.25121730379760265350341796875">
        <ele>591.5999755859375</ele>
        <time>2023-09-05T05:06:59.000Z</time>
        <extensions>
          <ns3:TrackPointExtension>
            <ns3:atemp>31.0</ns3:atemp>
            <ns3:hr>82</ns3:hr>
          </ns3:TrackPointExtension>
        </extensions>
      </trkpt>
      <trkpt lat="48.0767688341438770294189453125" lon="11.2512715347111225128173828125">
        <ele>591.79998779296875</ele>
        <time>2023-09-05T05:07:01.000Z</time>
        <extensions>
          <ns3:TrackPointExtension>
            <ns3:atemp>31.0</ns3:atemp>
            <ns3:hr>82</ns3:hr>
          </ns3:TrackPointExtension>
        </extensions>
      </trkpt>
      <trkpt lat="48.07661435566842555999755859375" lon="11.25142098404467105865478515625">
        <ele>592.79998779296875</ele>
        <time>2023-09-05T05:07:07.000Z</time>
        <extensions>
          <ns3:TrackPointExtension>
            <ns3:atemp>30.0</ns3:atemp>
            <ns3:hr>81</ns3:hr>
          </ns3:TrackPointExtension>
        </extensions>
      </trkpt>
      <trkpt lat="48.07659507729113101959228515625" lon="11.25144462101161479949951171875">
        <ele>593</ele>
        <time>2023-09-05T05:07:08.000Z</time>
        <extensions>
          <ns3:TrackPointExtension>
            <ns3:atemp>30.0</ns3:atemp>
            <ns3:hr>81</ns3:hr>
          </ns3:TrackPointExtension>
        </extensions>
      </trkpt>
      <trkpt lat="48.07651964016258716583251953125" lon="11.2516195513308048248291015625">
        <ele>593.20001220703125</ele>
        <time>2023-09-05T05:07:13.000Z</time>
        <extensions>
          <ns3:TrackPointExtension>
            <ns3:atemp>30.0</ns3:atemp>
            <ns3:hr>82</ns3:hr>
          </ns3:TrackPointExtension>
        </extensions>
      </trkpt>
      <trkpt lat="48.07652969844639301300048828125" lon="11.251753158867359161376953125">
        <ele>593.5999755859375</ele>
        <time>2023-09-05T05:07:16.000Z</time>
        <extensions>
          <ns3:TrackPointExtension>
            <ns3:atemp>30.0</ns3:atemp>
            <ns3:hr>82</ns3:hr>
          </ns3:TrackPointExtension>
        </extensions>
      </trkpt>
      <trkpt lat="48.07654495351016521453857421875" lon="11.251791380345821380615234375">
        <ele>593.5999755859375</ele>
        <time>2023-09-05T05:07:17.000Z</time>
        <extensions>
          <ns3:TrackPointExtension>
            <ns3:atemp>30.0</ns3:atemp>
            <ns3:hr>82</ns3:hr>
          </ns3:TrackPointExtension>
        </extensions>
      </trkpt>
      <trkpt lat="48.07659893296658992767333984375" lon="11.2518897838890552520751953125">
        <ele>594</ele>
        <time>2023-09-05T05:07:20.000Z</time>
        <extensions>
          <ns3:TrackPointExtension>
            <ns3:atemp>30.0</ns3:atemp>
            <ns3:hr>84</ns3:hr>
          </ns3:TrackPointExtension>
        </extensions>
      </trkpt>
      <trkpt lat="48.076658360660076141357421875" lon="11.25199698843061923980712890625">
        <ele>594.20001220703125</ele>
        <time>2023-09-05T05:07:23.000Z</time>
        <extensions>
          <ns3:TrackPointExtension>
            <ns3:atemp>30.0</ns3:atemp>
            <ns3:hr>85</ns3:hr>
          </ns3:TrackPointExtension>
        </extensions>
      </trkpt>
      <trkpt lat="48.07667235843837261199951171875" lon="11.2520279176533222198486328125">
        <ele>594.20001220703125</ele>
        <time>2023-09-05T05:07:24.000Z</time>
        <extensions>
          <ns3:TrackPointExtension>
            <ns3:atemp>30.0</ns3:atemp>
            <ns3:hr>85</ns3:hr>
          </ns3:TrackPointExtension>
        </extensions>
      </trkpt>
      <trkpt lat="48.07677210308611392974853515625" lon="11.25226520933210849761962890625">
        <ele>595</ele>
        <time>2023-09-05T05:07:30.000Z</time>
        <extensions>
          <ns3:TrackPointExtension>
            <ns3:atemp>30.0</ns3:atemp>
            <ns3:hr>88</ns3:hr>
          </ns3:TrackPointExtension>
        </extensions>
      </trkpt>
      <trkpt lat="48.07679641060531139373779296875" lon="11.252298653125762939453125">
        <ele>595</ele>
        <time>2023-09-05T05:07:31.000Z</time>
        <extensions>
          <ns3:TrackPointExtension>
            <ns3:atemp>30.0</ns3:atemp>
            <ns3:hr>90</ns3:hr>
          </ns3:TrackPointExtension>
        </extensions>
      </trkpt>
      <trkpt lat="48.0768519826233386993408203125" lon="11.25245044939219951629638671875">
        <ele>595.20001220703125</ele>
        <time>2023-09-05T05:07:35.000Z</time>
        <extensions>
          <ns3:TrackPointExtension>
            <ns3:atemp>30.0</ns3:atemp>
            <ns3:hr>91</ns3:hr>
          </ns3:TrackPointExtension>
        </extensions>
      </trkpt>
      <trkpt lat="48.07695533148944377899169921875" lon="11.2527169100940227508544921875">
        <ele>595.5999755859375</ele>
        <time>2023-09-05T05:07:42.000Z</time>
        <extensions>
          <ns3:TrackPointExtension>
            <ns3:atemp>29.0</ns3:atemp>
            <ns3:hr>93</ns3:hr>
          </ns3:TrackPointExtension>
        </extensions>
      </trkpt>
      <trkpt lat="48.076984919607639312744140625" lon="11.25291698612272739410400390625">
        <ele>596.20001220703125</ele>
        <time>2023-09-05T05:07:47.000Z</time>
        <extensions>
          <ns3:TrackPointExtension>
            <ns3:atemp>29.0</ns3:atemp>
            <ns3:hr>92</ns3:hr>
          </ns3:TrackPointExtension>
        </extensions>
      </trkpt>
      <trkpt lat="48.0769765377044677734375" lon="11.25295638106763362884521484375">
        <ele>596.20001220703125</ele>
        <time>2023-09-05T05:07:48.000Z</time>
        <extensions>
          <ns3:TrackPointExtension>
            <ns3:atemp>29.0</ns3:atemp>
            <ns3:hr>91</ns3:hr>
          </ns3:TrackPointExtension>
        </extensions>
      </trkpt>
      <trkpt lat="48.07690076529979705810546875" lon="11.25312183983623981475830078125">
        <ele>597.20001220703125</ele>
        <time>2023-09-05T05:07:54.000Z</time>
        <extensions>
          <ns3:TrackPointExtension>
            <ns3:atemp>29.0</ns3:atemp>
            <ns3:hr>89</ns3:hr>
          </ns3:TrackPointExtension>
        </extensions>
      </trkpt>
      <trkpt lat="48.07688358239829540252685546875" lon="11.25314380042254924774169921875">
        <ele>597.20001220703125</ele>
        <time>2023-09-05T05:07:55.000Z</time>
        <extensions>
          <ns3:TrackPointExtension>
            <ns3:atemp>29.0</ns3:atemp>
            <ns3:hr>90</ns3:hr>
          </ns3:TrackPointExtension>
        </extensions>
      </trkpt>
      <trkpt lat="48.0768003500998020172119140625" lon="11.2532012164592742919921875">
        <ele>597.4000244140625</ele>
        <time>2023-09-05T05:07:59.000Z</time>
        <extensions>
          <ns3:TrackPointExtension>
            <ns3:atemp>29.0</ns3:atemp>
            <ns3:hr>90</ns3:hr>
          </ns3:TrackPointExtension>
        </extensions>
      </trkpt>
      <trkpt lat="48.0767728574573993682861328125" lon="11.2532268650829792022705078125">
        <ele>597.4000244140625</ele>
        <time>2023-09-05T05:08:00.000Z</time>
        <extensions>
          <ns3:TrackPointExtension>
            <ns3:atemp>29.0</ns3:atemp>
            <ns3:hr>88</ns3:hr>
          </ns3:TrackPointExtension>
        </extensions>
      </trkpt>
      <trkpt lat="48.07669012807309627532958984375" lon="11.25330657698214054107666015625">
        <ele>597.4000244140625</ele>
        <time>2023-09-05T05:08:03.000Z</time>
        <extensions>
          <ns3:TrackPointExtension>
            <ns3:atemp>29.0</ns3:atemp>
            <ns3:hr>91</ns3:hr>
          </ns3:TrackPointExtension>
        </extensions>
      </trkpt>
      <trkpt lat="48.07654109783470630645751953125" lon="11.25342509709298610687255859375">
        <ele>598.20001220703125</ele>
        <time>2023-09-05T05:08:09.000Z</time>
        <extensions>
          <ns3:TrackPointExtension>
            <ns3:atemp>29.0</ns3:atemp>
            <ns3:hr>88</ns3:hr>
          </ns3:TrackPointExtension>
        </extensions>
      </trkpt>
      <trkpt lat="48.0764003656804561614990234375" lon="11.2533777393400669097900390625">
        <ele>598.5999755859375</ele>
        <time>2023-09-05T05:08:14.000Z</time>
        <extensions>
          <ns3:TrackPointExtension>
            <ns3:atemp>28.0</ns3:atemp>
            <ns3:hr>90</ns3:hr>
          </ns3:TrackPointExtension>
        </extensions>
      </trkpt>
      <trkpt lat="48.07637077756226062774658203125" lon="11.25337262637913227081298828125">
        <ele>598.5999755859375</ele>
        <time>2023-09-05T05:08:15.000Z</time>
        <extensions>
          <ns3:TrackPointExtension>
            <ns3:atemp>28.0</ns3:atemp>
            <ns3:hr>87</ns3:hr>
          </ns3:TrackPointExtension>
        </extensions>
      </trkpt>
      <trkpt lat="48.07623834349215030670166015625" lon="11.253339014947414398193359375">
        <ele>598.79998779296875</ele>
        <time>2023-09-05T05:08:20.000Z</time>
        <extensions>
          <ns3:TrackPointExtension>
            <ns3:atemp>28.0</ns3:atemp>
            <ns3:hr>91</ns3:hr>
          </ns3:TrackPointExtension>
        </extensions>
      </trkpt>
      <trkpt lat="48.07621085084974765777587890625" lon="11.25334111042320728302001953125">
        <ele>598.79998779296875</ele>
        <time>2023-09-05T05:08:21.000Z</time>
        <extensions>
          <ns3:TrackPointExtension>
            <ns3:atemp>28.0</ns3:atemp>
            <ns3:hr>88</ns3:hr>
          </ns3:TrackPointExtension>
        </extensions>
      </trkpt>
      <trkpt lat="48.076182268559932708740234375" lon="11.25334060750901699066162109375">
        <ele>599</ele>
        <time>2023-09-05T05:08:22.000Z</time>
        <extensions>
          <ns3:TrackPointExtension>
            <ns3:atemp>28.0</ns3:atemp>
            <ns3:hr>90</ns3:hr>
          </ns3:TrackPointExtension>
        </extensions>
      </trkpt>
      <trkpt lat="48.07603575289249420166015625" lon="11.25330607406795024871826171875">
        <ele>599.4000244140625</ele>
        <time>2023-09-05T05:08:27.000Z</time>
        <extensions>
          <ns3:TrackPointExtension>
            <ns3:atemp>28.0</ns3:atemp>
            <ns3:hr>90</ns3:hr>
          </ns3:TrackPointExtension>
        </extensions>
      </trkpt>
      <trkpt lat="48.07597062550485134124755859375" lon="11.25329853035509586334228515625">
        <ele>599.4000244140625</ele>
        <time>2023-09-05T05:08:29.000Z</time>
        <extensions>
          <ns3:TrackPointExtension>
            <ns3:atemp>28.0</ns3:atemp>
            <ns3:hr>90</ns3:hr>
          </ns3:TrackPointExtension>
        </extensions>
      </trkpt>
      <trkpt lat="48.0757274664938449859619140625" lon="11.25329584814608097076416015625">
        <ele>600</ele>
        <time>2023-09-05T05:08:36.000Z</time>
        <extensions>
          <ns3:TrackPointExtension>
            <ns3:atemp>28.0</ns3:atemp>
            <ns3:hr>93</ns3:hr>
          </ns3:TrackPointExtension>
        </extensions>
      </trkpt>
      <trkpt lat="48.07569243013858795166015625" lon="11.2532909028232097625732421875">
        <ele>600</ele>
        <time>2023-09-05T05:08:37.000Z</time>
        <extensions>
          <ns3:TrackPointExtension>
            <ns3:atemp>28.0</ns3:atemp>
            <ns3:hr>92</ns3:hr>
          </ns3:TrackPointExtension>
        </extensions>
      </trkpt>
      <trkpt lat="48.075531832873821258544921875" lon="11.25325553119182586669921875">
        <ele>600</ele>
        <time>2023-09-05T05:08:42.000Z</time>
        <extensions>
          <ns3:TrackPointExtension>
            <ns3:atemp>28.0</ns3:atemp>
            <ns3:hr>94</ns3:hr>
          </ns3:TrackPointExtension>
        </extensions>
      </trkpt>
      <trkpt lat="48.075468130409717559814453125" lon="11.2532508373260498046875">
        <ele>600.20001220703125</ele>
        <time>2023-09-05T05:08:44.000Z</time>
        <extensions>
          <ns3:TrackPointExtension>
            <ns3:atemp>28.0</ns3:atemp>
            <ns3:hr>90</ns3:hr>
          </ns3:TrackPointExtension>
        </extensions>
      </trkpt>
      <trkpt lat="48.07543468661606311798095703125" lon="11.2532446347177028656005859375">
        <ele>600.20001220703125</ele>
        <time>2023-09-05T05:08:45.000Z</time>
        <extensions>
          <ns3:TrackPointExtension>
            <ns3:atemp>28.0</ns3:atemp>
            <ns3:hr>88</ns3:hr>
          </ns3:TrackPointExtension>
        </extensions>
      </trkpt>
      <trkpt lat="48.0752403102815151214599609375" lon="11.2532610632479190826416015625">
        <ele>600.4000244140625</ele>
        <time>2023-09-05T05:08:51.000Z</time>
        <extensions>
          <ns3:TrackPointExtension>
            <ns3:atemp>28.0</ns3:atemp>
            <ns3:hr>87</ns3:hr>
          </ns3:TrackPointExtension>
        </extensions>
      </trkpt>
      <trkpt lat="48.07495725341141223907470703125" lon="11.2533539347350597381591796875">
        <ele>601.20001220703125</ele>
        <time>2023-09-05T05:09:01.000Z</time>
        <extensions>
          <ns3:TrackPointExtension>
            <ns3:atemp>27.0</ns3:atemp>
            <ns3:hr>86</ns3:hr>
          </ns3:TrackPointExtension>
        </extensions>
      </trkpt>
      <trkpt lat="48.074903525412082672119140625" lon="11.25337765552103519439697265625">
        <ele>601.4000244140625</ele>
        <time>2023-09-05T05:09:03.000Z</time>
        <extensions>
          <ns3:TrackPointExtension>
            <ns3:atemp>27.0</ns3:atemp>
            <ns3:hr>86</ns3:hr>
          </ns3:TrackPointExtension>
        </extensions>
      </trkpt>
      <trkpt lat="48.07487703859806060791015625" lon="11.25338620506227016448974609375">
        <ele>601.4000244140625</ele>
        <time>2023-09-05T05:09:04.000Z</time>
        <extensions>
          <ns3:TrackPointExtension>
            <ns3:atemp>27.0</ns3:atemp>
            <ns3:hr>86</ns3:hr>
          </ns3:TrackPointExtension>
        </extensions>
      </trkpt>
      <trkpt lat="48.07482548989355564117431640625" lon="11.2533943355083465576171875">
        <ele>601.4000244140625</ele>
        <time>2023-09-05T05:09:06.000Z</time>
        <extensions>
          <ns3:TrackPointExtension>
            <ns3:atemp>27.0</ns3:atemp>
            <ns3:hr>87</ns3:hr>
          </ns3:TrackPointExtension>
        </extensions>
      </trkpt>
      <trkpt lat="48.07475910522043704986572265625" lon="11.253406740725040435791015625">
        <ele>601.20001220703125</ele>
        <time>2023-09-05T05:09:09.000Z</time>
        <extensions>
          <ns3:TrackPointExtension>
            <ns3:atemp>27.0</ns3:atemp>
            <ns3:hr>88</ns3:hr>
          </ns3:TrackPointExtension>
        </extensions>
      </trkpt>
      <trkpt lat="48.0746763758361339569091796875" lon="11.25345527194440364837646484375">
        <ele>600.79998779296875</ele>
        <time>2023-09-05T05:09:12.000Z</time>
        <extensions>
          <ns3:TrackPointExtension>
            <ns3:atemp>27.0</ns3:atemp>
            <ns3:hr>85</ns3:hr>
          </ns3:TrackPointExtension>
        </extensions>
      </trkpt>
      <trkpt lat="48.0746094882488250732421875" lon="11.25348695553839206695556640625">
        <ele>600.5999755859375</ele>
        <time>2023-09-05T05:09:15.000Z</time>
        <extensions>
          <ns3:TrackPointExtension>
            <ns3:atemp>27.0</ns3:atemp>
            <ns3:hr>81</ns3:hr>
          </ns3:TrackPointExtension>
        </extensions>
      </trkpt>
      <trkpt lat="48.0745563469827175140380859375" lon="11.2535423599183559417724609375">
        <ele>600.5999755859375</ele>
        <time>2023-09-05T05:09:18.000Z</time>
        <extensions>
          <ns3:TrackPointExtension>
            <ns3:atemp>27.0</ns3:atemp>
            <ns3:hr>78</ns3:hr>
          </ns3:TrackPointExtension>
        </extensions>
      </trkpt>
      <trkpt lat="48.07450094260275363922119140625" lon="11.253570355474948883056640625">
        <ele>600.5999755859375</ele>
        <time>2023-09-05T05:09:21.000Z</time>
        <extensions>
          <ns3:TrackPointExtension>
            <ns3:atemp>27.0</ns3:atemp>
            <ns3:hr>77</ns3:hr>
          </ns3:TrackPointExtension>
        </extensions>
      </trkpt>
      <trkpt lat="48.07437957264482975006103515625" lon="11.2535896338522434234619140625">
        <ele>600.5999755859375</ele>
        <time>2023-09-05T05:09:25.000Z</time>
        <extensions>
          <ns3:TrackPointExtension>
            <ns3:atemp>27.0</ns3:atemp>
            <ns3:hr>74</ns3:hr>
          </ns3:TrackPointExtension>
        </extensions>
      </trkpt>
      <trkpt lat="48.07436130009591579437255859375" lon="11.25358049757778644561767578125">
        <ele>600.5999755859375</ele>
        <time>2023-09-05T05:09:27.000Z</time>
        <extensions>
          <ns3:TrackPointExtension>
            <ns3:atemp>27.0</ns3:atemp>
            <ns3:hr>74</ns3:hr>
          </ns3:TrackPointExtension>
        </extensions>
      </trkpt>
      <trkpt lat="48.07436850853264331817626953125" lon="11.2535648234188556671142578125">
        <ele>600.5999755859375</ele>
        <time>2023-09-05T05:09:29.000Z</time>
        <extensions>
          <ns3:TrackPointExtension>
            <ns3:atemp>27.0</ns3:atemp>
            <ns3:hr>74</ns3:hr>
          </ns3:TrackPointExtension>
        </extensions>
      </trkpt>
      <trkpt lat="48.07437085546553134918212890625" lon="11.25355350784957408905029296875">
        <ele>600.4000244140625</ele>
        <time>2023-09-05T05:09:30.000Z</time>
        <extensions>
          <ns3:TrackPointExtension>
            <ns3:atemp>27.0</ns3:atemp>
            <ns3:hr>74</ns3:hr>
          </ns3:TrackPointExtension>
        </extensions>
      </trkpt>
      <trkpt lat="48.07436850853264331817626953125" lon="11.25354110263288021087646484375">
        <ele>600.4000244140625</ele>
        <time>2023-09-05T05:09:31.000Z</time>
        <extensions>
          <ns3:TrackPointExtension>
            <ns3:atemp>27.0</ns3:atemp>
            <ns3:hr>74</ns3:hr>
          </ns3:TrackPointExtension>
        </extensions>
      </trkpt>
      <trkpt lat="48.07435576803982257843017578125" lon="11.2534303776919841766357421875">
        <ele>600.5999755859375</ele>
        <time>2023-09-05T05:09:38.000Z</time>
        <extensions>
          <ns3:TrackPointExtension>
            <ns3:atemp>27.0</ns3:atemp>
            <ns3:hr>77</ns3:hr>
          </ns3:TrackPointExtension>
        </extensions>
      </trkpt>
      <trkpt lat="48.074359707534313201904296875" lon="11.25342853367328643798828125">
        <ele>600.5999755859375</ele>
        <time>2023-09-05T05:09:39.000Z</time>
        <extensions>
          <ns3:TrackPointExtension>
            <ns3:atemp>27.0</ns3:atemp>
            <ns3:hr>77</ns3:hr>
          </ns3:TrackPointExtension>
        </extensions>
      </trkpt>
      <trkpt lat="48.07434864342212677001953125" lon="11.253455691039562225341796875">
        <ele>600.5999755859375</ele>
        <time>2023-09-05T05:09:45.000Z</time>
        <extensions>
          <ns3:TrackPointExtension>
            <ns3:atemp>27.0</ns3:atemp>
            <ns3:hr>77</ns3:hr>
          </ns3:TrackPointExtension>
        </extensions>
      </trkpt>
      <trkpt lat="48.07433850131928920745849609375" lon="11.253464408218860626220703125">
        <ele>600.4000244140625</ele>
        <time>2023-09-05T05:09:46.000Z</time>
        <extensions>
          <ns3:TrackPointExtension>
            <ns3:atemp>26.0</ns3:atemp>
            <ns3:hr>77</ns3:hr>
          </ns3:TrackPointExtension>
        </extensions>
      </trkpt>
      <trkpt lat="48.0743028782308101654052734375" lon="11.25349114648997783660888671875">
        <ele>600.5999755859375</ele>
        <time>2023-09-05T05:09:49.000Z</time>
        <extensions>
          <ns3:TrackPointExtension>
            <ns3:atemp>26.0</ns3:atemp>
            <ns3:hr>77</ns3:hr>
          </ns3:TrackPointExtension>
        </extensions>
      </trkpt>
      <trkpt lat="48.0742140300571918487548828125" lon="11.253538839519023895263671875">
        <ele>600.5999755859375</ele>
        <time>2023-09-05T05:09:56.000Z</time>
        <extensions>
          <ns3:TrackPointExtension>
            <ns3:atemp>26.0</ns3:atemp>
            <ns3:hr>78</ns3:hr>
          </ns3:TrackPointExtension>
        </extensions>
      </trkpt>
      <trkpt lat="48.0741047300398349761962890625" lon="11.25366029329597949981689453125">
        <ele>600.79998779296875</ele>
        <time>2023-09-05T05:10:01.000Z</time>
        <extensions>
          <ns3:TrackPointExtension>
            <ns3:atemp>26.0</ns3:atemp>
            <ns3:hr>77</ns3:hr>
          </ns3:TrackPointExtension>
        </extensions>
      </trkpt>
      <trkpt lat="48.07402200065553188323974609375" lon="11.25375316478312015533447265625">
        <ele>601.4000244140625</ele>
        <time>2023-09-05T05:10:06.000Z</time>
        <extensions>
          <ns3:TrackPointExtension>
            <ns3:atemp>26.0</ns3:atemp>
            <ns3:hr>76</ns3:hr>
          </ns3:TrackPointExtension>
        </extensions>
      </trkpt>
      <trkpt lat="48.073994927108287811279296875" lon="11.2537532486021518707275390625">
        <ele>601.4000244140625</ele>
        <time>2023-09-05T05:10:07.000Z</time>
        <extensions>
          <ns3:TrackPointExtension>
            <ns3:atemp>26.0</ns3:atemp>
            <ns3:hr>75</ns3:hr>
          </ns3:TrackPointExtension>
        </extensions>
      </trkpt>
      <trkpt lat="48.0739303864538669586181640625" lon="11.2537589482963085174560546875">
        <ele>601.79998779296875</ele>
        <time>2023-09-05T05:10:09.000Z</time>
        <extensions>
          <ns3:TrackPointExtension>
            <ns3:atemp>26.0</ns3:atemp>
            <ns3:hr>79</ns3:hr>
          </ns3:TrackPointExtension>
        </extensions>
      </trkpt>
      <trkpt lat="48.0737805180251598358154296875" lon="11.253750063478946685791015625">
        <ele>601.4000244140625</ele>
        <time>2023-09-05T05:10:14.000Z</time>
        <extensions>
          <ns3:TrackPointExtension>
            <ns3:atemp>26.0</ns3:atemp>
            <ns3:hr>80</ns3:hr>
          </ns3:TrackPointExtension>
        </extensions>
      </trkpt>
      <trkpt lat="48.0736071802675724029541015625" lon="11.253757439553737640380859375">
        <ele>601.5999755859375</ele>
        <time>2023-09-05T05:10:20.000Z</time>
        <extensions>
          <ns3:TrackPointExtension>
            <ns3:atemp>26.0</ns3:atemp>
            <ns3:hr>81</ns3:hr>
          </ns3:TrackPointExtension>
        </extensions>
      </trkpt>
      <trkpt lat="48.07343996129930019378662109375" lon="11.253689713776111602783203125">
        <ele>601.79998779296875</ele>
        <time>2023-09-05T05:10:25.000Z</time>
        <extensions>
          <ns3:TrackPointExtension>
            <ns3:atemp>26.0</ns3:atemp>
            <ns3:hr>82</ns3:hr>
          </ns3:TrackPointExtension>
        </extensions>
      </trkpt>
      <trkpt lat="48.0731931142508983612060546875" lon="11.25364772044122219085693359375">
        <ele>601.5999755859375</ele>
        <time>2023-09-05T05:10:32.000Z</time>
        <extensions>
          <ns3:TrackPointExtension>
            <ns3:atemp>26.0</ns3:atemp>
            <ns3:hr>85</ns3:hr>
          </ns3:TrackPointExtension>
        </extensions>
      </trkpt>
      <trkpt lat="48.0731495283544063568115234375" lon="11.25364285893738269805908203125">
        <ele>601.79998779296875</ele>
        <time>2023-09-05T05:10:34.000Z</time>
        <extensions>
          <ns3:TrackPointExtension>
            <ns3:atemp>26.0</ns3:atemp>
            <ns3:hr>86</ns3:hr>
          </ns3:TrackPointExtension>
        </extensions>
      </trkpt>
      <trkpt lat="48.073074929416179656982421875" lon="11.253642775118350982666015625">
        <ele>602</ele>
        <time>2023-09-05T05:10:37.000Z</time>
        <extensions>
          <ns3:TrackPointExtension>
            <ns3:atemp>26.0</ns3:atemp>
            <ns3:hr>88</ns3:hr>
          </ns3:TrackPointExtension>
        </extensions>
      </trkpt>
      <trkpt lat="48.07286831550300121307373046875" lon="11.2536389194428920745849609375">
        <ele>602.20001220703125</ele>
        <time>2023-09-05T05:10:45.000Z</time>
        <extensions>
          <ns3:TrackPointExtension>
            <ns3:atemp>26.0</ns3:atemp>
            <ns3:hr>87</ns3:hr>
          </ns3:TrackPointExtension>
        </extensions>
      </trkpt>
      <trkpt lat="48.072722889482975006103515625" lon="11.25365476123988628387451171875">
        <ele>602.5999755859375</ele>
        <time>2023-09-05T05:10:50.000Z</time>
        <extensions>
          <ns3:TrackPointExtension>
            <ns3:atemp>25.0</ns3:atemp>
            <ns3:hr>89</ns3:hr>
          </ns3:TrackPointExtension>
        </extensions>
      </trkpt>
      <trkpt lat="48.0726935528218746185302734375" lon="11.25365342013537883758544921875">
        <ele>602.5999755859375</ele>
        <time>2023-09-05T05:10:51.000Z</time>
        <extensions>
          <ns3:TrackPointExtension>
            <ns3:atemp>25.0</ns3:atemp>
            <ns3:hr>89</ns3:hr>
          </ns3:TrackPointExtension>
        </extensions>
      </trkpt>
      <trkpt lat="48.07263739407062530517578125" lon="11.25364185310900211334228515625">
        <ele>602.5999755859375</ele>
        <time>2023-09-05T05:10:53.000Z</time>
        <extensions>
          <ns3:TrackPointExtension>
            <ns3:atemp>25.0</ns3:atemp>
            <ns3:hr>86</ns3:hr>
          </ns3:TrackPointExtension>
        </extensions>
      </trkpt>
      <trkpt lat="48.0724783055484294891357421875" lon="11.2536432780325412750244140625">
        <ele>602.5999755859375</ele>
        <time>2023-09-05T05:10:58.000Z</time>
        <extensions>
          <ns3:TrackPointExtension>
            <ns3:atemp>25.0</ns3:atemp>
            <ns3:hr>86</ns3:hr>
          </ns3:TrackPointExtension>
        </extensions>
      </trkpt>
      <trkpt lat="48.072276972234249114990234375" lon="11.2537054717540740966796875">
        <ele>602.5999755859375</ele>
        <time>2023-09-05T05:11:05.000Z</time>
        <extensions>
          <ns3:TrackPointExtension>
            <ns3:atemp>25.0</ns3:atemp>
            <ns3:hr>86</ns3:hr>
          </ns3:TrackPointExtension>
        </extensions>
      </trkpt>
      <trkpt lat="48.0722142755985260009765625" lon="11.253744028508663177490234375">
        <ele>602.79998779296875</ele>
        <time>2023-09-05T05:11:08.000Z</time>
        <extensions>
          <ns3:TrackPointExtension>
            <ns3:atemp>25.0</ns3:atemp>
            <ns3:hr>88</ns3:hr>
          </ns3:TrackPointExtension>
        </extensions>
      </trkpt>
      <trkpt lat="48.07213850319385528564453125" lon="11.25377831049263477325439453125">
        <ele>603</ele>
        <time>2023-09-05T05:11:11.000Z</time>
        <extensions>
          <ns3:TrackPointExtension>
            <ns3:atemp>25.0</ns3:atemp>
            <ns3:hr>89</ns3:hr>
          </ns3:TrackPointExtension>
        </extensions>
      </trkpt>
      <trkpt lat="48.0719505809247493743896484375" lon="11.253870092332363128662109375">
        <ele>603</ele>
        <time>2023-09-05T05:11:17.000Z</time>
        <extensions>
          <ns3:TrackPointExtension>
            <ns3:atemp>25.0</ns3:atemp>
            <ns3:hr>86</ns3:hr>
          </ns3:TrackPointExtension>
        </extensions>
      </trkpt>
      <trkpt lat="48.07174614630639553070068359375" lon="11.2539602816104888916015625">
        <ele>603.20001220703125</ele>
        <time>2023-09-05T05:11:23.000Z</time>
        <extensions>
          <ns3:TrackPointExtension>
            <ns3:atemp>25.0</ns3:atemp>
            <ns3:hr>87</ns3:hr>
          </ns3:TrackPointExtension>
        </extensions>
      </trkpt>
      <trkpt lat="48.07160465978085994720458984375" lon="11.2540063820779323577880859375">
        <ele>604</ele>
        <time>2023-09-05T05:11:28.000Z</time>
        <extensions>
          <ns3:TrackPointExtension>
            <ns3:atemp>25.0</ns3:atemp>
            <ns3:hr>85</ns3:hr>
          </ns3:TrackPointExtension>
        </extensions>
      </trkpt>
      <trkpt lat="48.07157515548169612884521484375" lon="11.25401057302951812744140625">
        <ele>604.4000244140625</ele>
        <time>2023-09-05T05:11:29.000Z</time>
        <extensions>
          <ns3:TrackPointExtension>
            <ns3:atemp>25.0</ns3:atemp>
            <ns3:hr>86</ns3:hr>
          </ns3:TrackPointExtension>
        </extensions>
      </trkpt>
      <trkpt lat="48.07150726206600666046142578125" lon="11.2540104053914546966552734375">
        <ele>605.20001220703125</ele>
        <time>2023-09-05T05:11:32.000Z</time>
        <extensions>
          <ns3:TrackPointExtension>
            <ns3:atemp>25.0</ns3:atemp>
            <ns3:hr>85</ns3:hr>
          </ns3:TrackPointExtension>
        </extensions>
      </trkpt>
      <trkpt lat="48.0714241974055767059326171875" lon="11.2540305219590663909912109375">
        <ele>606</ele>
        <time>2023-09-05T05:11:35.000Z</time>
        <extensions>
          <ns3:TrackPointExtension>
            <ns3:atemp>25.0</ns3:atemp>
            <ns3:hr>85</ns3:hr>
          </ns3:TrackPointExtension>
        </extensions>
      </trkpt>
      <trkpt lat="48.0713963694870471954345703125" lon="11.25403731130063533782958984375">
        <ele>606.20001220703125</ele>
        <time>2023-09-05T05:11:36.000Z</time>
        <extensions>
          <ns3:TrackPointExtension>
            <ns3:atemp>25.0</ns3:atemp>
            <ns3:hr>84</ns3:hr>
          </ns3:TrackPointExtension>
        </extensions>
      </trkpt>
      <trkpt lat="48.0713343434035778045654296875" lon="11.25404971651732921600341796875">
        <ele>607</ele>
        <time>2023-09-05T05:11:38.000Z</time>
        <extensions>
          <ns3:TrackPointExtension>
            <ns3:atemp>25.0</ns3:atemp>
            <ns3:hr>84</ns3:hr>
          </ns3:TrackPointExtension>
        </extensions>
      </trkpt>
      <trkpt lat="48.071305342018604278564453125" lon="11.2540593557059764862060546875">
        <ele>607.20001220703125</ele>
        <time>2023-09-05T05:11:39.000Z</time>
        <extensions>
          <ns3:TrackPointExtension>
            <ns3:atemp>25.0</ns3:atemp>
            <ns3:hr>84</ns3:hr>
          </ns3:TrackPointExtension>
        </extensions>
      </trkpt>
      <trkpt lat="48.07121154852211475372314453125" lon="11.25408961437642574310302734375">
        <ele>608.4000244140625</ele>
        <time>2023-09-05T05:11:43.000Z</time>
        <extensions>
          <ns3:TrackPointExtension>
            <ns3:atemp>25.0</ns3:atemp>
            <ns3:hr>86</ns3:hr>
          </ns3:TrackPointExtension>
        </extensions>
      </trkpt>
      <trkpt lat="48.0710979737341403961181640625" lon="11.2540997564792633056640625">
        <ele>609.5999755859375</ele>
        <time>2023-09-05T05:11:48.000Z</time>
        <extensions>
          <ns3:TrackPointExtension>
            <ns3:atemp>24.0</ns3:atemp>
            <ns3:hr>84</ns3:hr>
          </ns3:TrackPointExtension>
        </extensions>
      </trkpt>
      <trkpt lat="48.07107408531010150909423828125" lon="11.25410847365856170654296875">
        <ele>609.79998779296875</ele>
        <time>2023-09-05T05:11:49.000Z</time>
        <extensions>
          <ns3:TrackPointExtension>
            <ns3:atemp>24.0</ns3:atemp>
            <ns3:hr>83</ns3:hr>
          </ns3:TrackPointExtension>
        </extensions>
      </trkpt>
      <trkpt lat="48.0710540525615215301513671875" lon="11.25411543063819408416748046875">
        <ele>609.79998779296875</ele>
        <time>2023-09-05T05:11:50.000Z</time>
        <extensions>
          <ns3:TrackPointExtension>
            <ns3:atemp>24.0</ns3:atemp>
            <ns3:hr>83</ns3:hr>
          </ns3:TrackPointExtension>
        </extensions>
      </trkpt>
      <trkpt lat="48.07096847333014011383056640625" lon="11.2541485391557216644287109375">
        <ele>610.5999755859375</ele>
        <time>2023-09-05T05:11:54.000Z</time>
        <extensions>
          <ns3:TrackPointExtension>
            <ns3:atemp>24.0</ns3:atemp>
            <ns3:hr>84</ns3:hr>
          </ns3:TrackPointExtension>
        </extensions>
      </trkpt>
      <trkpt lat="48.07092321105301380157470703125" lon="11.25417686998844146728515625">
        <ele>610.79998779296875</ele>
        <time>2023-09-05T05:11:56.000Z</time>
        <extensions>
          <ns3:TrackPointExtension>
            <ns3:atemp>24.0</ns3:atemp>
            <ns3:hr>83</ns3:hr>
          </ns3:TrackPointExtension>
        </extensions>
      </trkpt>
      <trkpt lat="48.07081189937889575958251953125" lon="11.25431743450462818145751953125">
        <ele>611.4000244140625</ele>
        <time>2023-09-05T05:12:01.000Z</time>
        <extensions>
          <ns3:TrackPointExtension>
            <ns3:atemp>24.0</ns3:atemp>
            <ns3:hr>82</ns3:hr>
          </ns3:TrackPointExtension>
        </extensions>
      </trkpt>
      <trkpt lat="48.070634789764881134033203125" lon="11.2545894272625446319580078125">
        <ele>610.79998779296875</ele>
        <time>2023-09-05T05:12:09.000Z</time>
        <extensions>
          <ns3:TrackPointExtension>
            <ns3:atemp>24.0</ns3:atemp>
            <ns3:hr>79</ns3:hr>
          </ns3:TrackPointExtension>
        </extensions>
      </trkpt>
      <trkpt lat="48.07055071927607059478759765625" lon="11.254728734493255615234375">
        <ele>610.20001220703125</ele>
        <time>2023-09-05T05:12:14.000Z</time>
        <extensions>
          <ns3:TrackPointExtension>
            <ns3:atemp>24.0</ns3:atemp>
            <ns3:hr>80</ns3:hr>
          </ns3:TrackPointExtension>
        </extensions>
      </trkpt>
      <trkpt lat="48.07050998322665691375732421875" lon="11.2547932751476764678955078125">
        <ele>610</ele>
        <time>2023-09-05T05:12:16.000Z</time>
        <extensions>
          <ns3:TrackPointExtension>
            <ns3:atemp>24.0</ns3:atemp>
            <ns3:hr>82</ns3:hr>
          </ns3:TrackPointExtension>
        </extensions>
      </trkpt>
      <trkpt lat="48.0704666487872600555419921875" lon="11.2548576481640338897705078125">
        <ele>609.79998779296875</ele>
        <time>2023-09-05T05:12:18.000Z</time>
        <extensions>
          <ns3:TrackPointExtension>
            <ns3:atemp>24.0</ns3:atemp>
            <ns3:hr>79</ns3:hr>
          </ns3:TrackPointExtension>
        </extensions>
      </trkpt>
      <trkpt lat="48.0703831650316715240478515625" lon="11.25496937893331050872802734375">
        <ele>609.79998779296875</ele>
        <time>2023-09-05T05:12:22.000Z</time>
        <extensions>
          <ns3:TrackPointExtension>
            <ns3:atemp>24.0</ns3:atemp>
            <ns3:hr>79</ns3:hr>
          </ns3:TrackPointExtension>
        </extensions>
      </trkpt>
      <trkpt lat="48.070364557206630706787109375" lon="11.2549944408237934112548828125">
        <ele>609.79998779296875</ele>
        <time>2023-09-05T05:12:23.000Z</time>
        <extensions>
          <ns3:TrackPointExtension>
            <ns3:atemp>24.0</ns3:atemp>
            <ns3:hr>76</ns3:hr>
          </ns3:TrackPointExtension>
        </extensions>
      </trkpt>
      <trkpt lat="48.0703187920153141021728515625" lon="11.2550534494221210479736328125">
        <ele>610.20001220703125</ele>
        <time>2023-09-05T05:12:25.000Z</time>
        <extensions>
          <ns3:TrackPointExtension>
            <ns3:atemp>24.0</ns3:atemp>
            <ns3:hr>79</ns3:hr>
          </ns3:TrackPointExtension>
        </extensions>
      </trkpt>
      <trkpt lat="48.07020622305572032928466796875" lon="11.25515964813530445098876953125">
        <ele>610.4000244140625</ele>
        <time>2023-09-05T05:12:30.000Z</time>
        <extensions>
          <ns3:TrackPointExtension>
            <ns3:atemp>24.0</ns3:atemp>
            <ns3:hr>80</ns3:hr>
          </ns3:TrackPointExtension>
        </extensions>
      </trkpt>
      <trkpt lat="48.07007563300430774688720703125" lon="11.2552992068231105804443359375">
        <ele>610.5999755859375</ele>
        <time>2023-09-05T05:12:35.000Z</time>
        <extensions>
          <ns3:TrackPointExtension>
            <ns3:atemp>24.0</ns3:atemp>
            <ns3:hr>83</ns3:hr>
          </ns3:TrackPointExtension>
        </extensions>
      </trkpt>
      <trkpt lat="48.07004579342901706695556640625" lon="11.25532795675098896026611328125">
        <ele>610.5999755859375</ele>
        <time>2023-09-05T05:12:36.000Z</time>
        <extensions>
          <ns3:TrackPointExtension>
            <ns3:atemp>24.0</ns3:atemp>
            <ns3:hr>82</ns3:hr>
          </ns3:TrackPointExtension>
        </extensions>
      </trkpt>
      <trkpt lat="48.0699962563812732696533203125" lon="11.25536701641976833343505859375">
        <ele>610.79998779296875</ele>
        <time>2023-09-05T05:12:38.000Z</time>
        <extensions>
          <ns3:TrackPointExtension>
            <ns3:atemp>24.0</ns3:atemp>
            <ns3:hr>78</ns3:hr>
          </ns3:TrackPointExtension>
        </extensions>
      </trkpt>
      <trkpt lat="48.06992190890014171600341796875" lon="11.2554239295423030853271484375">
        <ele>611</ele>
        <time>2023-09-05T05:12:41.000Z</time>
        <extensions>
          <ns3:TrackPointExtension>
            <ns3:atemp>24.0</ns3:atemp>
            <ns3:hr>78</ns3:hr>
          </ns3:TrackPointExtension>
        </extensions>
      </trkpt>
      <trkpt lat="48.0698068253695964813232421875" lon="11.2555479817092418670654296875">
        <ele>611.5999755859375</ele>
        <time>2023-09-05T05:12:46.000Z</time>
        <extensions>
          <ns3:TrackPointExtension>
            <ns3:atemp>24.0</ns3:atemp>
            <ns3:hr>78</ns3:hr>
          </ns3:TrackPointExtension>
        </extensions>
      </trkpt>
      <trkpt lat="48.06978679262101650238037109375" lon="11.25559198670089244842529296875">
        <ele>611.79998779296875</ele>
        <time>2023-09-05T05:12:47.000Z</time>
        <extensions>
          <ns3:TrackPointExtension>
            <ns3:atemp>24.0</ns3:atemp>
            <ns3:hr>77</ns3:hr>
          </ns3:TrackPointExtension>
        </extensions>
      </trkpt>
      <trkpt lat="48.069780506193637847900390625" lon="11.25562836416065692901611328125">
        <ele>611.79998779296875</ele>
        <time>2023-09-05T05:12:48.000Z</time>
        <extensions>
          <ns3:TrackPointExtension>
            <ns3:atemp>24.0</ns3:atemp>
            <ns3:hr>77</ns3:hr>
          </ns3:TrackPointExtension>
        </extensions>
      </trkpt>
      <trkpt lat="48.06978612206876277923583984375" lon="11.2556636519730091094970703125">
        <ele>612</ele>
        <time>2023-09-05T05:12:49.000Z</time>
        <extensions>
          <ns3:TrackPointExtension>
            <ns3:atemp>24.0</ns3:atemp>
            <ns3:hr>77</ns3:hr>
          </ns3:TrackPointExtension>
        </extensions>
      </trkpt>
      <trkpt lat="48.06981126777827739715576171875" lon="11.25573950819671154022216796875">
        <ele>612</ele>
        <time>2023-09-05T05:12:51.000Z</time>
        <extensions>
          <ns3:TrackPointExtension>
            <ns3:atemp>24.0</ns3:atemp>
            <ns3:hr>78</ns3:hr>
          </ns3:TrackPointExtension>
        </extensions>
      </trkpt>
      <trkpt lat="48.0698785744607448577880859375" lon="11.255978643894195556640625">
        <ele>611.79998779296875</ele>
        <time>2023-09-05T05:12:57.000Z</time>
        <extensions>
          <ns3:TrackPointExtension>
            <ns3:atemp>24.0</ns3:atemp>
            <ns3:hr>81</ns3:hr>
          </ns3:TrackPointExtension>
        </extensions>
      </trkpt>
      <trkpt lat="48.06993649341166019439697265625" lon="11.25613194890320301055908203125">
        <ele>612</ele>
        <time>2023-09-05T05:13:01.000Z</time>
        <extensions>
          <ns3:TrackPointExtension>
            <ns3:atemp>23.0</ns3:atemp>
            <ns3:hr>84</ns3:hr>
          </ns3:TrackPointExtension>
        </extensions>
      </trkpt>
      <trkpt lat="48.06997890584170818328857421875" lon="11.25625801272690296173095703125">
        <ele>611.79998779296875</ele>
        <time>2023-09-05T05:13:04.000Z</time>
        <extensions>
          <ns3:TrackPointExtension>
            <ns3:atemp>23.0</ns3:atemp>
            <ns3:hr>82</ns3:hr>
          </ns3:TrackPointExtension>
        </extensions>
      </trkpt>
      <trkpt lat="48.070083595812320709228515625" lon="11.25653059221804141998291015625">
        <ele>610.5999755859375</ele>
        <time>2023-09-05T05:13:10.000Z</time>
        <extensions>
          <ns3:TrackPointExtension>
            <ns3:atemp>23.0</ns3:atemp>
            <ns3:hr>83</ns3:hr>
          </ns3:TrackPointExtension>
        </extensions>
      </trkpt>
      <trkpt lat="48.07009323500096797943115234375" lon="11.25658960081636905670166015625">
        <ele>610.5999755859375</ele>
        <time>2023-09-05T05:13:11.000Z</time>
        <extensions>
          <ns3:TrackPointExtension>
            <ns3:atemp>23.0</ns3:atemp>
            <ns3:hr>83</ns3:hr>
          </ns3:TrackPointExtension>
        </extensions>
      </trkpt>
      <trkpt lat="48.0701166205108165740966796875" lon="11.25682060606777667999267578125">
        <ele>610.20001220703125</ele>
        <time>2023-09-05T05:13:16.000Z</time>
        <extensions>
          <ns3:TrackPointExtension>
            <ns3:atemp>23.0</ns3:atemp>
            <ns3:hr>79</ns3:hr>
          </ns3:TrackPointExtension>
        </extensions>
      </trkpt>
      <trkpt lat="48.0700819194316864013671875" lon="11.25692856498062610626220703125">
        <ele>610</ele>
        <time>2023-09-05T05:13:19.000Z</time>
        <extensions>
          <ns3:TrackPointExtension>
            <ns3:atemp>23.0</ns3:atemp>
            <ns3:hr>76</ns3:hr>
          </ns3:TrackPointExtension>
        </extensions>
      </trkpt>
      <trkpt lat="48.07005601935088634490966796875" lon="11.25695773400366306304931640625">
        <ele>610</ele>
        <time>2023-09-05T05:13:20.000Z</time>
        <extensions>
          <ns3:TrackPointExtension>
            <ns3:atemp>23.0</ns3:atemp>
            <ns3:hr>76</ns3:hr>
          </ns3:TrackPointExtension>
        </extensions>
      </trkpt>
      <trkpt lat="48.06999566964805126190185546875" lon="11.25700349919497966766357421875">
        <ele>609.5999755859375</ele>
        <time>2023-09-05T05:13:22.000Z</time>
        <extensions>
          <ns3:TrackPointExtension>
            <ns3:atemp>23.0</ns3:atemp>
            <ns3:hr>75</ns3:hr>
          </ns3:TrackPointExtension>
        </extensions>
      </trkpt>
      <trkpt lat="48.06987379677593708038330078125" lon="11.257035769522190093994140625">
        <ele>609</ele>
        <time>2023-09-05T05:13:26.000Z</time>
        <extensions>
          <ns3:TrackPointExtension>
            <ns3:atemp>23.0</ns3:atemp>
            <ns3:hr>75</ns3:hr>
          </ns3:TrackPointExtension>
        </extensions>
      </trkpt>
      <trkpt lat="48.06972183287143707275390625" lon="11.2569283135235309600830078125">
        <ele>609.20001220703125</ele>
        <time>2023-09-05T05:13:32.000Z</time>
        <extensions>
          <ns3:TrackPointExtension>
            <ns3:atemp>23.0</ns3:atemp>
            <ns3:hr>77</ns3:hr>
          </ns3:TrackPointExtension>
        </extensions>
      </trkpt>
      <trkpt lat="48.06960104964673519134521484375" lon="11.2567680515348911285400390625">
        <ele>610</ele>
        <time>2023-09-05T05:13:38.000Z</time>
        <extensions>
          <ns3:TrackPointExtension>
            <ns3:atemp>23.0</ns3:atemp>
            <ns3:hr>76</ns3:hr>
          </ns3:TrackPointExtension>
        </extensions>
      </trkpt>
      <trkpt lat="48.0694784224033355712890625" lon="11.25662882812321186065673828125">
        <ele>609.20001220703125</ele>
        <time>2023-09-05T05:13:43.000Z</time>
        <extensions>
          <ns3:TrackPointExtension>
            <ns3:atemp>23.0</ns3:atemp>
            <ns3:hr>76</ns3:hr>
          </ns3:TrackPointExtension>
        </extensions>
      </trkpt>
      <trkpt lat="48.069442547857761383056640625" lon="11.25664089806377887725830078125">
        <ele>609</ele>
        <time>2023-09-05T05:13:44.000Z</time>
        <extensions>
          <ns3:TrackPointExtension>
            <ns3:atemp>23.0</ns3:atemp>
            <ns3:hr>76</ns3:hr>
          </ns3:TrackPointExtension>
        </extensions>
      </trkpt>
      <trkpt lat="48.0694081820547580718994140625" lon="11.25665925443172454833984375">
        <ele>608.4000244140625</ele>
        <time>2023-09-05T05:13:45.000Z</time>
        <extensions>
          <ns3:TrackPointExtension>
            <ns3:atemp>23.0</ns3:atemp>
            <ns3:hr>76</ns3:hr>
          </ns3:TrackPointExtension>
        </extensions>
      </trkpt>
      <trkpt lat="48.06935462169349193572998046875" lon="11.25673393718898296356201171875">
        <ele>607.79998779296875</ele>
        <time>2023-09-05T05:13:47.000Z</time>
        <extensions>
          <ns3:TrackPointExtension>
            <ns3:atemp>23.0</ns3:atemp>
            <ns3:hr>77</ns3:hr>
          </ns3:TrackPointExtension>
        </extensions>
      </trkpt>
      <trkpt lat="48.06932377628982067108154296875" lon="11.2568227015435695648193359375">
        <ele>607.20001220703125</ele>
        <time>2023-09-05T05:13:49.000Z</time>
        <extensions>
          <ns3:TrackPointExtension>
            <ns3:atemp>23.0</ns3:atemp>
            <ns3:hr>77</ns3:hr>
          </ns3:TrackPointExtension>
        </extensions>
      </trkpt>
      <trkpt lat="48.06928932666778564453125" lon="11.25693778507411479949951171875">
        <ele>606</ele>
        <time>2023-09-05T05:13:52.000Z</time>
        <extensions>
          <ns3:TrackPointExtension>
            <ns3:atemp>23.0</ns3:atemp>
            <ns3:hr>76</ns3:hr>
          </ns3:TrackPointExtension>
        </extensions>
      </trkpt>
      <trkpt lat="48.069259822368621826171875" lon="11.25701506622135639190673828125">
        <ele>605</ele>
        <time>2023-09-05T05:13:54.000Z</time>
        <extensions>
          <ns3:TrackPointExtension>
            <ns3:atemp>23.0</ns3:atemp>
            <ns3:hr>76</ns3:hr>
          </ns3:TrackPointExtension>
        </extensions>
      </trkpt>
      <trkpt lat="48.06921816430985927581787109375" lon="11.25715319998562335968017578125">
        <ele>603.79998779296875</ele>
        <time>2023-09-05T05:13:58.000Z</time>
        <extensions>
          <ns3:TrackPointExtension>
            <ns3:atemp>23.0</ns3:atemp>
            <ns3:hr>75</ns3:hr>
          </ns3:TrackPointExtension>
        </extensions>
      </trkpt>
      <trkpt lat="48.06920190341770648956298828125" lon="11.257262416183948516845703125">
        <ele>602.4000244140625</ele>
        <time>2023-09-05T05:14:01.000Z</time>
        <extensions>
          <ns3:TrackPointExtension>
            <ns3:atemp>23.0</ns3:atemp>
            <ns3:hr>75</ns3:hr>
          </ns3:TrackPointExtension>
        </extensions>
      </trkpt>
      <trkpt lat="48.06918782182037830352783203125" lon="11.25728747807443141937255859375">
        <ele>602.20001220703125</ele>
        <time>2023-09-05T05:14:02.000Z</time>
        <extensions>
          <ns3:TrackPointExtension>
            <ns3:atemp>23.0</ns3:atemp>
            <ns3:hr>75</ns3:hr>
          </ns3:TrackPointExtension>
        </extensions>
      </trkpt>
      <trkpt lat="48.06912244297564029693603515625" lon="11.2573517672717571258544921875">
        <ele>601.4000244140625</ele>
        <time>2023-09-05T05:14:05.000Z</time>
        <extensions>
          <ns3:TrackPointExtension>
            <ns3:atemp>23.0</ns3:atemp>
            <ns3:hr>76</ns3:hr>
          </ns3:TrackPointExtension>
        </extensions>
      </trkpt>
      <trkpt lat="48.068996965885162353515625" lon="11.25748269259929656982421875">
        <ele>600.5999755859375</ele>
        <time>2023-09-05T05:14:10.000Z</time>
        <extensions>
          <ns3:TrackPointExtension>
            <ns3:atemp>23.0</ns3:atemp>
            <ns3:hr>79</ns3:hr>
          </ns3:TrackPointExtension>
        </extensions>
      </trkpt>
      <trkpt lat="48.06898699142038822174072265625" lon="11.257501803338527679443359375">
        <ele>600.4000244140625</ele>
        <time>2023-09-05T05:14:11.000Z</time>
        <extensions>
          <ns3:TrackPointExtension>
            <ns3:atemp>23.0</ns3:atemp>
            <ns3:hr>79</ns3:hr>
          </ns3:TrackPointExtension>
        </extensions>
      </trkpt>
      <trkpt lat="48.0689538829028606414794921875" lon="11.257546059787273406982421875">
        <ele>600</ele>
        <time>2023-09-05T05:14:13.000Z</time>
        <extensions>
          <ns3:TrackPointExtension>
            <ns3:atemp>23.0</ns3:atemp>
            <ns3:hr>78</ns3:hr>
          </ns3:TrackPointExtension>
        </extensions>
      </trkpt>
      <trkpt lat="48.06886025704443454742431640625" lon="11.25765301287174224853515625">
        <ele>599</ele>
        <time>2023-09-05T05:14:17.000Z</time>
        <extensions>
          <ns3:TrackPointExtension>
            <ns3:atemp>23.0</ns3:atemp>
            <ns3:hr>78</ns3:hr>
          </ns3:TrackPointExtension>
        </extensions>
      </trkpt>
      <trkpt lat="48.0687247216701507568359375" lon="11.25772836618125438690185546875">
        <ele>597.79998779296875</ele>
        <time>2023-09-05T05:14:22.000Z</time>
        <extensions>
          <ns3:TrackPointExtension>
            <ns3:atemp>23.0</ns3:atemp>
            <ns3:hr>78</ns3:hr>
          </ns3:TrackPointExtension>
        </extensions>
      </trkpt>
      <trkpt lat="48.06869127787649631500244140625" lon="11.25774010084569454193115234375">
        <ele>597.4000244140625</ele>
        <time>2023-09-05T05:14:23.000Z</time>
        <extensions>
          <ns3:TrackPointExtension>
            <ns3:atemp>23.0</ns3:atemp>
            <ns3:hr>77</ns3:hr>
          </ns3:TrackPointExtension>
        </extensions>
      </trkpt>
      <trkpt lat="48.0686568282544612884521484375" lon="11.2577520869672298431396484375">
        <ele>597</ele>
        <time>2023-09-05T05:14:24.000Z</time>
        <extensions>
          <ns3:TrackPointExtension>
            <ns3:atemp>23.0</ns3:atemp>
            <ns3:hr>80</ns3:hr>
          </ns3:TrackPointExtension>
        </extensions>
      </trkpt>
      <trkpt lat="48.0686239711940288543701171875" lon="11.25778284855186939239501953125">
        <ele>596.5999755859375</ele>
        <time>2023-09-05T05:14:25.000Z</time>
        <extensions>
          <ns3:TrackPointExtension>
            <ns3:atemp>23.0</ns3:atemp>
            <ns3:hr>80</ns3:hr>
          </ns3:TrackPointExtension>
        </extensions>
      </trkpt>
      <trkpt lat="48.0685213766992092132568359375" lon="11.257893405854701995849609375">
        <ele>595.79998779296875</ele>
        <time>2023-09-05T05:14:29.000Z</time>
        <extensions>
          <ns3:TrackPointExtension>
            <ns3:atemp>23.0</ns3:atemp>
            <ns3:hr>80</ns3:hr>
          </ns3:TrackPointExtension>
        </extensions>
      </trkpt>
      <trkpt lat="48.06847418658435344696044921875" lon="11.257931292057037353515625">
        <ele>595.79998779296875</ele>
        <time>2023-09-05T05:14:32.000Z</time>
        <extensions>
          <ns3:TrackPointExtension>
            <ns3:atemp>23.0</ns3:atemp>
            <ns3:hr>84</ns3:hr>
          </ns3:TrackPointExtension>
        </extensions>
      </trkpt>
      <trkpt lat="48.06846731342375278472900390625" lon="11.25791721045970916748046875">
        <ele>595.5999755859375</ele>
        <time>2023-09-05T05:14:33.000Z</time>
        <extensions>
          <ns3:TrackPointExtension>
            <ns3:atemp>23.0</ns3:atemp>
            <ns3:hr>82</ns3:hr>
          </ns3:TrackPointExtension>
        </extensions>
      </trkpt>
      <trkpt lat="48.06845591403543949127197265625" lon="11.25790086574852466583251953125">
        <ele>595.4000244140625</ele>
        <time>2023-09-05T05:14:34.000Z</time>
        <extensions>
          <ns3:TrackPointExtension>
            <ns3:atemp>23.0</ns3:atemp>
            <ns3:hr>85</ns3:hr>
          </ns3:TrackPointExtension>
        </extensions>
      </trkpt>
      <trkpt lat="48.06843831203877925872802734375" lon="11.257890053093433380126953125">
        <ele>595.4000244140625</ele>
        <time>2023-09-05T05:14:35.000Z</time>
        <extensions>
          <ns3:TrackPointExtension>
            <ns3:atemp>23.0</ns3:atemp>
            <ns3:hr>86</ns3:hr>
          </ns3:TrackPointExtension>
        </extensions>
      </trkpt>
      <trkpt lat="48.068385422229766845703125" lon="11.2578955851495265960693359375">
        <ele>595.20001220703125</ele>
        <time>2023-09-05T05:14:37.000Z</time>
        <extensions>
          <ns3:TrackPointExtension>
            <ns3:atemp>23.0</ns3:atemp>
            <ns3:hr>87</ns3:hr>
          </ns3:TrackPointExtension>
        </extensions>
      </trkpt>
      <trkpt lat="48.06828123517334461212158203125" lon="11.25789684243500232696533203125">
        <ele>594.5999755859375</ele>
        <time>2023-09-05T05:14:41.000Z</time>
        <extensions>
          <ns3:TrackPointExtension>
            <ns3:atemp>23.0</ns3:atemp>
            <ns3:hr>85</ns3:hr>
          </ns3:TrackPointExtension>
        </extensions>
      </trkpt>
      <trkpt lat="48.068254329264163970947265625" lon="11.25789751298725605010986328125">
        <ele>594.5999755859375</ele>
        <time>2023-09-05T05:14:42.000Z</time>
        <extensions>
          <ns3:TrackPointExtension>
            <ns3:atemp>23.0</ns3:atemp>
            <ns3:hr>86</ns3:hr>
          </ns3:TrackPointExtension>
        </extensions>
      </trkpt>
      <trkpt lat="48.06822323240339756011962890625" lon="11.2579046376049518585205078125">
        <ele>594.5999755859375</ele>
        <time>2023-09-05T05:14:43.000Z</time>
        <extensions>
          <ns3:TrackPointExtension>
            <ns3:atemp>23.0</ns3:atemp>
            <ns3:hr>89</ns3:hr>
          </ns3:TrackPointExtension>
        </extensions>
      </trkpt>
      <trkpt lat="48.0681639723479747772216796875" lon="11.2579126842319965362548828125">
        <ele>594.5999755859375</ele>
        <time>2023-09-05T05:14:45.000Z</time>
        <extensions>
          <ns3:TrackPointExtension>
            <ns3:atemp>23.0</ns3:atemp>
            <ns3:hr>92</ns3:hr>
          </ns3:TrackPointExtension>
        </extensions>
      </trkpt>
      <trkpt lat="48.06810018606483936309814453125" lon="11.25792684964835643768310546875">
        <ele>594.5999755859375</ele>
        <time>2023-09-05T05:14:47.000Z</time>
        <extensions>
          <ns3:TrackPointExtension>
            <ns3:atemp>23.0</ns3:atemp>
            <ns3:hr>92</ns3:hr>
          </ns3:TrackPointExtension>
        </extensions>
      </trkpt>
      <trkpt lat="48.067890889942646026611328125" lon="11.25793238170444965362548828125">
        <ele>594.5999755859375</ele>
        <time>2023-09-05T05:14:54.000Z</time>
        <extensions>
          <ns3:TrackPointExtension>
            <ns3:atemp>22.0</ns3:atemp>
            <ns3:hr>93</ns3:hr>
          </ns3:TrackPointExtension>
        </extensions>
      </trkpt>
      <trkpt lat="48.06784034706652164459228515625" lon="11.25789784826338291168212890625">
        <ele>594.79998779296875</ele>
        <time>2023-09-05T05:14:56.000Z</time>
        <extensions>
          <ns3:TrackPointExtension>
            <ns3:atemp>22.0</ns3:atemp>
            <ns3:hr>90</ns3:hr>
          </ns3:TrackPointExtension>
        </extensions>
      </trkpt>
      <trkpt lat="48.067768514156341552734375" lon="11.25784940086305141448974609375">
        <ele>594.79998779296875</ele>
        <time>2023-09-05T05:14:59.000Z</time>
        <extensions>
          <ns3:TrackPointExtension>
            <ns3:atemp>23.0</ns3:atemp>
            <ns3:hr>87</ns3:hr>
          </ns3:TrackPointExtension>
        </extensions>
      </trkpt>
      <trkpt lat="48.06774328462779521942138671875" lon="11.25782827846705913543701171875">
        <ele>594.79998779296875</ele>
        <time>2023-09-05T05:15:00.000Z</time>
        <extensions>
          <ns3:TrackPointExtension>
            <ns3:atemp>22.0</ns3:atemp>
            <ns3:hr>87</ns3:hr>
          </ns3:TrackPointExtension>
        </extensions>
      </trkpt>
      <trkpt lat="48.06761629879474639892578125" lon="11.2576756440103054046630859375">
        <ele>595</ele>
        <time>2023-09-05T05:15:05.000Z</time>
        <extensions>
          <ns3:TrackPointExtension>
            <ns3:atemp>22.0</ns3:atemp>
            <ns3:hr>87</ns3:hr>
          </ns3:TrackPointExtension>
        </extensions>
      </trkpt>
      <trkpt lat="48.06750272400677204132080078125" lon="11.25745729543268680572509765625">
        <ele>595</ele>
        <time>2023-09-05T05:15:11.000Z</time>
        <extensions>
          <ns3:TrackPointExtension>
            <ns3:atemp>22.0</ns3:atemp>
            <ns3:hr>86</ns3:hr>
          </ns3:TrackPointExtension>
        </extensions>
      </trkpt>
      <trkpt lat="48.06741320528090000152587890625" lon="11.25732888467609882354736328125">
        <ele>594.79998779296875</ele>
        <time>2023-09-05T05:15:15.000Z</time>
        <extensions>
          <ns3:TrackPointExtension>
            <ns3:atemp>22.0</ns3:atemp>
            <ns3:hr>86</ns3:hr>
          </ns3:TrackPointExtension>
        </extensions>
      </trkpt>
      <trkpt lat="48.067389316856861114501953125" lon="11.25731346197426319122314453125">
        <ele>594.79998779296875</ele>
        <time>2023-09-05T05:15:16.000Z</time>
        <extensions>
          <ns3:TrackPointExtension>
            <ns3:atemp>22.0</ns3:atemp>
            <ns3:hr>87</ns3:hr>
          </ns3:TrackPointExtension>
        </extensions>
      </trkpt>
      <trkpt lat="48.06727993302047252655029296875" lon="11.257183961570262908935546875">
        <ele>595</ele>
        <time>2023-09-05T05:15:21.000Z</time>
        <extensions>
          <ns3:TrackPointExtension>
            <ns3:atemp>22.0</ns3:atemp>
            <ns3:hr>88</ns3:hr>
          </ns3:TrackPointExtension>
        </extensions>
      </trkpt>
      <trkpt lat="48.067232407629489898681640625" lon="11.2571291439235210418701171875">
        <ele>595.4000244140625</ele>
        <time>2023-09-05T05:15:23.000Z</time>
        <extensions>
          <ns3:TrackPointExtension>
            <ns3:atemp>22.0</ns3:atemp>
            <ns3:hr>91</ns3:hr>
          </ns3:TrackPointExtension>
        </extensions>
      </trkpt>
      <trkpt lat="48.06717566214501857757568359375" lon="11.25705161131918430328369140625">
        <ele>595.4000244140625</ele>
        <time>2023-09-05T05:15:26.000Z</time>
        <extensions>
          <ns3:TrackPointExtension>
            <ns3:atemp>22.0</ns3:atemp>
            <ns3:hr>91</ns3:hr>
          </ns3:TrackPointExtension>
        </extensions>
      </trkpt>
      <trkpt lat="48.06705177761614322662353515625" lon="11.25694599933922290802001953125">
        <ele>595</ele>
        <time>2023-09-05T05:15:31.000Z</time>
        <extensions>
          <ns3:TrackPointExtension>
            <ns3:atemp>22.0</ns3:atemp>
            <ns3:hr>95</ns3:hr>
          </ns3:TrackPointExtension>
        </extensions>
      </trkpt>
      <trkpt lat="48.06702394969761371612548828125" lon="11.2569222785532474517822265625">
        <ele>595</ele>
        <time>2023-09-05T05:15:32.000Z</time>
        <extensions>
          <ns3:TrackPointExtension>
            <ns3:atemp>22.0</ns3:atemp>
            <ns3:hr>94</ns3:hr>
          </ns3:TrackPointExtension>
        </extensions>
      </trkpt>
      <trkpt lat="48.06689335964620113372802734375" lon="11.25687039457261562347412109375">
        <ele>594.5999755859375</ele>
        <time>2023-09-05T05:15:37.000Z</time>
        <extensions>
          <ns3:TrackPointExtension>
            <ns3:atemp>22.0</ns3:atemp>
            <ns3:hr>97</ns3:hr>
          </ns3:TrackPointExtension>
        </extensions>
      </trkpt>
      <trkpt lat="48.0668426491320133209228515625" lon="11.2568193487823009490966796875">
        <ele>594.5999755859375</ele>
        <time>2023-09-05T05:15:40.000Z</time>
        <extensions>
          <ns3:TrackPointExtension>
            <ns3:atemp>22.0</ns3:atemp>
            <ns3:hr>100</ns3:hr>
          </ns3:TrackPointExtension>
        </extensions>
      </trkpt>
      <trkpt lat="48.06681968271732330322265625" lon="11.256806440651416778564453125">
        <ele>594.5999755859375</ele>
        <time>2023-09-05T05:15:41.000Z</time>
        <extensions>
          <ns3:TrackPointExtension>
            <ns3:atemp>22.0</ns3:atemp>
            <ns3:hr>99</ns3:hr>
          </ns3:TrackPointExtension>
        </extensions>
      </trkpt>
      <trkpt lat="48.06679042987525463104248046875" lon="11.2568049319088459014892578125">
        <ele>594.5999755859375</ele>
        <time>2023-09-05T05:15:42.000Z</time>
        <extensions>
          <ns3:TrackPointExtension>
            <ns3:atemp>22.0</ns3:atemp>
            <ns3:hr>99</ns3:hr>
          </ns3:TrackPointExtension>
        </extensions>
      </trkpt>
      <trkpt lat="48.06670594029128551483154296875" lon="11.25681507401168346405029296875">
        <ele>594.5999755859375</ele>
        <time>2023-09-05T05:15:45.000Z</time>
        <extensions>
          <ns3:TrackPointExtension>
            <ns3:atemp>22.0</ns3:atemp>
            <ns3:hr>100</ns3:hr>
          </ns3:TrackPointExtension>
        </extensions>
      </trkpt>
      <trkpt lat="48.066583313047885894775390625" lon="11.256805099546909332275390625">
        <ele>594.79998779296875</ele>
        <time>2023-09-05T05:15:50.000Z</time>
        <extensions>
          <ns3:TrackPointExtension>
            <ns3:atemp>22.0</ns3:atemp>
            <ns3:hr>102</ns3:hr>
          </ns3:TrackPointExtension>
        </extensions>
      </trkpt>
      <trkpt lat="48.0665258131921291351318359375" lon="11.2568059377372264862060546875">
        <ele>594.79998779296875</ele>
        <time>2023-09-05T05:15:52.000Z</time>
        <extensions>
          <ns3:TrackPointExtension>
            <ns3:atemp>22.0</ns3:atemp>
            <ns3:hr>105</ns3:hr>
          </ns3:TrackPointExtension>
        </extensions>
      </trkpt>
      <trkpt lat="48.06644543074071407318115234375" lon="11.25682664103806018829345703125">
        <ele>594.5999755859375</ele>
        <time>2023-09-05T05:15:55.000Z</time>
        <extensions>
          <ns3:TrackPointExtension>
            <ns3:atemp>22.0</ns3:atemp>
            <ns3:hr>104</ns3:hr>
          </ns3:TrackPointExtension>
        </extensions>
      </trkpt>
      <trkpt lat="48.0663196183741092681884765625" lon="11.25688590109348297119140625">
        <ele>594.5999755859375</ele>
        <time>2023-09-05T05:16:00.000Z</time>
        <extensions>
          <ns3:TrackPointExtension>
            <ns3:atemp>22.0</ns3:atemp>
            <ns3:hr>106</ns3:hr>
          </ns3:TrackPointExtension>
        </extensions>
      </trkpt>
      <trkpt lat="48.0662954784929752349853515625" lon="11.25690459273755550384521484375">
        <ele>594.79998779296875</ele>
        <time>2023-09-05T05:16:01.000Z</time>
        <extensions>
          <ns3:TrackPointExtension>
            <ns3:atemp>22.0</ns3:atemp>
            <ns3:hr>105</ns3:hr>
          </ns3:TrackPointExtension>
        </extensions>
      </trkpt>
      <trkpt lat="48.06615273468196392059326171875" lon="11.25700819306075572967529296875">
        <ele>594.79998779296875</ele>
        <time>2023-09-05T05:16:06.000Z</time>
        <extensions>
          <ns3:TrackPointExtension>
            <ns3:atemp>22.0</ns3:atemp>
            <ns3:hr>107</ns3:hr>
          </ns3:TrackPointExtension>
        </extensions>
      </trkpt>
      <trkpt lat="48.06601711548864841461181640625" lon="11.257126964628696441650390625">
        <ele>595</ele>
        <time>2023-09-05T05:16:12.000Z</time>
        <extensions>
          <ns3:TrackPointExtension>
            <ns3:atemp>22.0</ns3:atemp>
            <ns3:hr>110</ns3:hr>
          </ns3:TrackPointExtension>
        </extensions>
      </trkpt>
      <trkpt lat="48.06585484184324741363525390625" lon="11.25725260935723781585693359375">
        <ele>594.79998779296875</ele>
        <time>2023-09-05T05:16:18.000Z</time>
        <extensions>
          <ns3:TrackPointExtension>
            <ns3:atemp>22.0</ns3:atemp>
            <ns3:hr>114</ns3:hr>
          </ns3:TrackPointExtension>
        </extensions>
      </trkpt>
      <trkpt lat="48.06580103002488613128662109375" lon="11.25728496350347995758056640625">
        <ele>594.79998779296875</ele>
        <time>2023-09-05T05:16:20.000Z</time>
        <extensions>
          <ns3:TrackPointExtension>
            <ns3:atemp>22.0</ns3:atemp>
            <ns3:hr>117</ns3:hr>
          </ns3:TrackPointExtension>
        </extensions>
      </trkpt>
      <trkpt lat="48.0656795762479305267333984375" lon="11.2573286332190036773681640625">
        <ele>594.79998779296875</ele>
        <time>2023-09-05T05:16:24.000Z</time>
        <extensions>
          <ns3:TrackPointExtension>
            <ns3:atemp>22.0</ns3:atemp>
            <ns3:hr>118</ns3:hr>
          </ns3:TrackPointExtension>
        </extensions>
      </trkpt>
      <trkpt lat="48.06556214578449726104736328125" lon="11.25740096904337406158447265625">
        <ele>594.79998779296875</ele>
        <time>2023-09-05T05:16:28.000Z</time>
        <extensions>
          <ns3:TrackPointExtension>
            <ns3:atemp>22.0</ns3:atemp>
            <ns3:hr>118</ns3:hr>
          </ns3:TrackPointExtension>
        </extensions>
      </trkpt>
      <trkpt lat="48.06545066647231578826904296875" lon="11.2574952654540538787841796875">
        <ele>594.79998779296875</ele>
        <time>2023-09-05T05:16:33.000Z</time>
        <extensions>
          <ns3:TrackPointExtension>
            <ns3:atemp>22.0</ns3:atemp>
            <ns3:hr>120</ns3:hr>
          </ns3:TrackPointExtension>
        </extensions>
      </trkpt>
      <trkpt lat="48.0653030611574649810791015625" lon="11.25758201815187931060791015625">
        <ele>595</ele>
        <time>2023-09-05T05:16:39.000Z</time>
        <extensions>
          <ns3:TrackPointExtension>
            <ns3:atemp>22.0</ns3:atemp>
            <ns3:hr>123</ns3:hr>
          </ns3:TrackPointExtension>
        </extensions>
      </trkpt>
      <trkpt lat="48.06517926044762134552001953125" lon="11.25766030512750148773193359375">
        <ele>595</ele>
        <time>2023-09-05T05:16:44.000Z</time>
        <extensions>
          <ns3:TrackPointExtension>
            <ns3:atemp>21.0</ns3:atemp>
            <ns3:hr>124</ns3:hr>
          </ns3:TrackPointExtension>
        </extensions>
      </trkpt>
      <trkpt lat="48.06514673866331577301025390625" lon="11.2576793320477008819580078125">
        <ele>595.20001220703125</ele>
        <time>2023-09-05T05:16:45.000Z</time>
        <extensions>
          <ns3:TrackPointExtension>
            <ns3:atemp>22.0</ns3:atemp>
            <ns3:hr>121</ns3:hr>
          </ns3:TrackPointExtension>
        </extensions>
      </trkpt>
      <trkpt lat="48.06494456715881824493408203125" lon="11.2577738799154758453369140625">
        <ele>595.20001220703125</ele>
        <time>2023-09-05T05:16:52.000Z</time>
        <extensions>
          <ns3:TrackPointExtension>
            <ns3:atemp>21.0</ns3:atemp>
            <ns3:hr>118</ns3:hr>
          </ns3:TrackPointExtension>
        </extensions>
      </trkpt>
      <trkpt lat="48.06491933763027191162109375" lon="11.2577916495501995086669921875">
        <ele>595</ele>
        <time>2023-09-05T05:16:53.000Z</time>
        <extensions>
          <ns3:TrackPointExtension>
            <ns3:atemp>21.0</ns3:atemp>
            <ns3:hr>121</ns3:hr>
          </ns3:TrackPointExtension>
        </extensions>
      </trkpt>
      <trkpt lat="48.06480090133845806121826171875" lon="11.25785426236689090728759765625">
        <ele>594.79998779296875</ele>
        <time>2023-09-05T05:16:58.000Z</time>
        <extensions>
          <ns3:TrackPointExtension>
            <ns3:atemp>21.0</ns3:atemp>
            <ns3:hr>123</ns3:hr>
          </ns3:TrackPointExtension>
        </extensions>
      </trkpt>
      <trkpt lat="48.0646355263888835906982421875" lon="11.257950402796268463134765625">
        <ele>594.79998779296875</ele>
        <time>2023-09-05T05:17:04.000Z</time>
        <extensions>
          <ns3:TrackPointExtension>
            <ns3:atemp>21.0</ns3:atemp>
            <ns3:hr>123</ns3:hr>
          </ns3:TrackPointExtension>
        </extensions>
      </trkpt>
      <trkpt lat="48.06446847505867481231689453125" lon="11.2580417655408382415771484375">
        <ele>594.5999755859375</ele>
        <time>2023-09-05T05:17:09.000Z</time>
        <extensions>
          <ns3:TrackPointExtension>
            <ns3:atemp>21.0</ns3:atemp>
            <ns3:hr>124</ns3:hr>
          </ns3:TrackPointExtension>
        </extensions>
      </trkpt>
      <trkpt lat="48.06432648561894893646240234375" lon="11.25803925096988677978515625">
        <ele>594.79998779296875</ele>
        <time>2023-09-05T05:17:14.000Z</time>
        <extensions>
          <ns3:TrackPointExtension>
            <ns3:atemp>21.0</ns3:atemp>
            <ns3:hr>123</ns3:hr>
          </ns3:TrackPointExtension>
        </extensions>
      </trkpt>
      <trkpt lat="48.0642714165151119232177734375" lon="11.25804151408374309539794921875">
        <ele>594.5999755859375</ele>
        <time>2023-09-05T05:17:16.000Z</time>
        <extensions>
          <ns3:TrackPointExtension>
            <ns3:atemp>21.0</ns3:atemp>
            <ns3:hr>124</ns3:hr>
          </ns3:TrackPointExtension>
        </extensions>
      </trkpt>
      <trkpt lat="48.064218275249004364013671875" lon="11.25805039890110492706298828125">
        <ele>594.5999755859375</ele>
        <time>2023-09-05T05:17:18.000Z</time>
        <extensions>
          <ns3:TrackPointExtension>
            <ns3:atemp>21.0</ns3:atemp>
            <ns3:hr>125</ns3:hr>
          </ns3:TrackPointExtension>
        </extensions>
      </trkpt>
      <trkpt lat="48.06407033465802669525146484375" lon="11.2579943239688873291015625">
        <ele>594.79998779296875</ele>
        <time>2023-09-05T05:17:24.000Z</time>
        <extensions>
          <ns3:TrackPointExtension>
            <ns3:atemp>21.0</ns3:atemp>
            <ns3:hr>128</ns3:hr>
          </ns3:TrackPointExtension>
        </extensions>
      </trkpt>
      <trkpt lat="48.0640471167862415313720703125" lon="11.25798828899860382080078125">
        <ele>594.79998779296875</ele>
        <time>2023-09-05T05:17:25.000Z</time>
        <extensions>
          <ns3:TrackPointExtension>
            <ns3:atemp>21.0</ns3:atemp>
            <ns3:hr>128</ns3:hr>
          </ns3:TrackPointExtension>
        </extensions>
      </trkpt>
      <trkpt lat="48.063939325511455535888671875" lon="11.2580015324056148529052734375">
        <ele>594.79998779296875</ele>
        <time>2023-09-05T05:17:29.000Z</time>
        <extensions>
          <ns3:TrackPointExtension>
            <ns3:atemp>21.0</ns3:atemp>
            <ns3:hr>129</ns3:hr>
          </ns3:TrackPointExtension>
        </extensions>
      </trkpt>
      <trkpt lat="48.063767664134502410888671875" lon="11.25805475749075412750244140625">
        <ele>595</ele>
        <time>2023-09-05T05:17:35.000Z</time>
        <extensions>
          <ns3:TrackPointExtension>
            <ns3:atemp>21.0</ns3:atemp>
            <ns3:hr>129</ns3:hr>
          </ns3:TrackPointExtension>
        </extensions>
      </trkpt>
      <trkpt lat="48.0636553466320037841796875" lon="11.25801117159426212310791015625">
        <ele>595.20001220703125</ele>
        <time>2023-09-05T05:17:39.000Z</time>
        <extensions>
          <ns3:TrackPointExtension>
            <ns3:atemp>21.0</ns3:atemp>
            <ns3:hr>130</ns3:hr>
          </ns3:TrackPointExtension>
        </extensions>
      </trkpt>
      <trkpt lat="48.063638247549533843994140625" lon="11.25801553018391132354736328125">
        <ele>595.20001220703125</ele>
        <time>2023-09-05T05:17:40.000Z</time>
        <extensions>
          <ns3:TrackPointExtension>
            <ns3:atemp>21.0</ns3:atemp>
            <ns3:hr>132</ns3:hr>
          </ns3:TrackPointExtension>
        </extensions>
      </trkpt>
      <trkpt lat="48.063588626682758331298828125" lon="11.25803765840828418731689453125">
        <ele>595.20001220703125</ele>
        <time>2023-09-05T05:17:42.000Z</time>
        <extensions>
          <ns3:TrackPointExtension>
            <ns3:atemp>21.0</ns3:atemp>
            <ns3:hr>135</ns3:hr>
          </ns3:TrackPointExtension>
        </extensions>
      </trkpt>
      <trkpt lat="48.06350287981331348419189453125" lon="11.25808996148407459259033203125">
        <ele>595.4000244140625</ele>
        <time>2023-09-05T05:17:45.000Z</time>
        <extensions>
          <ns3:TrackPointExtension>
            <ns3:atemp>21.0</ns3:atemp>
            <ns3:hr>137</ns3:hr>
          </ns3:TrackPointExtension>
        </extensions>
      </trkpt>
      <trkpt lat="48.06347287259995937347412109375" lon="11.25810136087238788604736328125">
        <ele>595.4000244140625</ele>
        <time>2023-09-05T05:17:46.000Z</time>
        <extensions>
          <ns3:TrackPointExtension>
            <ns3:atemp>21.0</ns3:atemp>
            <ns3:hr>138</ns3:hr>
          </ns3:TrackPointExtension>
        </extensions>
      </trkpt>
      <trkpt lat="48.06342056952416896820068359375" lon="11.25809901393949985504150390625">
        <ele>595.20001220703125</ele>
        <time>2023-09-05T05:17:48.000Z</time>
        <extensions>
          <ns3:TrackPointExtension>
            <ns3:atemp>21.0</ns3:atemp>
            <ns3:hr>138</ns3:hr>
          </ns3:TrackPointExtension>
        </extensions>
      </trkpt>
      <trkpt lat="48.06338377296924591064453125" lon="11.25808426178991794586181640625">
        <ele>595.20001220703125</ele>
        <time>2023-09-05T05:17:50.000Z</time>
        <extensions>
          <ns3:TrackPointExtension>
            <ns3:atemp>21.0</ns3:atemp>
            <ns3:hr>139</ns3:hr>
          </ns3:TrackPointExtension>
        </extensions>
      </trkpt>
      <trkpt lat="48.0632852017879486083984375" lon="11.258048303425312042236328125">
        <ele>596.79998779296875</ele>
        <time>2023-09-05T05:17:55.000Z</time>
        <extensions>
          <ns3:TrackPointExtension>
            <ns3:atemp>21.0</ns3:atemp>
            <ns3:hr>139</ns3:hr>
          </ns3:TrackPointExtension>
        </extensions>
      </trkpt>
      <trkpt lat="48.0632578767836093902587890625" lon="11.25803145579993724822998046875">
        <ele>597.4000244140625</ele>
        <time>2023-09-05T05:17:56.000Z</time>
        <extensions>
          <ns3:TrackPointExtension>
            <ns3:atemp>21.0</ns3:atemp>
            <ns3:hr>139</ns3:hr>
          </ns3:TrackPointExtension>
        </extensions>
      </trkpt>
      <trkpt lat="48.063232563436031341552734375" lon="11.25801200978457927703857421875">
        <ele>597.79998779296875</ele>
        <time>2023-09-05T05:17:57.000Z</time>
        <extensions>
          <ns3:TrackPointExtension>
            <ns3:atemp>21.0</ns3:atemp>
            <ns3:hr>139</ns3:hr>
          </ns3:TrackPointExtension>
        </extensions>
      </trkpt>
      <trkpt lat="48.0631995387375354766845703125" lon="11.2579797394573688507080078125">
        <ele>598.79998779296875</ele>
        <time>2023-09-05T05:17:59.000Z</time>
        <extensions>
          <ns3:TrackPointExtension>
            <ns3:atemp>21.0</ns3:atemp>
            <ns3:hr>139</ns3:hr>
          </ns3:TrackPointExtension>
        </extensions>
      </trkpt>
      <trkpt lat="48.06318688206374645233154296875" lon="11.257965154945850372314453125">
        <ele>599.4000244140625</ele>
        <time>2023-09-05T05:18:00.000Z</time>
        <extensions>
          <ns3:TrackPointExtension>
            <ns3:atemp>21.0</ns3:atemp>
            <ns3:hr>139</ns3:hr>
          </ns3:TrackPointExtension>
        </extensions>
      </trkpt>
      <trkpt lat="48.0631492473185062408447265625" lon="11.25793992541730403900146484375">
        <ele>600.5999755859375</ele>
        <time>2023-09-05T05:18:03.000Z</time>
        <extensions>
          <ns3:TrackPointExtension>
            <ns3:atemp>21.0</ns3:atemp>
            <ns3:hr>139</ns3:hr>
          </ns3:TrackPointExtension>
        </extensions>
      </trkpt>
      <trkpt lat="48.06314011104404926300048828125" lon="11.2579247541725635528564453125">
        <ele>600.79998779296875</ele>
        <time>2023-09-05T05:18:07.000Z</time>
        <extensions>
          <ns3:TrackPointExtension>
            <ns3:atemp>21.0</ns3:atemp>
            <ns3:hr>140</ns3:hr>
          </ns3:TrackPointExtension>
        </extensions>
      </trkpt>
      <trkpt lat="48.06302309967577457427978515625" lon="11.25793598592281341552734375">
        <ele>600.79998779296875</ele>
        <time>2023-09-05T05:18:46.000Z</time>
        <extensions>
          <ns3:TrackPointExtension>
            <ns3:atemp>21.0</ns3:atemp>
            <ns3:hr>129</ns3:hr>
          </ns3:TrackPointExtension>
        </extensions>
      </trkpt>
      <trkpt lat="48.06301538832485675811767578125" lon="11.25792517326772212982177734375">
        <ele>600.79998779296875</ele>
        <time>2023-09-05T05:18:47.000Z</time>
        <extensions>
          <ns3:TrackPointExtension>
            <ns3:atemp>21.0</ns3:atemp>
            <ns3:hr>131</ns3:hr>
          </ns3:TrackPointExtension>
        </extensions>
      </trkpt>
      <trkpt lat="48.0630121193826198577880859375" lon="11.2579012848436832427978515625">
        <ele>600.79998779296875</ele>
        <time>2023-09-05T05:18:49.000Z</time>
        <extensions>
          <ns3:TrackPointExtension>
            <ns3:atemp>21.0</ns3:atemp>
            <ns3:hr>129</ns3:hr>
          </ns3:TrackPointExtension>
        </extensions>
      </trkpt>
      <trkpt lat="48.062989823520183563232421875" lon="11.2577960081398487091064453125">
        <ele>600.5999755859375</ele>
        <time>2023-09-05T05:18:54.000Z</time>
        <extensions>
          <ns3:TrackPointExtension>
            <ns3:atemp>21.0</ns3:atemp>
            <ns3:hr>129</ns3:hr>
          </ns3:TrackPointExtension>
        </extensions>
      </trkpt>
      <trkpt lat="48.06293793953955173492431640625" lon="11.2576163001358509063720703125">
        <ele>600.20001220703125</ele>
        <time>2023-09-05T05:18:58.000Z</time>
        <extensions>
          <ns3:TrackPointExtension>
            <ns3:atemp>21.0</ns3:atemp>
            <ns3:hr>125</ns3:hr>
          </ns3:TrackPointExtension>
        </extensions>
      </trkpt>
      <trkpt lat="48.06292268447577953338623046875" lon="11.25758285634219646453857421875">
        <ele>600.20001220703125</ele>
        <time>2023-09-05T05:18:59.000Z</time>
        <extensions>
          <ns3:TrackPointExtension>
            <ns3:atemp>21.0</ns3:atemp>
            <ns3:hr>127</ns3:hr>
          </ns3:TrackPointExtension>
        </extensions>
      </trkpt>
      <trkpt lat="48.0628200061619281768798828125" lon="11.25739962793886661529541015625">
        <ele>600.4000244140625</ele>
        <time>2023-09-05T05:19:05.000Z</time>
        <extensions>
          <ns3:TrackPointExtension>
            <ns3:atemp>21.0</ns3:atemp>
            <ns3:hr>125</ns3:hr>
          </ns3:TrackPointExtension>
        </extensions>
      </trkpt>
      <trkpt lat="48.06274482049047946929931640625" lon="11.257271133363246917724609375">
        <ele>600.5999755859375</ele>
        <time>2023-09-05T05:19:09.000Z</time>
        <extensions>
          <ns3:TrackPointExtension>
            <ns3:atemp>21.0</ns3:atemp>
            <ns3:hr>125</ns3:hr>
          </ns3:TrackPointExtension>
        </extensions>
      </trkpt>
      <trkpt lat="48.06267206557095050811767578125" lon="11.25707005150616168975830078125">
        <ele>600.5999755859375</ele>
        <time>2023-09-05T05:19:15.000Z</time>
        <extensions>
          <ns3:TrackPointExtension>
            <ns3:atemp>21.0</ns3:atemp>
            <ns3:hr>126</ns3:hr>
          </ns3:TrackPointExtension>
        </extensions>
      </trkpt>
      <trkpt lat="48.06263141334056854248046875" lon="11.2567402236163616180419921875">
        <ele>600.79998779296875</ele>
        <time>2023-09-05T05:19:22.000Z</time>
        <extensions>
          <ns3:TrackPointExtension>
            <ns3:atemp>21.0</ns3:atemp>
            <ns3:hr>126</ns3:hr>
          </ns3:TrackPointExtension>
        </extensions>
      </trkpt>
      <trkpt lat="48.0626325868070125579833984375" lon="11.25665296800434589385986328125">
        <ele>600.79998779296875</ele>
        <time>2023-09-05T05:19:24.000Z</time>
        <extensions>
          <ns3:TrackPointExtension>
            <ns3:atemp>20.0</ns3:atemp>
            <ns3:hr>123</ns3:hr>
          </ns3:TrackPointExtension>
        </extensions>
      </trkpt>
      <trkpt lat="48.06263987906277179718017578125" lon="11.25657132826745510101318359375">
        <ele>600.79998779296875</ele>
        <time>2023-09-05T05:19:26.000Z</time>
        <extensions>
          <ns3:TrackPointExtension>
            <ns3:atemp>20.0</ns3:atemp>
            <ns3:hr>121</ns3:hr>
          </ns3:TrackPointExtension>
        </extensions>
      </trkpt>
      <trkpt lat="48.062658570706844329833984375" lon="11.25641517341136932373046875">
        <ele>601.20001220703125</ele>
        <time>2023-09-05T05:19:30.000Z</time>
        <extensions>
          <ns3:TrackPointExtension>
            <ns3:atemp>20.0</ns3:atemp>
            <ns3:hr>120</ns3:hr>
          </ns3:TrackPointExtension>
        </extensions>
      </trkpt>
      <trkpt lat="48.0626862309873104095458984375" lon="11.2562549114227294921875">
        <ele>601.5999755859375</ele>
        <time>2023-09-05T05:19:35.000Z</time>
        <extensions>
          <ns3:TrackPointExtension>
            <ns3:atemp>20.0</ns3:atemp>
            <ns3:hr>121</ns3:hr>
          </ns3:TrackPointExtension>
        </extensions>
      </trkpt>
      <trkpt lat="48.06272755376994609832763671875" lon="11.25610009767115116119384765625">
        <ele>602.79998779296875</ele>
        <time>2023-09-05T05:19:39.000Z</time>
        <extensions>
          <ns3:TrackPointExtension>
            <ns3:atemp>20.0</ns3:atemp>
            <ns3:hr>123</ns3:hr>
          </ns3:TrackPointExtension>
        </extensions>
      </trkpt>
      <trkpt lat="48.06273945607244968414306640625" lon="11.256080567836761474609375">
        <ele>603.20001220703125</ele>
        <time>2023-09-05T05:19:40.000Z</time>
        <extensions>
          <ns3:TrackPointExtension>
            <ns3:atemp>20.0</ns3:atemp>
            <ns3:hr>123</ns3:hr>
          </ns3:TrackPointExtension>
        </extensions>
      </trkpt>
      <trkpt lat="48.0627884902060031890869140625" lon="11.2560063041746616363525390625">
        <ele>604</ele>
        <time>2023-09-05T05:19:43.000Z</time>
        <extensions>
          <ns3:TrackPointExtension>
            <ns3:atemp>20.0</ns3:atemp>
            <ns3:hr>125</ns3:hr>
          </ns3:TrackPointExtension>
        </extensions>
      </trkpt>
      <trkpt lat="48.06280902586877346038818359375" lon="11.25591234304010868072509765625">
        <ele>605.20001220703125</ele>
        <time>2023-09-05T05:19:46.000Z</time>
        <extensions>
          <ns3:TrackPointExtension>
            <ns3:atemp>20.0</ns3:atemp>
            <ns3:hr>126</ns3:hr>
          </ns3:TrackPointExtension>
        </extensions>
      </trkpt>
      <trkpt lat="48.06280785240232944488525390625" lon="11.2558795697987079620361328125">
        <ele>605.4000244140625</ele>
        <time>2023-09-05T05:19:47.000Z</time>
        <extensions>
          <ns3:TrackPointExtension>
            <ns3:atemp>20.0</ns3:atemp>
            <ns3:hr>126</ns3:hr>
          </ns3:TrackPointExtension>
        </extensions>
      </trkpt>
      <trkpt lat="48.06281908415257930755615234375" lon="11.2558235786855220794677734375">
        <ele>606.20001220703125</ele>
        <time>2023-09-05T05:19:49.000Z</time>
        <extensions>
          <ns3:TrackPointExtension>
            <ns3:atemp>20.0</ns3:atemp>
            <ns3:hr>127</ns3:hr>
          </ns3:TrackPointExtension>
        </extensions>
      </trkpt>
      <trkpt lat="48.062834925949573516845703125" lon="11.25577923841774463653564453125">
        <ele>607</ele>
        <time>2023-09-05T05:19:51.000Z</time>
        <extensions>
          <ns3:TrackPointExtension>
            <ns3:atemp>20.0</ns3:atemp>
            <ns3:hr>130</ns3:hr>
          </ns3:TrackPointExtension>
        </extensions>
      </trkpt>
      <trkpt lat="48.06284490041434764862060546875" lon="11.2557615526020526885986328125">
        <ele>607.4000244140625</ele>
        <time>2023-09-05T05:19:52.000Z</time>
        <extensions>
          <ns3:TrackPointExtension>
            <ns3:atemp>20.0</ns3:atemp>
            <ns3:hr>131</ns3:hr>
          </ns3:TrackPointExtension>
        </extensions>
      </trkpt>
      <trkpt lat="48.06287490762770175933837890625" lon="11.25570715405046939849853515625">
        <ele>608.5999755859375</ele>
        <time>2023-09-05T05:19:55.000Z</time>
        <extensions>
          <ns3:TrackPointExtension>
            <ns3:atemp>20.0</ns3:atemp>
            <ns3:hr>133</ns3:hr>
          </ns3:TrackPointExtension>
        </extensions>
      </trkpt>
      <trkpt lat="48.06289435364305973052978515625" lon="11.25564278103411197662353515625">
        <ele>609.5999755859375</ele>
        <time>2023-09-05T05:19:58.000Z</time>
        <extensions>
          <ns3:TrackPointExtension>
            <ns3:atemp>20.0</ns3:atemp>
            <ns3:hr>135</ns3:hr>
          </ns3:TrackPointExtension>
        </extensions>
      </trkpt>
      <trkpt lat="48.06289770640432834625244140625" lon="11.2556113488972187042236328125">
        <ele>610</ele>
        <time>2023-09-05T05:19:59.000Z</time>
        <extensions>
          <ns3:TrackPointExtension>
            <ns3:atemp>20.0</ns3:atemp>
            <ns3:hr>136</ns3:hr>
          </ns3:TrackPointExtension>
        </extensions>
      </trkpt>
      <trkpt lat="48.06291530840098857879638671875" lon="11.25551839359104633331298828125">
        <ele>611.4000244140625</ele>
        <time>2023-09-05T05:20:02.000Z</time>
        <extensions>
          <ns3:TrackPointExtension>
            <ns3:atemp>20.0</ns3:atemp>
            <ns3:hr>137</ns3:hr>
          </ns3:TrackPointExtension>
        </extensions>
      </trkpt>
      <trkpt lat="48.062930144369602203369140625" lon="11.25545150600373744964599609375">
        <ele>612</ele>
        <time>2023-09-05T05:20:04.000Z</time>
        <extensions>
          <ns3:TrackPointExtension>
            <ns3:atemp>20.0</ns3:atemp>
            <ns3:hr>137</ns3:hr>
          </ns3:TrackPointExtension>
        </extensions>
      </trkpt>
      <trkpt lat="48.06292913854122161865234375" lon="11.255413033068180084228515625">
        <ele>612.20001220703125</ele>
        <time>2023-09-05T05:20:05.000Z</time>
        <extensions>
          <ns3:TrackPointExtension>
            <ns3:atemp>20.0</ns3:atemp>
            <ns3:hr>137</ns3:hr>
          </ns3:TrackPointExtension>
        </extensions>
      </trkpt>
      <trkpt lat="48.06293274275958538055419921875" lon="11.25533835031092166900634765625">
        <ele>612.4000244140625</ele>
        <time>2023-09-05T05:20:07.000Z</time>
        <extensions>
          <ns3:TrackPointExtension>
            <ns3:atemp>20.0</ns3:atemp>
            <ns3:hr>137</ns3:hr>
          </ns3:TrackPointExtension>
        </extensions>
      </trkpt>
      <trkpt lat="48.0629396997392177581787109375" lon="11.25527816824615001678466796875">
        <ele>612.5999755859375</ele>
        <time>2023-09-05T05:20:09.000Z</time>
        <extensions>
          <ns3:TrackPointExtension>
            <ns3:atemp>20.0</ns3:atemp>
            <ns3:hr>137</ns3:hr>
          </ns3:TrackPointExtension>
        </extensions>
      </trkpt>
      <trkpt lat="48.06293341331183910369873046875" lon="11.25520884990692138671875">
        <ele>612.79998779296875</ele>
        <time>2023-09-05T05:20:11.000Z</time>
        <extensions>
          <ns3:TrackPointExtension>
            <ns3:atemp>20.0</ns3:atemp>
            <ns3:hr>138</ns3:hr>
          </ns3:TrackPointExtension>
        </extensions>
      </trkpt>
      <trkpt lat="48.0629236064851284027099609375" lon="11.25514246523380279541015625">
        <ele>613</ele>
        <time>2023-09-05T05:20:13.000Z</time>
        <extensions>
          <ns3:TrackPointExtension>
            <ns3:atemp>20.0</ns3:atemp>
            <ns3:hr>141</ns3:hr>
          </ns3:TrackPointExtension>
        </extensions>
      </trkpt>
      <trkpt lat="48.06290457956492900848388671875" lon="11.255047582089900970458984375">
        <ele>613</ele>
        <time>2023-09-05T05:20:16.000Z</time>
        <extensions>
          <ns3:TrackPointExtension>
            <ns3:atemp>20.0</ns3:atemp>
            <ns3:hr>145</ns3:hr>
          </ns3:TrackPointExtension>
        </extensions>
      </trkpt>
      <trkpt lat="48.062899298965930938720703125" lon="11.25497214496135711669921875">
        <ele>612.79998779296875</ele>
        <time>2023-09-05T05:20:18.000Z</time>
        <extensions>
          <ns3:TrackPointExtension>
            <ns3:atemp>20.0</ns3:atemp>
            <ns3:hr>147</ns3:hr>
          </ns3:TrackPointExtension>
        </extensions>
      </trkpt>
      <trkpt lat="48.0628877319395542144775390625" lon="11.254849769175052642822265625">
        <ele>612.79998779296875</ele>
        <time>2023-09-05T05:20:21.000Z</time>
        <extensions>
          <ns3:TrackPointExtension>
            <ns3:atemp>20.0</ns3:atemp>
            <ns3:hr>150</ns3:hr>
          </ns3:TrackPointExtension>
        </extensions>
      </trkpt>
      <trkpt lat="48.06287591345608234405517578125" lon="11.25473787076771259307861328125">
        <ele>613</ele>
        <time>2023-09-05T05:20:24.000Z</time>
        <extensions>
          <ns3:TrackPointExtension>
            <ns3:atemp>20.0</ns3:atemp>
            <ns3:hr>153</ns3:hr>
          </ns3:TrackPointExtension>
        </extensions>
      </trkpt>
      <trkpt lat="48.06286342442035675048828125" lon="11.2547087855637073516845703125">
        <ele>613</ele>
        <time>2023-09-05T05:20:25.000Z</time>
        <extensions>
          <ns3:TrackPointExtension>
            <ns3:atemp>20.0</ns3:atemp>
            <ns3:hr>153</ns3:hr>
          </ns3:TrackPointExtension>
        </extensions>
      </trkpt>
      <trkpt lat="48.06272839196026325225830078125" lon="11.254622451961040496826171875">
        <ele>613.20001220703125</ele>
        <time>2023-09-05T05:20:30.000Z</time>
        <extensions>
          <ns3:TrackPointExtension>
            <ns3:atemp>20.0</ns3:atemp>
            <ns3:hr>155</ns3:hr>
          </ns3:TrackPointExtension>
        </extensions>
      </trkpt>
      <trkpt lat="48.06261154823005199432373046875" lon="11.2545699812471866607666015625">
        <ele>613.4000244140625</ele>
        <time>2023-09-05T05:20:35.000Z</time>
        <extensions>
          <ns3:TrackPointExtension>
            <ns3:atemp>20.0</ns3:atemp>
            <ns3:hr>155</ns3:hr>
          </ns3:TrackPointExtension>
        </extensions>
      </trkpt>
      <trkpt lat="48.0625878274440765380859375" lon="11.2545592524111270904541015625">
        <ele>613.5999755859375</ele>
        <time>2023-09-05T05:20:36.000Z</time>
        <extensions>
          <ns3:TrackPointExtension>
            <ns3:atemp>20.0</ns3:atemp>
            <ns3:hr>155</ns3:hr>
          </ns3:TrackPointExtension>
        </extensions>
      </trkpt>
      <trkpt lat="48.06242010556161403656005859375" lon="11.2545270659029483795166015625">
        <ele>614.20001220703125</ele>
        <time>2023-09-05T05:20:42.000Z</time>
        <extensions>
          <ns3:TrackPointExtension>
            <ns3:atemp>20.0</ns3:atemp>
            <ns3:hr>154</ns3:hr>
          </ns3:TrackPointExtension>
        </extensions>
      </trkpt>
      <trkpt lat="48.0622627772390842437744140625" lon="11.2544516287744045257568359375">
        <ele>614.20001220703125</ele>
        <time>2023-09-05T05:20:48.000Z</time>
        <extensions>
          <ns3:TrackPointExtension>
            <ns3:atemp>20.0</ns3:atemp>
            <ns3:hr>152</ns3:hr>
          </ns3:TrackPointExtension>
        </extensions>
      </trkpt>
      <trkpt lat="48.06216294877231121063232421875" lon="11.25433914363384246826171875">
        <ele>614</ele>
        <time>2023-09-05T05:20:53.000Z</time>
        <extensions>
          <ns3:TrackPointExtension>
            <ns3:atemp>20.0</ns3:atemp>
            <ns3:hr>151</ns3:hr>
          </ns3:TrackPointExtension>
        </extensions>
      </trkpt>
      <trkpt lat="48.061974607408046722412109375" lon="11.25417091883718967437744140625">
        <ele>613.4000244140625</ele>
        <time>2023-09-05T05:21:01.000Z</time>
        <extensions>
          <ns3:TrackPointExtension>
            <ns3:atemp>20.0</ns3:atemp>
            <ns3:hr>149</ns3:hr>
          </ns3:TrackPointExtension>
        </extensions>
      </trkpt>
      <trkpt lat="48.061846531927585601806640625" lon="11.2541150115430355072021484375">
        <ele>613.5999755859375</ele>
        <time>2023-09-05T05:21:06.000Z</time>
        <extensions>
          <ns3:TrackPointExtension>
            <ns3:atemp>20.0</ns3:atemp>
            <ns3:hr>146</ns3:hr>
          </ns3:TrackPointExtension>
        </extensions>
      </trkpt>
      <trkpt lat="48.0617052130401134490966796875" lon="11.25407762825489044189453125">
        <ele>613.5999755859375</ele>
        <time>2023-09-05T05:21:12.000Z</time>
        <extensions>
          <ns3:TrackPointExtension>
            <ns3:atemp>20.0</ns3:atemp>
            <ns3:hr>146</ns3:hr>
          </ns3:TrackPointExtension>
        </extensions>
      </trkpt>
      <trkpt lat="48.06166036985814571380615234375" lon="11.25406983308494091033935546875">
        <ele>614</ele>
        <time>2023-09-05T05:21:14.000Z</time>
        <extensions>
          <ns3:TrackPointExtension>
            <ns3:atemp>20.0</ns3:atemp>
            <ns3:hr>145</ns3:hr>
          </ns3:TrackPointExtension>
        </extensions>
      </trkpt>
      <trkpt lat="48.06161963380873203277587890625" lon="11.254110820591449737548828125">
        <ele>614.4000244140625</ele>
        <time>2023-09-05T05:21:17.000Z</time>
        <extensions>
          <ns3:TrackPointExtension>
            <ns3:atemp>20.0</ns3:atemp>
            <ns3:hr>142</ns3:hr>
          </ns3:TrackPointExtension>
        </extensions>
      </trkpt>
      <trkpt lat="48.06159616447985172271728515625" lon="11.2541243992745876312255859375">
        <ele>614.5999755859375</ele>
        <time>2023-09-05T05:21:18.000Z</time>
        <extensions>
          <ns3:TrackPointExtension>
            <ns3:atemp>20.0</ns3:atemp>
            <ns3:hr>141</ns3:hr>
          </ns3:TrackPointExtension>
        </extensions>
      </trkpt>
      <trkpt lat="48.061540089547634124755859375" lon="11.25415675342082977294921875">
        <ele>615.20001220703125</ele>
        <time>2023-09-05T05:21:21.000Z</time>
        <extensions>
          <ns3:TrackPointExtension>
            <ns3:atemp>20.0</ns3:atemp>
            <ns3:hr>138</ns3:hr>
          </ns3:TrackPointExtension>
        </extensions>
      </trkpt>
      <trkpt lat="48.0615068972110748291015625" lon="11.25418885610997676849365234375">
        <ele>615.5999755859375</ele>
        <time>2023-09-05T05:21:23.000Z</time>
        <extensions>
          <ns3:TrackPointExtension>
            <ns3:atemp>20.0</ns3:atemp>
            <ns3:hr>138</ns3:hr>
          </ns3:TrackPointExtension>
        </extensions>
      </trkpt>
      <trkpt lat="48.0614738725125789642333984375" lon="11.25422942452132701873779296875">
        <ele>616</ele>
        <time>2023-09-05T05:21:25.000Z</time>
        <extensions>
          <ns3:TrackPointExtension>
            <ns3:atemp>20.0</ns3:atemp>
            <ns3:hr>139</ns3:hr>
          </ns3:TrackPointExtension>
        </extensions>
      </trkpt>
      <trkpt lat="48.06136549450457096099853515625" lon="11.2543974816799163818359375">
        <ele>616</ele>
        <time>2023-09-05T05:21:32.000Z</time>
        <extensions>
          <ns3:TrackPointExtension>
            <ns3:atemp>20.0</ns3:atemp>
            <ns3:hr>141</ns3:hr>
          </ns3:TrackPointExtension>
        </extensions>
      </trkpt>
      <trkpt lat="48.0612894706428050994873046875" lon="11.2546145729720592498779296875">
        <ele>616.5999755859375</ele>
        <time>2023-09-05T05:21:39.000Z</time>
        <extensions>
          <ns3:TrackPointExtension>
            <ns3:atemp>20.0</ns3:atemp>
            <ns3:hr>142</ns3:hr>
          </ns3:TrackPointExtension>
        </extensions>
      </trkpt>
      <trkpt lat="48.061223588883876800537109375" lon="11.25480324961245059967041015625">
        <ele>615.79998779296875</ele>
        <time>2023-09-05T05:21:45.000Z</time>
        <extensions>
          <ns3:TrackPointExtension>
            <ns3:atemp>20.0</ns3:atemp>
            <ns3:hr>145</ns3:hr>
          </ns3:TrackPointExtension>
        </extensions>
      </trkpt>
      <trkpt lat="48.06114974431693553924560546875" lon="11.254991926252841949462890625">
        <ele>615.20001220703125</ele>
        <time>2023-09-05T05:21:50.000Z</time>
        <extensions>
          <ns3:TrackPointExtension>
            <ns3:atemp>20.0</ns3:atemp>
            <ns3:hr>145</ns3:hr>
          </ns3:TrackPointExtension>
        </extensions>
      </trkpt>
      <trkpt lat="48.0609786696732044219970703125" lon="11.255296356976032257080078125">
        <ele>615.79998779296875</ele>
        <time>2023-09-05T05:21:59.000Z</time>
        <extensions>
          <ns3:TrackPointExtension>
            <ns3:atemp>20.0</ns3:atemp>
            <ns3:hr>145</ns3:hr>
          </ns3:TrackPointExtension>
        </extensions>
      </trkpt>
      <trkpt lat="48.06084732525050640106201171875" lon="11.25535477884113788604736328125">
        <ele>616.20001220703125</ele>
        <time>2023-09-05T05:22:04.000Z</time>
        <extensions>
          <ns3:TrackPointExtension>
            <ns3:atemp>20.0</ns3:atemp>
            <ns3:hr>142</ns3:hr>
          </ns3:TrackPointExtension>
        </extensions>
      </trkpt>
      <trkpt lat="48.06080390699207782745361328125" lon="11.25536953099071979522705078125">
        <ele>616.4000244140625</ele>
        <time>2023-09-05T05:22:06.000Z</time>
        <extensions>
          <ns3:TrackPointExtension>
            <ns3:atemp>20.0</ns3:atemp>
            <ns3:hr>139</ns3:hr>
          </ns3:TrackPointExtension>
        </extensions>
      </trkpt>
      <trkpt lat="48.06072763167321681976318359375" lon="11.255424432456493377685546875">
        <ele>616.4000244140625</ele>
        <time>2023-09-05T05:22:09.000Z</time>
        <extensions>
          <ns3:TrackPointExtension>
            <ns3:atemp>20.0</ns3:atemp>
            <ns3:hr>136</ns3:hr>
          </ns3:TrackPointExtension>
        </extensions>
      </trkpt>
      <trkpt lat="48.06068253703415393829345703125" lon="11.25546072609722614288330078125">
        <ele>616.4000244140625</ele>
        <time>2023-09-05T05:22:11.000Z</time>
        <extensions>
          <ns3:TrackPointExtension>
            <ns3:atemp>20.0</ns3:atemp>
            <ns3:hr>136</ns3:hr>
          </ns3:TrackPointExtension>
        </extensions>
      </trkpt>
      <trkpt lat="48.06057038716971874237060546875" lon="11.25548444688320159912109375">
        <ele>616.79998779296875</ele>
        <time>2023-09-05T05:22:16.000Z</time>
        <extensions>
          <ns3:TrackPointExtension>
            <ns3:atemp>20.0</ns3:atemp>
            <ns3:hr>134</ns3:hr>
          </ns3:TrackPointExtension>
        </extensions>
      </trkpt>
      <trkpt lat="48.06052722036838531494140625" lon="11.255482099950313568115234375">
        <ele>617</ele>
        <time>2023-09-05T05:22:18.000Z</time>
        <extensions>
          <ns3:TrackPointExtension>
            <ns3:atemp>20.0</ns3:atemp>
            <ns3:hr>133</ns3:hr>
          </ns3:TrackPointExtension>
        </extensions>
      </trkpt>
      <trkpt lat="48.06050349958240985870361328125" lon="11.255497522652149200439453125">
        <ele>617.4000244140625</ele>
        <time>2023-09-05T05:22:19.000Z</time>
        <extensions>
          <ns3:TrackPointExtension>
            <ns3:atemp>20.0</ns3:atemp>
            <ns3:hr>132</ns3:hr>
          </ns3:TrackPointExtension>
        </extensions>
      </trkpt>
      <trkpt lat="48.06043158285319805145263671875" lon="11.255527026951313018798828125">
        <ele>617.79998779296875</ele>
        <time>2023-09-05T05:22:22.000Z</time>
        <extensions>
          <ns3:TrackPointExtension>
            <ns3:atemp>20.0</ns3:atemp>
            <ns3:hr>132</ns3:hr>
          </ns3:TrackPointExtension>
        </extensions>
      </trkpt>
      <trkpt lat="48.06040727533400058746337890625" lon="11.25553213991224765777587890625">
        <ele>618</ele>
        <time>2023-09-05T05:22:23.000Z</time>
        <extensions>
          <ns3:TrackPointExtension>
            <ns3:atemp>20.0</ns3:atemp>
            <ns3:hr>132</ns3:hr>
          </ns3:TrackPointExtension>
        </extensions>
      </trkpt>
      <trkpt lat="48.06029093451797962188720703125" lon="11.25553901307284832000732421875">
        <ele>619.20001220703125</ele>
        <time>2023-09-05T05:22:28.000Z</time>
        <extensions>
          <ns3:TrackPointExtension>
            <ns3:atemp>20.0</ns3:atemp>
            <ns3:hr>132</ns3:hr>
          </ns3:TrackPointExtension>
        </extensions>
      </trkpt>
      <trkpt lat="48.06018180213868618011474609375" lon="11.25555292703211307525634765625">
        <ele>619.79998779296875</ele>
        <time>2023-09-05T05:22:32.000Z</time>
        <extensions>
          <ns3:TrackPointExtension>
            <ns3:atemp>20.0</ns3:atemp>
            <ns3:hr>135</ns3:hr>
          </ns3:TrackPointExtension>
        </extensions>
      </trkpt>
      <trkpt lat="48.06008172221481800079345703125" lon="11.25553867779672145843505859375">
        <ele>620</ele>
        <time>2023-09-05T05:22:36.000Z</time>
        <extensions>
          <ns3:TrackPointExtension>
            <ns3:atemp>20.0</ns3:atemp>
            <ns3:hr>138</ns3:hr>
          </ns3:TrackPointExtension>
        </extensions>
      </trkpt>
      <trkpt lat="48.06003771722316741943359375" lon="11.255549490451812744140625">
        <ele>620.20001220703125</ele>
        <time>2023-09-05T05:22:38.000Z</time>
        <extensions>
          <ns3:TrackPointExtension>
            <ns3:atemp>19.0</ns3:atemp>
            <ns3:hr>138</ns3:hr>
          </ns3:TrackPointExtension>
        </extensions>
      </trkpt>
      <trkpt lat="48.0600103922188282012939453125" lon="11.25556130893528461456298828125">
        <ele>620.20001220703125</ele>
        <time>2023-09-05T05:22:39.000Z</time>
        <extensions>
          <ns3:TrackPointExtension>
            <ns3:atemp>20.0</ns3:atemp>
            <ns3:hr>138</ns3:hr>
          </ns3:TrackPointExtension>
        </extensions>
      </trkpt>
      <trkpt lat="48.05999438278377056121826171875" lon="11.25558377243578433990478515625">
        <ele>620.20001220703125</ele>
        <time>2023-09-05T05:22:40.000Z</time>
        <extensions>
          <ns3:TrackPointExtension>
            <ns3:atemp>19.0</ns3:atemp>
            <ns3:hr>138</ns3:hr>
          </ns3:TrackPointExtension>
        </extensions>
      </trkpt>
      <trkpt lat="48.0599369667470455169677734375" lon="11.2556851096451282501220703125">
        <ele>620.20001220703125</ele>
        <time>2023-09-05T05:22:43.000Z</time>
        <extensions>
          <ns3:TrackPointExtension>
            <ns3:atemp>20.0</ns3:atemp>
            <ns3:hr>139</ns3:hr>
          </ns3:TrackPointExtension>
        </extensions>
      </trkpt>
      <trkpt lat="48.0598672293126583099365234375" lon="11.25592022202908992767333984375">
        <ele>620.4000244140625</ele>
        <time>2023-09-05T05:22:50.000Z</time>
        <extensions>
          <ns3:TrackPointExtension>
            <ns3:atemp>19.0</ns3:atemp>
            <ns3:hr>140</ns3:hr>
          </ns3:TrackPointExtension>
        </extensions>
      </trkpt>
      <trkpt lat="48.05984350852668285369873046875" lon="11.25616564415395259857177734375">
        <ele>619.79998779296875</ele>
        <time>2023-09-05T05:22:56.000Z</time>
        <extensions>
          <ns3:TrackPointExtension>
            <ns3:atemp>19.0</ns3:atemp>
            <ns3:hr>141</ns3:hr>
          </ns3:TrackPointExtension>
        </extensions>
      </trkpt>
      <trkpt lat="48.05979958735406398773193359375" lon="11.2564347870647907257080078125">
        <ele>619.20001220703125</ele>
        <time>2023-09-05T05:23:02.000Z</time>
        <extensions>
          <ns3:TrackPointExtension>
            <ns3:atemp>19.0</ns3:atemp>
            <ns3:hr>143</ns3:hr>
          </ns3:TrackPointExtension>
        </extensions>
      </trkpt>
      <trkpt lat="48.059789277613162994384765625" lon="11.25648549757897853851318359375">
        <ele>619</ele>
        <time>2023-09-05T05:23:03.000Z</time>
        <extensions>
          <ns3:TrackPointExtension>
            <ns3:atemp>19.0</ns3:atemp>
            <ns3:hr>142</ns3:hr>
          </ns3:TrackPointExtension>
        </extensions>
      </trkpt>
      <trkpt lat="48.0597277544438838958740234375" lon="11.2566666305065155029296875">
        <ele>618.20001220703125</ele>
        <time>2023-09-05T05:23:08.000Z</time>
        <extensions>
          <ns3:TrackPointExtension>
            <ns3:atemp>19.0</ns3:atemp>
            <ns3:hr>141</ns3:hr>
          </ns3:TrackPointExtension>
        </extensions>
      </trkpt>
      <trkpt lat="48.0597156845033168792724609375" lon="11.2566909380257129669189453125">
        <ele>617.79998779296875</ele>
        <time>2023-09-05T05:23:09.000Z</time>
        <extensions>
          <ns3:TrackPointExtension>
            <ns3:atemp>19.0</ns3:atemp>
            <ns3:hr>142</ns3:hr>
          </ns3:TrackPointExtension>
        </extensions>
      </trkpt>
      <trkpt lat="48.0596804805099964141845703125" lon="11.25679680146276950836181640625">
        <ele>616.79998779296875</ele>
        <time>2023-09-05T05:23:12.000Z</time>
        <extensions>
          <ns3:TrackPointExtension>
            <ns3:atemp>19.0</ns3:atemp>
            <ns3:hr>141</ns3:hr>
          </ns3:TrackPointExtension>
        </extensions>
      </trkpt>
      <trkpt lat="48.059650473296642303466796875" lon="11.256905011832714080810546875">
        <ele>615.5999755859375</ele>
        <time>2023-09-05T05:23:15.000Z</time>
        <extensions>
          <ns3:TrackPointExtension>
            <ns3:atemp>19.0</ns3:atemp>
            <ns3:hr>143</ns3:hr>
          </ns3:TrackPointExtension>
        </extensions>
      </trkpt>
      <trkpt lat="48.05964435450732707977294921875" lon="11.2569444067776203155517578125">
        <ele>615.4000244140625</ele>
        <time>2023-09-05T05:23:16.000Z</time>
        <extensions>
          <ns3:TrackPointExtension>
            <ns3:atemp>19.0</ns3:atemp>
            <ns3:hr>142</ns3:hr>
          </ns3:TrackPointExtension>
        </extensions>
      </trkpt>
      <trkpt lat="48.05963278748095035552978515625" lon="11.25698204152286052703857421875">
        <ele>615</ele>
        <time>2023-09-05T05:23:17.000Z</time>
        <extensions>
          <ns3:TrackPointExtension>
            <ns3:atemp>19.0</ns3:atemp>
            <ns3:hr>139</ns3:hr>
          </ns3:TrackPointExtension>
        </extensions>
      </trkpt>
      <trkpt lat="48.05961920879781246185302734375" lon="11.2570231966674327850341796875">
        <ele>614.5999755859375</ele>
        <time>2023-09-05T05:23:18.000Z</time>
        <extensions>
          <ns3:TrackPointExtension>
            <ns3:atemp>19.0</ns3:atemp>
            <ns3:hr>138</ns3:hr>
          </ns3:TrackPointExtension>
        </extensions>
      </trkpt>
      <trkpt lat="48.05958718992769718170166015625" lon="11.25709922052919864654541015625">
        <ele>614.20001220703125</ele>
        <time>2023-09-05T05:23:20.000Z</time>
        <extensions>
          <ns3:TrackPointExtension>
            <ns3:atemp>19.0</ns3:atemp>
            <ns3:hr>134</ns3:hr>
          </ns3:TrackPointExtension>
        </extensions>
      </trkpt>
      <trkpt lat="48.0595547519624233245849609375" lon="11.25717365182936191558837890625">
        <ele>613.5999755859375</ele>
        <time>2023-09-05T05:23:22.000Z</time>
        <extensions>
          <ns3:TrackPointExtension>
            <ns3:atemp>19.0</ns3:atemp>
            <ns3:hr>132</ns3:hr>
          </ns3:TrackPointExtension>
        </extensions>
      </trkpt>
      <trkpt lat="48.05953371338546276092529296875" lon="11.25720801763236522674560546875">
        <ele>613.4000244140625</ele>
        <time>2023-09-05T05:23:23.000Z</time>
        <extensions>
          <ns3:TrackPointExtension>
            <ns3:atemp>19.0</ns3:atemp>
            <ns3:hr>131</ns3:hr>
          </ns3:TrackPointExtension>
        </extensions>
      </trkpt>
      <trkpt lat="48.05943153798580169677734375" lon="11.2573360092937946319580078125">
        <ele>612</ele>
        <time>2023-09-05T05:23:27.000Z</time>
        <extensions>
          <ns3:TrackPointExtension>
            <ns3:atemp>19.0</ns3:atemp>
            <ns3:hr>128</ns3:hr>
          </ns3:TrackPointExtension>
        </extensions>
      </trkpt>
      <trkpt lat="48.0593691766262054443359375" lon="11.25738487578928470611572265625">
        <ele>611.4000244140625</ele>
        <time>2023-09-05T05:23:29.000Z</time>
        <extensions>
          <ns3:TrackPointExtension>
            <ns3:atemp>19.0</ns3:atemp>
            <ns3:hr>127</ns3:hr>
          </ns3:TrackPointExtension>
        </extensions>
      </trkpt>
      <trkpt lat="48.05929608643054962158203125" lon="11.2574230134487152099609375">
        <ele>610.5999755859375</ele>
        <time>2023-09-05T05:23:31.000Z</time>
        <extensions>
          <ns3:TrackPointExtension>
            <ns3:atemp>19.0</ns3:atemp>
            <ns3:hr>125</ns3:hr>
          </ns3:TrackPointExtension>
        </extensions>
      </trkpt>
      <trkpt lat="48.05915468372404575347900390625" lon="11.2574429623782634735107421875">
        <ele>609.4000244140625</ele>
        <time>2023-09-05T05:23:35.000Z</time>
        <extensions>
          <ns3:TrackPointExtension>
            <ns3:atemp>19.0</ns3:atemp>
            <ns3:hr>123</ns3:hr>
          </ns3:TrackPointExtension>
        </extensions>
      </trkpt>
      <trkpt lat="48.05912710726261138916015625" lon="11.25744204036891460418701171875">
        <ele>609</ele>
        <time>2023-09-05T05:23:36.000Z</time>
        <extensions>
          <ns3:TrackPointExtension>
            <ns3:atemp>19.0</ns3:atemp>
            <ns3:hr>123</ns3:hr>
          </ns3:TrackPointExtension>
        </extensions>
      </trkpt>
      <trkpt lat="48.05901755578815937042236328125" lon="11.25745997764170169830322265625">
        <ele>608.20001220703125</ele>
        <time>2023-09-05T05:23:40.000Z</time>
        <extensions>
          <ns3:TrackPointExtension>
            <ns3:atemp>19.0</ns3:atemp>
            <ns3:hr>122</ns3:hr>
          </ns3:TrackPointExtension>
        </extensions>
      </trkpt>
      <trkpt lat="48.05895871482789516448974609375" lon="11.2574590556323528289794921875">
        <ele>607.79998779296875</ele>
        <time>2023-09-05T05:23:42.000Z</time>
        <extensions>
          <ns3:TrackPointExtension>
            <ns3:atemp>19.0</ns3:atemp>
            <ns3:hr>122</ns3:hr>
          </ns3:TrackPointExtension>
        </extensions>
      </trkpt>
      <trkpt lat="48.0588429607450962066650390625" lon="11.25742980279028415679931640625">
        <ele>607.20001220703125</ele>
        <time>2023-09-05T05:23:46.000Z</time>
        <extensions>
          <ns3:TrackPointExtension>
            <ns3:atemp>19.0</ns3:atemp>
            <ns3:hr>121</ns3:hr>
          </ns3:TrackPointExtension>
        </extensions>
      </trkpt>
      <trkpt lat="48.05879652500152587890625" lon="11.25744153745472431182861328125">
        <ele>606.79998779296875</ele>
        <time>2023-09-05T05:23:48.000Z</time>
        <extensions>
          <ns3:TrackPointExtension>
            <ns3:atemp>19.0</ns3:atemp>
            <ns3:hr>120</ns3:hr>
          </ns3:TrackPointExtension>
        </extensions>
      </trkpt>
      <trkpt lat="48.05869124829769134521484375" lon="11.25745679251849651336669921875">
        <ele>606</ele>
        <time>2023-09-05T05:23:52.000Z</time>
        <extensions>
          <ns3:TrackPointExtension>
            <ns3:atemp>19.0</ns3:atemp>
            <ns3:hr>117</ns3:hr>
          </ns3:TrackPointExtension>
        </extensions>
      </trkpt>
      <trkpt lat="48.0586664378643035888671875" lon="11.257474981248378753662109375">
        <ele>606</ele>
        <time>2023-09-05T05:23:53.000Z</time>
        <extensions>
          <ns3:TrackPointExtension>
            <ns3:atemp>19.0</ns3:atemp>
            <ns3:hr>116</ns3:hr>
          </ns3:TrackPointExtension>
        </extensions>
      </trkpt>
      <trkpt lat="48.0586203373968601226806640625" lon="11.257513873279094696044921875">
        <ele>605.79998779296875</ele>
        <time>2023-09-05T05:23:55.000Z</time>
        <extensions>
          <ns3:TrackPointExtension>
            <ns3:atemp>19.0</ns3:atemp>
            <ns3:hr>114</ns3:hr>
          </ns3:TrackPointExtension>
        </extensions>
      </trkpt>
      <trkpt lat="48.0585350096225738525390625" lon="11.257647313177585601806640625">
        <ele>605</ele>
        <time>2023-09-05T05:23:59.000Z</time>
        <extensions>
          <ns3:TrackPointExtension>
            <ns3:atemp>19.0</ns3:atemp>
            <ns3:hr>113</ns3:hr>
          </ns3:TrackPointExtension>
        </extensions>
      </trkpt>
      <trkpt lat="48.0584728159010410308837890625" lon="11.25774982385337352752685546875">
        <ele>604.5999755859375</ele>
        <time>2023-09-05T05:24:02.000Z</time>
        <extensions>
          <ns3:TrackPointExtension>
            <ns3:atemp>19.0</ns3:atemp>
            <ns3:hr>114</ns3:hr>
          </ns3:TrackPointExtension>
        </extensions>
      </trkpt>
      <trkpt lat="48.0584040842950344085693359375" lon="11.2578575313091278076171875">
        <ele>604.20001220703125</ele>
        <time>2023-09-05T05:24:05.000Z</time>
        <extensions>
          <ns3:TrackPointExtension>
            <ns3:atemp>19.0</ns3:atemp>
            <ns3:hr>117</ns3:hr>
          </ns3:TrackPointExtension>
        </extensions>
      </trkpt>
      <trkpt lat="48.05836946703493595123291015625" lon="11.25792735256254673004150390625">
        <ele>603.79998779296875</ele>
        <time>2023-09-05T05:24:07.000Z</time>
        <extensions>
          <ns3:TrackPointExtension>
            <ns3:atemp>19.0</ns3:atemp>
            <ns3:hr>118</ns3:hr>
          </ns3:TrackPointExtension>
        </extensions>
      </trkpt>
      <trkpt lat="48.05832521058619022369384765625" lon="11.25803849659860134124755859375">
        <ele>603.20001220703125</ele>
        <time>2023-09-05T05:24:10.000Z</time>
        <extensions>
          <ns3:TrackPointExtension>
            <ns3:atemp>19.0</ns3:atemp>
            <ns3:hr>120</ns3:hr>
          </ns3:TrackPointExtension>
        </extensions>
      </trkpt>
      <trkpt lat="48.0582971312105655670166015625" lon="11.2581084854900836944580078125">
        <ele>602.5999755859375</ele>
        <time>2023-09-05T05:24:12.000Z</time>
        <extensions>
          <ns3:TrackPointExtension>
            <ns3:atemp>19.0</ns3:atemp>
            <ns3:hr>120</ns3:hr>
          </ns3:TrackPointExtension>
        </extensions>
      </trkpt>
      <trkpt lat="48.05824843235313892364501953125" lon="11.25821451656520366668701171875">
        <ele>601.4000244140625</ele>
        <time>2023-09-05T05:24:15.000Z</time>
        <extensions>
          <ns3:TrackPointExtension>
            <ns3:atemp>19.0</ns3:atemp>
            <ns3:hr>122</ns3:hr>
          </ns3:TrackPointExtension>
        </extensions>
      </trkpt>
      <trkpt lat="48.0582354404032230377197265625" lon="11.25825776718556880950927734375">
        <ele>601.20001220703125</ele>
        <time>2023-09-05T05:24:16.000Z</time>
        <extensions>
          <ns3:TrackPointExtension>
            <ns3:atemp>19.0</ns3:atemp>
            <ns3:hr>122</ns3:hr>
          </ns3:TrackPointExtension>
        </extensions>
      </trkpt>
      <trkpt lat="48.05819596163928508758544921875" lon="11.25836052931845188140869140625">
        <ele>600.4000244140625</ele>
        <time>2023-09-05T05:24:19.000Z</time>
        <extensions>
          <ns3:TrackPointExtension>
            <ns3:atemp>19.0</ns3:atemp>
            <ns3:hr>122</ns3:hr>
          </ns3:TrackPointExtension>
        </extensions>
      </trkpt>
      <trkpt lat="48.058166541159152984619140625" lon="11.2584280036389827728271484375">
        <ele>600</ele>
        <time>2023-09-05T05:24:21.000Z</time>
        <extensions>
          <ns3:TrackPointExtension>
            <ns3:atemp>19.0</ns3:atemp>
            <ns3:hr>122</ns3:hr>
          </ns3:TrackPointExtension>
        </extensions>
      </trkpt>
      <trkpt lat="48.05811549536883831024169921875" lon="11.25853587873280048370361328125">
        <ele>599.4000244140625</ele>
        <time>2023-09-05T05:24:24.000Z</time>
        <extensions>
          <ns3:TrackPointExtension>
            <ns3:atemp>19.0</ns3:atemp>
            <ns3:hr>122</ns3:hr>
          </ns3:TrackPointExtension>
        </extensions>
      </trkpt>
      <trkpt lat="48.0580771900713443756103515625" lon="11.25863612629473209381103515625">
        <ele>598.5999755859375</ele>
        <time>2023-09-05T05:24:27.000Z</time>
        <extensions>
          <ns3:TrackPointExtension>
            <ns3:atemp>19.0</ns3:atemp>
            <ns3:hr>120</ns3:hr>
          </ns3:TrackPointExtension>
        </extensions>
      </trkpt>
      <trkpt lat="48.058064617216587066650390625" lon="11.25866957008838653564453125">
        <ele>598.20001220703125</ele>
        <time>2023-09-05T05:24:28.000Z</time>
        <extensions>
          <ns3:TrackPointExtension>
            <ns3:atemp>19.0</ns3:atemp>
            <ns3:hr>120</ns3:hr>
          </ns3:TrackPointExtension>
        </extensions>
      </trkpt>
      <trkpt lat="48.057991527020931243896484375" lon="11.2587911076843738555908203125">
        <ele>597.20001220703125</ele>
        <time>2023-09-05T05:24:32.000Z</time>
        <extensions>
          <ns3:TrackPointExtension>
            <ns3:atemp>19.0</ns3:atemp>
            <ns3:hr>118</ns3:hr>
          </ns3:TrackPointExtension>
        </extensions>
      </trkpt>
      <trkpt lat="48.05796914733946323394775390625" lon="11.25882555730640888214111328125">
        <ele>596.79998779296875</ele>
        <time>2023-09-05T05:24:33.000Z</time>
        <extensions>
          <ns3:TrackPointExtension>
            <ns3:atemp>19.0</ns3:atemp>
            <ns3:hr>118</ns3:hr>
          </ns3:TrackPointExtension>
        </extensions>
      </trkpt>
      <trkpt lat="48.05787895806133747100830078125" lon="11.25900811515748500823974609375">
        <ele>596.4000244140625</ele>
        <time>2023-09-05T05:24:39.000Z</time>
        <extensions>
          <ns3:TrackPointExtension>
            <ns3:atemp>19.0</ns3:atemp>
            <ns3:hr>116</ns3:hr>
          </ns3:TrackPointExtension>
        </extensions>
      </trkpt>
      <trkpt lat="48.05785574018955230712890625" lon="11.25904616899788379669189453125">
        <ele>596.4000244140625</ele>
        <time>2023-09-05T05:24:41.000Z</time>
        <extensions>
          <ns3:TrackPointExtension>
            <ns3:atemp>19.0</ns3:atemp>
            <ns3:hr>116</ns3:hr>
          </ns3:TrackPointExtension>
        </extensions>
      </trkpt>
      <trkpt lat="48.05782145820558071136474609375" lon="11.25909713096916675567626953125">
        <ele>596.4000244140625</ele>
        <time>2023-09-05T05:24:44.000Z</time>
        <extensions>
          <ns3:TrackPointExtension>
            <ns3:atemp>19.0</ns3:atemp>
            <ns3:hr>115</ns3:hr>
          </ns3:TrackPointExtension>
        </extensions>
      </trkpt>
      <trkpt lat="48.0577509663999080657958984375" lon="11.25923015177249908447265625">
        <ele>596.20001220703125</ele>
        <time>2023-09-05T05:24:49.000Z</time>
        <extensions>
          <ns3:TrackPointExtension>
            <ns3:atemp>19.0</ns3:atemp>
            <ns3:hr>114</ns3:hr>
          </ns3:TrackPointExtension>
        </extensions>
      </trkpt>
      <trkpt lat="48.057731688022613525390625" lon="11.259270049631595611572265625">
        <ele>596</ele>
        <time>2023-09-05T05:24:50.000Z</time>
        <extensions>
          <ns3:TrackPointExtension>
            <ns3:atemp>19.0</ns3:atemp>
            <ns3:hr>113</ns3:hr>
          </ns3:TrackPointExtension>
        </extensions>
      </trkpt>
      <trkpt lat="48.05765599943697452545166015625" lon="11.25940985977649688720703125">
        <ele>595.79998779296875</ele>
        <time>2023-09-05T05:24:55.000Z</time>
        <extensions>
          <ns3:TrackPointExtension>
            <ns3:atemp>19.0</ns3:atemp>
            <ns3:hr>113</ns3:hr>
          </ns3:TrackPointExtension>
        </extensions>
      </trkpt>
      <trkpt lat="48.05762733332812786102294921875" lon="11.259491331875324249267578125">
        <ele>595.79998779296875</ele>
        <time>2023-09-05T05:24:57.000Z</time>
        <extensions>
          <ns3:TrackPointExtension>
            <ns3:atemp>19.0</ns3:atemp>
            <ns3:hr>116</ns3:hr>
          </ns3:TrackPointExtension>
        </extensions>
      </trkpt>
      <trkpt lat="48.0575883574783802032470703125" lon="11.259583868086338043212890625">
        <ele>595.79998779296875</ele>
        <time>2023-09-05T05:25:00.000Z</time>
        <extensions>
          <ns3:TrackPointExtension>
            <ns3:atemp>19.0</ns3:atemp>
            <ns3:hr>119</ns3:hr>
          </ns3:TrackPointExtension>
        </extensions>
      </trkpt>
      <trkpt lat="48.0575427599251270294189453125" lon="11.25969685614109039306640625">
        <ele>595.79998779296875</ele>
        <time>2023-09-05T05:25:04.000Z</time>
        <extensions>
          <ns3:TrackPointExtension>
            <ns3:atemp>19.0</ns3:atemp>
            <ns3:hr>119</ns3:hr>
          </ns3:TrackPointExtension>
        </extensions>
      </trkpt>
      <trkpt lat="48.057385347783565521240234375" lon="11.26003255136311054229736328125">
        <ele>596.4000244140625</ele>
        <time>2023-09-05T05:25:15.000Z</time>
        <extensions>
          <ns3:TrackPointExtension>
            <ns3:atemp>19.0</ns3:atemp>
            <ns3:hr>119</ns3:hr>
          </ns3:TrackPointExtension>
        </extensions>
      </trkpt>
      <trkpt lat="48.05727504193782806396484375" lon="11.26025316305458545684814453125">
        <ele>596.5999755859375</ele>
        <time>2023-09-05T05:25:22.000Z</time>
        <extensions>
          <ns3:TrackPointExtension>
            <ns3:atemp>19.0</ns3:atemp>
            <ns3:hr>120</ns3:hr>
          </ns3:TrackPointExtension>
        </extensions>
      </trkpt>
      <trkpt lat="48.05716373026371002197265625" lon="11.26048383302986621856689453125">
        <ele>596.5999755859375</ele>
        <time>2023-09-05T05:25:30.000Z</time>
        <extensions>
          <ns3:TrackPointExtension>
            <ns3:atemp>19.0</ns3:atemp>
            <ns3:hr>123</ns3:hr>
          </ns3:TrackPointExtension>
        </extensions>
      </trkpt>
      <trkpt lat="48.05714386515319347381591796875" lon="11.26052088104188442230224609375">
        <ele>596.5999755859375</ele>
        <time>2023-09-05T05:25:31.000Z</time>
        <extensions>
          <ns3:TrackPointExtension>
            <ns3:atemp>19.0</ns3:atemp>
            <ns3:hr>123</ns3:hr>
          </ns3:TrackPointExtension>
        </extensions>
      </trkpt>
      <trkpt lat="48.05705099366605281829833984375" lon="11.2607209570705890655517578125">
        <ele>596.5999755859375</ele>
        <time>2023-09-05T05:25:37.000Z</time>
        <extensions>
          <ns3:TrackPointExtension>
            <ns3:atemp>19.0</ns3:atemp>
            <ns3:hr>126</ns3:hr>
          </ns3:TrackPointExtension>
        </extensions>
      </trkpt>
      <trkpt lat="48.05700506083667278289794921875" lon="11.26082547940313816070556640625">
        <ele>596.79998779296875</ele>
        <time>2023-09-05T05:25:40.000Z</time>
        <extensions>
          <ns3:TrackPointExtension>
            <ns3:atemp>19.0</ns3:atemp>
            <ns3:hr>128</ns3:hr>
          </ns3:TrackPointExtension>
        </extensions>
      </trkpt>
      <trkpt lat="48.05694705806672573089599609375" lon="11.26099395565688610076904296875">
        <ele>597</ele>
        <time>2023-09-05T05:25:45.000Z</time>
        <extensions>
          <ns3:TrackPointExtension>
            <ns3:atemp>19.0</ns3:atemp>
            <ns3:hr>131</ns3:hr>
          </ns3:TrackPointExtension>
        </extensions>
      </trkpt>
      <trkpt lat="48.0569157935678958892822265625" lon="11.2610922753810882568359375">
        <ele>597</ele>
        <time>2023-09-05T05:25:48.000Z</time>
        <extensions>
          <ns3:TrackPointExtension>
            <ns3:atemp>19.0</ns3:atemp>
            <ns3:hr>131</ns3:hr>
          </ns3:TrackPointExtension>
        </extensions>
      </trkpt>
      <trkpt lat="48.05683960206806659698486328125" lon="11.2613164074718952178955078125">
        <ele>596.79998779296875</ele>
        <time>2023-09-05T05:25:55.000Z</time>
        <extensions>
          <ns3:TrackPointExtension>
            <ns3:atemp>19.0</ns3:atemp>
            <ns3:hr>131</ns3:hr>
          </ns3:TrackPointExtension>
        </extensions>
      </trkpt>
      <trkpt lat="48.056771121919155120849609375" lon="11.26150667667388916015625">
        <ele>597.20001220703125</ele>
        <time>2023-09-05T05:26:01.000Z</time>
        <extensions>
          <ns3:TrackPointExtension>
            <ns3:atemp>19.0</ns3:atemp>
            <ns3:hr>132</ns3:hr>
          </ns3:TrackPointExtension>
        </extensions>
      </trkpt>
      <trkpt lat="48.0567585490643978118896484375" lon="11.26153810881078243255615234375">
        <ele>597.20001220703125</ele>
        <time>2023-09-05T05:26:02.000Z</time>
        <extensions>
          <ns3:TrackPointExtension>
            <ns3:atemp>19.0</ns3:atemp>
            <ns3:hr>132</ns3:hr>
          </ns3:TrackPointExtension>
        </extensions>
      </trkpt>
      <trkpt lat="48.05660088546574115753173828125" lon="11.26176877878606319427490234375">
        <ele>597.4000244140625</ele>
        <time>2023-09-05T05:26:10.000Z</time>
        <extensions>
          <ns3:TrackPointExtension>
            <ns3:atemp>19.0</ns3:atemp>
            <ns3:hr>135</ns3:hr>
          </ns3:TrackPointExtension>
        </extensions>
      </trkpt>
      <trkpt lat="48.05641246028244495391845703125" lon="11.26196525059640407562255859375">
        <ele>598.20001220703125</ele>
        <time>2023-09-05T05:26:18.000Z</time>
        <extensions>
          <ns3:TrackPointExtension>
            <ns3:atemp>19.0</ns3:atemp>
            <ns3:hr>136</ns3:hr>
          </ns3:TrackPointExtension>
        </extensions>
      </trkpt>
      <trkpt lat="48.05638932622969150543212890625" lon="11.2619829364120960235595703125">
        <ele>598.4000244140625</ele>
        <time>2023-09-05T05:26:19.000Z</time>
        <extensions>
          <ns3:TrackPointExtension>
            <ns3:atemp>19.0</ns3:atemp>
            <ns3:hr>137</ns3:hr>
          </ns3:TrackPointExtension>
        </extensions>
      </trkpt>
      <trkpt lat="48.05627533234655857086181640625" lon="11.262103132903575897216796875">
        <ele>598.5999755859375</ele>
        <time>2023-09-05T05:26:24.000Z</time>
        <extensions>
          <ns3:TrackPointExtension>
            <ns3:atemp>19.0</ns3:atemp>
            <ns3:hr>140</ns3:hr>
          </ns3:TrackPointExtension>
        </extensions>
      </trkpt>
      <trkpt lat="48.056250102818012237548828125" lon="11.26212299801409244537353515625">
        <ele>598.5999755859375</ele>
        <time>2023-09-05T05:26:25.000Z</time>
        <extensions>
          <ns3:TrackPointExtension>
            <ns3:atemp>19.0</ns3:atemp>
            <ns3:hr>140</ns3:hr>
          </ns3:TrackPointExtension>
        </extensions>
      </trkpt>
      <trkpt lat="48.05614943616092205047607421875" lon="11.26220279373228549957275390625">
        <ele>599.20001220703125</ele>
        <time>2023-09-05T05:26:29.000Z</time>
        <extensions>
          <ns3:TrackPointExtension>
            <ns3:atemp>19.0</ns3:atemp>
            <ns3:hr>141</ns3:hr>
          </ns3:TrackPointExtension>
        </extensions>
      </trkpt>
      <trkpt lat="48.0560635216534137725830078125" lon="11.26228292472660541534423828125">
        <ele>599.79998779296875</ele>
        <time>2023-09-05T05:26:33.000Z</time>
        <extensions>
          <ns3:TrackPointExtension>
            <ns3:atemp>19.0</ns3:atemp>
            <ns3:hr>142</ns3:hr>
          </ns3:TrackPointExtension>
        </extensions>
      </trkpt>
      <trkpt lat="48.05600375868380069732666015625" lon="11.26236020587384700775146484375">
        <ele>600.20001220703125</ele>
        <time>2023-09-05T05:26:37.000Z</time>
        <extensions>
          <ns3:TrackPointExtension>
            <ns3:atemp>19.0</ns3:atemp>
            <ns3:hr>143</ns3:hr>
          </ns3:TrackPointExtension>
        </extensions>
      </trkpt>
      <trkpt lat="48.0559921078383922576904296875" lon="11.26238971017301082611083984375">
        <ele>600.5999755859375</ele>
        <time>2023-09-05T05:26:38.000Z</time>
        <extensions>
          <ns3:TrackPointExtension>
            <ns3:atemp>19.0</ns3:atemp>
            <ns3:hr>142</ns3:hr>
          </ns3:TrackPointExtension>
        </extensions>
      </trkpt>
      <trkpt lat="48.05590099655091762542724609375" lon="11.2625814042985439300537109375">
        <ele>601.4000244140625</ele>
        <time>2023-09-05T05:26:44.000Z</time>
        <extensions>
          <ns3:TrackPointExtension>
            <ns3:atemp>19.0</ns3:atemp>
            <ns3:hr>142</ns3:hr>
          </ns3:TrackPointExtension>
        </extensions>
      </trkpt>
      <trkpt lat="48.05585036985576152801513671875" lon="11.26267368905246257781982421875">
        <ele>602</ele>
        <time>2023-09-05T05:26:47.000Z</time>
        <extensions>
          <ns3:TrackPointExtension>
            <ns3:atemp>19.0</ns3:atemp>
            <ns3:hr>144</ns3:hr>
          </ns3:TrackPointExtension>
        </extensions>
      </trkpt>
      <trkpt lat="48.05579370819032192230224609375" lon="11.2627849169075489044189453125">
        <ele>602.79998779296875</ele>
        <time>2023-09-05T05:26:51.000Z</time>
        <extensions>
          <ns3:TrackPointExtension>
            <ns3:atemp>19.0</ns3:atemp>
            <ns3:hr>143</ns3:hr>
          </ns3:TrackPointExtension>
        </extensions>
      </trkpt>
      <trkpt lat="48.0557508766651153564453125" lon="11.26285943202674388885498046875">
        <ele>603.20001220703125</ele>
        <time>2023-09-05T05:26:54.000Z</time>
        <extensions>
          <ns3:TrackPointExtension>
            <ns3:atemp>19.0</ns3:atemp>
            <ns3:hr>143</ns3:hr>
          </ns3:TrackPointExtension>
        </extensions>
      </trkpt>
      <trkpt lat="48.05571877397596836090087890625" lon="11.2629076279699802398681640625">
        <ele>603.5999755859375</ele>
        <time>2023-09-05T05:26:56.000Z</time>
        <extensions>
          <ns3:TrackPointExtension>
            <ns3:atemp>19.0</ns3:atemp>
            <ns3:hr>146</ns3:hr>
          </ns3:TrackPointExtension>
        </extensions>
      </trkpt>
      <trkpt lat="48.0557017587125301361083984375" lon="11.26293855719268321990966796875">
        <ele>604</ele>
        <time>2023-09-05T05:26:57.000Z</time>
        <extensions>
          <ns3:TrackPointExtension>
            <ns3:atemp>19.0</ns3:atemp>
            <ns3:hr>147</ns3:hr>
          </ns3:TrackPointExtension>
        </extensions>
      </trkpt>
      <trkpt lat="48.0556685663759708404541015625" lon="11.263026483356952667236328125">
        <ele>604.5999755859375</ele>
        <time>2023-09-05T05:27:00.000Z</time>
        <extensions>
          <ns3:TrackPointExtension>
            <ns3:atemp>19.0</ns3:atemp>
            <ns3:hr>148</ns3:hr>
          </ns3:TrackPointExtension>
        </extensions>
      </trkpt>
      <trkpt lat="48.0556534789502620697021484375" lon="11.2630896829068660736083984375">
        <ele>605.20001220703125</ele>
        <time>2023-09-05T05:27:02.000Z</time>
        <extensions>
          <ns3:TrackPointExtension>
            <ns3:atemp>19.0</ns3:atemp>
            <ns3:hr>148</ns3:hr>
          </ns3:TrackPointExtension>
        </extensions>
      </trkpt>
      <trkpt lat="48.05563696660101413726806640625" lon="11.26319688744843006134033203125">
        <ele>606.20001220703125</ele>
        <time>2023-09-05T05:27:06.000Z</time>
        <extensions>
          <ns3:TrackPointExtension>
            <ns3:atemp>19.0</ns3:atemp>
            <ns3:hr>151</ns3:hr>
          </ns3:TrackPointExtension>
        </extensions>
      </trkpt>
      <trkpt lat="48.05563143454492092132568359375" lon="11.263226307928562164306640625">
        <ele>606.4000244140625</ele>
        <time>2023-09-05T05:27:07.000Z</time>
        <extensions>
          <ns3:TrackPointExtension>
            <ns3:atemp>19.0</ns3:atemp>
            <ns3:hr>151</ns3:hr>
          </ns3:TrackPointExtension>
        </extensions>
      </trkpt>
      <trkpt lat="48.05563059635460376739501953125" lon="11.26325170509517192840576171875">
        <ele>606.5999755859375</ele>
        <time>2023-09-05T05:27:08.000Z</time>
        <extensions>
          <ns3:TrackPointExtension>
            <ns3:atemp>19.0</ns3:atemp>
            <ns3:hr>152</ns3:hr>
          </ns3:TrackPointExtension>
        </extensions>
      </trkpt>
      <trkpt lat="48.05561047978699207305908203125" lon="11.26333736814558506011962890625">
        <ele>607.20001220703125</ele>
        <time>2023-09-05T05:27:11.000Z</time>
        <extensions>
          <ns3:TrackPointExtension>
            <ns3:atemp>19.0</ns3:atemp>
            <ns3:hr>154</ns3:hr>
          </ns3:TrackPointExtension>
        </extensions>
      </trkpt>
      <trkpt lat="48.05559908039867877960205078125" lon="11.2633599154651165008544921875">
        <ele>607.5999755859375</ele>
        <time>2023-09-05T05:27:12.000Z</time>
        <extensions>
          <ns3:TrackPointExtension>
            <ns3:atemp>19.0</ns3:atemp>
            <ns3:hr>154</ns3:hr>
          </ns3:TrackPointExtension>
        </extensions>
      </trkpt>
      <trkpt lat="48.05559371598064899444580078125" lon="11.26338531263172626495361328125">
        <ele>607.79998779296875</ele>
        <time>2023-09-05T05:27:13.000Z</time>
        <extensions>
          <ns3:TrackPointExtension>
            <ns3:atemp>19.0</ns3:atemp>
            <ns3:hr>154</ns3:hr>
          </ns3:TrackPointExtension>
        </extensions>
      </trkpt>
      <trkpt lat="48.05559773929417133331298828125" lon="11.263497211039066314697265625">
        <ele>608.79998779296875</ele>
        <time>2023-09-05T05:27:17.000Z</time>
        <extensions>
          <ns3:TrackPointExtension>
            <ns3:atemp>19.0</ns3:atemp>
            <ns3:hr>155</ns3:hr>
          </ns3:TrackPointExtension>
        </extensions>
      </trkpt>
      <trkpt lat="48.05558969266712665557861328125" lon="11.26363777555525302886962890625">
        <ele>609.79998779296875</ele>
        <time>2023-09-05T05:27:22.000Z</time>
        <extensions>
          <ns3:TrackPointExtension>
            <ns3:atemp>19.0</ns3:atemp>
            <ns3:hr>155</ns3:hr>
          </ns3:TrackPointExtension>
        </extensions>
      </trkpt>
      <trkpt lat="48.05556069128215312957763671875" lon="11.26369871199131011962890625">
        <ele>610.5999755859375</ele>
        <time>2023-09-05T05:27:24.000Z</time>
        <extensions>
          <ns3:TrackPointExtension>
            <ns3:atemp>19.0</ns3:atemp>
            <ns3:hr>155</ns3:hr>
          </ns3:TrackPointExtension>
        </extensions>
      </trkpt>
      <trkpt lat="48.05554158054292201995849609375" lon="11.26371371559798717498779296875">
        <ele>610.5999755859375</ele>
        <time>2023-09-05T05:27:25.000Z</time>
        <extensions>
          <ns3:TrackPointExtension>
            <ns3:atemp>19.0</ns3:atemp>
            <ns3:hr>156</ns3:hr>
          </ns3:TrackPointExtension>
        </extensions>
      </trkpt>
      <trkpt lat="48.0555032752454280853271484375" lon="11.26368387602269649505615234375">
        <ele>610.79998779296875</ele>
        <time>2023-09-05T05:27:27.000Z</time>
        <extensions>
          <ns3:TrackPointExtension>
            <ns3:atemp>19.0</ns3:atemp>
            <ns3:hr>157</ns3:hr>
          </ns3:TrackPointExtension>
        </extensions>
      </trkpt>
      <trkpt lat="48.05535902269184589385986328125" lon="11.2634869851171970367431640625">
        <ele>610.4000244140625</ele>
        <time>2023-09-05T05:27:34.000Z</time>
        <extensions>
          <ns3:TrackPointExtension>
            <ns3:atemp>19.0</ns3:atemp>
            <ns3:hr>158</ns3:hr>
          </ns3:TrackPointExtension>
        </extensions>
      </trkpt>
      <trkpt lat="48.0552135966718196868896484375" lon="11.26332865096628665924072265625">
        <ele>610.20001220703125</ele>
        <time>2023-09-05T05:27:41.000Z</time>
        <extensions>
          <ns3:TrackPointExtension>
            <ns3:atemp>19.0</ns3:atemp>
            <ns3:hr>156</ns3:hr>
          </ns3:TrackPointExtension>
        </extensions>
      </trkpt>
      <trkpt lat="48.05507906712591648101806640625" lon="11.2631946243345737457275390625">
        <ele>610</ele>
        <time>2023-09-05T05:27:47.000Z</time>
        <extensions>
          <ns3:TrackPointExtension>
            <ns3:atemp>19.0</ns3:atemp>
            <ns3:hr>154</ns3:hr>
          </ns3:TrackPointExtension>
        </extensions>
      </trkpt>
      <trkpt lat="48.054963313043117523193359375" lon="11.2630715779960155487060546875">
        <ele>609.5999755859375</ele>
        <time>2023-09-05T05:27:53.000Z</time>
        <extensions>
          <ns3:TrackPointExtension>
            <ns3:atemp>19.0</ns3:atemp>
            <ns3:hr>151</ns3:hr>
          </ns3:TrackPointExtension>
        </extensions>
      </trkpt>
      <trkpt lat="48.05482844822108745574951171875" lon="11.2629310972988605499267578125">
        <ele>609.20001220703125</ele>
        <time>2023-09-05T05:27:59.000Z</time>
        <extensions>
          <ns3:TrackPointExtension>
            <ns3:atemp>19.0</ns3:atemp>
            <ns3:hr>151</ns3:hr>
          </ns3:TrackPointExtension>
        </extensions>
      </trkpt>
      <trkpt lat="48.05473574437201023101806640625" lon="11.26281836070120334625244140625">
        <ele>608.79998779296875</ele>
        <time>2023-09-05T05:28:03.000Z</time>
        <extensions>
          <ns3:TrackPointExtension>
            <ns3:atemp>19.0</ns3:atemp>
            <ns3:hr>149</ns3:hr>
          </ns3:TrackPointExtension>
        </extensions>
      </trkpt>
      <trkpt lat="48.054619319736957550048828125" lon="11.26270554028451442718505859375">
        <ele>607.79998779296875</ele>
        <time>2023-09-05T05:28:08.000Z</time>
        <extensions>
          <ns3:TrackPointExtension>
            <ns3:atemp>19.0</ns3:atemp>
            <ns3:hr>147</ns3:hr>
          </ns3:TrackPointExtension>
        </extensions>
      </trkpt>
      <trkpt lat="48.0545950122177600860595703125" lon="11.262684166431427001953125">
        <ele>607.5999755859375</ele>
        <time>2023-09-05T05:28:09.000Z</time>
        <extensions>
          <ns3:TrackPointExtension>
            <ns3:atemp>19.0</ns3:atemp>
            <ns3:hr>147</ns3:hr>
          </ns3:TrackPointExtension>
        </extensions>
      </trkpt>
      <trkpt lat="48.05453575216233730316162109375" lon="11.262635886669158935546875">
        <ele>606.5999755859375</ele>
        <time>2023-09-05T05:28:12.000Z</time>
        <extensions>
          <ns3:TrackPointExtension>
            <ns3:atemp>19.0</ns3:atemp>
            <ns3:hr>147</ns3:hr>
          </ns3:TrackPointExtension>
        </extensions>
      </trkpt>
      <trkpt lat="48.05451429449021816253662109375" lon="11.262625493109226226806640625">
        <ele>606.20001220703125</ele>
        <time>2023-09-05T05:28:13.000Z</time>
        <extensions>
          <ns3:TrackPointExtension>
            <ns3:atemp>19.0</ns3:atemp>
            <ns3:hr>146</ns3:hr>
          </ns3:TrackPointExtension>
        </extensions>
      </trkpt>
      <trkpt lat="48.05446534417569637298583984375" lon="11.26260562799870967864990234375">
        <ele>606</ele>
        <time>2023-09-05T05:28:15.000Z</time>
        <extensions>
          <ns3:TrackPointExtension>
            <ns3:atemp>19.0</ns3:atemp>
            <ns3:hr>142</ns3:hr>
          </ns3:TrackPointExtension>
        </extensions>
      </trkpt>
      <trkpt lat="48.0544129572808742523193359375" lon="11.26257964409887790679931640625">
        <ele>605</ele>
        <time>2023-09-05T05:28:17.000Z</time>
        <extensions>
          <ns3:TrackPointExtension>
            <ns3:atemp>19.0</ns3:atemp>
            <ns3:hr>141</ns3:hr>
          </ns3:TrackPointExtension>
        </extensions>
      </trkpt>
      <trkpt lat="48.05436660535633563995361328125" lon="11.2625482119619846343994140625">
        <ele>604.4000244140625</ele>
        <time>2023-09-05T05:28:19.000Z</time>
        <extensions>
          <ns3:TrackPointExtension>
            <ns3:atemp>19.0</ns3:atemp>
            <ns3:hr>143</ns3:hr>
          </ns3:TrackPointExtension>
        </extensions>
      </trkpt>
      <trkpt lat="48.054314553737640380859375" lon="11.26252264715731143951416015625">
        <ele>603.5999755859375</ele>
        <time>2023-09-05T05:28:21.000Z</time>
        <extensions>
          <ns3:TrackPointExtension>
            <ns3:atemp>19.0</ns3:atemp>
            <ns3:hr>143</ns3:hr>
          </ns3:TrackPointExtension>
        </extensions>
      </trkpt>
      <trkpt lat="48.05420801974833011627197265625" lon="11.26242868602275848388671875">
        <ele>602.5999755859375</ele>
        <time>2023-09-05T05:28:25.000Z</time>
        <extensions>
          <ns3:TrackPointExtension>
            <ns3:atemp>19.0</ns3:atemp>
            <ns3:hr>141</ns3:hr>
          </ns3:TrackPointExtension>
        </extensions>
      </trkpt>
      <trkpt lat="48.05417616851627826690673828125" lon="11.2623872794210910797119140625">
        <ele>602.4000244140625</ele>
        <time>2023-09-05T05:28:26.000Z</time>
        <extensions>
          <ns3:TrackPointExtension>
            <ns3:atemp>19.0</ns3:atemp>
            <ns3:hr>141</ns3:hr>
          </ns3:TrackPointExtension>
        </extensions>
      </trkpt>
      <trkpt lat="48.054060079157352447509765625" lon="11.26218234188854694366455078125">
        <ele>602</ele>
        <time>2023-09-05T05:28:32.000Z</time>
        <extensions>
          <ns3:TrackPointExtension>
            <ns3:atemp>19.0</ns3:atemp>
            <ns3:hr>139</ns3:hr>
          </ns3:TrackPointExtension>
        </extensions>
      </trkpt>
      <trkpt lat="48.0539623461663722991943359375" lon="11.26197497360408306121826171875">
        <ele>601.4000244140625</ele>
        <time>2023-09-05T05:28:39.000Z</time>
        <extensions>
          <ns3:TrackPointExtension>
            <ns3:atemp>19.0</ns3:atemp>
            <ns3:hr>137</ns3:hr>
          </ns3:TrackPointExtension>
        </extensions>
      </trkpt>
      <trkpt lat="48.05387358181178569793701171875" lon="11.26184589229524135589599609375">
        <ele>601.20001220703125</ele>
        <time>2023-09-05T05:28:45.000Z</time>
        <extensions>
          <ns3:TrackPointExtension>
            <ns3:atemp>19.0</ns3:atemp>
            <ns3:hr>135</ns3:hr>
          </ns3:TrackPointExtension>
        </extensions>
      </trkpt>
      <trkpt lat="48.05374081246554851531982421875" lon="11.261690072715282440185546875">
        <ele>601.20001220703125</ele>
        <time>2023-09-05T05:28:50.000Z</time>
        <extensions>
          <ns3:TrackPointExtension>
            <ns3:atemp>19.0</ns3:atemp>
            <ns3:hr>134</ns3:hr>
          </ns3:TrackPointExtension>
        </extensions>
      </trkpt>
      <trkpt lat="48.05363134481012821197509765625" lon="11.26154280267655849456787109375">
        <ele>601.20001220703125</ele>
        <time>2023-09-05T05:28:56.000Z</time>
        <extensions>
          <ns3:TrackPointExtension>
            <ns3:atemp>19.0</ns3:atemp>
            <ns3:hr>134</ns3:hr>
          </ns3:TrackPointExtension>
        </extensions>
      </trkpt>
      <trkpt lat="48.05351047776639461517333984375" lon="11.26134666614234447479248046875">
        <ele>601</ele>
        <time>2023-09-05T05:29:03.000Z</time>
        <extensions>
          <ns3:TrackPointExtension>
            <ns3:atemp>19.0</ns3:atemp>
            <ns3:hr>134</ns3:hr>
          </ns3:TrackPointExtension>
        </extensions>
      </trkpt>
      <trkpt lat="48.0533717572689056396484375" lon="11.26115572638809680938720703125">
        <ele>601.4000244140625</ele>
        <time>2023-09-05T05:29:10.000Z</time>
        <extensions>
          <ns3:TrackPointExtension>
            <ns3:atemp>19.0</ns3:atemp>
            <ns3:hr>134</ns3:hr>
          </ns3:TrackPointExtension>
        </extensions>
      </trkpt>
      <trkpt lat="48.0532254092395305633544921875" lon="11.2609667144715785980224609375">
        <ele>601.79998779296875</ele>
        <time>2023-09-05T05:29:18.000Z</time>
        <extensions>
          <ns3:TrackPointExtension>
            <ns3:atemp>19.0</ns3:atemp>
            <ns3:hr>134</ns3:hr>
          </ns3:TrackPointExtension>
        </extensions>
      </trkpt>
      <trkpt lat="48.0530852638185024261474609375" lon="11.26085682772099971771240234375">
        <ele>602.4000244140625</ele>
        <time>2023-09-05T05:29:24.000Z</time>
        <extensions>
          <ns3:TrackPointExtension>
            <ns3:atemp>19.0</ns3:atemp>
            <ns3:hr>134</ns3:hr>
          </ns3:TrackPointExtension>
        </extensions>
      </trkpt>
      <trkpt lat="48.05300739593803882598876953125" lon="11.26081827096641063690185546875">
        <ele>602.5999755859375</ele>
        <time>2023-09-05T05:29:27.000Z</time>
        <extensions>
          <ns3:TrackPointExtension>
            <ns3:atemp>19.0</ns3:atemp>
            <ns3:hr>134</ns3:hr>
          </ns3:TrackPointExtension>
        </extensions>
      </trkpt>
      <trkpt lat="48.05294059216976165771484375" lon="11.2607682310044765472412109375">
        <ele>602.4000244140625</ele>
        <time>2023-09-05T05:29:30.000Z</time>
        <extensions>
          <ns3:TrackPointExtension>
            <ns3:atemp>19.0</ns3:atemp>
            <ns3:hr>134</ns3:hr>
          </ns3:TrackPointExtension>
        </extensions>
      </trkpt>
      <trkpt lat="48.0528555996716022491455078125" lon="11.26071064732968807220458984375">
        <ele>602.5999755859375</ele>
        <time>2023-09-05T05:29:34.000Z</time>
        <extensions>
          <ns3:TrackPointExtension>
            <ns3:atemp>19.0</ns3:atemp>
            <ns3:hr>135</ns3:hr>
          </ns3:TrackPointExtension>
        </extensions>
      </trkpt>
      <trkpt lat="48.05267781950533390045166015625" lon="11.26062816940248012542724609375">
        <ele>603.20001220703125</ele>
        <time>2023-09-05T05:29:41.000Z</time>
        <extensions>
          <ns3:TrackPointExtension>
            <ns3:atemp>19.0</ns3:atemp>
            <ns3:hr>136</ns3:hr>
          </ns3:TrackPointExtension>
        </extensions>
      </trkpt>
      <trkpt lat="48.05263440124690532684326171875" lon="11.26060654409229755401611328125">
        <ele>603.20001220703125</ele>
        <time>2023-09-05T05:29:45.000Z</time>
        <extensions>
          <ns3:TrackPointExtension>
            <ns3:atemp>19.0</ns3:atemp>
            <ns3:hr>137</ns3:hr>
          </ns3:TrackPointExtension>
        </extensions>
      </trkpt>
      <trkpt lat="48.052554689347743988037109375" lon="11.26055591739714145660400390625">
        <ele>603.4000244140625</ele>
        <time>2023-09-05T05:29:52.000Z</time>
        <extensions>
          <ns3:TrackPointExtension>
            <ns3:atemp>19.0</ns3:atemp>
            <ns3:hr>137</ns3:hr>
          </ns3:TrackPointExtension>
        </extensions>
      </trkpt>
      <trkpt lat="48.052535913884639739990234375" lon="11.260550133883953094482421875">
        <ele>603.5999755859375</ele>
        <time>2023-09-05T05:29:54.000Z</time>
        <extensions>
          <ns3:TrackPointExtension>
            <ns3:atemp>19.0</ns3:atemp>
            <ns3:hr>137</ns3:hr>
          </ns3:TrackPointExtension>
        </extensions>
      </trkpt>
      <trkpt lat="48.05244346149265766143798828125" lon="11.26049472950398921966552734375">
        <ele>604</ele>
        <time>2023-09-05T05:30:00.000Z</time>
        <extensions>
          <ns3:TrackPointExtension>
            <ns3:atemp>19.0</ns3:atemp>
            <ns3:hr>133</ns3:hr>
          </ns3:TrackPointExtension>
        </extensions>
      </trkpt>
      <trkpt lat="48.05239015258848667144775390625" lon="11.26046991907060146331787109375">
        <ele>603.79998779296875</ele>
        <time>2023-09-05T05:30:03.000Z</time>
        <extensions>
          <ns3:TrackPointExtension>
            <ns3:atemp>19.0</ns3:atemp>
            <ns3:hr>130</ns3:hr>
          </ns3:TrackPointExtension>
        </extensions>
      </trkpt>
      <trkpt lat="48.05231857113540172576904296875" lon="11.26044980250298976898193359375">
        <ele>603.79998779296875</ele>
        <time>2023-09-05T05:30:08.000Z</time>
        <extensions>
          <ns3:TrackPointExtension>
            <ns3:atemp>19.0</ns3:atemp>
            <ns3:hr>129</ns3:hr>
          </ns3:TrackPointExtension>
        </extensions>
      </trkpt>
      <trkpt lat="48.05223491974174976348876953125" lon="11.26039691269397735595703125">
        <ele>604.20001220703125</ele>
        <time>2023-09-05T05:30:14.000Z</time>
        <extensions>
          <ns3:TrackPointExtension>
            <ns3:atemp>19.0</ns3:atemp>
            <ns3:hr>128</ns3:hr>
          </ns3:TrackPointExtension>
        </extensions>
      </trkpt>
      <trkpt lat="48.0521008931100368499755859375" lon="11.26032457686960697174072265625">
        <ele>604</ele>
        <time>2023-09-05T05:30:23.000Z</time>
        <extensions>
          <ns3:TrackPointExtension>
            <ns3:atemp>19.0</ns3:atemp>
            <ns3:hr>126</ns3:hr>
          </ns3:TrackPointExtension>
        </extensions>
      </trkpt>
      <trkpt lat="48.05198497138917446136474609375" lon="11.260189376771450042724609375">
        <ele>604.5999755859375</ele>
        <time>2023-09-05T05:30:30.000Z</time>
        <extensions>
          <ns3:TrackPointExtension>
            <ns3:atemp>19.0</ns3:atemp>
            <ns3:hr>124</ns3:hr>
          </ns3:TrackPointExtension>
        </extensions>
      </trkpt>
      <trkpt lat="48.0519584007561206817626953125" lon="11.2601588666439056396484375">
        <ele>604.5999755859375</ele>
        <time>2023-09-05T05:30:32.000Z</time>
        <extensions>
          <ns3:TrackPointExtension>
            <ns3:atemp>19.0</ns3:atemp>
            <ns3:hr>123</ns3:hr>
          </ns3:TrackPointExtension>
        </extensions>
      </trkpt>
      <trkpt lat="48.05193032138049602508544921875" lon="11.26012374646961688995361328125">
        <ele>604.5999755859375</ele>
        <time>2023-09-05T05:30:34.000Z</time>
        <extensions>
          <ns3:TrackPointExtension>
            <ns3:atemp>19.0</ns3:atemp>
            <ns3:hr>122</ns3:hr>
          </ns3:TrackPointExtension>
        </extensions>
      </trkpt>
      <trkpt lat="48.05190282873809337615966796875" lon="11.26011553220450878143310546875">
        <ele>604.4000244140625</ele>
        <time>2023-09-05T05:30:38.000Z</time>
        <extensions>
          <ns3:TrackPointExtension>
            <ns3:atemp>19.0</ns3:atemp>
            <ns3:hr>120</ns3:hr>
          </ns3:TrackPointExtension>
        </extensions>
      </trkpt>
      <trkpt lat="48.05186460725963115692138671875" lon="11.260101534426212310791015625">
        <ele>605</ele>
        <time>2023-09-05T05:30:43.000Z</time>
        <extensions>
          <ns3:TrackPointExtension>
            <ns3:atemp>19.0</ns3:atemp>
            <ns3:hr>121</ns3:hr>
          </ns3:TrackPointExtension>
        </extensions>
      </trkpt>
      <trkpt lat="48.05186242796480655670166015625" lon="11.26009239815175533294677734375">
        <ele>605</ele>
        <time>2023-09-05T05:30:46.000Z</time>
        <extensions>
          <ns3:TrackPointExtension>
            <ns3:atemp>19.0</ns3:atemp>
            <ns3:hr>119</ns3:hr>
          </ns3:TrackPointExtension>
        </extensions>
      </trkpt>
      <trkpt lat="48.05185270495712757110595703125" lon="11.26008552499115467071533203125">
        <ele>605</ele>
        <time>2023-09-05T05:30:48.000Z</time>
        <extensions>
          <ns3:TrackPointExtension>
            <ns3:atemp>19.0</ns3:atemp>
            <ns3:hr>119</ns3:hr>
          </ns3:TrackPointExtension>
        </extensions>
      </trkpt>
      <trkpt lat="48.051838539540767669677734375" lon="11.26007907092571258544921875">
        <ele>605</ele>
        <time>2023-09-05T05:30:49.000Z</time>
        <extensions>
          <ns3:TrackPointExtension>
            <ns3:atemp>19.0</ns3:atemp>
            <ns3:hr>118</ns3:hr>
          </ns3:TrackPointExtension>
        </extensions>
      </trkpt>
      <trkpt lat="48.051793612539768218994140625" lon="11.2600296176970005035400390625">
        <ele>605.20001220703125</ele>
        <time>2023-09-05T05:30:55.000Z</time>
        <extensions>
          <ns3:TrackPointExtension>
            <ns3:atemp>19.0</ns3:atemp>
            <ns3:hr>117</ns3:hr>
          </ns3:TrackPointExtension>
        </extensions>
      </trkpt>
      <trkpt lat="48.0517354421317577362060546875" lon="11.25992643646895885467529296875">
        <ele>605.5999755859375</ele>
        <time>2023-09-05T05:31:03.000Z</time>
        <extensions>
          <ns3:TrackPointExtension>
            <ns3:atemp>19.0</ns3:atemp>
            <ns3:hr>117</ns3:hr>
          </ns3:TrackPointExtension>
        </extensions>
      </trkpt>
      <trkpt lat="48.05172764696180820465087890625" lon="11.2599173001945018768310546875">
        <ele>605.5999755859375</ele>
        <time>2023-09-05T05:31:04.000Z</time>
        <extensions>
          <ns3:TrackPointExtension>
            <ns3:atemp>19.0</ns3:atemp>
            <ns3:hr>117</ns3:hr>
          </ns3:TrackPointExtension>
        </extensions>
      </trkpt>
      <trkpt lat="48.05168372578918933868408203125" lon="11.25986927188932895660400390625">
        <ele>605.79998779296875</ele>
        <time>2023-09-05T05:31:08.000Z</time>
        <extensions>
          <ns3:TrackPointExtension>
            <ns3:atemp>19.0</ns3:atemp>
            <ns3:hr>114</ns3:hr>
          </ns3:TrackPointExtension>
        </extensions>
      </trkpt>
      <trkpt lat="48.05166059173643589019775390625" lon="11.2598458863794803619384765625">
        <ele>605.79998779296875</ele>
        <time>2023-09-05T05:31:10.000Z</time>
        <extensions>
          <ns3:TrackPointExtension>
            <ns3:atemp>19.0</ns3:atemp>
            <ns3:hr>111</ns3:hr>
          </ns3:TrackPointExtension>
        </extensions>
      </trkpt>
      <trkpt lat="48.0515879206359386444091796875" lon="11.25979073345661163330078125">
        <ele>606</ele>
        <time>2023-09-05T05:31:16.000Z</time>
        <extensions>
          <ns3:TrackPointExtension>
            <ns3:atemp>19.0</ns3:atemp>
            <ns3:hr>114</ns3:hr>
          </ns3:TrackPointExtension>
        </extensions>
      </trkpt>
      <trkpt lat="48.0515077896416187286376953125" lon="11.25974236987531185150146484375">
        <ele>606.20001220703125</ele>
        <time>2023-09-05T05:31:24.000Z</time>
        <extensions>
          <ns3:TrackPointExtension>
            <ns3:atemp>19.0</ns3:atemp>
            <ns3:hr>110</ns3:hr>
          </ns3:TrackPointExtension>
        </extensions>
      </trkpt>
      <trkpt lat="48.05143545381724834442138671875" lon="11.259663663804531097412109375">
        <ele>606.4000244140625</ele>
        <time>2023-09-05T05:31:31.000Z</time>
        <extensions>
          <ns3:TrackPointExtension>
            <ns3:atemp>19.0</ns3:atemp>
            <ns3:hr>111</ns3:hr>
          </ns3:TrackPointExtension>
        </extensions>
      </trkpt>
      <trkpt lat="48.051428832113742828369140625" lon="11.25965435989201068878173828125">
        <ele>606.4000244140625</ele>
        <time>2023-09-05T05:31:32.000Z</time>
        <extensions>
          <ns3:TrackPointExtension>
            <ns3:atemp>19.0</ns3:atemp>
            <ns3:hr>111</ns3:hr>
          </ns3:TrackPointExtension>
        </extensions>
      </trkpt>
      <trkpt lat="48.0514263175427913665771484375" lon="11.2596520967781543731689453125">
        <ele>606.5999755859375</ele>
        <time>2023-09-05T05:31:33.000Z</time>
        <extensions>
          <ns3:TrackPointExtension>
            <ns3:atemp>19.0</ns3:atemp>
            <ns3:hr>111</ns3:hr>
          </ns3:TrackPointExtension>
        </extensions>
      </trkpt>
      <trkpt lat="48.0514249764382839202880859375" lon="11.2596492469310760498046875">
        <ele>606.5999755859375</ele>
        <time>2023-09-05T05:31:34.000Z</time>
        <extensions>
          <ns3:TrackPointExtension>
            <ns3:atemp>19.0</ns3:atemp>
            <ns3:hr>111</ns3:hr>
          </ns3:TrackPointExtension>
        </extensions>
      </trkpt>
      <trkpt lat="48.051390610635280609130859375" lon="11.25960423611104488372802734375">
        <ele>606.5999755859375</ele>
        <time>2023-09-05T05:31:41.000Z</time>
        <extensions>
          <ns3:TrackPointExtension>
            <ns3:atemp>19.0</ns3:atemp>
            <ns3:hr>112</ns3:hr>
          </ns3:TrackPointExtension>
        </extensions>
      </trkpt>
      <trkpt lat="48.05136269889771938323974609375" lon="11.259585209190845489501953125">
        <ele>606.20001220703125</ele>
        <time>2023-09-05T05:31:43.000Z</time>
        <extensions>
          <ns3:TrackPointExtension>
            <ns3:atemp>19.0</ns3:atemp>
            <ns3:hr>112</ns3:hr>
          </ns3:TrackPointExtension>
        </extensions>
      </trkpt>
      <trkpt lat="48.05136102251708507537841796875" lon="11.25957691110670566558837890625">
        <ele>606</ele>
        <time>2023-09-05T05:31:44.000Z</time>
        <extensions>
          <ns3:TrackPointExtension>
            <ns3:atemp>19.0</ns3:atemp>
            <ns3:hr>112</ns3:hr>
          </ns3:TrackPointExtension>
        </extensions>
      </trkpt>
      <trkpt lat="48.05131785571575164794921875" lon="11.2595102749764919281005859375">
        <ele>605.79998779296875</ele>
        <time>2023-09-05T05:31:49.000Z</time>
        <extensions>
          <ns3:TrackPointExtension>
            <ns3:atemp>19.0</ns3:atemp>
            <ns3:hr>112</ns3:hr>
          </ns3:TrackPointExtension>
        </extensions>
      </trkpt>
      <trkpt lat="48.05125004611909389495849609375" lon="11.2593785114586353302001953125">
        <ele>606.20001220703125</ele>
        <time>2023-09-05T05:31:57.000Z</time>
        <extensions>
          <ns3:TrackPointExtension>
            <ns3:atemp>19.0</ns3:atemp>
            <ns3:hr>110</ns3:hr>
          </ns3:TrackPointExtension>
        </extensions>
      </trkpt>
      <trkpt lat="48.0512010119855403900146484375" lon="11.25928974710404872894287109375">
        <ele>606.4000244140625</ele>
        <time>2023-09-05T05:32:02.000Z</time>
        <extensions>
          <ns3:TrackPointExtension>
            <ns3:atemp>19.0</ns3:atemp>
            <ns3:hr>107</ns3:hr>
          </ns3:TrackPointExtension>
        </extensions>
      </trkpt>
      <trkpt lat="48.05116362869739532470703125" lon="11.25922084785997867584228515625">
        <ele>606.79998779296875</ele>
        <time>2023-09-05T05:32:07.000Z</time>
        <extensions>
          <ns3:TrackPointExtension>
            <ns3:atemp>19.0</ns3:atemp>
            <ns3:hr>106</ns3:hr>
          </ns3:TrackPointExtension>
        </extensions>
      </trkpt>
      <trkpt lat="48.05109129287302494049072265625" lon="11.2591367773711681365966796875">
        <ele>607</ele>
        <time>2023-09-05T05:32:14.000Z</time>
        <extensions>
          <ns3:TrackPointExtension>
            <ns3:atemp>19.0</ns3:atemp>
            <ns3:hr>107</ns3:hr>
          </ns3:TrackPointExtension>
        </extensions>
      </trkpt>
      <trkpt lat="48.05101652629673480987548828125" lon="11.25904834829270839691162109375">
        <ele>607.20001220703125</ele>
        <time>2023-09-05T05:32:21.000Z</time>
        <extensions>
          <ns3:TrackPointExtension>
            <ns3:atemp>19.0</ns3:atemp>
            <ns3:hr>104</ns3:hr>
          </ns3:TrackPointExtension>
        </extensions>
      </trkpt>
      <trkpt lat="48.05098433978855609893798828125" lon="11.25900107435882091522216796875">
        <ele>607.20001220703125</ele>
        <time>2023-09-05T05:32:24.000Z</time>
        <extensions>
          <ns3:TrackPointExtension>
            <ns3:atemp>19.0</ns3:atemp>
            <ns3:hr>105</ns3:hr>
          </ns3:TrackPointExtension>
        </extensions>
      </trkpt>
      <trkpt lat="48.05095701478421688079833984375" lon="11.2589637748897075653076171875">
        <ele>607.4000244140625</ele>
        <time>2023-09-05T05:32:27.000Z</time>
        <extensions>
          <ns3:TrackPointExtension>
            <ns3:atemp>19.0</ns3:atemp>
            <ns3:hr>104</ns3:hr>
          </ns3:TrackPointExtension>
        </extensions>
      </trkpt>
      <trkpt lat="48.05090286768972873687744140625" lon="11.25887048430740833282470703125">
        <ele>607.4000244140625</ele>
        <time>2023-09-05T05:32:33.000Z</time>
        <extensions>
          <ns3:TrackPointExtension>
            <ns3:atemp>19.0</ns3:atemp>
            <ns3:hr>105</ns3:hr>
          </ns3:TrackPointExtension>
        </extensions>
      </trkpt>
      <trkpt lat="48.0507981777191162109375" lon="11.2587066181004047393798828125">
        <ele>607</ele>
        <time>2023-09-05T05:32:44.000Z</time>
        <extensions>
          <ns3:TrackPointExtension>
            <ns3:atemp>19.0</ns3:atemp>
            <ns3:hr>104</ns3:hr>
          </ns3:TrackPointExtension>
        </extensions>
      </trkpt>
      <trkpt lat="48.05076423101127147674560546875" lon="11.258657835423946380615234375">
        <ele>606.79998779296875</ele>
        <time>2023-09-05T05:32:47.000Z</time>
        <extensions>
          <ns3:TrackPointExtension>
            <ns3:atemp>19.0</ns3:atemp>
            <ns3:hr>107</ns3:hr>
          </ns3:TrackPointExtension>
        </extensions>
      </trkpt>
      <trkpt lat="48.05072852410376071929931640625" lon="11.2585654668509960174560546875">
        <ele>606.79998779296875</ele>
        <time>2023-09-05T05:32:52.000Z</time>
        <extensions>
          <ns3:TrackPointExtension>
            <ns3:atemp>19.0</ns3:atemp>
            <ns3:hr>107</ns3:hr>
          </ns3:TrackPointExtension>
        </extensions>
      </trkpt>
      <trkpt lat="48.05064235813915729522705078125" lon="11.2584269978106021881103515625">
        <ele>607</ele>
        <time>2023-09-05T05:33:01.000Z</time>
        <extensions>
          <ns3:TrackPointExtension>
            <ns3:atemp>19.0</ns3:atemp>
            <ns3:hr>108</ns3:hr>
          </ns3:TrackPointExtension>
        </extensions>
      </trkpt>
      <trkpt lat="48.050581924617290496826171875" lon="11.25828333199024200439453125">
        <ele>607</ele>
        <time>2023-09-05T05:33:09.000Z</time>
        <extensions>
          <ns3:TrackPointExtension>
            <ns3:atemp>19.0</ns3:atemp>
            <ns3:hr>108</ns3:hr>
          </ns3:TrackPointExtension>
        </extensions>
      </trkpt>
      <trkpt lat="48.0505312979221343994140625" lon="11.25818082131445407867431640625">
        <ele>607.20001220703125</ele>
        <time>2023-09-05T05:33:15.000Z</time>
        <extensions>
          <ns3:TrackPointExtension>
            <ns3:atemp>19.0</ns3:atemp>
            <ns3:hr>109</ns3:hr>
          </ns3:TrackPointExtension>
        </extensions>
      </trkpt>
      <trkpt lat="48.05045510642230510711669921875" lon="11.25807034783065319061279296875">
        <ele>607.20001220703125</ele>
        <time>2023-09-05T05:33:22.000Z</time>
        <extensions>
          <ns3:TrackPointExtension>
            <ns3:atemp>19.0</ns3:atemp>
            <ns3:hr>108</ns3:hr>
          </ns3:TrackPointExtension>
        </extensions>
      </trkpt>
      <trkpt lat="48.0503453873097896575927734375" lon="11.257920898497104644775390625">
        <ele>607.20001220703125</ele>
        <time>2023-09-05T05:33:32.000Z</time>
        <extensions>
          <ns3:TrackPointExtension>
            <ns3:atemp>19.0</ns3:atemp>
            <ns3:hr>109</ns3:hr>
          </ns3:TrackPointExtension>
        </extensions>
      </trkpt>
      <trkpt lat="48.05027456022799015045166015625" lon="11.25781771726906299591064453125">
        <ele>607.5999755859375</ele>
        <time>2023-09-05T05:33:39.000Z</time>
        <extensions>
          <ns3:TrackPointExtension>
            <ns3:atemp>19.0</ns3:atemp>
            <ns3:hr>109</ns3:hr>
          </ns3:TrackPointExtension>
        </extensions>
      </trkpt>
      <trkpt lat="48.0502652563154697418212890625" lon="11.25780430622398853302001953125">
        <ele>607.5999755859375</ele>
        <time>2023-09-05T05:33:40.000Z</time>
        <extensions>
          <ns3:TrackPointExtension>
            <ns3:atemp>19.0</ns3:atemp>
            <ns3:hr>110</ns3:hr>
          </ns3:TrackPointExtension>
        </extensions>
      </trkpt>
      <trkpt lat="48.0501971952617168426513671875" lon="11.2577111832797527313232421875">
        <ele>607.79998779296875</ele>
        <time>2023-09-05T05:33:48.000Z</time>
        <extensions>
          <ns3:TrackPointExtension>
            <ns3:atemp>19.0</ns3:atemp>
            <ns3:hr>109</ns3:hr>
          </ns3:TrackPointExtension>
        </extensions>
      </trkpt>
      <trkpt lat="48.05017347447574138641357421875" lon="11.2576860375702381134033203125">
        <ele>607.79998779296875</ele>
        <time>2023-09-05T05:33:50.000Z</time>
        <extensions>
          <ns3:TrackPointExtension>
            <ns3:atemp>19.0</ns3:atemp>
            <ns3:hr>108</ns3:hr>
          </ns3:TrackPointExtension>
        </extensions>
      </trkpt>
      <trkpt lat="48.05015536956489086151123046875" lon="11.25766214914619922637939453125">
        <ele>607.79998779296875</ele>
        <time>2023-09-05T05:33:52.000Z</time>
        <extensions>
          <ns3:TrackPointExtension>
            <ns3:atemp>19.0</ns3:atemp>
            <ns3:hr>107</ns3:hr>
          </ns3:TrackPointExtension>
        </extensions>
      </trkpt>
      <trkpt lat="48.05014682002365589141845703125" lon="11.25765192322432994842529296875">
        <ele>607.79998779296875</ele>
        <time>2023-09-05T05:33:53.000Z</time>
        <extensions>
          <ns3:TrackPointExtension>
            <ns3:atemp>19.0</ns3:atemp>
            <ns3:hr>106</ns3:hr>
          </ns3:TrackPointExtension>
        </extensions>
      </trkpt>
      <trkpt lat="48.05009250529110431671142578125" lon="11.25757866539061069488525390625">
        <ele>608</ele>
        <time>2023-09-05T05:33:58.000Z</time>
        <extensions>
          <ns3:TrackPointExtension>
            <ns3:atemp>19.0</ns3:atemp>
            <ns3:hr>103</ns3:hr>
          </ns3:TrackPointExtension>
        </extensions>
      </trkpt>
      <trkpt lat="48.050060570240020751953125" lon="11.25753231346607208251953125">
        <ele>608</ele>
        <time>2023-09-05T05:34:01.000Z</time>
        <extensions>
          <ns3:TrackPointExtension>
            <ns3:atemp>19.0</ns3:atemp>
            <ns3:hr>102</ns3:hr>
          </ns3:TrackPointExtension>
        </extensions>
      </trkpt>
      <trkpt lat="48.049982450902462005615234375" lon="11.257431395351886749267578125">
        <ele>608.5999755859375</ele>
        <time>2023-09-05T05:34:08.000Z</time>
        <extensions>
          <ns3:TrackPointExtension>
            <ns3:atemp>18.0</ns3:atemp>
            <ns3:hr>103</ns3:hr>
          </ns3:TrackPointExtension>
        </extensions>
      </trkpt>
      <trkpt lat="48.0499561317265033721923828125" lon="11.25741438008844852447509765625">
        <ele>608.4000244140625</ele>
        <time>2023-09-05T05:34:10.000Z</time>
        <extensions>
          <ns3:TrackPointExtension>
            <ns3:atemp>18.0</ns3:atemp>
            <ns3:hr>100</ns3:hr>
          </ns3:TrackPointExtension>
        </extensions>
      </trkpt>
      <trkpt lat="48.04988899268209934234619140625" lon="11.25734380446374416351318359375">
        <ele>608.5999755859375</ele>
        <time>2023-09-05T05:34:15.000Z</time>
        <extensions>
          <ns3:TrackPointExtension>
            <ns3:atemp>19.0</ns3:atemp>
            <ns3:hr>102</ns3:hr>
          </ns3:TrackPointExtension>
        </extensions>
      </trkpt>
      <trkpt lat="48.04986569099128246307373046875" lon="11.2573229335248470306396484375">
        <ele>608.5999755859375</ele>
        <time>2023-09-05T05:34:17.000Z</time>
        <extensions>
          <ns3:TrackPointExtension>
            <ns3:atemp>19.0</ns3:atemp>
            <ns3:hr>103</ns3:hr>
          </ns3:TrackPointExtension>
        </extensions>
      </trkpt>
      <trkpt lat="48.04985445924103260040283203125" lon="11.25731614418327808380126953125">
        <ele>608.5999755859375</ele>
        <time>2023-09-05T05:34:18.000Z</time>
        <extensions>
          <ns3:TrackPointExtension>
            <ns3:atemp>18.0</ns3:atemp>
            <ns3:hr>104</ns3:hr>
          </ns3:TrackPointExtension>
        </extensions>
      </trkpt>
      <trkpt lat="48.0498231947422027587890625" lon="11.257269792258739471435546875">
        <ele>608.79998779296875</ele>
        <time>2023-09-05T05:34:21.000Z</time>
        <extensions>
          <ns3:TrackPointExtension>
            <ns3:atemp>19.0</ns3:atemp>
            <ns3:hr>106</ns3:hr>
          </ns3:TrackPointExtension>
        </extensions>
      </trkpt>
      <trkpt lat="48.04974281229078769683837890625" lon="11.25714649446308612823486328125">
        <ele>609</ele>
        <time>2023-09-05T05:34:29.000Z</time>
        <extensions>
          <ns3:TrackPointExtension>
            <ns3:atemp>19.0</ns3:atemp>
            <ns3:hr>106</ns3:hr>
          </ns3:TrackPointExtension>
        </extensions>
      </trkpt>
      <trkpt lat="48.04963870905339717864990234375" lon="11.25702478922903537750244140625">
        <ele>609.4000244140625</ele>
        <time>2023-09-05T05:34:39.000Z</time>
        <extensions>
          <ns3:TrackPointExtension>
            <ns3:atemp>19.0</ns3:atemp>
            <ns3:hr>106</ns3:hr>
          </ns3:TrackPointExtension>
        </extensions>
      </trkpt>
      <trkpt lat="48.04957768879830837249755859375" lon="11.25693577341735363006591796875">
        <ele>609.79998779296875</ele>
        <time>2023-09-05T05:34:45.000Z</time>
        <extensions>
          <ns3:TrackPointExtension>
            <ns3:atemp>19.0</ns3:atemp>
            <ns3:hr>105</ns3:hr>
          </ns3:TrackPointExtension>
        </extensions>
      </trkpt>
      <trkpt lat="48.04955589585006237030029296875" lon="11.25690937042236328125">
        <ele>610</ele>
        <time>2023-09-05T05:34:47.000Z</time>
        <extensions>
          <ns3:TrackPointExtension>
            <ns3:atemp>19.0</ns3:atemp>
            <ns3:hr>106</ns3:hr>
          </ns3:TrackPointExtension>
        </extensions>
      </trkpt>
      <trkpt lat="48.04947920143604278564453125" lon="11.2568143196403980255126953125">
        <ele>610.5999755859375</ele>
        <time>2023-09-05T05:34:55.000Z</time>
        <extensions>
          <ns3:TrackPointExtension>
            <ns3:atemp>19.0</ns3:atemp>
            <ns3:hr>107</ns3:hr>
          </ns3:TrackPointExtension>
        </extensions>
      </trkpt>
      <trkpt lat="48.0494475178420543670654296875" lon="11.2567690573632717132568359375">
        <ele>610.79998779296875</ele>
        <time>2023-09-05T05:34:58.000Z</time>
        <extensions>
          <ns3:TrackPointExtension>
            <ns3:atemp>19.0</ns3:atemp>
            <ns3:hr>105</ns3:hr>
          </ns3:TrackPointExtension>
        </extensions>
      </trkpt>
      <trkpt lat="48.049424551427364349365234375" lon="11.25673578120768070220947265625">
        <ele>611</ele>
        <time>2023-09-05T05:35:00.000Z</time>
        <extensions>
          <ns3:TrackPointExtension>
            <ns3:atemp>19.0</ns3:atemp>
            <ns3:hr>104</ns3:hr>
          </ns3:TrackPointExtension>
        </extensions>
      </trkpt>
      <trkpt lat="48.04941273294389247894287109375" lon="11.2567204423248767852783203125">
        <ele>611</ele>
        <time>2023-09-05T05:35:01.000Z</time>
        <extensions>
          <ns3:TrackPointExtension>
            <ns3:atemp>19.0</ns3:atemp>
            <ns3:hr>103</ns3:hr>
          </ns3:TrackPointExtension>
        </extensions>
      </trkpt>
      <trkpt lat="48.04937887005507946014404296875" lon="11.25667626969516277313232421875">
        <ele>611.4000244140625</ele>
        <time>2023-09-05T05:35:04.000Z</time>
        <extensions>
          <ns3:TrackPointExtension>
            <ns3:atemp>19.0</ns3:atemp>
            <ns3:hr>102</ns3:hr>
          </ns3:TrackPointExtension>
        </extensions>
      </trkpt>
      <trkpt lat="48.04934198968112468719482421875" lon="11.2566168420016765594482421875">
        <ele>611.5999755859375</ele>
        <time>2023-09-05T05:35:08.000Z</time>
        <extensions>
          <ns3:TrackPointExtension>
            <ns3:atemp>19.0</ns3:atemp>
            <ns3:hr>103</ns3:hr>
          </ns3:TrackPointExtension>
        </extensions>
      </trkpt>
      <trkpt lat="48.04932036437094211578369140625" lon="11.25657266937196254730224609375">
        <ele>612</ele>
        <time>2023-09-05T05:35:11.000Z</time>
        <extensions>
          <ns3:TrackPointExtension>
            <ns3:atemp>19.0</ns3:atemp>
            <ns3:hr>104</ns3:hr>
          </ns3:TrackPointExtension>
        </extensions>
      </trkpt>
      <trkpt lat="48.0492493696510791778564453125" lon="11.256460435688495635986328125">
        <ele>612.4000244140625</ele>
        <time>2023-09-05T05:35:17.000Z</time>
        <extensions>
          <ns3:TrackPointExtension>
            <ns3:atemp>19.0</ns3:atemp>
            <ns3:hr>104</ns3:hr>
          </ns3:TrackPointExtension>
        </extensions>
      </trkpt>
      <trkpt lat="48.04917116649448871612548828125" lon="11.256321966648101806640625">
        <ele>613</ele>
        <time>2023-09-05T05:35:22.000Z</time>
        <extensions>
          <ns3:TrackPointExtension>
            <ns3:atemp>19.0</ns3:atemp>
            <ns3:hr>105</ns3:hr>
          </ns3:TrackPointExtension>
        </extensions>
      </trkpt>
      <trkpt lat="48.04912121035158634185791015625" lon="11.2562312744557857513427734375">
        <ele>613.4000244140625</ele>
        <time>2023-09-05T05:35:25.000Z</time>
        <extensions>
          <ns3:TrackPointExtension>
            <ns3:atemp>19.0</ns3:atemp>
            <ns3:hr>107</ns3:hr>
          </ns3:TrackPointExtension>
        </extensions>
      </trkpt>
      <trkpt lat="48.04909405298531055450439453125" lon="11.25618274323642253875732421875">
        <ele>613.5999755859375</ele>
        <time>2023-09-05T05:35:27.000Z</time>
        <extensions>
          <ns3:TrackPointExtension>
            <ns3:atemp>19.0</ns3:atemp>
            <ns3:hr>110</ns3:hr>
          </ns3:TrackPointExtension>
        </extensions>
      </trkpt>
      <trkpt lat="48.049051053822040557861328125" lon="11.25613446347415447235107421875">
        <ele>613.79998779296875</ele>
        <time>2023-09-05T05:35:29.000Z</time>
        <extensions>
          <ns3:TrackPointExtension>
            <ns3:atemp>19.0</ns3:atemp>
            <ns3:hr>113</ns3:hr>
          </ns3:TrackPointExtension>
        </extensions>
      </trkpt>
      <trkpt lat="48.04901492781937122344970703125" lon="11.256090290844440460205078125">
        <ele>614.20001220703125</ele>
        <time>2023-09-05T05:35:31.000Z</time>
        <extensions>
          <ns3:TrackPointExtension>
            <ns3:atemp>19.0</ns3:atemp>
            <ns3:hr>116</ns3:hr>
          </ns3:TrackPointExtension>
        </extensions>
      </trkpt>
      <trkpt lat="48.04899833165109157562255859375" lon="11.25606757588684558868408203125">
        <ele>614.20001220703125</ele>
        <time>2023-09-05T05:35:32.000Z</time>
        <extensions>
          <ns3:TrackPointExtension>
            <ns3:atemp>19.0</ns3:atemp>
            <ns3:hr>117</ns3:hr>
          </ns3:TrackPointExtension>
        </extensions>
      </trkpt>
      <trkpt lat="48.04896245710551738739013671875" lon="11.2560223974287509918212890625">
        <ele>614.4000244140625</ele>
        <time>2023-09-05T05:35:34.000Z</time>
        <extensions>
          <ns3:TrackPointExtension>
            <ns3:atemp>19.0</ns3:atemp>
            <ns3:hr>120</ns3:hr>
          </ns3:TrackPointExtension>
        </extensions>
      </trkpt>
      <trkpt lat="48.0489291809499263763427734375" lon="11.2559744529426097869873046875">
        <ele>614.79998779296875</ele>
        <time>2023-09-05T05:35:36.000Z</time>
        <extensions>
          <ns3:TrackPointExtension>
            <ns3:atemp>19.0</ns3:atemp>
            <ns3:hr>123</ns3:hr>
          </ns3:TrackPointExtension>
        </extensions>
      </trkpt>
      <trkpt lat="48.04889204911887645721435546875" lon="11.25593916513025760650634765625">
        <ele>615.20001220703125</ele>
        <time>2023-09-05T05:35:38.000Z</time>
        <extensions>
          <ns3:TrackPointExtension>
            <ns3:atemp>19.0</ns3:atemp>
            <ns3:hr>125</ns3:hr>
          </ns3:TrackPointExtension>
        </extensions>
      </trkpt>
      <trkpt lat="48.048871345818042755126953125" lon="11.255919635295867919921875">
        <ele>615.4000244140625</ele>
        <time>2023-09-05T05:35:39.000Z</time>
        <extensions>
          <ns3:TrackPointExtension>
            <ns3:atemp>19.0</ns3:atemp>
            <ns3:hr>126</ns3:hr>
          </ns3:TrackPointExtension>
        </extensions>
      </trkpt>
      <trkpt lat="48.0488356389105319976806640625" lon="11.255881749093532562255859375">
        <ele>615.5999755859375</ele>
        <time>2023-09-05T05:35:41.000Z</time>
        <extensions>
          <ns3:TrackPointExtension>
            <ns3:atemp>19.0</ns3:atemp>
            <ns3:hr>129</ns3:hr>
          </ns3:TrackPointExtension>
        </extensions>
      </trkpt>
      <trkpt lat="48.04878610186278820037841796875" lon="11.255818046629428863525390625">
        <ele>616.20001220703125</ele>
        <time>2023-09-05T05:35:44.000Z</time>
        <extensions>
          <ns3:TrackPointExtension>
            <ns3:atemp>19.0</ns3:atemp>
            <ns3:hr>132</ns3:hr>
          </ns3:TrackPointExtension>
        </extensions>
      </trkpt>
      <trkpt lat="48.04877537302672863006591796875" lon="11.25578963197767734527587890625">
        <ele>616.4000244140625</ele>
        <time>2023-09-05T05:35:45.000Z</time>
        <extensions>
          <ns3:TrackPointExtension>
            <ns3:atemp>19.0</ns3:atemp>
            <ns3:hr>133</ns3:hr>
          </ns3:TrackPointExtension>
        </extensions>
      </trkpt>
      <trkpt lat="48.04876565001904964447021484375" lon="11.25575912185013294219970703125">
        <ele>616.5999755859375</ele>
        <time>2023-09-05T05:35:46.000Z</time>
        <extensions>
          <ns3:TrackPointExtension>
            <ns3:atemp>19.0</ns3:atemp>
            <ns3:hr>135</ns3:hr>
          </ns3:TrackPointExtension>
        </extensions>
      </trkpt>
      <trkpt lat="48.04874402470886707305908203125" lon="11.25569592230021953582763671875">
        <ele>617</ele>
        <time>2023-09-05T05:35:48.000Z</time>
        <extensions>
          <ns3:TrackPointExtension>
            <ns3:atemp>19.0</ns3:atemp>
            <ns3:hr>137</ns3:hr>
          </ns3:TrackPointExtension>
        </extensions>
      </trkpt>
      <trkpt lat="48.0487208068370819091796875" lon="11.25563724897801876068115234375">
        <ele>617.4000244140625</ele>
        <time>2023-09-05T05:35:50.000Z</time>
        <extensions>
          <ns3:TrackPointExtension>
            <ns3:atemp>19.0</ns3:atemp>
            <ns3:hr>138</ns3:hr>
          </ns3:TrackPointExtension>
        </extensions>
      </trkpt>
      <trkpt lat="48.04870580323040485382080078125" lon="11.2556157074868679046630859375">
        <ele>617.79998779296875</ele>
        <time>2023-09-05T05:35:51.000Z</time>
        <extensions>
          <ns3:TrackPointExtension>
            <ns3:atemp>19.0</ns3:atemp>
            <ns3:hr>138</ns3:hr>
          </ns3:TrackPointExtension>
        </extensions>
      </trkpt>
      <trkpt lat="48.04865978658199310302734375" lon="11.2556130252778530120849609375">
        <ele>618</ele>
        <time>2023-09-05T05:35:53.000Z</time>
        <extensions>
          <ns3:TrackPointExtension>
            <ns3:atemp>19.0</ns3:atemp>
            <ns3:hr>140</ns3:hr>
          </ns3:TrackPointExtension>
        </extensions>
      </trkpt>
      <trkpt lat="48.04862986318767070770263671875" lon="11.2555908970534801483154296875">
        <ele>618.4000244140625</ele>
        <time>2023-09-05T05:35:55.000Z</time>
        <extensions>
          <ns3:TrackPointExtension>
            <ns3:atemp>19.0</ns3:atemp>
            <ns3:hr>140</ns3:hr>
          </ns3:TrackPointExtension>
        </extensions>
      </trkpt>
      <trkpt lat="48.048567585647106170654296875" lon="11.25543574802577495574951171875">
        <ele>619.5999755859375</ele>
        <time>2023-09-05T05:36:00.000Z</time>
        <extensions>
          <ns3:TrackPointExtension>
            <ns3:atemp>19.0</ns3:atemp>
            <ns3:hr>142</ns3:hr>
          </ns3:TrackPointExtension>
        </extensions>
      </trkpt>
      <trkpt lat="48.04854386486113071441650390625" lon="11.25526978634297847747802734375">
        <ele>620.5999755859375</ele>
        <time>2023-09-05T05:36:05.000Z</time>
        <extensions>
          <ns3:TrackPointExtension>
            <ns3:atemp>19.0</ns3:atemp>
            <ns3:hr>145</ns3:hr>
          </ns3:TrackPointExtension>
        </extensions>
      </trkpt>
      <trkpt lat="48.04851603694260120391845703125" lon="11.255195103585720062255859375">
        <ele>621.4000244140625</ele>
        <time>2023-09-05T05:36:08.000Z</time>
        <extensions>
          <ns3:TrackPointExtension>
            <ns3:atemp>19.0</ns3:atemp>
            <ns3:hr>148</ns3:hr>
          </ns3:TrackPointExtension>
        </extensions>
      </trkpt>
      <trkpt lat="48.048505894839763641357421875" lon="11.25513601116836071014404296875">
        <ele>621.5999755859375</ele>
        <time>2023-09-05T05:36:10.000Z</time>
        <extensions>
          <ns3:TrackPointExtension>
            <ns3:atemp>19.0</ns3:atemp>
            <ns3:hr>149</ns3:hr>
          </ns3:TrackPointExtension>
        </extensions>
      </trkpt>
      <trkpt lat="48.04849726147949695587158203125" lon="11.2550386972725391387939453125">
        <ele>622.4000244140625</ele>
        <time>2023-09-05T05:36:13.000Z</time>
        <extensions>
          <ns3:TrackPointExtension>
            <ns3:atemp>19.0</ns3:atemp>
            <ns3:hr>150</ns3:hr>
          </ns3:TrackPointExtension>
        </extensions>
      </trkpt>
      <trkpt lat="48.04848083294928073883056640625" lon="11.254969798028469085693359375">
        <ele>622.79998779296875</ele>
        <time>2023-09-05T05:36:16.000Z</time>
        <extensions>
          <ns3:TrackPointExtension>
            <ns3:atemp>19.0</ns3:atemp>
            <ns3:hr>151</ns3:hr>
          </ns3:TrackPointExtension>
        </extensions>
      </trkpt>
      <trkpt lat="48.04846524260938167572021484375" lon="11.2548905052244663238525390625">
        <ele>623.4000244140625</ele>
        <time>2023-09-05T05:36:19.000Z</time>
        <extensions>
          <ns3:TrackPointExtension>
            <ns3:atemp>19.0</ns3:atemp>
            <ns3:hr>152</ns3:hr>
          </ns3:TrackPointExtension>
        </extensions>
      </trkpt>
      <trkpt lat="48.04844780825078487396240234375" lon="11.25483577139675617218017578125">
        <ele>623.5999755859375</ele>
        <time>2023-09-05T05:36:21.000Z</time>
        <extensions>
          <ns3:TrackPointExtension>
            <ns3:atemp>19.0</ns3:atemp>
            <ns3:hr>152</ns3:hr>
          </ns3:TrackPointExtension>
        </extensions>
      </trkpt>
      <trkpt lat="48.04842182435095310211181640625" lon="11.2548051774501800537109375">
        <ele>624</ele>
        <time>2023-09-05T05:36:23.000Z</time>
        <extensions>
          <ns3:TrackPointExtension>
            <ns3:atemp>19.0</ns3:atemp>
            <ns3:hr>152</ns3:hr>
          </ns3:TrackPointExtension>
        </extensions>
      </trkpt>
      <trkpt lat="48.048401959240436553955078125" lon="11.25478782691061496734619140625">
        <ele>624.20001220703125</ele>
        <time>2023-09-05T05:36:24.000Z</time>
        <extensions>
          <ns3:TrackPointExtension>
            <ns3:atemp>19.0</ns3:atemp>
            <ns3:hr>152</ns3:hr>
          </ns3:TrackPointExtension>
        </extensions>
      </trkpt>
      <trkpt lat="48.04835342802107334136962890625" lon="11.25472965650260448455810546875">
        <ele>624.5999755859375</ele>
        <time>2023-09-05T05:36:27.000Z</time>
        <extensions>
          <ns3:TrackPointExtension>
            <ns3:atemp>19.0</ns3:atemp>
            <ns3:hr>153</ns3:hr>
          </ns3:TrackPointExtension>
        </extensions>
      </trkpt>
      <trkpt lat="48.0483531765639781951904296875" lon="11.25464097596704959869384765625">
        <ele>625.20001220703125</ele>
        <time>2023-09-05T05:36:30.000Z</time>
        <extensions>
          <ns3:TrackPointExtension>
            <ns3:atemp>19.0</ns3:atemp>
            <ns3:hr>153</ns3:hr>
          </ns3:TrackPointExtension>
        </extensions>
      </trkpt>
      <trkpt lat="48.0482519231736660003662109375" lon="11.254408545792102813720703125">
        <ele>625.79998779296875</ele>
        <time>2023-09-05T05:36:38.000Z</time>
        <extensions>
          <ns3:TrackPointExtension>
            <ns3:atemp>19.0</ns3:atemp>
            <ns3:hr>154</ns3:hr>
          </ns3:TrackPointExtension>
        </extensions>
      </trkpt>
      <trkpt lat="48.04821663536131381988525390625" lon="11.2543453462421894073486328125">
        <ele>626.20001220703125</ele>
        <time>2023-09-05T05:36:41.000Z</time>
        <extensions>
          <ns3:TrackPointExtension>
            <ns3:atemp>19.0</ns3:atemp>
            <ns3:hr>153</ns3:hr>
          </ns3:TrackPointExtension>
        </extensions>
      </trkpt>
      <trkpt lat="48.0481473170220851898193359375" lon="11.25425926409661769866943359375">
        <ele>626.4000244140625</ele>
        <time>2023-09-05T05:36:45.000Z</time>
        <extensions>
          <ns3:TrackPointExtension>
            <ns3:atemp>19.0</ns3:atemp>
            <ns3:hr>152</ns3:hr>
          </ns3:TrackPointExtension>
        </extensions>
      </trkpt>
      <trkpt lat="48.04806609638035297393798828125" lon="11.25412967987358570098876953125">
        <ele>626.79998779296875</ele>
        <time>2023-09-05T05:36:49.000Z</time>
        <extensions>
          <ns3:TrackPointExtension>
            <ns3:atemp>19.0</ns3:atemp>
            <ns3:hr>151</ns3:hr>
          </ns3:TrackPointExtension>
        </extensions>
      </trkpt>
      <trkpt lat="48.0480406992137432098388671875" lon="11.25408575870096683502197265625">
        <ele>627.20001220703125</ele>
        <time>2023-09-05T05:36:51.000Z</time>
        <extensions>
          <ns3:TrackPointExtension>
            <ns3:atemp>19.0</ns3:atemp>
            <ns3:hr>150</ns3:hr>
          </ns3:TrackPointExtension>
        </extensions>
      </trkpt>
      <trkpt lat="48.04796551354229450225830078125" lon="11.25396053306758403778076171875">
        <ele>627.5999755859375</ele>
        <time>2023-09-05T05:36:56.000Z</time>
        <extensions>
          <ns3:TrackPointExtension>
            <ns3:atemp>19.0</ns3:atemp>
            <ns3:hr>150</ns3:hr>
          </ns3:TrackPointExtension>
        </extensions>
      </trkpt>
      <trkpt lat="48.04793332703411579132080078125" lon="11.253931783139705657958984375">
        <ele>627.79998779296875</ele>
        <time>2023-09-05T05:36:58.000Z</time>
        <extensions>
          <ns3:TrackPointExtension>
            <ns3:atemp>19.0</ns3:atemp>
            <ns3:hr>150</ns3:hr>
          </ns3:TrackPointExtension>
        </extensions>
      </trkpt>
      <trkpt lat="48.04789644666016101837158203125" lon="11.253871433436870574951171875">
        <ele>628</ele>
        <time>2023-09-05T05:37:00.000Z</time>
        <extensions>
          <ns3:TrackPointExtension>
            <ns3:atemp>19.0</ns3:atemp>
            <ns3:hr>150</ns3:hr>
          </ns3:TrackPointExtension>
        </extensions>
      </trkpt>
      <trkpt lat="48.04782067425549030303955078125" lon="11.2537770532071590423583984375">
        <ele>628.20001220703125</ele>
        <time>2023-09-05T05:37:04.000Z</time>
        <extensions>
          <ns3:TrackPointExtension>
            <ns3:atemp>19.0</ns3:atemp>
            <ns3:hr>150</ns3:hr>
          </ns3:TrackPointExtension>
        </extensions>
      </trkpt>
      <trkpt lat="48.04779854603111743927001953125" lon="11.25375249423086643218994140625">
        <ele>628.20001220703125</ele>
        <time>2023-09-05T05:37:05.000Z</time>
        <extensions>
          <ns3:TrackPointExtension>
            <ns3:atemp>19.0</ns3:atemp>
            <ns3:hr>150</ns3:hr>
          </ns3:TrackPointExtension>
        </extensions>
      </trkpt>
      <trkpt lat="48.04768614470958709716796875" lon="11.25360597856342792510986328125">
        <ele>628.4000244140625</ele>
        <time>2023-09-05T05:37:10.000Z</time>
        <extensions>
          <ns3:TrackPointExtension>
            <ns3:atemp>19.0</ns3:atemp>
            <ns3:hr>151</ns3:hr>
          </ns3:TrackPointExtension>
        </extensions>
      </trkpt>
      <trkpt lat="48.04759134538471698760986328125" lon="11.2534184753894805908203125">
        <ele>628.79998779296875</ele>
        <time>2023-09-05T05:37:16.000Z</time>
        <extensions>
          <ns3:TrackPointExtension>
            <ns3:atemp>19.0</ns3:atemp>
            <ns3:hr>151</ns3:hr>
          </ns3:TrackPointExtension>
        </extensions>
      </trkpt>
      <trkpt lat="48.0474013276398181915283203125" lon="11.25315788201987743377685546875">
        <ele>629.20001220703125</ele>
        <time>2023-09-05T05:37:26.000Z</time>
        <extensions>
          <ns3:TrackPointExtension>
            <ns3:atemp>19.0</ns3:atemp>
            <ns3:hr>153</ns3:hr>
          </ns3:TrackPointExtension>
        </extensions>
      </trkpt>
      <trkpt lat="48.0472745932638645172119140625" lon="11.253109015524387359619140625">
        <ele>629.20001220703125</ele>
        <time>2023-09-05T05:37:31.000Z</time>
        <extensions>
          <ns3:TrackPointExtension>
            <ns3:atemp>19.0</ns3:atemp>
            <ns3:hr>153</ns3:hr>
          </ns3:TrackPointExtension>
        </extensions>
      </trkpt>
      <trkpt lat="48.047150038182735443115234375" lon="11.2530813552439212799072265625">
        <ele>629.20001220703125</ele>
        <time>2023-09-05T05:37:36.000Z</time>
        <extensions>
          <ns3:TrackPointExtension>
            <ns3:atemp>19.0</ns3:atemp>
            <ns3:hr>153</ns3:hr>
          </ns3:TrackPointExtension>
        </extensions>
      </trkpt>
      <trkpt lat="48.04709463380277156829833984375" lon="11.2530709616839885711669921875">
        <ele>629.20001220703125</ele>
        <time>2023-09-05T05:37:38.000Z</time>
        <extensions>
          <ns3:TrackPointExtension>
            <ns3:atemp>19.0</ns3:atemp>
            <ns3:hr>152</ns3:hr>
          </ns3:TrackPointExtension>
        </extensions>
      </trkpt>
      <trkpt lat="48.0470539815723896026611328125" lon="11.25303165055811405181884765625">
        <ele>629.4000244140625</ele>
        <time>2023-09-05T05:37:42.000Z</time>
        <extensions>
          <ns3:TrackPointExtension>
            <ns3:atemp>19.0</ns3:atemp>
            <ns3:hr>152</ns3:hr>
          </ns3:TrackPointExtension>
        </extensions>
      </trkpt>
      <trkpt lat="48.0470496229827404022216796875" lon="11.25300046987831592559814453125">
        <ele>629.4000244140625</ele>
        <time>2023-09-05T05:37:46.000Z</time>
        <extensions>
          <ns3:TrackPointExtension>
            <ns3:atemp>19.0</ns3:atemp>
            <ns3:hr>151</ns3:hr>
          </ns3:TrackPointExtension>
        </extensions>
      </trkpt>
      <trkpt lat="48.04705289192497730255126953125" lon="11.2529878132045269012451171875">
        <ele>629.4000244140625</ele>
        <time>2023-09-05T05:37:49.000Z</time>
        <extensions>
          <ns3:TrackPointExtension>
            <ns3:atemp>19.0</ns3:atemp>
            <ns3:hr>150</ns3:hr>
          </ns3:TrackPointExtension>
        </extensions>
      </trkpt>
      <trkpt lat="48.0470524728298187255859375" lon="11.2529801018536090850830078125">
        <ele>629.4000244140625</ele>
        <time>2023-09-05T05:37:50.000Z</time>
        <extensions>
          <ns3:TrackPointExtension>
            <ns3:atemp>19.0</ns3:atemp>
            <ns3:hr>151</ns3:hr>
          </ns3:TrackPointExtension>
        </extensions>
      </trkpt>
      <trkpt lat="48.04705641232430934906005859375" lon="11.25296107493340969085693359375">
        <ele>629.4000244140625</ele>
        <time>2023-09-05T05:37:52.000Z</time>
        <extensions>
          <ns3:TrackPointExtension>
            <ns3:atemp>19.0</ns3:atemp>
            <ns3:hr>150</ns3:hr>
          </ns3:TrackPointExtension>
        </extensions>
      </trkpt>
      <trkpt lat="48.047042749822139739990234375" lon="11.25292603857815265655517578125">
        <ele>629.20001220703125</ele>
        <time>2023-09-05T05:37:56.000Z</time>
        <extensions>
          <ns3:TrackPointExtension>
            <ns3:atemp>19.0</ns3:atemp>
            <ns3:hr>150</ns3:hr>
          </ns3:TrackPointExtension>
        </extensions>
      </trkpt>
      <trkpt lat="48.0470372177660465240478515625" lon="11.25291530974209308624267578125">
        <ele>629.20001220703125</ele>
        <time>2023-09-05T05:37:57.000Z</time>
        <extensions>
          <ns3:TrackPointExtension>
            <ns3:atemp>19.0</ns3:atemp>
            <ns3:hr>150</ns3:hr>
          </ns3:TrackPointExtension>
        </extensions>
      </trkpt>
      <trkpt lat="48.04702690802514553070068359375" lon="11.25291195698082447052001953125">
        <ele>629</ele>
        <time>2023-09-05T05:37:58.000Z</time>
        <extensions>
          <ns3:TrackPointExtension>
            <ns3:atemp>19.0</ns3:atemp>
            <ns3:hr>150</ns3:hr>
          </ns3:TrackPointExtension>
        </extensions>
      </trkpt>
      <trkpt lat="48.04694795049726963043212890625" lon="11.2528966180980205535888671875">
        <ele>628.79998779296875</ele>
        <time>2023-09-05T05:38:03.000Z</time>
        <extensions>
          <ns3:TrackPointExtension>
            <ns3:atemp>19.0</ns3:atemp>
            <ns3:hr>151</ns3:hr>
          </ns3:TrackPointExtension>
        </extensions>
      </trkpt>
      <trkpt lat="48.0469143390655517578125" lon="11.25286870636045932769775390625">
        <ele>628.4000244140625</ele>
        <time>2023-09-05T05:38:05.000Z</time>
        <extensions>
          <ns3:TrackPointExtension>
            <ns3:atemp>19.0</ns3:atemp>
            <ns3:hr>151</ns3:hr>
          </ns3:TrackPointExtension>
        </extensions>
      </trkpt>
      <trkpt lat="48.04676908068358898162841796875" lon="11.2527775950729846954345703125">
        <ele>628.5999755859375</ele>
        <time>2023-09-05T05:38:11.000Z</time>
        <extensions>
          <ns3:TrackPointExtension>
            <ns3:atemp>19.0</ns3:atemp>
            <ns3:hr>149</ns3:hr>
          </ns3:TrackPointExtension>
        </extensions>
      </trkpt>
      <trkpt lat="48.0466935597360134124755859375" lon="11.25277399085462093353271484375">
        <ele>628.5999755859375</ele>
        <time>2023-09-05T05:38:14.000Z</time>
        <extensions>
          <ns3:TrackPointExtension>
            <ns3:atemp>19.0</ns3:atemp>
            <ns3:hr>146</ns3:hr>
          </ns3:TrackPointExtension>
        </extensions>
      </trkpt>
      <trkpt lat="48.04664335213601589202880859375" lon="11.25276066362857818603515625">
        <ele>628.79998779296875</ele>
        <time>2023-09-05T05:38:16.000Z</time>
        <extensions>
          <ns3:TrackPointExtension>
            <ns3:atemp>19.0</ns3:atemp>
            <ns3:hr>146</ns3:hr>
          </ns3:TrackPointExtension>
        </extensions>
      </trkpt>
      <trkpt lat="48.046496249735355377197265625" lon="11.2526069395244121551513671875">
        <ele>629.20001220703125</ele>
        <time>2023-09-05T05:38:23.000Z</time>
        <extensions>
          <ns3:TrackPointExtension>
            <ns3:atemp>19.0</ns3:atemp>
            <ns3:hr>143</ns3:hr>
          </ns3:TrackPointExtension>
        </extensions>
      </trkpt>
      <trkpt lat="48.04645911790430545806884765625" lon="11.2525566481053829193115234375">
        <ele>629.20001220703125</ele>
        <time>2023-09-05T05:38:25.000Z</time>
        <extensions>
          <ns3:TrackPointExtension>
            <ns3:atemp>19.0</ns3:atemp>
            <ns3:hr>139</ns3:hr>
          </ns3:TrackPointExtension>
        </extensions>
      </trkpt>
      <trkpt lat="48.04644067771732807159423828125" lon="11.252537705004215240478515625">
        <ele>629.20001220703125</ele>
        <time>2023-09-05T05:38:26.000Z</time>
        <extensions>
          <ns3:TrackPointExtension>
            <ns3:atemp>19.0</ns3:atemp>
            <ns3:hr>136</ns3:hr>
          </ns3:TrackPointExtension>
        </extensions>
      </trkpt>
      <trkpt lat="48.0463864468038082122802734375" lon="11.25247458927333354949951171875">
        <ele>629.20001220703125</ele>
        <time>2023-09-05T05:38:29.000Z</time>
        <extensions>
          <ns3:TrackPointExtension>
            <ns3:atemp>19.0</ns3:atemp>
            <ns3:hr>134</ns3:hr>
          </ns3:TrackPointExtension>
        </extensions>
      </trkpt>
      <trkpt lat="48.04624269716441631317138671875" lon="11.25229102559387683868408203125">
        <ele>629.4000244140625</ele>
        <time>2023-09-05T05:38:37.000Z</time>
        <extensions>
          <ns3:TrackPointExtension>
            <ns3:atemp>19.0</ns3:atemp>
            <ns3:hr>135</ns3:hr>
          </ns3:TrackPointExtension>
        </extensions>
      </trkpt>
      <trkpt lat="48.046101965010166168212890625" lon="11.25210880301892757415771484375">
        <ele>629.4000244140625</ele>
        <time>2023-09-05T05:38:44.000Z</time>
        <extensions>
          <ns3:TrackPointExtension>
            <ns3:atemp>19.0</ns3:atemp>
            <ns3:hr>134</ns3:hr>
          </ns3:TrackPointExtension>
        </extensions>
      </trkpt>
      <trkpt lat="48.045934997498989105224609375" lon="11.2518783845007419586181640625">
        <ele>630</ele>
        <time>2023-09-05T05:38:52.000Z</time>
        <extensions>
          <ns3:TrackPointExtension>
            <ns3:atemp>19.0</ns3:atemp>
            <ns3:hr>134</ns3:hr>
          </ns3:TrackPointExtension>
        </extensions>
      </trkpt>
      <trkpt lat="48.04583818651735782623291015625" lon="11.25175827182829380035400390625">
        <ele>630.20001220703125</ele>
        <time>2023-09-05T05:38:57.000Z</time>
        <extensions>
          <ns3:TrackPointExtension>
            <ns3:atemp>19.0</ns3:atemp>
            <ns3:hr>134</ns3:hr>
          </ns3:TrackPointExtension>
        </extensions>
      </trkpt>
      <trkpt lat="48.04581806994974613189697265625" lon="11.25172876752912998199462890625">
        <ele>630.4000244140625</ele>
        <time>2023-09-05T05:38:58.000Z</time>
        <extensions>
          <ns3:TrackPointExtension>
            <ns3:atemp>19.0</ns3:atemp>
            <ns3:hr>134</ns3:hr>
          </ns3:TrackPointExtension>
        </extensions>
      </trkpt>
      <trkpt lat="48.04570809938013553619384765625" lon="11.25157915055751800537109375">
        <ele>630.4000244140625</ele>
        <time>2023-09-05T05:39:04.000Z</time>
        <extensions>
          <ns3:TrackPointExtension>
            <ns3:atemp>19.0</ns3:atemp>
            <ns3:hr>135</ns3:hr>
          </ns3:TrackPointExtension>
        </extensions>
      </trkpt>
      <trkpt lat="48.0455801077187061309814453125" lon="11.2514063157141208648681640625">
        <ele>630.79998779296875</ele>
        <time>2023-09-05T05:39:11.000Z</time>
        <extensions>
          <ns3:TrackPointExtension>
            <ns3:atemp>19.0</ns3:atemp>
            <ns3:hr>138</ns3:hr>
          </ns3:TrackPointExtension>
        </extensions>
      </trkpt>
      <trkpt lat="48.045542053878307342529296875" lon="11.2513634003698825836181640625">
        <ele>630.79998779296875</ele>
        <time>2023-09-05T05:39:13.000Z</time>
        <extensions>
          <ns3:TrackPointExtension>
            <ns3:atemp>19.0</ns3:atemp>
            <ns3:hr>139</ns3:hr>
          </ns3:TrackPointExtension>
        </extensions>
      </trkpt>
      <trkpt lat="48.045428730547428131103515625" lon="11.25120925717055797576904296875">
        <ele>631.20001220703125</ele>
        <time>2023-09-05T05:39:19.000Z</time>
        <extensions>
          <ns3:TrackPointExtension>
            <ns3:atemp>19.0</ns3:atemp>
            <ns3:hr>141</ns3:hr>
          </ns3:TrackPointExtension>
        </extensions>
      </trkpt>
      <trkpt lat="48.04541037417948246002197265625" lon="11.2511826865375041961669921875">
        <ele>631.20001220703125</ele>
        <time>2023-09-05T05:39:20.000Z</time>
        <extensions>
          <ns3:TrackPointExtension>
            <ns3:atemp>19.0</ns3:atemp>
            <ns3:hr>141</ns3:hr>
          </ns3:TrackPointExtension>
        </extensions>
      </trkpt>
      <trkpt lat="48.04529151879251003265380859375" lon="11.25097506679594516754150390625">
        <ele>631.20001220703125</ele>
        <time>2023-09-05T05:39:27.000Z</time>
        <extensions>
          <ns3:TrackPointExtension>
            <ns3:atemp>19.0</ns3:atemp>
            <ns3:hr>143</ns3:hr>
          </ns3:TrackPointExtension>
        </extensions>
      </trkpt>
      <trkpt lat="48.0451620183885097503662109375" lon="11.25072964467108249664306640625">
        <ele>631.4000244140625</ele>
        <time>2023-09-05T05:39:35.000Z</time>
        <extensions>
          <ns3:TrackPointExtension>
            <ns3:atemp>19.0</ns3:atemp>
            <ns3:hr>142</ns3:hr>
          </ns3:TrackPointExtension>
        </extensions>
      </trkpt>
      <trkpt lat="48.04508867673575878143310546875" lon="11.25058983452618122100830078125">
        <ele>631.79998779296875</ele>
        <time>2023-09-05T05:39:40.000Z</time>
        <extensions>
          <ns3:TrackPointExtension>
            <ns3:atemp>19.0</ns3:atemp>
            <ns3:hr>143</ns3:hr>
          </ns3:TrackPointExtension>
        </extensions>
      </trkpt>
      <trkpt lat="48.04497384466230869293212890625" lon="11.25032655894756317138671875">
        <ele>631.79998779296875</ele>
        <time>2023-09-05T05:39:48.000Z</time>
        <extensions>
          <ns3:TrackPointExtension>
            <ns3:atemp>19.0</ns3:atemp>
            <ns3:hr>143</ns3:hr>
          </ns3:TrackPointExtension>
        </extensions>
      </trkpt>
      <trkpt lat="48.0448683165013790130615234375" lon="11.25006697140634059906005859375">
        <ele>632.20001220703125</ele>
        <time>2023-09-05T05:39:56.000Z</time>
        <extensions>
          <ns3:TrackPointExtension>
            <ns3:atemp>19.0</ns3:atemp>
            <ns3:hr>141</ns3:hr>
          </ns3:TrackPointExtension>
        </extensions>
      </trkpt>
      <trkpt lat="48.04485046304762363433837890625" lon="11.250003017485141754150390625">
        <ele>632.20001220703125</ele>
        <time>2023-09-05T05:39:58.000Z</time>
        <extensions>
          <ns3:TrackPointExtension>
            <ns3:atemp>19.0</ns3:atemp>
            <ns3:hr>140</ns3:hr>
          </ns3:TrackPointExtension>
        </extensions>
      </trkpt>
      <trkpt lat="48.044771589338779449462890625" lon="11.24980151653289794921875">
        <ele>632.4000244140625</ele>
        <time>2023-09-05T05:40:04.000Z</time>
        <extensions>
          <ns3:TrackPointExtension>
            <ns3:atemp>19.0</ns3:atemp>
            <ns3:hr>139</ns3:hr>
          </ns3:TrackPointExtension>
        </extensions>
      </trkpt>
      <trkpt lat="48.04468835704028606414794921875" lon="11.2495441921055316925048828125">
        <ele>632.79998779296875</ele>
        <time>2023-09-05T05:40:11.000Z</time>
        <extensions>
          <ns3:TrackPointExtension>
            <ns3:atemp>19.0</ns3:atemp>
            <ns3:hr>140</ns3:hr>
          </ns3:TrackPointExtension>
        </extensions>
      </trkpt>
      <trkpt lat="48.04463538341224193572998046875" lon="11.2493467144668102264404296875">
        <ele>632.79998779296875</ele>
        <time>2023-09-05T05:40:17.000Z</time>
        <extensions>
          <ns3:TrackPointExtension>
            <ns3:atemp>19.0</ns3:atemp>
            <ns3:hr>140</ns3:hr>
          </ns3:TrackPointExtension>
        </extensions>
      </trkpt>
      <trkpt lat="48.04454930126667022705078125" lon="11.24907690100371837615966796875">
        <ele>632.79998779296875</ele>
        <time>2023-09-05T05:40:25.000Z</time>
        <extensions>
          <ns3:TrackPointExtension>
            <ns3:atemp>19.0</ns3:atemp>
            <ns3:hr>142</ns3:hr>
          </ns3:TrackPointExtension>
        </extensions>
      </trkpt>
      <trkpt lat="48.04449322633445262908935546875" lon="11.248952932655811309814453125">
        <ele>633.20001220703125</ele>
        <time>2023-09-05T05:40:29.000Z</time>
        <extensions>
          <ns3:TrackPointExtension>
            <ns3:atemp>19.0</ns3:atemp>
            <ns3:hr>142</ns3:hr>
          </ns3:TrackPointExtension>
        </extensions>
      </trkpt>
      <trkpt lat="48.0444467067718505859375" lon="11.24882460571825504302978515625">
        <ele>633.5999755859375</ele>
        <time>2023-09-05T05:40:33.000Z</time>
        <extensions>
          <ns3:TrackPointExtension>
            <ns3:atemp>19.0</ns3:atemp>
            <ns3:hr>142</ns3:hr>
          </ns3:TrackPointExtension>
        </extensions>
      </trkpt>
      <trkpt lat="48.04435526020824909210205078125" lon="11.2485980428755283355712890625">
        <ele>633.79998779296875</ele>
        <time>2023-09-05T05:40:40.000Z</time>
        <extensions>
          <ns3:TrackPointExtension>
            <ns3:atemp>19.0</ns3:atemp>
            <ns3:hr>141</ns3:hr>
          </ns3:TrackPointExtension>
        </extensions>
      </trkpt>
      <trkpt lat="48.0442644841969013214111328125" lon="11.24837600626051425933837890625">
        <ele>634</ele>
        <time>2023-09-05T05:40:47.000Z</time>
        <extensions>
          <ns3:TrackPointExtension>
            <ns3:atemp>19.0</ns3:atemp>
            <ns3:hr>140</ns3:hr>
          </ns3:TrackPointExtension>
        </extensions>
      </trkpt>
      <trkpt lat="48.0441974289715290069580078125" lon="11.248218007385730743408203125">
        <ele>634.4000244140625</ele>
        <time>2023-09-05T05:40:52.000Z</time>
        <extensions>
          <ns3:TrackPointExtension>
            <ns3:atemp>19.0</ns3:atemp>
            <ns3:hr>142</ns3:hr>
          </ns3:TrackPointExtension>
        </extensions>
      </trkpt>
      <trkpt lat="48.04418376646935939788818359375" lon="11.2481896765530109405517578125">
        <ele>634.4000244140625</ele>
        <time>2023-09-05T05:40:53.000Z</time>
        <extensions>
          <ns3:TrackPointExtension>
            <ns3:atemp>19.0</ns3:atemp>
            <ns3:hr>143</ns3:hr>
          </ns3:TrackPointExtension>
        </extensions>
      </trkpt>
      <trkpt lat="48.044096343219280242919921875" lon="11.24796696938574314117431640625">
        <ele>634.4000244140625</ele>
        <time>2023-09-05T05:40:59.000Z</time>
        <extensions>
          <ns3:TrackPointExtension>
            <ns3:atemp>19.0</ns3:atemp>
            <ns3:hr>143</ns3:hr>
          </ns3:TrackPointExtension>
        </extensions>
      </trkpt>
      <trkpt lat="48.04399332962930202484130859375" lon="11.24769673682749271392822265625">
        <ele>634.79998779296875</ele>
        <time>2023-09-05T05:41:07.000Z</time>
        <extensions>
          <ns3:TrackPointExtension>
            <ns3:atemp>19.0</ns3:atemp>
            <ns3:hr>143</ns3:hr>
          </ns3:TrackPointExtension>
        </extensions>
      </trkpt>
      <trkpt lat="48.04388143122196197509765625" lon="11.24752189032733440399169921875">
        <ele>635</ele>
        <time>2023-09-05T05:41:14.000Z</time>
        <extensions>
          <ns3:TrackPointExtension>
            <ns3:atemp>19.0</ns3:atemp>
            <ns3:hr>144</ns3:hr>
          </ns3:TrackPointExtension>
        </extensions>
      </trkpt>
      <trkpt lat="48.04377255029976367950439453125" lon="11.247337572276592254638671875">
        <ele>635.20001220703125</ele>
        <time>2023-09-05T05:41:21.000Z</time>
        <extensions>
          <ns3:TrackPointExtension>
            <ns3:atemp>19.0</ns3:atemp>
            <ns3:hr>145</ns3:hr>
          </ns3:TrackPointExtension>
        </extensions>
      </trkpt>
      <trkpt lat="48.04374991916120052337646484375" lon="11.2473156116902828216552734375">
        <ele>635.4000244140625</ele>
        <time>2023-09-05T05:41:22.000Z</time>
        <extensions>
          <ns3:TrackPointExtension>
            <ns3:atemp>19.0</ns3:atemp>
            <ns3:hr>144</ns3:hr>
          </ns3:TrackPointExtension>
        </extensions>
      </trkpt>
      <trkpt lat="48.04364665411412715911865234375" lon="11.24713950790464878082275390625">
        <ele>636.20001220703125</ele>
        <time>2023-09-05T05:41:28.000Z</time>
        <extensions>
          <ns3:TrackPointExtension>
            <ns3:atemp>19.0</ns3:atemp>
            <ns3:hr>145</ns3:hr>
          </ns3:TrackPointExtension>
        </extensions>
      </trkpt>
      <trkpt lat="48.04356635548174381256103515625" lon="11.24699617736041545867919921875">
        <ele>636.4000244140625</ele>
        <time>2023-09-05T05:41:33.000Z</time>
        <extensions>
          <ns3:TrackPointExtension>
            <ns3:atemp>19.0</ns3:atemp>
            <ns3:hr>145</ns3:hr>
          </ns3:TrackPointExtension>
        </extensions>
      </trkpt>
      <trkpt lat="48.04349376820027828216552734375" lon="11.24687992036342620849609375">
        <ele>636.5999755859375</ele>
        <time>2023-09-05T05:41:37.000Z</time>
        <extensions>
          <ns3:TrackPointExtension>
            <ns3:atemp>19.0</ns3:atemp>
            <ns3:hr>144</ns3:hr>
          </ns3:TrackPointExtension>
        </extensions>
      </trkpt>
      <trkpt lat="48.04335169494152069091796875" lon="11.24661832116544246673583984375">
        <ele>636.5999755859375</ele>
        <time>2023-09-05T05:41:46.000Z</time>
        <extensions>
          <ns3:TrackPointExtension>
            <ns3:atemp>19.0</ns3:atemp>
            <ns3:hr>147</ns3:hr>
          </ns3:TrackPointExtension>
        </extensions>
      </trkpt>
      <trkpt lat="48.04330869577825069427490234375" lon="11.24651639722287654876708984375">
        <ele>637.20001220703125</ele>
        <time>2023-09-05T05:41:49.000Z</time>
        <extensions>
          <ns3:TrackPointExtension>
            <ns3:atemp>19.0</ns3:atemp>
            <ns3:hr>150</ns3:hr>
          </ns3:TrackPointExtension>
        </extensions>
      </trkpt>
      <trkpt lat="48.04323426447808742523193359375" lon="11.2463664449751377105712890625">
        <ele>637.20001220703125</ele>
        <time>2023-09-05T05:41:54.000Z</time>
        <extensions>
          <ns3:TrackPointExtension>
            <ns3:atemp>19.0</ns3:atemp>
            <ns3:hr>150</ns3:hr>
          </ns3:TrackPointExtension>
        </extensions>
      </trkpt>
      <trkpt lat="48.04320123977959156036376953125" lon="11.24629595316946506500244140625">
        <ele>637.4000244140625</ele>
        <time>2023-09-05T05:41:56.000Z</time>
        <extensions>
          <ns3:TrackPointExtension>
            <ns3:atemp>19.0</ns3:atemp>
            <ns3:hr>149</ns3:hr>
          </ns3:TrackPointExtension>
        </extensions>
      </trkpt>
      <trkpt lat="48.04309378378093242645263671875" lon="11.24607919715344905853271484375">
        <ele>638.20001220703125</ele>
        <time>2023-09-05T05:42:03.000Z</time>
        <extensions>
          <ns3:TrackPointExtension>
            <ns3:atemp>19.0</ns3:atemp>
            <ns3:hr>147</ns3:hr>
          </ns3:TrackPointExtension>
        </extensions>
      </trkpt>
      <trkpt lat="48.0429880879819393157958984375" lon="11.24588121660053730010986328125">
        <ele>638.4000244140625</ele>
        <time>2023-09-05T05:42:10.000Z</time>
        <extensions>
          <ns3:TrackPointExtension>
            <ns3:atemp>19.0</ns3:atemp>
            <ns3:hr>145</ns3:hr>
          </ns3:TrackPointExtension>
        </extensions>
      </trkpt>
      <trkpt lat="48.04297274909913539886474609375" lon="11.24585104174911975860595703125">
        <ele>638.5999755859375</ele>
        <time>2023-09-05T05:42:11.000Z</time>
        <extensions>
          <ns3:TrackPointExtension>
            <ns3:atemp>19.0</ns3:atemp>
            <ns3:hr>145</ns3:hr>
          </ns3:TrackPointExtension>
        </extensions>
      </trkpt>
      <trkpt lat="48.04287803359329700469970703125" lon="11.24571307562291622161865234375">
        <ele>638.4000244140625</ele>
        <time>2023-09-05T05:42:16.000Z</time>
        <extensions>
          <ns3:TrackPointExtension>
            <ns3:atemp>19.0</ns3:atemp>
            <ns3:hr>145</ns3:hr>
          </ns3:TrackPointExtension>
        </extensions>
      </trkpt>
      <trkpt lat="48.04279387928545475006103515625" lon="11.24555164016783237457275390625">
        <ele>639</ele>
        <time>2023-09-05T05:42:21.000Z</time>
        <extensions>
          <ns3:TrackPointExtension>
            <ns3:atemp>19.0</ns3:atemp>
            <ns3:hr>146</ns3:hr>
          </ns3:TrackPointExtension>
        </extensions>
      </trkpt>
      <trkpt lat="48.04276655428111553192138671875" lon="11.245459355413913726806640625">
        <ele>639.20001220703125</ele>
        <time>2023-09-05T05:42:24.000Z</time>
        <extensions>
          <ns3:TrackPointExtension>
            <ns3:atemp>19.0</ns3:atemp>
            <ns3:hr>149</ns3:hr>
          </ns3:TrackPointExtension>
        </extensions>
      </trkpt>
      <trkpt lat="48.042761944234371185302734375" lon="11.24541602097451686859130859375">
        <ele>639.20001220703125</ele>
        <time>2023-09-05T05:42:25.000Z</time>
        <extensions>
          <ns3:TrackPointExtension>
            <ns3:atemp>19.0</ns3:atemp>
            <ns3:hr>149</ns3:hr>
          </ns3:TrackPointExtension>
        </extensions>
      </trkpt>
      <trkpt lat="48.04274660535156726837158203125" lon="11.2453408353030681610107421875">
        <ele>639.20001220703125</ele>
        <time>2023-09-05T05:42:27.000Z</time>
        <extensions>
          <ns3:TrackPointExtension>
            <ns3:atemp>19.0</ns3:atemp>
            <ns3:hr>150</ns3:hr>
          </ns3:TrackPointExtension>
        </extensions>
      </trkpt>
      <trkpt lat="48.04272363893687725067138671875" lon="11.24527252279222011566162109375">
        <ele>639.5999755859375</ele>
        <time>2023-09-05T05:42:30.000Z</time>
        <extensions>
          <ns3:TrackPointExtension>
            <ns3:atemp>19.0</ns3:atemp>
            <ns3:hr>150</ns3:hr>
          </ns3:TrackPointExtension>
        </extensions>
      </trkpt>
      <trkpt lat="48.0427074618637561798095703125" lon="11.2452221475541591644287109375">
        <ele>639.79998779296875</ele>
        <time>2023-09-05T05:42:32.000Z</time>
        <extensions>
          <ns3:TrackPointExtension>
            <ns3:atemp>19.0</ns3:atemp>
            <ns3:hr>149</ns3:hr>
          </ns3:TrackPointExtension>
        </extensions>
      </trkpt>
      <trkpt lat="48.0426196195185184478759765625" lon="11.24496088363230228424072265625">
        <ele>640.20001220703125</ele>
        <time>2023-09-05T05:42:39.000Z</time>
        <extensions>
          <ns3:TrackPointExtension>
            <ns3:atemp>19.0</ns3:atemp>
            <ns3:hr>150</ns3:hr>
          </ns3:TrackPointExtension>
        </extensions>
      </trkpt>
      <trkpt lat="48.0425249040126800537109375" lon="11.2447269447147846221923828125">
        <ele>640.5999755859375</ele>
        <time>2023-09-05T05:42:46.000Z</time>
        <extensions>
          <ns3:TrackPointExtension>
            <ns3:atemp>19.0</ns3:atemp>
            <ns3:hr>152</ns3:hr>
          </ns3:TrackPointExtension>
        </extensions>
      </trkpt>
      <trkpt lat="48.04250939749181270599365234375" lon="11.24469819478690624237060546875">
        <ele>640.5999755859375</ele>
        <time>2023-09-05T05:42:47.000Z</time>
        <extensions>
          <ns3:TrackPointExtension>
            <ns3:atemp>19.0</ns3:atemp>
            <ns3:hr>152</ns3:hr>
          </ns3:TrackPointExtension>
        </extensions>
      </trkpt>
      <trkpt lat="48.042430020868778228759765625" lon="11.24454732052981853485107421875">
        <ele>641.20001220703125</ele>
        <time>2023-09-05T05:42:52.000Z</time>
        <extensions>
          <ns3:TrackPointExtension>
            <ns3:atemp>19.0</ns3:atemp>
            <ns3:hr>151</ns3:hr>
          </ns3:TrackPointExtension>
        </extensions>
      </trkpt>
      <trkpt lat="48.04230923764407634735107421875" lon="11.24438387341797351837158203125">
        <ele>641.79998779296875</ele>
        <time>2023-09-05T05:42:59.000Z</time>
        <extensions>
          <ns3:TrackPointExtension>
            <ns3:atemp>19.0</ns3:atemp>
            <ns3:hr>151</ns3:hr>
          </ns3:TrackPointExtension>
        </extensions>
      </trkpt>
      <trkpt lat="48.04227688349783420562744140625" lon="11.24433374963700771331787109375">
        <ele>642</ele>
        <time>2023-09-05T05:43:01.000Z</time>
        <extensions>
          <ns3:TrackPointExtension>
            <ns3:atemp>19.0</ns3:atemp>
            <ns3:hr>150</ns3:hr>
          </ns3:TrackPointExtension>
        </extensions>
      </trkpt>
      <trkpt lat="48.04217227734625339508056640625" lon="11.2441747449338436126708984375">
        <ele>642.4000244140625</ele>
        <time>2023-09-05T05:43:07.000Z</time>
        <extensions>
          <ns3:TrackPointExtension>
            <ns3:atemp>19.0</ns3:atemp>
            <ns3:hr>149</ns3:hr>
          </ns3:TrackPointExtension>
        </extensions>
      </trkpt>
      <trkpt lat="48.04207722656428813934326171875" lon="11.24405681155622005462646484375">
        <ele>642.5999755859375</ele>
        <time>2023-09-05T05:43:12.000Z</time>
        <extensions>
          <ns3:TrackPointExtension>
            <ns3:atemp>19.0</ns3:atemp>
            <ns3:hr>150</ns3:hr>
          </ns3:TrackPointExtension>
        </extensions>
      </trkpt>
      <trkpt lat="48.04201729595661163330078125" lon="11.24397416599094867706298828125">
        <ele>642.79998779296875</ele>
        <time>2023-09-05T05:43:15.000Z</time>
        <extensions>
          <ns3:TrackPointExtension>
            <ns3:atemp>19.0</ns3:atemp>
            <ns3:hr>151</ns3:hr>
          </ns3:TrackPointExtension>
        </extensions>
      </trkpt>
      <trkpt lat="48.04197597317397594451904296875" lon="11.2439269758760929107666015625">
        <ele>643</ele>
        <time>2023-09-05T05:43:17.000Z</time>
        <extensions>
          <ns3:TrackPointExtension>
            <ns3:atemp>19.0</ns3:atemp>
            <ns3:hr>151</ns3:hr>
          </ns3:TrackPointExtension>
        </extensions>
      </trkpt>
      <trkpt lat="48.0418806709349155426025390625" lon="11.24379613436758518218994140625">
        <ele>643.20001220703125</ele>
        <time>2023-09-05T05:43:22.000Z</time>
        <extensions>
          <ns3:TrackPointExtension>
            <ns3:atemp>19.0</ns3:atemp>
            <ns3:hr>148</ns3:hr>
          </ns3:TrackPointExtension>
        </extensions>
      </trkpt>
      <trkpt lat="48.041836917400360107421875" lon="11.2437502853572368621826171875">
        <ele>643.20001220703125</ele>
        <time>2023-09-05T05:43:24.000Z</time>
        <extensions>
          <ns3:TrackPointExtension>
            <ns3:atemp>19.0</ns3:atemp>
            <ns3:hr>147</ns3:hr>
          </ns3:TrackPointExtension>
        </extensions>
      </trkpt>
      <trkpt lat="48.041748069226741790771484375" lon="11.24363704584538936614990234375">
        <ele>644</ele>
        <time>2023-09-05T05:43:29.000Z</time>
        <extensions>
          <ns3:TrackPointExtension>
            <ns3:atemp>19.0</ns3:atemp>
            <ns3:hr>145</ns3:hr>
          </ns3:TrackPointExtension>
        </extensions>
      </trkpt>
      <trkpt lat="48.04170188494026660919189453125" lon="11.24355624429881572723388671875">
        <ele>644.20001220703125</ele>
        <time>2023-09-05T05:43:32.000Z</time>
        <extensions>
          <ns3:TrackPointExtension>
            <ns3:atemp>19.0</ns3:atemp>
            <ns3:hr>145</ns3:hr>
          </ns3:TrackPointExtension>
        </extensions>
      </trkpt>
      <trkpt lat="48.0415861308574676513671875" lon="11.24336798675358295440673828125">
        <ele>645</ele>
        <time>2023-09-05T05:43:39.000Z</time>
        <extensions>
          <ns3:TrackPointExtension>
            <ns3:atemp>19.0</ns3:atemp>
            <ns3:hr>145</ns3:hr>
          </ns3:TrackPointExtension>
        </extensions>
      </trkpt>
      <trkpt lat="48.04157414473593235015869140625" lon="11.24334502033889293670654296875">
        <ele>645.20001220703125</ele>
        <time>2023-09-05T05:43:40.000Z</time>
        <extensions>
          <ns3:TrackPointExtension>
            <ns3:atemp>19.0</ns3:atemp>
            <ns3:hr>145</ns3:hr>
          </ns3:TrackPointExtension>
        </extensions>
      </trkpt>
      <trkpt lat="48.04145713336765766143798828125" lon="11.2432153522968292236328125">
        <ele>646</ele>
        <time>2023-09-05T05:43:47.000Z</time>
        <extensions>
          <ns3:TrackPointExtension>
            <ns3:atemp>19.0</ns3:atemp>
            <ns3:hr>147</ns3:hr>
          </ns3:TrackPointExtension>
        </extensions>
      </trkpt>
      <trkpt lat="48.04136476479470729827880859375" lon="11.24310202896595001220703125">
        <ele>646.20001220703125</ele>
        <time>2023-09-05T05:43:52.000Z</time>
        <extensions>
          <ns3:TrackPointExtension>
            <ns3:atemp>19.0</ns3:atemp>
            <ns3:hr>148</ns3:hr>
          </ns3:TrackPointExtension>
        </extensions>
      </trkpt>
      <trkpt lat="48.04125261493027210235595703125" lon="11.242952160537242889404296875">
        <ele>646</ele>
        <time>2023-09-05T05:43:58.000Z</time>
        <extensions>
          <ns3:TrackPointExtension>
            <ns3:atemp>19.0</ns3:atemp>
            <ns3:hr>148</ns3:hr>
          </ns3:TrackPointExtension>
        </extensions>
      </trkpt>
      <trkpt lat="48.0411957018077373504638671875" lon="11.24288083054125308990478515625">
        <ele>645.79998779296875</ele>
        <time>2023-09-05T05:44:01.000Z</time>
        <extensions>
          <ns3:TrackPointExtension>
            <ns3:atemp>19.0</ns3:atemp>
            <ns3:hr>151</ns3:hr>
          </ns3:TrackPointExtension>
        </extensions>
      </trkpt>
      <trkpt lat="48.04116242565214633941650390625" lon="11.24283037148416042327880859375">
        <ele>645.79998779296875</ele>
        <time>2023-09-05T05:44:03.000Z</time>
        <extensions>
          <ns3:TrackPointExtension>
            <ns3:atemp>19.0</ns3:atemp>
            <ns3:hr>151</ns3:hr>
          </ns3:TrackPointExtension>
        </extensions>
      </trkpt>
      <trkpt lat="48.04107659496366977691650390625" lon="11.24268888495862483978271484375">
        <ele>646</ele>
        <time>2023-09-05T05:44:09.000Z</time>
        <extensions>
          <ns3:TrackPointExtension>
            <ns3:atemp>19.0</ns3:atemp>
            <ns3:hr>149</ns3:hr>
          </ns3:TrackPointExtension>
        </extensions>
      </trkpt>
      <trkpt lat="48.04095086641609668731689453125" lon="11.2425453029572963714599609375">
        <ele>646.20001220703125</ele>
        <time>2023-09-05T05:44:15.000Z</time>
        <extensions>
          <ns3:TrackPointExtension>
            <ns3:atemp>19.0</ns3:atemp>
            <ns3:hr>146</ns3:hr>
          </ns3:TrackPointExtension>
        </extensions>
      </trkpt>
      <trkpt lat="48.04091046564280986785888671875" lon="11.24250121414661407470703125">
        <ele>646.4000244140625</ele>
        <time>2023-09-05T05:44:17.000Z</time>
        <extensions>
          <ns3:TrackPointExtension>
            <ns3:atemp>19.0</ns3:atemp>
            <ns3:hr>145</ns3:hr>
          </ns3:TrackPointExtension>
        </extensions>
      </trkpt>
      <trkpt lat="48.040806613862514495849609375" lon="11.242326200008392333984375">
        <ele>647.20001220703125</ele>
        <time>2023-09-05T05:44:23.000Z</time>
        <extensions>
          <ns3:TrackPointExtension>
            <ns3:atemp>19.0</ns3:atemp>
            <ns3:hr>146</ns3:hr>
          </ns3:TrackPointExtension>
        </extensions>
      </trkpt>
      <trkpt lat="48.0407846532762050628662109375" lon="11.24229694716632366180419921875">
        <ele>647.20001220703125</ele>
        <time>2023-09-05T05:44:24.000Z</time>
        <extensions>
          <ns3:TrackPointExtension>
            <ns3:atemp>19.0</ns3:atemp>
            <ns3:hr>146</ns3:hr>
          </ns3:TrackPointExtension>
        </extensions>
      </trkpt>
      <trkpt lat="48.04071969352662563323974609375" lon="11.24218471348285675048828125">
        <ele>647</ele>
        <time>2023-09-05T05:44:28.000Z</time>
        <extensions>
          <ns3:TrackPointExtension>
            <ns3:atemp>19.0</ns3:atemp>
            <ns3:hr>146</ns3:hr>
          </ns3:TrackPointExtension>
        </extensions>
      </trkpt>
      <trkpt lat="48.04062816314399242401123046875" lon="11.24192914925515651702880859375">
        <ele>645.79998779296875</ele>
        <time>2023-09-05T05:44:35.000Z</time>
        <extensions>
          <ns3:TrackPointExtension>
            <ns3:atemp>19.0</ns3:atemp>
            <ns3:hr>146</ns3:hr>
          </ns3:TrackPointExtension>
        </extensions>
      </trkpt>
      <trkpt lat="48.04056362248957157135009765625" lon="11.2417386285960674285888671875">
        <ele>645</ele>
        <time>2023-09-05T05:44:40.000Z</time>
        <extensions>
          <ns3:TrackPointExtension>
            <ns3:atemp>19.0</ns3:atemp>
            <ns3:hr>145</ns3:hr>
          </ns3:TrackPointExtension>
        </extensions>
      </trkpt>
      <trkpt lat="48.0405553244054317474365234375" lon="11.241707615554332733154296875">
        <ele>644.79998779296875</ele>
        <time>2023-09-05T05:44:41.000Z</time>
        <extensions>
          <ns3:TrackPointExtension>
            <ns3:atemp>19.0</ns3:atemp>
            <ns3:hr>145</ns3:hr>
          </ns3:TrackPointExtension>
        </extensions>
      </trkpt>
      <trkpt lat="48.04051752202212810516357421875" lon="11.24152715317904949188232421875">
        <ele>644.79998779296875</ele>
        <time>2023-09-05T05:44:46.000Z</time>
        <extensions>
          <ns3:TrackPointExtension>
            <ns3:atemp>19.0</ns3:atemp>
            <ns3:hr>143</ns3:hr>
          </ns3:TrackPointExtension>
        </extensions>
      </trkpt>
      <trkpt lat="48.0405643768608570098876953125" lon="11.2413145042955875396728515625">
        <ele>645.20001220703125</ele>
        <time>2023-09-05T05:44:52.000Z</time>
        <extensions>
          <ns3:TrackPointExtension>
            <ns3:atemp>19.0</ns3:atemp>
            <ns3:hr>144</ns3:hr>
          </ns3:TrackPointExtension>
        </extensions>
      </trkpt>
      <trkpt lat="48.0405898578464984893798828125" lon="11.241145022213459014892578125">
        <ele>645.20001220703125</ele>
        <time>2023-09-05T05:44:57.000Z</time>
        <extensions>
          <ns3:TrackPointExtension>
            <ns3:atemp>19.0</ns3:atemp>
            <ns3:hr>142</ns3:hr>
          </ns3:TrackPointExtension>
        </extensions>
      </trkpt>
      <trkpt lat="48.04061584174633026123046875" lon="11.2410741113126277923583984375">
        <ele>644.5999755859375</ele>
        <time>2023-09-05T05:44:59.000Z</time>
        <extensions>
          <ns3:TrackPointExtension>
            <ns3:atemp>19.0</ns3:atemp>
            <ns3:hr>142</ns3:hr>
          </ns3:TrackPointExtension>
        </extensions>
      </trkpt>
      <trkpt lat="48.04066169075667858123779296875" lon="11.2409327924251556396484375">
        <ele>643.5999755859375</ele>
        <time>2023-09-05T05:45:03.000Z</time>
        <extensions>
          <ns3:TrackPointExtension>
            <ns3:atemp>19.0</ns3:atemp>
            <ns3:hr>141</ns3:hr>
          </ns3:TrackPointExtension>
        </extensions>
      </trkpt>
      <trkpt lat="48.04068432189524173736572265625" lon="11.24084285460412502288818359375">
        <ele>643.20001220703125</ele>
        <time>2023-09-05T05:45:05.000Z</time>
        <extensions>
          <ns3:TrackPointExtension>
            <ns3:atemp>19.0</ns3:atemp>
            <ns3:hr>140</ns3:hr>
          </ns3:TrackPointExtension>
        </extensions>
      </trkpt>
      <trkpt lat="48.04068901576101779937744140625" lon="11.24068980105221271514892578125">
        <ele>642.4000244140625</ele>
        <time>2023-09-05T05:45:08.000Z</time>
        <extensions>
          <ns3:TrackPointExtension>
            <ns3:atemp>19.0</ns3:atemp>
            <ns3:hr>139</ns3:hr>
          </ns3:TrackPointExtension>
        </extensions>
      </trkpt>
      <trkpt lat="48.04068415425717830657958984375" lon="11.240634061396121978759765625">
        <ele>642.20001220703125</ele>
        <time>2023-09-05T05:45:09.000Z</time>
        <extensions>
          <ns3:TrackPointExtension>
            <ns3:atemp>19.0</ns3:atemp>
            <ns3:hr>139</ns3:hr>
          </ns3:TrackPointExtension>
        </extensions>
      </trkpt>
      <trkpt lat="48.04067526943981647491455078125" lon="11.24046499840915203094482421875">
        <ele>641.4000244140625</ele>
        <time>2023-09-05T05:45:13.000Z</time>
        <extensions>
          <ns3:TrackPointExtension>
            <ns3:atemp>19.0</ns3:atemp>
            <ns3:hr>139</ns3:hr>
          </ns3:TrackPointExtension>
        </extensions>
      </trkpt>
      <trkpt lat="48.04068130441009998321533203125" lon="11.2404231727123260498046875">
        <ele>641.20001220703125</ele>
        <time>2023-09-05T05:45:14.000Z</time>
        <extensions>
          <ns3:TrackPointExtension>
            <ns3:atemp>19.0</ns3:atemp>
            <ns3:hr>139</ns3:hr>
          </ns3:TrackPointExtension>
        </extensions>
      </trkpt>
      <trkpt lat="48.04066403768956661224365234375" lon="11.24025218188762664794921875">
        <ele>640.5999755859375</ele>
        <time>2023-09-05T05:45:18.000Z</time>
        <extensions>
          <ns3:TrackPointExtension>
            <ns3:atemp>19.0</ns3:atemp>
            <ns3:hr>136</ns3:hr>
          </ns3:TrackPointExtension>
        </extensions>
      </trkpt>
      <trkpt lat="48.0406448431313037872314453125" lon="11.240179426968097686767578125">
        <ele>640.4000244140625</ele>
        <time>2023-09-05T05:45:20.000Z</time>
        <extensions>
          <ns3:TrackPointExtension>
            <ns3:atemp>19.0</ns3:atemp>
            <ns3:hr>134</ns3:hr>
          </ns3:TrackPointExtension>
        </extensions>
      </trkpt>
      <trkpt lat="48.040632940828800201416015625" lon="11.2401122041046619415283203125">
        <ele>640</ele>
        <time>2023-09-05T05:45:22.000Z</time>
        <extensions>
          <ns3:TrackPointExtension>
            <ns3:atemp>19.0</ns3:atemp>
            <ns3:hr>133</ns3:hr>
          </ns3:TrackPointExtension>
        </extensions>
      </trkpt>
      <trkpt lat="48.0405831523239612579345703125" lon="11.24002285301685333251953125">
        <ele>639.5999755859375</ele>
        <time>2023-09-05T05:45:26.000Z</time>
        <extensions>
          <ns3:TrackPointExtension>
            <ns3:atemp>19.0</ns3:atemp>
            <ns3:hr>132</ns3:hr>
          </ns3:TrackPointExtension>
        </extensions>
      </trkpt>
      <trkpt lat="48.0405093915760517120361328125" lon="11.23984205536544322967529296875">
        <ele>639</ele>
        <time>2023-09-05T05:45:31.000Z</time>
        <extensions>
          <ns3:TrackPointExtension>
            <ns3:atemp>19.0</ns3:atemp>
            <ns3:hr>132</ns3:hr>
          </ns3:TrackPointExtension>
        </extensions>
      </trkpt>
      <trkpt lat="48.04049086757004261016845703125" lon="11.2398148141801357269287109375">
        <ele>639</ele>
        <time>2023-09-05T05:45:32.000Z</time>
        <extensions>
          <ns3:TrackPointExtension>
            <ns3:atemp>19.0</ns3:atemp>
            <ns3:hr>131</ns3:hr>
          </ns3:TrackPointExtension>
        </extensions>
      </trkpt>
      <trkpt lat="48.0403883568942546844482421875" lon="11.239580623805522918701171875">
        <ele>638.5999755859375</ele>
        <time>2023-09-05T05:45:39.000Z</time>
        <extensions>
          <ns3:TrackPointExtension>
            <ns3:atemp>19.0</ns3:atemp>
            <ns3:hr>129</ns3:hr>
          </ns3:TrackPointExtension>
        </extensions>
      </trkpt>
      <trkpt lat="48.04035700857639312744140625" lon="11.23947777785360813140869140625">
        <ele>637.79998779296875</ele>
        <time>2023-09-05T05:45:42.000Z</time>
        <extensions>
          <ns3:TrackPointExtension>
            <ns3:atemp>19.0</ns3:atemp>
            <ns3:hr>127</ns3:hr>
          </ns3:TrackPointExtension>
        </extensions>
      </trkpt>
      <trkpt lat="48.04030093364417552947998046875" lon="11.23932321555912494659423828125">
        <ele>637</ele>
        <time>2023-09-05T05:45:46.000Z</time>
        <extensions>
          <ns3:TrackPointExtension>
            <ns3:atemp>19.0</ns3:atemp>
            <ns3:hr>127</ns3:hr>
          </ns3:TrackPointExtension>
        </extensions>
      </trkpt>
      <trkpt lat="48.040292970836162567138671875" lon="11.23928432352840900421142578125">
        <ele>636.79998779296875</ele>
        <time>2023-09-05T05:45:47.000Z</time>
        <extensions>
          <ns3:TrackPointExtension>
            <ns3:atemp>19.0</ns3:atemp>
            <ns3:hr>127</ns3:hr>
          </ns3:TrackPointExtension>
        </extensions>
      </trkpt>
      <trkpt lat="48.0402495525777339935302734375" lon="11.23915356583893299102783203125">
        <ele>635.5999755859375</ele>
        <time>2023-09-05T05:45:51.000Z</time>
        <extensions>
          <ns3:TrackPointExtension>
            <ns3:atemp>19.0</ns3:atemp>
            <ns3:hr>126</ns3:hr>
          </ns3:TrackPointExtension>
        </extensions>
      </trkpt>
      <trkpt lat="48.04023873992264270782470703125" lon="11.23907812871038913726806640625">
        <ele>635.20001220703125</ele>
        <time>2023-09-05T05:45:53.000Z</time>
        <extensions>
          <ns3:TrackPointExtension>
            <ns3:atemp>19.0</ns3:atemp>
            <ns3:hr>126</ns3:hr>
          </ns3:TrackPointExtension>
        </extensions>
      </trkpt>
      <trkpt lat="48.04019079543650150299072265625" lon="11.2389050424098968505859375">
        <ele>634.5999755859375</ele>
        <time>2023-09-05T05:45:58.000Z</time>
        <extensions>
          <ns3:TrackPointExtension>
            <ns3:atemp>19.0</ns3:atemp>
            <ns3:hr>127</ns3:hr>
          </ns3:TrackPointExtension>
        </extensions>
      </trkpt>
      <trkpt lat="48.040150143206119537353515625" lon="11.23875794000923633575439453125">
        <ele>634</ele>
        <time>2023-09-05T05:46:02.000Z</time>
        <extensions>
          <ns3:TrackPointExtension>
            <ns3:atemp>19.0</ns3:atemp>
            <ns3:hr>127</ns3:hr>
          </ns3:TrackPointExtension>
        </extensions>
      </trkpt>
      <trkpt lat="48.04010630585253238677978515625" lon="11.23862433247268199920654296875">
        <ele>633.4000244140625</ele>
        <time>2023-09-05T05:46:06.000Z</time>
        <extensions>
          <ns3:TrackPointExtension>
            <ns3:atemp>19.0</ns3:atemp>
            <ns3:hr>128</ns3:hr>
          </ns3:TrackPointExtension>
        </extensions>
      </trkpt>
      <trkpt lat="48.04007294587790966033935546875" lon="11.23852408491075038909912109375">
        <ele>632.79998779296875</ele>
        <time>2023-09-05T05:46:09.000Z</time>
        <extensions>
          <ns3:TrackPointExtension>
            <ns3:atemp>19.0</ns3:atemp>
            <ns3:hr>127</ns3:hr>
          </ns3:TrackPointExtension>
        </extensions>
      </trkpt>
      <trkpt lat="48.0400423519313335418701171875" lon="11.23842182569205760955810546875">
        <ele>632.4000244140625</ele>
        <time>2023-09-05T05:46:12.000Z</time>
        <extensions>
          <ns3:TrackPointExtension>
            <ns3:atemp>19.0</ns3:atemp>
            <ns3:hr>127</ns3:hr>
          </ns3:TrackPointExtension>
        </extensions>
      </trkpt>
      <trkpt lat="48.04002181626856327056884765625" lon="11.23828268609941005706787109375">
        <ele>632</ele>
        <time>2023-09-05T05:46:15.000Z</time>
        <extensions>
          <ns3:TrackPointExtension>
            <ns3:atemp>19.0</ns3:atemp>
            <ns3:hr>127</ns3:hr>
          </ns3:TrackPointExtension>
        </extensions>
      </trkpt>
      <trkpt lat="48.039997927844524383544921875" lon="11.238159723579883575439453125">
        <ele>631.20001220703125</ele>
        <time>2023-09-05T05:46:18.000Z</time>
        <extensions>
          <ns3:TrackPointExtension>
            <ns3:atemp>19.0</ns3:atemp>
            <ns3:hr>126</ns3:hr>
          </ns3:TrackPointExtension>
        </extensions>
      </trkpt>
      <trkpt lat="48.0399836786091327667236328125" lon="11.2380891479551792144775390625">
        <ele>630.79998779296875</ele>
        <time>2023-09-05T05:46:20.000Z</time>
        <extensions>
          <ns3:TrackPointExtension>
            <ns3:atemp>19.0</ns3:atemp>
            <ns3:hr>126</ns3:hr>
          </ns3:TrackPointExtension>
        </extensions>
      </trkpt>
      <trkpt lat="48.03997881710529327392578125" lon="11.23795964755117893218994140625">
        <ele>630.4000244140625</ele>
        <time>2023-09-05T05:46:24.000Z</time>
        <extensions>
          <ns3:TrackPointExtension>
            <ns3:atemp>19.0</ns3:atemp>
            <ns3:hr>126</ns3:hr>
          </ns3:TrackPointExtension>
        </extensions>
      </trkpt>
      <trkpt lat="48.0399687588214874267578125" lon="11.23793433420360088348388671875">
        <ele>630.4000244140625</ele>
        <time>2023-09-05T05:46:25.000Z</time>
        <extensions>
          <ns3:TrackPointExtension>
            <ns3:atemp>19.0</ns3:atemp>
            <ns3:hr>126</ns3:hr>
          </ns3:TrackPointExtension>
        </extensions>
      </trkpt>
      <trkpt lat="48.039960376918315887451171875" lon="11.2378963641822338104248046875">
        <ele>630.20001220703125</ele>
        <time>2023-09-05T05:46:26.000Z</time>
        <extensions>
          <ns3:TrackPointExtension>
            <ns3:atemp>19.0</ns3:atemp>
            <ns3:hr>126</ns3:hr>
          </ns3:TrackPointExtension>
        </extensions>
      </trkpt>
      <trkpt lat="48.03994528949260711669921875" lon="11.237795613706111907958984375">
        <ele>630.20001220703125</ele>
        <time>2023-09-05T05:46:29.000Z</time>
        <extensions>
          <ns3:TrackPointExtension>
            <ns3:atemp>19.0</ns3:atemp>
            <ns3:hr>126</ns3:hr>
          </ns3:TrackPointExtension>
        </extensions>
      </trkpt>
      <trkpt lat="48.039863146841526031494140625" lon="11.23758665286004543304443359375">
        <ele>630</ele>
        <time>2023-09-05T05:46:36.000Z</time>
        <extensions>
          <ns3:TrackPointExtension>
            <ns3:atemp>19.0</ns3:atemp>
            <ns3:hr>127</ns3:hr>
          </ns3:TrackPointExtension>
        </extensions>
      </trkpt>
      <trkpt lat="48.0398237518966197967529296875" lon="11.237448267638683319091796875">
        <ele>630</ele>
        <time>2023-09-05T05:46:40.000Z</time>
        <extensions>
          <ns3:TrackPointExtension>
            <ns3:atemp>19.0</ns3:atemp>
            <ns3:hr>128</ns3:hr>
          </ns3:TrackPointExtension>
        </extensions>
      </trkpt>
      <trkpt lat="48.03977857343852519989013671875" lon="11.23727501370012760162353515625">
        <ele>630.4000244140625</ele>
        <time>2023-09-05T05:46:46.000Z</time>
        <extensions>
          <ns3:TrackPointExtension>
            <ns3:atemp>19.0</ns3:atemp>
            <ns3:hr>128</ns3:hr>
          </ns3:TrackPointExtension>
        </extensions>
      </trkpt>
      <trkpt lat="48.03975275717675685882568359375" lon="11.23709413222968578338623046875">
        <ele>631.20001220703125</ele>
        <time>2023-09-05T05:46:52.000Z</time>
        <extensions>
          <ns3:TrackPointExtension>
            <ns3:atemp>19.0</ns3:atemp>
            <ns3:hr>130</ns3:hr>
          </ns3:TrackPointExtension>
        </extensions>
      </trkpt>
      <trkpt lat="48.03970179520547389984130859375" lon="11.23694677837193012237548828125">
        <ele>632.4000244140625</ele>
        <time>2023-09-05T05:46:56.000Z</time>
        <extensions>
          <ns3:TrackPointExtension>
            <ns3:atemp>19.0</ns3:atemp>
            <ns3:hr>131</ns3:hr>
          </ns3:TrackPointExtension>
        </extensions>
      </trkpt>
      <trkpt lat="48.03969182074069976806640625" lon="11.2369264103472232818603515625">
        <ele>632.4000244140625</ele>
        <time>2023-09-05T05:46:57.000Z</time>
        <extensions>
          <ns3:TrackPointExtension>
            <ns3:atemp>19.0</ns3:atemp>
            <ns3:hr>131</ns3:hr>
          </ns3:TrackPointExtension>
        </extensions>
      </trkpt>
      <trkpt lat="48.0396701954305171966552734375" lon="11.236856169998645782470703125">
        <ele>633</ele>
        <time>2023-09-05T05:46:59.000Z</time>
        <extensions>
          <ns3:TrackPointExtension>
            <ns3:atemp>19.0</ns3:atemp>
            <ns3:hr>134</ns3:hr>
          </ns3:TrackPointExtension>
        </extensions>
      </trkpt>
      <trkpt lat="48.03965351544320583343505859375" lon="11.2367973290383815765380859375">
        <ele>633.4000244140625</ele>
        <time>2023-09-05T05:47:01.000Z</time>
        <extensions>
          <ns3:TrackPointExtension>
            <ns3:atemp>19.0</ns3:atemp>
            <ns3:hr>137</ns3:hr>
          </ns3:TrackPointExtension>
        </extensions>
      </trkpt>
      <trkpt lat="48.03965250961482524871826171875" lon="11.2367726862430572509765625">
        <ele>633.4000244140625</ele>
        <time>2023-09-05T05:47:02.000Z</time>
        <extensions>
          <ns3:TrackPointExtension>
            <ns3:atemp>19.0</ns3:atemp>
            <ns3:hr>139</ns3:hr>
          </ns3:TrackPointExtension>
        </extensions>
      </trkpt>
      <trkpt lat="48.03964429534971714019775390625" lon="11.2367485463619232177734375">
        <ele>633.5999755859375</ele>
        <time>2023-09-05T05:47:03.000Z</time>
        <extensions>
          <ns3:TrackPointExtension>
            <ns3:atemp>19.0</ns3:atemp>
            <ns3:hr>140</ns3:hr>
          </ns3:TrackPointExtension>
        </extensions>
      </trkpt>
      <trkpt lat="48.03960942663252353668212890625" lon="11.2366224825382232666015625">
        <ele>634.20001220703125</ele>
        <time>2023-09-05T05:47:07.000Z</time>
        <extensions>
          <ns3:TrackPointExtension>
            <ns3:atemp>19.0</ns3:atemp>
            <ns3:hr>143</ns3:hr>
          </ns3:TrackPointExtension>
        </extensions>
      </trkpt>
      <trkpt lat="48.03960305638611316680908203125" lon="11.23658786527812480926513671875">
        <ele>634.20001220703125</ele>
        <time>2023-09-05T05:47:08.000Z</time>
        <extensions>
          <ns3:TrackPointExtension>
            <ns3:atemp>19.0</ns3:atemp>
            <ns3:hr>143</ns3:hr>
          </ns3:TrackPointExtension>
        </extensions>
      </trkpt>
      <trkpt lat="48.03959752433001995086669921875" lon="11.23655584640800952911376953125">
        <ele>634.20001220703125</ele>
        <time>2023-09-05T05:47:09.000Z</time>
        <extensions>
          <ns3:TrackPointExtension>
            <ns3:atemp>19.0</ns3:atemp>
            <ns3:hr>143</ns3:hr>
          </ns3:TrackPointExtension>
        </extensions>
      </trkpt>
      <trkpt lat="48.03957556374371051788330078125" lon="11.23647403903305530548095703125">
        <ele>634.4000244140625</ele>
        <time>2023-09-05T05:47:11.000Z</time>
        <extensions>
          <ns3:TrackPointExtension>
            <ns3:atemp>19.0</ns3:atemp>
            <ns3:hr>143</ns3:hr>
          </ns3:TrackPointExtension>
        </extensions>
      </trkpt>
      <trkpt lat="48.03953197784721851348876953125" lon="11.2362992763519287109375">
        <ele>634.5999755859375</ele>
        <time>2023-09-05T05:47:16.000Z</time>
        <extensions>
          <ns3:TrackPointExtension>
            <ns3:atemp>19.0</ns3:atemp>
            <ns3:hr>144</ns3:hr>
          </ns3:TrackPointExtension>
        </extensions>
      </trkpt>
      <trkpt lat="48.0394629947841167449951171875" lon="11.236078999936580657958984375">
        <ele>634.79998779296875</ele>
        <time>2023-09-05T05:47:22.000Z</time>
        <extensions>
          <ns3:TrackPointExtension>
            <ns3:atemp>19.0</ns3:atemp>
            <ns3:hr>146</ns3:hr>
          </ns3:TrackPointExtension>
        </extensions>
      </trkpt>
      <trkpt lat="48.03946492262184619903564453125" lon="11.23604790307581424713134765625">
        <ele>634.79998779296875</ele>
        <time>2023-09-05T05:47:23.000Z</time>
        <extensions>
          <ns3:TrackPointExtension>
            <ns3:atemp>19.0</ns3:atemp>
            <ns3:hr>146</ns3:hr>
          </ns3:TrackPointExtension>
        </extensions>
      </trkpt>
      <trkpt lat="48.03943005390465259552001953125" lon="11.23596441932022571563720703125">
        <ele>634.79998779296875</ele>
        <time>2023-09-05T05:47:25.000Z</time>
        <extensions>
          <ns3:TrackPointExtension>
            <ns3:atemp>19.0</ns3:atemp>
            <ns3:hr>147</ns3:hr>
          </ns3:TrackPointExtension>
        </extensions>
      </trkpt>
      <trkpt lat="48.03940088488161563873291015625" lon="11.23582662083208560943603515625">
        <ele>635</ele>
        <time>2023-09-05T05:47:31.000Z</time>
        <extensions>
          <ns3:TrackPointExtension>
            <ns3:atemp>19.0</ns3:atemp>
            <ns3:hr>149</ns3:hr>
          </ns3:TrackPointExtension>
        </extensions>
      </trkpt>
      <trkpt lat="48.039388395845890045166015625" lon="11.23587523587048053741455078125">
        <ele>635</ele>
        <time>2023-09-05T05:47:34.000Z</time>
        <extensions>
          <ns3:TrackPointExtension>
            <ns3:atemp>19.0</ns3:atemp>
            <ns3:hr>149</ns3:hr>
          </ns3:TrackPointExtension>
        </extensions>
      </trkpt>
      <trkpt lat="48.039430640637874603271484375" lon="11.23582108877599239349365234375">
        <ele>634.79998779296875</ele>
        <time>2023-09-05T05:47:57.000Z</time>
        <extensions>
          <ns3:TrackPointExtension>
            <ns3:atemp>19.0</ns3:atemp>
            <ns3:hr>146</ns3:hr>
          </ns3:TrackPointExtension>
        </extensions>
      </trkpt>
      <trkpt lat="48.03943072445690631866455078125" lon="11.23579594306647777557373046875">
        <ele>634.79998779296875</ele>
        <time>2023-09-05T05:47:58.000Z</time>
        <extensions>
          <ns3:TrackPointExtension>
            <ns3:atemp>19.0</ns3:atemp>
            <ns3:hr>147</ns3:hr>
          </ns3:TrackPointExtension>
        </extensions>
      </trkpt>
      <trkpt lat="48.0394251085817813873291015625" lon="11.235744394361972808837890625">
        <ele>634.79998779296875</ele>
        <time>2023-09-05T05:48:00.000Z</time>
        <extensions>
          <ns3:TrackPointExtension>
            <ns3:atemp>19.0</ns3:atemp>
            <ns3:hr>148</ns3:hr>
          </ns3:TrackPointExtension>
        </extensions>
      </trkpt>
      <trkpt lat="48.0394264496862888336181640625" lon="11.2356922589242458343505859375">
        <ele>634.79998779296875</ele>
        <time>2023-09-05T05:48:02.000Z</time>
        <extensions>
          <ns3:TrackPointExtension>
            <ns3:atemp>19.0</ns3:atemp>
            <ns3:hr>147</ns3:hr>
          </ns3:TrackPointExtension>
        </extensions>
      </trkpt>
      <trkpt lat="48.03943625651299953460693359375" lon="11.235639117658138275146484375">
        <ele>635</ele>
        <time>2023-09-05T05:48:04.000Z</time>
        <extensions>
          <ns3:TrackPointExtension>
            <ns3:atemp>19.0</ns3:atemp>
            <ns3:hr>146</ns3:hr>
          </ns3:TrackPointExtension>
        </extensions>
      </trkpt>
      <trkpt lat="48.0394462309777736663818359375" lon="11.23560148291289806365966796875">
        <ele>635.20001220703125</ele>
        <time>2023-09-05T05:48:05.000Z</time>
        <extensions>
          <ns3:TrackPointExtension>
            <ns3:atemp>19.0</ns3:atemp>
            <ns3:hr>146</ns3:hr>
          </ns3:TrackPointExtension>
        </extensions>
      </trkpt>
      <trkpt lat="48.0394120328128337860107421875" lon="11.23550727032124996185302734375">
        <ele>635.4000244140625</ele>
        <time>2023-09-05T05:48:12.000Z</time>
        <extensions>
          <ns3:TrackPointExtension>
            <ns3:atemp>19.0</ns3:atemp>
            <ns3:hr>145</ns3:hr>
          </ns3:TrackPointExtension>
        </extensions>
      </trkpt>
      <trkpt lat="48.0393972806632518768310546875" lon="11.2355118803679943084716796875">
        <ele>635.5999755859375</ele>
        <time>2023-09-05T05:48:13.000Z</time>
        <extensions>
          <ns3:TrackPointExtension>
            <ns3:atemp>19.0</ns3:atemp>
            <ns3:hr>145</ns3:hr>
          </ns3:TrackPointExtension>
        </extensions>
      </trkpt>
      <trkpt lat="48.03933550603687763214111328125" lon="11.2355189211666584014892578125">
        <ele>635</ele>
        <time>2023-09-05T05:48:50.000Z</time>
        <extensions>
          <ns3:TrackPointExtension>
            <ns3:atemp>19.0</ns3:atemp>
            <ns3:hr>94</ns3:hr>
          </ns3:TrackPointExtension>
        </extensions>
      </trkpt>
      <trkpt lat="48.039318658411502838134765625" lon="11.235486902296543121337890625">
        <ele>635</ele>
        <time>2023-09-05T05:48:51.000Z</time>
        <extensions>
          <ns3:TrackPointExtension>
            <ns3:atemp>19.0</ns3:atemp>
            <ns3:hr>94</ns3:hr>
          </ns3:TrackPointExtension>
        </extensions>
      </trkpt>
      <trkpt lat="48.0393013916909694671630859375" lon="11.23545236885547637939453125">
        <ele>635</ele>
        <time>2023-09-05T05:48:52.000Z</time>
        <extensions>
          <ns3:TrackPointExtension>
            <ns3:atemp>19.0</ns3:atemp>
            <ns3:hr>94</ns3:hr>
          </ns3:TrackPointExtension>
        </extensions>
      </trkpt>
      <trkpt lat="48.039237521588802337646484375" lon="11.23527693562209606170654296875">
        <ele>635</ele>
        <time>2023-09-05T05:48:57.000Z</time>
        <extensions>
          <ns3:TrackPointExtension>
            <ns3:atemp>19.0</ns3:atemp>
            <ns3:hr>96</ns3:hr>
          </ns3:TrackPointExtension>
        </extensions>
      </trkpt>
      <trkpt lat="48.03919971920549869537353515625" lon="11.23516545630991458892822265625">
        <ele>635.20001220703125</ele>
        <time>2023-09-05T05:49:00.000Z</time>
        <extensions>
          <ns3:TrackPointExtension>
            <ns3:atemp>19.0</ns3:atemp>
            <ns3:hr>97</ns3:hr>
          </ns3:TrackPointExtension>
        </extensions>
      </trkpt>
      <trkpt lat="48.03917675279080867767333984375" lon="11.23512103222310543060302734375">
        <ele>635.20001220703125</ele>
        <time>2023-09-05T05:49:02.000Z</time>
        <extensions>
          <ns3:TrackPointExtension>
            <ns3:atemp>19.0</ns3:atemp>
            <ns3:hr>99</ns3:hr>
          </ns3:TrackPointExtension>
        </extensions>
      </trkpt>
      <trkpt lat="48.039151690900325775146484375" lon="11.23496261425316333770751953125">
        <ele>635</ele>
        <time>2023-09-05T05:49:06.000Z</time>
        <extensions>
          <ns3:TrackPointExtension>
            <ns3:atemp>19.0</ns3:atemp>
            <ns3:hr>102</ns3:hr>
          </ns3:TrackPointExtension>
        </extensions>
      </trkpt>
      <trkpt lat="48.039142303168773651123046875" lon="11.234896145761013031005859375">
        <ele>634.79998779296875</ele>
        <time>2023-09-05T05:49:08.000Z</time>
        <extensions>
          <ns3:TrackPointExtension>
            <ns3:atemp>19.0</ns3:atemp>
            <ns3:hr>105</ns3:hr>
          </ns3:TrackPointExtension>
        </extensions>
      </trkpt>
      <trkpt lat="48.03912696428596973419189453125" lon="11.2348305992782115936279296875">
        <ele>634.5999755859375</ele>
        <time>2023-09-05T05:49:10.000Z</time>
        <extensions>
          <ns3:TrackPointExtension>
            <ns3:atemp>19.0</ns3:atemp>
            <ns3:hr>108</ns3:hr>
          </ns3:TrackPointExtension>
        </extensions>
      </trkpt>
      <trkpt lat="48.03912495262920856475830078125" lon="11.23472926206886768341064453125">
        <ele>634.5999755859375</ele>
        <time>2023-09-05T05:49:13.000Z</time>
        <extensions>
          <ns3:TrackPointExtension>
            <ns3:atemp>19.0</ns3:atemp>
            <ns3:hr>111</ns3:hr>
          </ns3:TrackPointExtension>
        </extensions>
      </trkpt>
      <trkpt lat="48.0391273833811283111572265625" lon="11.23469456098973751068115234375">
        <ele>634.4000244140625</ele>
        <time>2023-09-05T05:49:14.000Z</time>
        <extensions>
          <ns3:TrackPointExtension>
            <ns3:atemp>19.0</ns3:atemp>
            <ns3:hr>111</ns3:hr>
          </ns3:TrackPointExtension>
        </extensions>
      </trkpt>
      <trkpt lat="48.0391293950378894805908203125" lon="11.23465382494032382965087890625">
        <ele>634.4000244140625</ele>
        <time>2023-09-05T05:49:16.000Z</time>
        <extensions>
          <ns3:TrackPointExtension>
            <ns3:atemp>19.0</ns3:atemp>
            <ns3:hr>112</ns3:hr>
          </ns3:TrackPointExtension>
        </extensions>
      </trkpt>
      <trkpt lat="48.0391387827694416046142578125" lon="11.23463219963014125823974609375">
        <ele>634.4000244140625</ele>
        <time>2023-09-05T05:49:18.000Z</time>
        <extensions>
          <ns3:TrackPointExtension>
            <ns3:atemp>19.0</ns3:atemp>
            <ns3:hr>113</ns3:hr>
          </ns3:TrackPointExtension>
        </extensions>
      </trkpt>
      <trkpt lat="48.039149679243564605712890625" lon="11.23457570560276508331298828125">
        <ele>634.20001220703125</ele>
        <time>2023-09-05T05:49:22.000Z</time>
        <extensions>
          <ns3:TrackPointExtension>
            <ns3:atemp>19.0</ns3:atemp>
            <ns3:hr>115</ns3:hr>
          </ns3:TrackPointExtension>
        </extensions>
      </trkpt>
      <trkpt lat="48.0391453206539154052734375" lon="11.2345204688608646392822265625">
        <ele>634.20001220703125</ele>
        <time>2023-09-05T05:49:25.000Z</time>
        <extensions>
          <ns3:TrackPointExtension>
            <ns3:atemp>19.0</ns3:atemp>
            <ns3:hr>116</ns3:hr>
          </ns3:TrackPointExtension>
        </extensions>
      </trkpt>
      <trkpt lat="48.03914272226393222808837890625" lon="11.234497167170047760009765625">
        <ele>634.4000244140625</ele>
        <time>2023-09-05T05:49:26.000Z</time>
        <extensions>
          <ns3:TrackPointExtension>
            <ns3:atemp>19.0</ns3:atemp>
            <ns3:hr>116</ns3:hr>
          </ns3:TrackPointExtension>
        </extensions>
      </trkpt>
      <trkpt lat="48.03914339281618595123291015625" lon="11.2344537489116191864013671875">
        <ele>634.5999755859375</ele>
        <time>2023-09-05T05:49:28.000Z</time>
        <extensions>
          <ns3:TrackPointExtension>
            <ns3:atemp>19.0</ns3:atemp>
            <ns3:hr>116</ns3:hr>
          </ns3:TrackPointExtension>
        </extensions>
      </trkpt>
      <trkpt lat="48.0391381122171878814697265625" lon="11.23428150080144405364990234375">
        <ele>633.79998779296875</ele>
        <time>2023-09-05T05:49:36.000Z</time>
        <extensions>
          <ns3:TrackPointExtension>
            <ns3:atemp>19.0</ns3:atemp>
            <ns3:hr>115</ns3:hr>
          </ns3:TrackPointExtension>
        </extensions>
      </trkpt>
      <trkpt lat="48.0391317419707775115966796875" lon="11.23423690907657146453857421875">
        <ele>633.4000244140625</ele>
        <time>2023-09-05T05:49:39.000Z</time>
        <extensions>
          <ns3:TrackPointExtension>
            <ns3:atemp>19.0</ns3:atemp>
            <ns3:hr>115</ns3:hr>
          </ns3:TrackPointExtension>
        </extensions>
      </trkpt>
      <trkpt lat="48.03910047747194766998291015625" lon="11.234167255461215972900390625">
        <ele>633.20001220703125</ele>
        <time>2023-09-05T05:49:43.000Z</time>
        <extensions>
          <ns3:TrackPointExtension>
            <ns3:atemp>19.0</ns3:atemp>
            <ns3:hr>114</ns3:hr>
          </ns3:TrackPointExtension>
        </extensions>
      </trkpt>
      <trkpt lat="48.03900911472737789154052734375" lon="11.23405535705387592315673828125">
        <ele>632.5999755859375</ele>
        <time>2023-09-05T05:49:47.000Z</time>
        <extensions>
          <ns3:TrackPointExtension>
            <ns3:atemp>19.0</ns3:atemp>
            <ns3:hr>114</ns3:hr>
          </ns3:TrackPointExtension>
        </extensions>
      </trkpt>
      <trkpt lat="48.03892730735242366790771484375" lon="11.23402317054569721221923828125">
        <ele>633.20001220703125</ele>
        <time>2023-09-05T05:49:51.000Z</time>
        <extensions>
          <ns3:TrackPointExtension>
            <ns3:atemp>20.0</ns3:atemp>
            <ns3:hr>112</ns3:hr>
          </ns3:TrackPointExtension>
        </extensions>
      </trkpt>
      <trkpt lat="48.03892412222921848297119140625" lon="11.2340207397937774658203125">
        <ele>633.4000244140625</ele>
        <time>2023-09-05T05:49:52.000Z</time>
        <extensions>
          <ns3:TrackPointExtension>
            <ns3:atemp>20.0</ns3:atemp>
            <ns3:hr>112</ns3:hr>
          </ns3:TrackPointExtension>
        </extensions>
      </trkpt>
      <trkpt lat="48.03892009891569614410400390625" lon="11.234017051756381988525390625">
        <ele>633.4000244140625</ele>
        <time>2023-09-05T05:49:54.000Z</time>
        <extensions>
          <ns3:TrackPointExtension>
            <ns3:atemp>20.0</ns3:atemp>
            <ns3:hr>113</ns3:hr>
          </ns3:TrackPointExtension>
        </extensions>
      </trkpt>
      <trkpt lat="48.0389034189283847808837890625" lon="11.233978830277919769287109375">
        <ele>633.4000244140625</ele>
        <time>2023-09-05T05:49:56.000Z</time>
        <extensions>
          <ns3:TrackPointExtension>
            <ns3:atemp>20.0</ns3:atemp>
            <ns3:hr>111</ns3:hr>
          </ns3:TrackPointExtension>
        </extensions>
      </trkpt>
      <trkpt lat="48.0388779379427433013916015625" lon="11.2339243479073047637939453125">
        <ele>633.4000244140625</ele>
        <time>2023-09-05T05:49:58.000Z</time>
        <extensions>
          <ns3:TrackPointExtension>
            <ns3:atemp>20.0</ns3:atemp>
            <ns3:hr>111</ns3:hr>
          </ns3:TrackPointExtension>
        </extensions>
      </trkpt>
      <trkpt lat="48.03885824047029018402099609375" lon="11.233719326555728912353515625">
        <ele>633</ele>
        <time>2023-09-05T05:50:03.000Z</time>
        <extensions>
          <ns3:TrackPointExtension>
            <ns3:atemp>20.0</ns3:atemp>
            <ns3:hr>109</ns3:hr>
          </ns3:TrackPointExtension>
        </extensions>
      </trkpt>
      <trkpt lat="48.03886511363089084625244140625" lon="11.23345085419714450836181640625">
        <ele>633.4000244140625</ele>
        <time>2023-09-05T05:50:09.000Z</time>
        <extensions>
          <ns3:TrackPointExtension>
            <ns3:atemp>20.0</ns3:atemp>
            <ns3:hr>108</ns3:hr>
          </ns3:TrackPointExtension>
        </extensions>
      </trkpt>
      <trkpt lat="48.038860000669956207275390625" lon="11.23330257833003997802734375">
        <ele>633.5999755859375</ele>
        <time>2023-09-05T05:50:13.000Z</time>
        <extensions>
          <ns3:TrackPointExtension>
            <ns3:atemp>20.0</ns3:atemp>
            <ns3:hr>111</ns3:hr>
          </ns3:TrackPointExtension>
        </extensions>
      </trkpt>
      <trkpt lat="48.03886963985860347747802734375" lon="11.23319101519882678985595703125">
        <ele>633.5999755859375</ele>
        <time>2023-09-05T05:50:16.000Z</time>
        <extensions>
          <ns3:TrackPointExtension>
            <ns3:atemp>20.0</ns3:atemp>
            <ns3:hr>113</ns3:hr>
          </ns3:TrackPointExtension>
        </extensions>
      </trkpt>
      <trkpt lat="48.03886243142187595367431640625" lon="11.23302253894507884979248046875">
        <ele>633.79998779296875</ele>
        <time>2023-09-05T05:50:20.000Z</time>
        <extensions>
          <ns3:TrackPointExtension>
            <ns3:atemp>20.0</ns3:atemp>
            <ns3:hr>116</ns3:hr>
          </ns3:TrackPointExtension>
        </extensions>
      </trkpt>
      <trkpt lat="48.03886159323155879974365234375" lon="11.23288239352405071258544921875">
        <ele>634</ele>
        <time>2023-09-05T05:50:23.000Z</time>
        <extensions>
          <ns3:TrackPointExtension>
            <ns3:atemp>20.0</ns3:atemp>
            <ns3:hr>119</ns3:hr>
          </ns3:TrackPointExtension>
        </extensions>
      </trkpt>
      <trkpt lat="48.03884952329099178314208984375" lon="11.23275649733841419219970703125">
        <ele>634.4000244140625</ele>
        <time>2023-09-05T05:50:26.000Z</time>
        <extensions>
          <ns3:TrackPointExtension>
            <ns3:atemp>20.0</ns3:atemp>
            <ns3:hr>122</ns3:hr>
          </ns3:TrackPointExtension>
        </extensions>
      </trkpt>
      <trkpt lat="48.0388323403894901275634765625" lon="11.2326288409531116485595703125">
        <ele>634.4000244140625</ele>
        <time>2023-09-05T05:50:29.000Z</time>
        <extensions>
          <ns3:TrackPointExtension>
            <ns3:atemp>20.0</ns3:atemp>
            <ns3:hr>125</ns3:hr>
          </ns3:TrackPointExtension>
        </extensions>
      </trkpt>
      <trkpt lat="48.03882907144725322723388671875" lon="11.23257913626730442047119140625">
        <ele>634.5999755859375</ele>
        <time>2023-09-05T05:50:30.000Z</time>
        <extensions>
          <ns3:TrackPointExtension>
            <ns3:atemp>20.0</ns3:atemp>
            <ns3:hr>126</ns3:hr>
          </ns3:TrackPointExtension>
        </extensions>
      </trkpt>
      <trkpt lat="48.0387867428362369537353515625" lon="11.23237319290637969970703125">
        <ele>634.5999755859375</ele>
        <time>2023-09-05T05:50:35.000Z</time>
        <extensions>
          <ns3:TrackPointExtension>
            <ns3:atemp>20.0</ns3:atemp>
            <ns3:hr>129</ns3:hr>
          </ns3:TrackPointExtension>
        </extensions>
      </trkpt>
      <trkpt lat="48.0387605912983417510986328125" lon="11.23225961811840534210205078125">
        <ele>634.5999755859375</ele>
        <time>2023-09-05T05:50:38.000Z</time>
        <extensions>
          <ns3:TrackPointExtension>
            <ns3:atemp>20.0</ns3:atemp>
            <ns3:hr>130</ns3:hr>
          </ns3:TrackPointExtension>
        </extensions>
      </trkpt>
      <trkpt lat="48.038709126412868499755859375" lon="11.23201855458319187164306640625">
        <ele>634.20001220703125</ele>
        <time>2023-09-05T05:50:43.000Z</time>
        <extensions>
          <ns3:TrackPointExtension>
            <ns3:atemp>20.0</ns3:atemp>
            <ns3:hr>133</ns3:hr>
          </ns3:TrackPointExtension>
        </extensions>
      </trkpt>
      <trkpt lat="48.0387029238045215606689453125" lon="11.23197086155414581298828125">
        <ele>634.20001220703125</ele>
        <time>2023-09-05T05:50:44.000Z</time>
        <extensions>
          <ns3:TrackPointExtension>
            <ns3:atemp>20.0</ns3:atemp>
            <ns3:hr>133</ns3:hr>
          </ns3:TrackPointExtension>
        </extensions>
      </trkpt>
      <trkpt lat="48.03867928683757781982421875" lon="11.231765337288379669189453125">
        <ele>634</ele>
        <time>2023-09-05T05:50:49.000Z</time>
        <extensions>
          <ns3:TrackPointExtension>
            <ns3:atemp>20.0</ns3:atemp>
            <ns3:hr>136</ns3:hr>
          </ns3:TrackPointExtension>
        </extensions>
      </trkpt>
      <trkpt lat="48.03866746835410594940185546875" lon="11.2316920794546604156494140625">
        <ele>633.79998779296875</ele>
        <time>2023-09-05T05:50:51.000Z</time>
        <extensions>
          <ns3:TrackPointExtension>
            <ns3:atemp>20.0</ns3:atemp>
            <ns3:hr>137</ns3:hr>
          </ns3:TrackPointExtension>
        </extensions>
      </trkpt>
      <trkpt lat="48.03863209672272205352783203125" lon="11.23156324960291385650634765625">
        <ele>633.4000244140625</ele>
        <time>2023-09-05T05:50:54.000Z</time>
        <extensions>
          <ns3:TrackPointExtension>
            <ns3:atemp>20.0</ns3:atemp>
            <ns3:hr>138</ns3:hr>
          </ns3:TrackPointExtension>
        </extensions>
      </trkpt>
      <trkpt lat="48.0385731719434261322021484375" lon="11.23130626045167446136474609375">
        <ele>632.4000244140625</ele>
        <time>2023-09-05T05:51:00.000Z</time>
        <extensions>
          <ns3:TrackPointExtension>
            <ns3:atemp>20.0</ns3:atemp>
            <ns3:hr>140</ns3:hr>
          </ns3:TrackPointExtension>
        </extensions>
      </trkpt>
      <trkpt lat="48.03850435651838779449462890625" lon="11.2310429848730564117431640625">
        <ele>631.79998779296875</ele>
        <time>2023-09-05T05:51:06.000Z</time>
        <extensions>
          <ns3:TrackPointExtension>
            <ns3:atemp>20.0</ns3:atemp>
            <ns3:hr>141</ns3:hr>
          </ns3:TrackPointExtension>
        </extensions>
      </trkpt>
      <trkpt lat="48.0384786240756511688232421875" lon="11.23082480393350124359130859375">
        <ele>631.4000244140625</ele>
        <time>2023-09-05T05:51:11.000Z</time>
        <extensions>
          <ns3:TrackPointExtension>
            <ns3:atemp>20.0</ns3:atemp>
            <ns3:hr>141</ns3:hr>
          </ns3:TrackPointExtension>
        </extensions>
      </trkpt>
      <trkpt lat="48.03840846754610538482666015625" lon="11.23063403181731700897216796875">
        <ele>630.79998779296875</ele>
        <time>2023-09-05T05:51:16.000Z</time>
        <extensions>
          <ns3:TrackPointExtension>
            <ns3:atemp>20.0</ns3:atemp>
            <ns3:hr>142</ns3:hr>
          </ns3:TrackPointExtension>
        </extensions>
      </trkpt>
      <trkpt lat="48.03840310312807559967041015625" lon="11.23059346340596675872802734375">
        <ele>630.79998779296875</ele>
        <time>2023-09-05T05:51:17.000Z</time>
        <extensions>
          <ns3:TrackPointExtension>
            <ns3:atemp>20.0</ns3:atemp>
            <ns3:hr>142</ns3:hr>
          </ns3:TrackPointExtension>
        </extensions>
      </trkpt>
      <trkpt lat="48.03838868625462055206298828125" lon="11.23051333241164684295654296875">
        <ele>630.20001220703125</ele>
        <time>2023-09-05T05:51:19.000Z</time>
        <extensions>
          <ns3:TrackPointExtension>
            <ns3:atemp>20.0</ns3:atemp>
            <ns3:hr>142</ns3:hr>
          </ns3:TrackPointExtension>
        </extensions>
      </trkpt>
      <trkpt lat="48.0383837409317493438720703125" lon="11.23046555556356906890869140625">
        <ele>630</ele>
        <time>2023-09-05T05:51:20.000Z</time>
        <extensions>
          <ns3:TrackPointExtension>
            <ns3:atemp>20.0</ns3:atemp>
            <ns3:hr>142</ns3:hr>
          </ns3:TrackPointExtension>
        </extensions>
      </trkpt>
      <trkpt lat="48.0383572541177272796630859375" lon="11.23021292500197887420654296875">
        <ele>629</ele>
        <time>2023-09-05T05:51:25.000Z</time>
        <extensions>
          <ns3:TrackPointExtension>
            <ns3:atemp>19.0</ns3:atemp>
            <ns3:hr>142</ns3:hr>
          </ns3:TrackPointExtension>
        </extensions>
      </trkpt>
      <trkpt lat="48.03835331462323665618896484375" lon="11.23016263358294963836669921875">
        <ele>628.79998779296875</ele>
        <time>2023-09-05T05:51:26.000Z</time>
        <extensions>
          <ns3:TrackPointExtension>
            <ns3:atemp>20.0</ns3:atemp>
            <ns3:hr>141</ns3:hr>
          </ns3:TrackPointExtension>
        </extensions>
      </trkpt>
      <trkpt lat="48.038321547210216522216796875" lon="11.229977644979953765869140625">
        <ele>628</ele>
        <time>2023-09-05T05:51:30.000Z</time>
        <extensions>
          <ns3:TrackPointExtension>
            <ns3:atemp>20.0</ns3:atemp>
            <ns3:hr>141</ns3:hr>
          </ns3:TrackPointExtension>
        </extensions>
      </trkpt>
      <trkpt lat="48.0383129976689815521240234375" lon="11.2298380024731159210205078125">
        <ele>627.20001220703125</ele>
        <time>2023-09-05T05:51:33.000Z</time>
        <extensions>
          <ns3:TrackPointExtension>
            <ns3:atemp>19.0</ns3:atemp>
            <ns3:hr>139</ns3:hr>
          </ns3:TrackPointExtension>
        </extensions>
      </trkpt>
      <trkpt lat="48.03830788470804691314697265625" lon="11.22978486120700836181640625">
        <ele>626.79998779296875</ele>
        <time>2023-09-05T05:51:34.000Z</time>
        <extensions>
          <ns3:TrackPointExtension>
            <ns3:atemp>20.0</ns3:atemp>
            <ns3:hr>140</ns3:hr>
          </ns3:TrackPointExtension>
        </extensions>
      </trkpt>
      <trkpt lat="48.03830989636480808258056640625" lon="11.22964262031018733978271484375">
        <ele>625.5999755859375</ele>
        <time>2023-09-05T05:51:37.000Z</time>
        <extensions>
          <ns3:TrackPointExtension>
            <ns3:atemp>19.0</ns3:atemp>
            <ns3:hr>140</ns3:hr>
          </ns3:TrackPointExtension>
        </extensions>
      </trkpt>
      <trkpt lat="48.03828944452106952667236328125" lon="11.22954748570919036865234375">
        <ele>625</ele>
        <time>2023-09-05T05:51:39.000Z</time>
        <extensions>
          <ns3:TrackPointExtension>
            <ns3:atemp>19.0</ns3:atemp>
            <ns3:hr>140</ns3:hr>
          </ns3:TrackPointExtension>
        </extensions>
      </trkpt>
      <trkpt lat="48.03827133961021900177001953125" lon="11.22945494949817657470703125">
        <ele>624.4000244140625</ele>
        <time>2023-09-05T05:51:41.000Z</time>
        <extensions>
          <ns3:TrackPointExtension>
            <ns3:atemp>19.0</ns3:atemp>
            <ns3:hr>139</ns3:hr>
          </ns3:TrackPointExtension>
        </extensions>
      </trkpt>
      <trkpt lat="48.03824267350137233734130859375" lon="11.22932746075093746185302734375">
        <ele>623.20001220703125</ele>
        <time>2023-09-05T05:51:44.000Z</time>
        <extensions>
          <ns3:TrackPointExtension>
            <ns3:atemp>19.0</ns3:atemp>
            <ns3:hr>140</ns3:hr>
          </ns3:TrackPointExtension>
        </extensions>
      </trkpt>
      <trkpt lat="48.03822590969502925872802734375" lon="11.22923643328249454498291015625">
        <ele>622.4000244140625</ele>
        <time>2023-09-05T05:51:46.000Z</time>
        <extensions>
          <ns3:TrackPointExtension>
            <ns3:atemp>19.0</ns3:atemp>
            <ns3:hr>139</ns3:hr>
          </ns3:TrackPointExtension>
        </extensions>
      </trkpt>
      <trkpt lat="48.038219623267650604248046875" lon="11.22920240275561809539794921875">
        <ele>621.79998779296875</ele>
        <time>2023-09-05T05:51:47.000Z</time>
        <extensions>
          <ns3:TrackPointExtension>
            <ns3:atemp>19.0</ns3:atemp>
            <ns3:hr>139</ns3:hr>
          </ns3:TrackPointExtension>
        </extensions>
      </trkpt>
      <trkpt lat="48.03821736015379428863525390625" lon="11.22907063923776149749755859375">
        <ele>620.79998779296875</ele>
        <time>2023-09-05T05:51:50.000Z</time>
        <extensions>
          <ns3:TrackPointExtension>
            <ns3:atemp>19.0</ns3:atemp>
            <ns3:hr>139</ns3:hr>
          </ns3:TrackPointExtension>
        </extensions>
      </trkpt>
      <trkpt lat="48.0382214672863483428955078125" lon="11.22896184213459491729736328125">
        <ele>619.79998779296875</ele>
        <time>2023-09-05T05:51:52.000Z</time>
        <extensions>
          <ns3:TrackPointExtension>
            <ns3:atemp>19.0</ns3:atemp>
            <ns3:hr>139</ns3:hr>
          </ns3:TrackPointExtension>
        </extensions>
      </trkpt>
      <trkpt lat="48.0382177792489528656005859375" lon="11.2288011610507965087890625">
        <ele>618.4000244140625</ele>
        <time>2023-09-05T05:51:55.000Z</time>
        <extensions>
          <ns3:TrackPointExtension>
            <ns3:atemp>19.0</ns3:atemp>
            <ns3:hr>138</ns3:hr>
          </ns3:TrackPointExtension>
        </extensions>
      </trkpt>
      <trkpt lat="48.03820042870938777923583984375" lon="11.22856437228620052337646484375">
        <ele>617</ele>
        <time>2023-09-05T05:51:59.000Z</time>
        <extensions>
          <ns3:TrackPointExtension>
            <ns3:atemp>19.0</ns3:atemp>
            <ns3:hr>136</ns3:hr>
          </ns3:TrackPointExtension>
        </extensions>
      </trkpt>
      <trkpt lat="48.03818752057850360870361328125" lon="11.22850268147885799407958984375">
        <ele>616.5999755859375</ele>
        <time>2023-09-05T05:52:00.000Z</time>
        <extensions>
          <ns3:TrackPointExtension>
            <ns3:atemp>19.0</ns3:atemp>
            <ns3:hr>136</ns3:hr>
          </ns3:TrackPointExtension>
        </extensions>
      </trkpt>
      <trkpt lat="48.03817503154277801513671875" lon="11.22845607809722423553466796875">
        <ele>616</ele>
        <time>2023-09-05T05:52:01.000Z</time>
        <extensions>
          <ns3:TrackPointExtension>
            <ns3:atemp>19.0</ns3:atemp>
            <ns3:hr>136</ns3:hr>
          </ns3:TrackPointExtension>
        </extensions>
      </trkpt>
      <trkpt lat="48.038151897490024566650390625" lon="11.22831073589622974395751953125">
        <ele>614.79998779296875</ele>
        <time>2023-09-05T05:52:04.000Z</time>
        <extensions>
          <ns3:TrackPointExtension>
            <ns3:atemp>19.0</ns3:atemp>
            <ns3:hr>136</ns3:hr>
          </ns3:TrackPointExtension>
        </extensions>
      </trkpt>
      <trkpt lat="48.0381326191127300262451171875" lon="11.22820436954498291015625">
        <ele>614.20001220703125</ele>
        <time>2023-09-05T05:52:06.000Z</time>
        <extensions>
          <ns3:TrackPointExtension>
            <ns3:atemp>19.0</ns3:atemp>
            <ns3:hr>136</ns3:hr>
          </ns3:TrackPointExtension>
        </extensions>
      </trkpt>
      <trkpt lat="48.03812080062925815582275390625" lon="11.22810822911560535430908203125">
        <ele>613.5999755859375</ele>
        <time>2023-09-05T05:52:08.000Z</time>
        <extensions>
          <ns3:TrackPointExtension>
            <ns3:atemp>19.0</ns3:atemp>
            <ns3:hr>136</ns3:hr>
          </ns3:TrackPointExtension>
        </extensions>
      </trkpt>
      <trkpt lat="48.03809456527233123779296875" lon="11.22795400209724903106689453125">
        <ele>612.4000244140625</ele>
        <time>2023-09-05T05:52:11.000Z</time>
        <extensions>
          <ns3:TrackPointExtension>
            <ns3:atemp>19.0</ns3:atemp>
            <ns3:hr>136</ns3:hr>
          </ns3:TrackPointExtension>
        </extensions>
      </trkpt>
      <trkpt lat="48.038056008517742156982421875" lon="11.22778887860476970672607421875">
        <ele>611</ele>
        <time>2023-09-05T05:52:14.000Z</time>
        <extensions>
          <ns3:TrackPointExtension>
            <ns3:atemp>19.0</ns3:atemp>
            <ns3:hr>136</ns3:hr>
          </ns3:TrackPointExtension>
        </extensions>
      </trkpt>
      <trkpt lat="48.03801803849637508392333984375" lon="11.22763146646320819854736328125">
        <ele>609.79998779296875</ele>
        <time>2023-09-05T05:52:17.000Z</time>
        <extensions>
          <ns3:TrackPointExtension>
            <ns3:atemp>19.0</ns3:atemp>
            <ns3:hr>137</ns3:hr>
          </ns3:TrackPointExtension>
        </extensions>
      </trkpt>
      <trkpt lat="48.0380026996135711669921875" lon="11.2275292910635471343994140625">
        <ele>609.20001220703125</ele>
        <time>2023-09-05T05:52:19.000Z</time>
        <extensions>
          <ns3:TrackPointExtension>
            <ns3:atemp>19.0</ns3:atemp>
            <ns3:hr>137</ns3:hr>
          </ns3:TrackPointExtension>
        </extensions>
      </trkpt>
      <trkpt lat="48.03797562606632709503173828125" lon="11.22743717394769191741943359375">
        <ele>608.79998779296875</ele>
        <time>2023-09-05T05:52:21.000Z</time>
        <extensions>
          <ns3:TrackPointExtension>
            <ns3:atemp>19.0</ns3:atemp>
            <ns3:hr>137</ns3:hr>
          </ns3:TrackPointExtension>
        </extensions>
      </trkpt>
      <trkpt lat="48.03795215673744678497314453125" lon="11.227343380451202392578125">
        <ele>607.5999755859375</ele>
        <time>2023-09-05T05:52:23.000Z</time>
        <extensions>
          <ns3:TrackPointExtension>
            <ns3:atemp>19.0</ns3:atemp>
            <ns3:hr>137</ns3:hr>
          </ns3:TrackPointExtension>
        </extensions>
      </trkpt>
      <trkpt lat="48.0379408411681652069091796875" lon="11.22727909125387668609619140625">
        <ele>607.4000244140625</ele>
        <time>2023-09-05T05:52:24.000Z</time>
        <extensions>
          <ns3:TrackPointExtension>
            <ns3:atemp>19.0</ns3:atemp>
            <ns3:hr>137</ns3:hr>
          </ns3:TrackPointExtension>
        </extensions>
      </trkpt>
      <trkpt lat="48.03791041485965251922607421875" lon="11.2271537818014621734619140625">
        <ele>606.4000244140625</ele>
        <time>2023-09-05T05:52:27.000Z</time>
        <extensions>
          <ns3:TrackPointExtension>
            <ns3:atemp>19.0</ns3:atemp>
            <ns3:hr>137</ns3:hr>
          </ns3:TrackPointExtension>
        </extensions>
      </trkpt>
      <trkpt lat="48.03788669407367706298828125" lon="11.227021515369415283203125">
        <ele>605.4000244140625</ele>
        <time>2023-09-05T05:52:30.000Z</time>
        <extensions>
          <ns3:TrackPointExtension>
            <ns3:atemp>19.0</ns3:atemp>
            <ns3:hr>137</ns3:hr>
          </ns3:TrackPointExtension>
        </extensions>
      </trkpt>
      <trkpt lat="48.03786657750606536865234375" lon="11.22692805714905261993408203125">
        <ele>604.79998779296875</ele>
        <time>2023-09-05T05:52:32.000Z</time>
        <extensions>
          <ns3:TrackPointExtension>
            <ns3:atemp>19.0</ns3:atemp>
            <ns3:hr>137</ns3:hr>
          </ns3:TrackPointExtension>
        </extensions>
      </trkpt>
      <trkpt lat="48.0378379113972187042236328125" lon="11.22681238688528537750244140625">
        <ele>604.20001220703125</ele>
        <time>2023-09-05T05:52:35.000Z</time>
        <extensions>
          <ns3:TrackPointExtension>
            <ns3:atemp>19.0</ns3:atemp>
            <ns3:hr>137</ns3:hr>
          </ns3:TrackPointExtension>
        </extensions>
      </trkpt>
      <trkpt lat="48.0377773940563201904296875" lon="11.22660585679113864898681640625">
        <ele>603.20001220703125</ele>
        <time>2023-09-05T05:52:40.000Z</time>
        <extensions>
          <ns3:TrackPointExtension>
            <ns3:atemp>19.0</ns3:atemp>
            <ns3:hr>136</ns3:hr>
          </ns3:TrackPointExtension>
        </extensions>
      </trkpt>
      <trkpt lat="48.03771260194480419158935546875" lon="11.22643687762320041656494140625">
        <ele>601.79998779296875</ele>
        <time>2023-09-05T05:52:44.000Z</time>
        <extensions>
          <ns3:TrackPointExtension>
            <ns3:atemp>19.0</ns3:atemp>
            <ns3:hr>135</ns3:hr>
          </ns3:TrackPointExtension>
        </extensions>
      </trkpt>
      <trkpt lat="48.03766951896250247955322265625" lon="11.22631014324724674224853515625">
        <ele>601.20001220703125</ele>
        <time>2023-09-05T05:52:47.000Z</time>
        <extensions>
          <ns3:TrackPointExtension>
            <ns3:atemp>19.0</ns3:atemp>
            <ns3:hr>135</ns3:hr>
          </ns3:TrackPointExtension>
        </extensions>
      </trkpt>
      <trkpt lat="48.03765577264130115509033203125" lon="11.22621743939816951751708984375">
        <ele>600.79998779296875</ele>
        <time>2023-09-05T05:52:49.000Z</time>
        <extensions>
          <ns3:TrackPointExtension>
            <ns3:atemp>19.0</ns3:atemp>
            <ns3:hr>136</ns3:hr>
          </ns3:TrackPointExtension>
        </extensions>
      </trkpt>
      <trkpt lat="48.0376357398927211761474609375" lon="11.22610411606729030609130859375">
        <ele>600.5999755859375</ele>
        <time>2023-09-05T05:52:51.000Z</time>
        <extensions>
          <ns3:TrackPointExtension>
            <ns3:atemp>19.0</ns3:atemp>
            <ns3:hr>136</ns3:hr>
          </ns3:TrackPointExtension>
        </extensions>
      </trkpt>
      <trkpt lat="48.03759726695716381072998046875" lon="11.2260339595377445220947265625">
        <ele>600.5999755859375</ele>
        <time>2023-09-05T05:52:53.000Z</time>
        <extensions>
          <ns3:TrackPointExtension>
            <ns3:atemp>19.0</ns3:atemp>
            <ns3:hr>136</ns3:hr>
          </ns3:TrackPointExtension>
        </extensions>
      </trkpt>
      <trkpt lat="48.03758435882627964019775390625" lon="11.2259987555444240570068359375">
        <ele>600</ele>
        <time>2023-09-05T05:52:54.000Z</time>
        <extensions>
          <ns3:TrackPointExtension>
            <ns3:atemp>19.0</ns3:atemp>
            <ns3:hr>136</ns3:hr>
          </ns3:TrackPointExtension>
        </extensions>
      </trkpt>
      <trkpt lat="48.0375743843615055084228515625" lon="11.2259514816105365753173828125">
        <ele>599.79998779296875</ele>
        <time>2023-09-05T05:52:55.000Z</time>
        <extensions>
          <ns3:TrackPointExtension>
            <ns3:atemp>19.0</ns3:atemp>
            <ns3:hr>137</ns3:hr>
          </ns3:TrackPointExtension>
        </extensions>
      </trkpt>
      <trkpt lat="48.03755720146000385284423828125" lon="11.22591032646596431732177734375">
        <ele>599.5999755859375</ele>
        <time>2023-09-05T05:52:56.000Z</time>
        <extensions>
          <ns3:TrackPointExtension>
            <ns3:atemp>19.0</ns3:atemp>
            <ns3:hr>137</ns3:hr>
          </ns3:TrackPointExtension>
        </extensions>
      </trkpt>
      <trkpt lat="48.037531636655330657958984375" lon="11.22586774639785289764404296875">
        <ele>599.4000244140625</ele>
        <time>2023-09-05T05:52:57.000Z</time>
        <extensions>
          <ns3:TrackPointExtension>
            <ns3:atemp>19.0</ns3:atemp>
            <ns3:hr>138</ns3:hr>
          </ns3:TrackPointExtension>
        </extensions>
      </trkpt>
      <trkpt lat="48.03748436272144317626953125" lon="11.22573816217482089996337890625">
        <ele>598.79998779296875</ele>
        <time>2023-09-05T05:53:00.000Z</time>
        <extensions>
          <ns3:TrackPointExtension>
            <ns3:atemp>19.0</ns3:atemp>
            <ns3:hr>138</ns3:hr>
          </ns3:TrackPointExtension>
        </extensions>
      </trkpt>
      <trkpt lat="48.0374738015234470367431640625" lon="11.22569340281188488006591796875">
        <ele>598.5999755859375</ele>
        <time>2023-09-05T05:53:01.000Z</time>
        <extensions>
          <ns3:TrackPointExtension>
            <ns3:atemp>19.0</ns3:atemp>
            <ns3:hr>139</ns3:hr>
          </ns3:TrackPointExtension>
        </extensions>
      </trkpt>
      <trkpt lat="48.03738017566502094268798828125" lon="11.2254140339791774749755859375">
        <ele>597.4000244140625</ele>
        <time>2023-09-05T05:53:07.000Z</time>
        <extensions>
          <ns3:TrackPointExtension>
            <ns3:atemp>19.0</ns3:atemp>
            <ns3:hr>137</ns3:hr>
          </ns3:TrackPointExtension>
        </extensions>
      </trkpt>
      <trkpt lat="48.03737414069473743438720703125" lon="11.22536466456949710845947265625">
        <ele>597.20001220703125</ele>
        <time>2023-09-05T05:53:08.000Z</time>
        <extensions>
          <ns3:TrackPointExtension>
            <ns3:atemp>19.0</ns3:atemp>
            <ns3:hr>136</ns3:hr>
          </ns3:TrackPointExtension>
        </extensions>
      </trkpt>
      <trkpt lat="48.03735922090709209442138671875" lon="11.2252463959157466888427734375">
        <ele>596.5999755859375</ele>
        <time>2023-09-05T05:53:11.000Z</time>
        <extensions>
          <ns3:TrackPointExtension>
            <ns3:atemp>19.0</ns3:atemp>
            <ns3:hr>135</ns3:hr>
          </ns3:TrackPointExtension>
        </extensions>
      </trkpt>
      <trkpt lat="48.03733952343463897705078125" lon="11.2251506745815277099609375">
        <ele>596.5999755859375</ele>
        <time>2023-09-05T05:53:13.000Z</time>
        <extensions>
          <ns3:TrackPointExtension>
            <ns3:atemp>19.0</ns3:atemp>
            <ns3:hr>135</ns3:hr>
          </ns3:TrackPointExtension>
        </extensions>
      </trkpt>
      <trkpt lat="48.03731882013380527496337890625" lon="11.22505637817084789276123046875">
        <ele>596.4000244140625</ele>
        <time>2023-09-05T05:53:15.000Z</time>
        <extensions>
          <ns3:TrackPointExtension>
            <ns3:atemp>19.0</ns3:atemp>
            <ns3:hr>135</ns3:hr>
          </ns3:TrackPointExtension>
        </extensions>
      </trkpt>
      <trkpt lat="48.03728831000626087188720703125" lon="11.22493383474647998809814453125">
        <ele>595.5999755859375</ele>
        <time>2023-09-05T05:53:18.000Z</time>
        <extensions>
          <ns3:TrackPointExtension>
            <ns3:atemp>19.0</ns3:atemp>
            <ns3:hr>135</ns3:hr>
          </ns3:TrackPointExtension>
        </extensions>
      </trkpt>
      <trkpt lat="48.03728193975985050201416015625" lon="11.2248903326690196990966796875">
        <ele>595.4000244140625</ele>
        <time>2023-09-05T05:53:19.000Z</time>
        <extensions>
          <ns3:TrackPointExtension>
            <ns3:atemp>19.0</ns3:atemp>
            <ns3:hr>135</ns3:hr>
          </ns3:TrackPointExtension>
        </extensions>
      </trkpt>
      <trkpt lat="48.03727607242763042449951171875" lon="11.2247483432292938232421875">
        <ele>595</ele>
        <time>2023-09-05T05:53:22.000Z</time>
        <extensions>
          <ns3:TrackPointExtension>
            <ns3:atemp>19.0</ns3:atemp>
            <ns3:hr>134</ns3:hr>
          </ns3:TrackPointExtension>
        </extensions>
      </trkpt>
      <trkpt lat="48.0372605659067630767822265625" lon="11.22455455362796783447265625">
        <ele>594</ele>
        <time>2023-09-05T05:53:26.000Z</time>
        <extensions>
          <ns3:TrackPointExtension>
            <ns3:atemp>19.0</ns3:atemp>
            <ns3:hr>133</ns3:hr>
          </ns3:TrackPointExtension>
        </extensions>
      </trkpt>
      <trkpt lat="48.0372357554733753204345703125" lon="11.2243364565074443817138671875">
        <ele>593</ele>
        <time>2023-09-05T05:53:30.000Z</time>
        <extensions>
          <ns3:TrackPointExtension>
            <ns3:atemp>19.0</ns3:atemp>
            <ns3:hr>133</ns3:hr>
          </ns3:TrackPointExtension>
        </extensions>
      </trkpt>
      <trkpt lat="48.03721773438155651092529296875" lon="11.22403688728809356689453125">
        <ele>592</ele>
        <time>2023-09-05T05:53:36.000Z</time>
        <extensions>
          <ns3:TrackPointExtension>
            <ns3:atemp>19.0</ns3:atemp>
            <ns3:hr>133</ns3:hr>
          </ns3:TrackPointExtension>
        </extensions>
      </trkpt>
      <trkpt lat="48.0372179858386516571044921875" lon="11.2239358015358448028564453125">
        <ele>591.79998779296875</ele>
        <time>2023-09-05T05:53:38.000Z</time>
        <extensions>
          <ns3:TrackPointExtension>
            <ns3:atemp>19.0</ns3:atemp>
            <ns3:hr>133</ns3:hr>
          </ns3:TrackPointExtension>
        </extensions>
      </trkpt>
      <trkpt lat="48.03720180876553058624267578125" lon="11.2237346358597278594970703125">
        <ele>590.79998779296875</ele>
        <time>2023-09-05T05:53:42.000Z</time>
        <extensions>
          <ns3:TrackPointExtension>
            <ns3:atemp>19.0</ns3:atemp>
            <ns3:hr>133</ns3:hr>
          </ns3:TrackPointExtension>
        </extensions>
      </trkpt>
      <trkpt lat="48.03719543851912021636962890625" lon="11.223636902868747711181640625">
        <ele>590.20001220703125</ele>
        <time>2023-09-05T05:53:44.000Z</time>
        <extensions>
          <ns3:TrackPointExtension>
            <ns3:atemp>19.0</ns3:atemp>
            <ns3:hr>134</ns3:hr>
          </ns3:TrackPointExtension>
        </extensions>
      </trkpt>
      <trkpt lat="48.03717968054115772247314453125" lon="11.22348125092685222625732421875">
        <ele>589.5999755859375</ele>
        <time>2023-09-05T05:53:47.000Z</time>
        <extensions>
          <ns3:TrackPointExtension>
            <ns3:atemp>19.0</ns3:atemp>
            <ns3:hr>134</ns3:hr>
          </ns3:TrackPointExtension>
        </extensions>
      </trkpt>
      <trkpt lat="48.03718118928372859954833984375" lon="11.22335485182702541351318359375">
        <ele>589.20001220703125</ele>
        <time>2023-09-05T05:53:50.000Z</time>
        <extensions>
          <ns3:TrackPointExtension>
            <ns3:atemp>19.0</ns3:atemp>
            <ns3:hr>136</ns3:hr>
          </ns3:TrackPointExtension>
        </extensions>
      </trkpt>
      <trkpt lat="48.03717716597020626068115234375" lon="11.22324890457093715667724609375">
        <ele>588.4000244140625</ele>
        <time>2023-09-05T05:53:52.000Z</time>
        <extensions>
          <ns3:TrackPointExtension>
            <ns3:atemp>19.0</ns3:atemp>
            <ns3:hr>138</ns3:hr>
          </ns3:TrackPointExtension>
        </extensions>
      </trkpt>
      <trkpt lat="48.037156127393245697021484375" lon="11.22305251657962799072265625">
        <ele>587.20001220703125</ele>
        <time>2023-09-05T05:53:56.000Z</time>
        <extensions>
          <ns3:TrackPointExtension>
            <ns3:atemp>19.0</ns3:atemp>
            <ns3:hr>138</ns3:hr>
          </ns3:TrackPointExtension>
        </extensions>
      </trkpt>
      <trkpt lat="48.03713274188339710235595703125" lon="11.222770549356937408447265625">
        <ele>586</ele>
        <time>2023-09-05T05:54:02.000Z</time>
        <extensions>
          <ns3:TrackPointExtension>
            <ns3:atemp>19.0</ns3:atemp>
            <ns3:hr>139</ns3:hr>
          </ns3:TrackPointExtension>
        </extensions>
      </trkpt>
      <trkpt lat="48.03712494671344757080078125" lon="11.2226030789315700531005859375">
        <ele>585.20001220703125</ele>
        <time>2023-09-05T05:54:05.000Z</time>
        <extensions>
          <ns3:TrackPointExtension>
            <ns3:atemp>19.0</ns3:atemp>
            <ns3:hr>140</ns3:hr>
          </ns3:TrackPointExtension>
        </extensions>
      </trkpt>
      <trkpt lat="48.037127964198589324951171875" lon="11.22250341810286045074462890625">
        <ele>585</ele>
        <time>2023-09-05T05:54:07.000Z</time>
        <extensions>
          <ns3:TrackPointExtension>
            <ns3:atemp>19.0</ns3:atemp>
            <ns3:hr>140</ns3:hr>
          </ns3:TrackPointExtension>
        </extensions>
      </trkpt>
      <trkpt lat="48.03712268359959125518798828125" lon="11.222278364002704620361328125">
        <ele>583.79998779296875</ele>
        <time>2023-09-05T05:54:11.000Z</time>
        <extensions>
          <ns3:TrackPointExtension>
            <ns3:atemp>19.0</ns3:atemp>
            <ns3:hr>140</ns3:hr>
          </ns3:TrackPointExtension>
        </extensions>
      </trkpt>
      <trkpt lat="48.037118576467037200927734375" lon="11.2222230434417724609375">
        <ele>583.5999755859375</ele>
        <time>2023-09-05T05:54:12.000Z</time>
        <extensions>
          <ns3:TrackPointExtension>
            <ns3:atemp>19.0</ns3:atemp>
            <ns3:hr>140</ns3:hr>
          </ns3:TrackPointExtension>
        </extensions>
      </trkpt>
      <trkpt lat="48.0371288023889064788818359375" lon="11.22196597047150135040283203125">
        <ele>582.79998779296875</ele>
        <time>2023-09-05T05:54:17.000Z</time>
        <extensions>
          <ns3:TrackPointExtension>
            <ns3:atemp>19.0</ns3:atemp>
            <ns3:hr>141</ns3:hr>
          </ns3:TrackPointExtension>
        </extensions>
      </trkpt>
      <trkpt lat="48.03714103996753692626953125" lon="11.22185088694095611572265625">
        <ele>582.4000244140625</ele>
        <time>2023-09-05T05:54:19.000Z</time>
        <extensions>
          <ns3:TrackPointExtension>
            <ns3:atemp>19.0</ns3:atemp>
            <ns3:hr>141</ns3:hr>
          </ns3:TrackPointExtension>
        </extensions>
      </trkpt>
      <trkpt lat="48.0371693708002567291259765625" lon="11.22167461551725864410400390625">
        <ele>581.79998779296875</ele>
        <time>2023-09-05T05:54:23.000Z</time>
        <extensions>
          <ns3:TrackPointExtension>
            <ns3:atemp>19.0</ns3:atemp>
            <ns3:hr>141</ns3:hr>
          </ns3:TrackPointExtension>
        </extensions>
      </trkpt>
      <trkpt lat="48.03720382042229175567626953125" lon="11.22159339487552642822265625">
        <ele>581.5999755859375</ele>
        <time>2023-09-05T05:54:25.000Z</time>
        <extensions>
          <ns3:TrackPointExtension>
            <ns3:atemp>19.0</ns3:atemp>
            <ns3:hr>140</ns3:hr>
          </ns3:TrackPointExtension>
        </extensions>
      </trkpt>
      <trkpt lat="48.03728378377854824066162109375" lon="11.22144847176969051361083984375">
        <ele>580.5999755859375</ele>
        <time>2023-09-05T05:54:29.000Z</time>
        <extensions>
          <ns3:TrackPointExtension>
            <ns3:atemp>19.0</ns3:atemp>
            <ns3:hr>141</ns3:hr>
          </ns3:TrackPointExtension>
        </extensions>
      </trkpt>
      <trkpt lat="48.0373252741992473602294921875" lon="11.22140019200742244720458984375">
        <ele>580.4000244140625</ele>
        <time>2023-09-05T05:54:31.000Z</time>
        <extensions>
          <ns3:TrackPointExtension>
            <ns3:atemp>19.0</ns3:atemp>
            <ns3:hr>141</ns3:hr>
          </ns3:TrackPointExtension>
        </extensions>
      </trkpt>
      <trkpt lat="48.0374255217611789703369140625" lon="11.22127396054565906524658203125">
        <ele>579.5999755859375</ele>
        <time>2023-09-05T05:54:35.000Z</time>
        <extensions>
          <ns3:TrackPointExtension>
            <ns3:atemp>19.0</ns3:atemp>
            <ns3:hr>140</ns3:hr>
          </ns3:TrackPointExtension>
        </extensions>
      </trkpt>
      <trkpt lat="48.0375338159501552581787109375" lon="11.2211302109062671661376953125">
        <ele>578.5999755859375</ele>
        <time>2023-09-05T05:54:40.000Z</time>
        <extensions>
          <ns3:TrackPointExtension>
            <ns3:atemp>19.0</ns3:atemp>
            <ns3:hr>142</ns3:hr>
          </ns3:TrackPointExtension>
        </extensions>
      </trkpt>
      <trkpt lat="48.03755468688905239105224609375" lon="11.2211033888161182403564453125">
        <ele>578.5999755859375</ele>
        <time>2023-09-05T05:54:41.000Z</time>
        <extensions>
          <ns3:TrackPointExtension>
            <ns3:atemp>19.0</ns3:atemp>
            <ns3:hr>142</ns3:hr>
          </ns3:TrackPointExtension>
        </extensions>
      </trkpt>
      <trkpt lat="48.0376647412776947021484375" lon="11.22095628641545772552490234375">
        <ele>578</ele>
        <time>2023-09-05T05:54:46.000Z</time>
        <extensions>
          <ns3:TrackPointExtension>
            <ns3:atemp>19.0</ns3:atemp>
            <ns3:hr>142</ns3:hr>
          </ns3:TrackPointExtension>
        </extensions>
      </trkpt>
      <trkpt lat="48.0377859435975551605224609375" lon="11.2207679450511932373046875">
        <ele>577.4000244140625</ele>
        <time>2023-09-05T05:54:51.000Z</time>
        <extensions>
          <ns3:TrackPointExtension>
            <ns3:atemp>19.0</ns3:atemp>
            <ns3:hr>142</ns3:hr>
          </ns3:TrackPointExtension>
        </extensions>
      </trkpt>
      <trkpt lat="48.0378151126205921173095703125" lon="11.22067783959209918975830078125">
        <ele>577</ele>
        <time>2023-09-05T05:54:53.000Z</time>
        <extensions>
          <ns3:TrackPointExtension>
            <ns3:atemp>19.0</ns3:atemp>
            <ns3:hr>142</ns3:hr>
          </ns3:TrackPointExtension>
        </extensions>
      </trkpt>
      <trkpt lat="48.03792449645698070526123046875" lon="11.22046477161347866058349609375">
        <ele>576.4000244140625</ele>
        <time>2023-09-05T05:54:59.000Z</time>
        <extensions>
          <ns3:TrackPointExtension>
            <ns3:atemp>19.0</ns3:atemp>
            <ns3:hr>142</ns3:hr>
          </ns3:TrackPointExtension>
        </extensions>
      </trkpt>
      <trkpt lat="48.0379421822726726531982421875" lon="11.22042261064052581787109375">
        <ele>576.4000244140625</ele>
        <time>2023-09-05T05:55:00.000Z</time>
        <extensions>
          <ns3:TrackPointExtension>
            <ns3:atemp>19.0</ns3:atemp>
            <ns3:hr>142</ns3:hr>
          </ns3:TrackPointExtension>
        </extensions>
      </trkpt>
      <trkpt lat="48.03797118365764617919921875" lon="11.22027081437408924102783203125">
        <ele>576</ele>
        <time>2023-09-05T05:55:04.000Z</time>
        <extensions>
          <ns3:TrackPointExtension>
            <ns3:atemp>19.0</ns3:atemp>
            <ns3:hr>142</ns3:hr>
          </ns3:TrackPointExtension>
        </extensions>
      </trkpt>
      <trkpt lat="48.03798702545464038848876953125" lon="11.21993704698979854583740234375">
        <ele>575.5999755859375</ele>
        <time>2023-09-05T05:55:12.000Z</time>
        <extensions>
          <ns3:TrackPointExtension>
            <ns3:atemp>19.0</ns3:atemp>
            <ns3:hr>143</ns3:hr>
          </ns3:TrackPointExtension>
        </extensions>
      </trkpt>
      <trkpt lat="48.03796858526766300201416015625" lon="11.21976085938513278961181640625">
        <ele>575</ele>
        <time>2023-09-05T05:55:17.000Z</time>
        <extensions>
          <ns3:TrackPointExtension>
            <ns3:atemp>19.0</ns3:atemp>
            <ns3:hr>142</ns3:hr>
          </ns3:TrackPointExtension>
        </extensions>
      </trkpt>
      <trkpt lat="48.03790270350873470306396484375" lon="11.21957293711602687835693359375">
        <ele>574.4000244140625</ele>
        <time>2023-09-05T05:55:22.000Z</time>
        <extensions>
          <ns3:TrackPointExtension>
            <ns3:atemp>19.0</ns3:atemp>
            <ns3:hr>141</ns3:hr>
          </ns3:TrackPointExtension>
        </extensions>
      </trkpt>
      <trkpt lat="48.037872947752475738525390625" lon="11.21945726685225963592529296875">
        <ele>574</ele>
        <time>2023-09-05T05:55:25.000Z</time>
        <extensions>
          <ns3:TrackPointExtension>
            <ns3:atemp>19.0</ns3:atemp>
            <ns3:hr>140</ns3:hr>
          </ns3:TrackPointExtension>
        </extensions>
      </trkpt>
      <trkpt lat="48.0378768034279346466064453125" lon="11.2193881161510944366455078125">
        <ele>573.79998779296875</ele>
        <time>2023-09-05T05:55:27.000Z</time>
        <extensions>
          <ns3:TrackPointExtension>
            <ns3:atemp>19.0</ns3:atemp>
            <ns3:hr>139</ns3:hr>
          </ns3:TrackPointExtension>
        </extensions>
      </trkpt>
      <trkpt lat="48.0378553457558155059814453125" lon="11.219386272132396697998046875">
        <ele>573.5999755859375</ele>
        <time>2023-09-05T05:55:28.000Z</time>
        <extensions>
          <ns3:TrackPointExtension>
            <ns3:atemp>19.0</ns3:atemp>
            <ns3:hr>139</ns3:hr>
          </ns3:TrackPointExtension>
        </extensions>
      </trkpt>
      <trkpt lat="48.0377976782619953155517578125" lon="11.21940471231937408447265625">
        <ele>573.5999755859375</ele>
        <time>2023-09-05T05:55:30.000Z</time>
        <extensions>
          <ns3:TrackPointExtension>
            <ns3:atemp>19.0</ns3:atemp>
            <ns3:hr>139</ns3:hr>
          </ns3:TrackPointExtension>
        </extensions>
      </trkpt>
      <trkpt lat="48.03766197524964809417724609375" lon="11.21948861517012119293212890625">
        <ele>573.5999755859375</ele>
        <time>2023-09-05T05:55:36.000Z</time>
        <extensions>
          <ns3:TrackPointExtension>
            <ns3:atemp>19.0</ns3:atemp>
            <ns3:hr>138</ns3:hr>
          </ns3:TrackPointExtension>
        </extensions>
      </trkpt>
      <trkpt lat="48.037545718252658843994140625" lon="11.21961057186126708984375">
        <ele>573.79998779296875</ele>
        <time>2023-09-05T05:55:41.000Z</time>
        <extensions>
          <ns3:TrackPointExtension>
            <ns3:atemp>19.0</ns3:atemp>
            <ns3:hr>139</ns3:hr>
          </ns3:TrackPointExtension>
        </extensions>
      </trkpt>
      <trkpt lat="48.03745058365166187286376953125" lon="11.2197002582252025604248046875">
        <ele>574.20001220703125</ele>
        <time>2023-09-05T05:55:45.000Z</time>
        <extensions>
          <ns3:TrackPointExtension>
            <ns3:atemp>19.0</ns3:atemp>
            <ns3:hr>139</ns3:hr>
          </ns3:TrackPointExtension>
        </extensions>
      </trkpt>
      <trkpt lat="48.03741286508738994598388671875" lon="11.21974644251167774200439453125">
        <ele>574.4000244140625</ele>
        <time>2023-09-05T05:55:47.000Z</time>
        <extensions>
          <ns3:TrackPointExtension>
            <ns3:atemp>19.0</ns3:atemp>
            <ns3:hr>139</ns3:hr>
          </ns3:TrackPointExtension>
        </extensions>
      </trkpt>
      <trkpt lat="48.03726819343864917755126953125" lon="11.21993687935173511505126953125">
        <ele>574.79998779296875</ele>
        <time>2023-09-05T05:55:54.000Z</time>
        <extensions>
          <ns3:TrackPointExtension>
            <ns3:atemp>19.0</ns3:atemp>
            <ns3:hr>140</ns3:hr>
          </ns3:TrackPointExtension>
        </extensions>
      </trkpt>
      <trkpt lat="48.0371282994747161865234375" lon="11.22011206112802028656005859375">
        <ele>575.20001220703125</ele>
        <time>2023-09-05T05:56:01.000Z</time>
        <extensions>
          <ns3:TrackPointExtension>
            <ns3:atemp>19.0</ns3:atemp>
            <ns3:hr>141</ns3:hr>
          </ns3:TrackPointExtension>
        </extensions>
      </trkpt>
      <trkpt lat="48.03708563558757305145263671875" lon="11.220148690044879913330078125">
        <ele>575.4000244140625</ele>
        <time>2023-09-05T05:56:03.000Z</time>
        <extensions>
          <ns3:TrackPointExtension>
            <ns3:atemp>19.0</ns3:atemp>
            <ns3:hr>144</ns3:hr>
          </ns3:TrackPointExtension>
        </extensions>
      </trkpt>
      <trkpt lat="48.0370024032890796661376953125" lon="11.2202127277851104736328125">
        <ele>575.5999755859375</ele>
        <time>2023-09-05T05:56:07.000Z</time>
        <extensions>
          <ns3:TrackPointExtension>
            <ns3:atemp>19.0</ns3:atemp>
            <ns3:hr>144</ns3:hr>
          </ns3:TrackPointExtension>
        </extensions>
      </trkpt>
      <trkpt lat="48.036888577044010162353515625" lon="11.2203238718211650848388671875">
        <ele>576.4000244140625</ele>
        <time>2023-09-05T05:56:13.000Z</time>
        <extensions>
          <ns3:TrackPointExtension>
            <ns3:atemp>18.0</ns3:atemp>
            <ns3:hr>144</ns3:hr>
          </ns3:TrackPointExtension>
        </extensions>
      </trkpt>
      <trkpt lat="48.03686116822063922882080078125" lon="11.22033870778977870941162109375">
        <ele>576.5999755859375</ele>
        <time>2023-09-05T05:56:14.000Z</time>
        <extensions>
          <ns3:TrackPointExtension>
            <ns3:atemp>19.0</ns3:atemp>
            <ns3:hr>144</ns3:hr>
          </ns3:TrackPointExtension>
        </extensions>
      </trkpt>
      <trkpt lat="48.03677265532314777374267578125" lon="11.2203825451433658599853515625">
        <ele>577</ele>
        <time>2023-09-05T05:56:17.000Z</time>
        <extensions>
          <ns3:TrackPointExtension>
            <ns3:atemp>19.0</ns3:atemp>
            <ns3:hr>145</ns3:hr>
          </ns3:TrackPointExtension>
        </extensions>
      </trkpt>
      <trkpt lat="48.03670124150812625885009765625" lon="11.22044314630329608917236328125">
        <ele>577.20001220703125</ele>
        <time>2023-09-05T05:56:21.000Z</time>
        <extensions>
          <ns3:TrackPointExtension>
            <ns3:atemp>18.0</ns3:atemp>
            <ns3:hr>146</ns3:hr>
          </ns3:TrackPointExtension>
        </extensions>
      </trkpt>
      <trkpt lat="48.03668313659727573394775390625" lon="11.22045001946389675140380859375">
        <ele>577.5999755859375</ele>
        <time>2023-09-05T05:56:22.000Z</time>
        <extensions>
          <ns3:TrackPointExtension>
            <ns3:atemp>19.0</ns3:atemp>
            <ns3:hr>148</ns3:hr>
          </ns3:TrackPointExtension>
        </extensions>
      </trkpt>
      <trkpt lat="48.036633431911468505859375" lon="11.22049461118876934051513671875">
        <ele>578.20001220703125</ele>
        <time>2023-09-05T05:56:25.000Z</time>
        <extensions>
          <ns3:TrackPointExtension>
            <ns3:atemp>18.0</ns3:atemp>
            <ns3:hr>151</ns3:hr>
          </ns3:TrackPointExtension>
        </extensions>
      </trkpt>
      <trkpt lat="48.03653662092983722686767578125" lon="11.22054892592132091522216796875">
        <ele>578.5999755859375</ele>
        <time>2023-09-05T05:56:28.000Z</time>
        <extensions>
          <ns3:TrackPointExtension>
            <ns3:atemp>19.0</ns3:atemp>
            <ns3:hr>151</ns3:hr>
          </ns3:TrackPointExtension>
        </extensions>
      </trkpt>
      <trkpt lat="48.036503680050373077392578125" lon="11.22055160813033580780029296875">
        <ele>578.5999755859375</ele>
        <time>2023-09-05T05:56:29.000Z</time>
        <extensions>
          <ns3:TrackPointExtension>
            <ns3:atemp>18.0</ns3:atemp>
            <ns3:hr>152</ns3:hr>
          </ns3:TrackPointExtension>
        </extensions>
      </trkpt>
      <trkpt lat="48.03648096509277820587158203125" lon="11.22052947990596294403076171875">
        <ele>578.79998779296875</ele>
        <time>2023-09-05T05:56:30.000Z</time>
        <extensions>
          <ns3:TrackPointExtension>
            <ns3:atemp>19.0</ns3:atemp>
            <ns3:hr>151</ns3:hr>
          </ns3:TrackPointExtension>
        </extensions>
      </trkpt>
      <trkpt lat="48.036440312862396240234375" lon="11.22047399170696735382080078125">
        <ele>579</ele>
        <time>2023-09-05T05:56:32.000Z</time>
        <extensions>
          <ns3:TrackPointExtension>
            <ns3:atemp>19.0</ns3:atemp>
            <ns3:hr>151</ns3:hr>
          </ns3:TrackPointExtension>
        </extensions>
      </trkpt>
      <trkpt lat="48.03640267811715602874755859375" lon="11.22036318294703960418701171875">
        <ele>580</ele>
        <time>2023-09-05T05:56:36.000Z</time>
        <extensions>
          <ns3:TrackPointExtension>
            <ns3:atemp>19.0</ns3:atemp>
            <ns3:hr>152</ns3:hr>
          </ns3:TrackPointExtension>
        </extensions>
      </trkpt>
      <trkpt lat="48.0363985709846019744873046875" lon="11.2203221954405307769775390625">
        <ele>580.20001220703125</ele>
        <time>2023-09-05T05:56:37.000Z</time>
        <extensions>
          <ns3:TrackPointExtension>
            <ns3:atemp>18.0</ns3:atemp>
            <ns3:hr>152</ns3:hr>
          </ns3:TrackPointExtension>
        </extensions>
      </trkpt>
      <trkpt lat="48.03635003976523876190185546875" lon="11.22015397064387798309326171875">
        <ele>581</ele>
        <time>2023-09-05T05:56:42.000Z</time>
        <extensions>
          <ns3:TrackPointExtension>
            <ns3:atemp>18.0</ns3:atemp>
            <ns3:hr>152</ns3:hr>
          </ns3:TrackPointExtension>
        </extensions>
      </trkpt>
      <trkpt lat="48.0363432504236698150634765625" lon="11.22012295760214328765869140625">
        <ele>581.20001220703125</ele>
        <time>2023-09-05T05:56:43.000Z</time>
        <extensions>
          <ns3:TrackPointExtension>
            <ns3:atemp>18.0</ns3:atemp>
            <ns3:hr>152</ns3:hr>
          </ns3:TrackPointExtension>
        </extensions>
      </trkpt>
      <trkpt lat="48.0363368801772594451904296875" lon="11.220025978982448577880859375">
        <ele>582.4000244140625</ele>
        <time>2023-09-05T05:56:46.000Z</time>
        <extensions>
          <ns3:TrackPointExtension>
            <ns3:atemp>18.0</ns3:atemp>
            <ns3:hr>153</ns3:hr>
          </ns3:TrackPointExtension>
        </extensions>
      </trkpt>
      <trkpt lat="48.0363281629979610443115234375" lon="11.21992665342986583709716796875">
        <ele>583.20001220703125</ele>
        <time>2023-09-05T05:56:49.000Z</time>
        <extensions>
          <ns3:TrackPointExtension>
            <ns3:atemp>18.0</ns3:atemp>
            <ns3:hr>154</ns3:hr>
          </ns3:TrackPointExtension>
        </extensions>
      </trkpt>
      <trkpt lat="48.036309890449047088623046875" lon="11.2198437564074993133544921875">
        <ele>583.5999755859375</ele>
        <time>2023-09-05T05:56:51.000Z</time>
        <extensions>
          <ns3:TrackPointExtension>
            <ns3:atemp>18.0</ns3:atemp>
            <ns3:hr>154</ns3:hr>
          </ns3:TrackPointExtension>
        </extensions>
      </trkpt>
      <trkpt lat="48.0362815596163272857666015625" lon="11.21967486105859279632568359375">
        <ele>583.79998779296875</ele>
        <time>2023-09-05T05:56:55.000Z</time>
        <extensions>
          <ns3:TrackPointExtension>
            <ns3:atemp>18.0</ns3:atemp>
            <ns3:hr>156</ns3:hr>
          </ns3:TrackPointExtension>
        </extensions>
      </trkpt>
      <trkpt lat="48.03624451160430908203125" lon="11.2194417603313922882080078125">
        <ele>583.79998779296875</ele>
        <time>2023-09-05T05:57:03.000Z</time>
        <extensions>
          <ns3:TrackPointExtension>
            <ns3:atemp>18.0</ns3:atemp>
            <ns3:hr>159</ns3:hr>
          </ns3:TrackPointExtension>
        </extensions>
      </trkpt>
      <trkpt lat="48.03623252548277378082275390625" lon="11.219417788088321685791015625">
        <ele>584</ele>
        <time>2023-09-05T05:57:05.000Z</time>
        <extensions>
          <ns3:TrackPointExtension>
            <ns3:atemp>18.0</ns3:atemp>
            <ns3:hr>159</ns3:hr>
          </ns3:TrackPointExtension>
        </extensions>
      </trkpt>
      <trkpt lat="48.03622565232217311859130859375" lon="11.21940664015710353851318359375">
        <ele>584.4000244140625</ele>
        <time>2023-09-05T05:57:08.000Z</time>
        <extensions>
          <ns3:TrackPointExtension>
            <ns3:atemp>18.0</ns3:atemp>
            <ns3:hr>159</ns3:hr>
          </ns3:TrackPointExtension>
        </extensions>
      </trkpt>
      <trkpt lat="48.0362225510179996490478515625" lon="11.21936690993607044219970703125">
        <ele>584.4000244140625</ele>
        <time>2023-09-05T05:57:11.000Z</time>
        <extensions>
          <ns3:TrackPointExtension>
            <ns3:atemp>18.0</ns3:atemp>
            <ns3:hr>160</ns3:hr>
          </ns3:TrackPointExtension>
        </extensions>
      </trkpt>
      <trkpt lat="48.0362322740256786346435546875" lon="11.2193140201270580291748046875">
        <ele>584</ele>
        <time>2023-09-05T05:57:14.000Z</time>
        <extensions>
          <ns3:TrackPointExtension>
            <ns3:atemp>18.0</ns3:atemp>
            <ns3:hr>160</ns3:hr>
          </ns3:TrackPointExtension>
        </extensions>
      </trkpt>
      <trkpt lat="48.03621542640030384063720703125" lon="11.21913020499050617218017578125">
        <ele>583.5999755859375</ele>
        <time>2023-09-05T05:57:21.000Z</time>
        <extensions>
          <ns3:TrackPointExtension>
            <ns3:atemp>18.0</ns3:atemp>
            <ns3:hr>160</ns3:hr>
          </ns3:TrackPointExtension>
        </extensions>
      </trkpt>
      <trkpt lat="48.036199249327182769775390625" lon="11.21890121139585971832275390625">
        <ele>583.4000244140625</ele>
        <time>2023-09-05T05:57:26.000Z</time>
        <extensions>
          <ns3:TrackPointExtension>
            <ns3:atemp>18.0</ns3:atemp>
            <ns3:hr>159</ns3:hr>
          </ns3:TrackPointExtension>
        </extensions>
      </trkpt>
      <trkpt lat="48.03616345860064029693603515625" lon="11.21878352947533130645751953125">
        <ele>583.5999755859375</ele>
        <time>2023-09-05T05:57:30.000Z</time>
        <extensions>
          <ns3:TrackPointExtension>
            <ns3:atemp>18.0</ns3:atemp>
            <ns3:hr>157</ns3:hr>
          </ns3:TrackPointExtension>
        </extensions>
      </trkpt>
      <trkpt lat="48.03615256212651729583740234375" lon="11.21877900324761867523193359375">
        <ele>583.5999755859375</ele>
        <time>2023-09-05T05:57:31.000Z</time>
        <extensions>
          <ns3:TrackPointExtension>
            <ns3:atemp>18.0</ns3:atemp>
            <ns3:hr>156</ns3:hr>
          </ns3:TrackPointExtension>
        </extensions>
      </trkpt>
      <trkpt lat="48.0361484549939632415771484375" lon="11.2187685258686542510986328125">
        <ele>583.4000244140625</ele>
        <time>2023-09-05T05:57:32.000Z</time>
        <extensions>
          <ns3:TrackPointExtension>
            <ns3:atemp>18.0</ns3:atemp>
            <ns3:hr>156</ns3:hr>
          </ns3:TrackPointExtension>
        </extensions>
      </trkpt>
      <trkpt lat="48.03614770062267780303955078125" lon="11.2186655960977077484130859375">
        <ele>583.4000244140625</ele>
        <time>2023-09-05T05:57:35.000Z</time>
        <extensions>
          <ns3:TrackPointExtension>
            <ns3:atemp>18.0</ns3:atemp>
            <ns3:hr>155</ns3:hr>
          </ns3:TrackPointExtension>
        </extensions>
      </trkpt>
      <trkpt lat="48.0361974053084850311279296875" lon="11.2184466607868671417236328125">
        <ele>583</ele>
        <time>2023-09-05T05:57:40.000Z</time>
        <extensions>
          <ns3:TrackPointExtension>
            <ns3:atemp>19.0</ns3:atemp>
            <ns3:hr>155</ns3:hr>
          </ns3:TrackPointExtension>
        </extensions>
      </trkpt>
      <trkpt lat="48.036195226013660430908203125" lon="11.21840315870940685272216796875">
        <ele>582.79998779296875</ele>
        <time>2023-09-05T05:57:41.000Z</time>
        <extensions>
          <ns3:TrackPointExtension>
            <ns3:atemp>18.0</ns3:atemp>
            <ns3:hr>152</ns3:hr>
          </ns3:TrackPointExtension>
        </extensions>
      </trkpt>
      <trkpt lat="48.036189191043376922607421875" lon="11.21835722588002681732177734375">
        <ele>582.5999755859375</ele>
        <time>2023-09-05T05:57:42.000Z</time>
        <extensions>
          <ns3:TrackPointExtension>
            <ns3:atemp>19.0</ns3:atemp>
            <ns3:hr>152</ns3:hr>
          </ns3:TrackPointExtension>
        </extensions>
      </trkpt>
      <trkpt lat="48.03615868091583251953125" lon="11.21820132248103618621826171875">
        <ele>582</ele>
        <time>2023-09-05T05:57:46.000Z</time>
        <extensions>
          <ns3:TrackPointExtension>
            <ns3:atemp>19.0</ns3:atemp>
            <ns3:hr>150</ns3:hr>
          </ns3:TrackPointExtension>
        </extensions>
      </trkpt>
      <trkpt lat="48.03613252937793731689453125" lon="11.218127645552158355712890625">
        <ele>581.4000244140625</ele>
        <time>2023-09-05T05:57:48.000Z</time>
        <extensions>
          <ns3:TrackPointExtension>
            <ns3:atemp>19.0</ns3:atemp>
            <ns3:hr>150</ns3:hr>
          </ns3:TrackPointExtension>
        </extensions>
      </trkpt>
      <trkpt lat="48.03608450107276439666748046875" lon="11.21800200082361698150634765625">
        <ele>580.79998779296875</ele>
        <time>2023-09-05T05:57:51.000Z</time>
        <extensions>
          <ns3:TrackPointExtension>
            <ns3:atemp>18.0</ns3:atemp>
            <ns3:hr>150</ns3:hr>
          </ns3:TrackPointExtension>
        </extensions>
      </trkpt>
      <trkpt lat="48.03605549968779087066650390625" lon="11.21786177158355712890625">
        <ele>580.4000244140625</ele>
        <time>2023-09-05T05:57:54.000Z</time>
        <extensions>
          <ns3:TrackPointExtension>
            <ns3:atemp>19.0</ns3:atemp>
            <ns3:hr>151</ns3:hr>
          </ns3:TrackPointExtension>
        </extensions>
      </trkpt>
      <trkpt lat="48.035974614322185516357421875" lon="11.21770192869007587432861328125">
        <ele>580</ele>
        <time>2023-09-05T05:57:59.000Z</time>
        <extensions>
          <ns3:TrackPointExtension>
            <ns3:atemp>19.0</ns3:atemp>
            <ns3:hr>150</ns3:hr>
          </ns3:TrackPointExtension>
        </extensions>
      </trkpt>
      <trkpt lat="48.03589674644172191619873046875" lon="11.21753496117889881134033203125">
        <ele>579.4000244140625</ele>
        <time>2023-09-05T05:58:04.000Z</time>
        <extensions>
          <ns3:TrackPointExtension>
            <ns3:atemp>19.0</ns3:atemp>
            <ns3:hr>148</ns3:hr>
          </ns3:TrackPointExtension>
        </extensions>
      </trkpt>
      <trkpt lat="48.0358604528009891510009765625" lon="11.217471174895763397216796875">
        <ele>579.20001220703125</ele>
        <time>2023-09-05T05:58:06.000Z</time>
        <extensions>
          <ns3:TrackPointExtension>
            <ns3:atemp>19.0</ns3:atemp>
            <ns3:hr>147</ns3:hr>
          </ns3:TrackPointExtension>
        </extensions>
      </trkpt>
      <trkpt lat="48.0357415974140167236328125" lon="11.2172178737819194793701171875">
        <ele>578.4000244140625</ele>
        <time>2023-09-05T05:58:13.000Z</time>
        <extensions>
          <ns3:TrackPointExtension>
            <ns3:atemp>18.0</ns3:atemp>
            <ns3:hr>146</ns3:hr>
          </ns3:TrackPointExtension>
        </extensions>
      </trkpt>
      <trkpt lat="48.03563036955893039703369140625" lon="11.21698980219662189483642578125">
        <ele>578</ele>
        <time>2023-09-05T05:58:20.000Z</time>
        <extensions>
          <ns3:TrackPointExtension>
            <ns3:atemp>19.0</ns3:atemp>
            <ns3:hr>144</ns3:hr>
          </ns3:TrackPointExtension>
        </extensions>
      </trkpt>
      <trkpt lat="48.0355979315936565399169921875" lon="11.216926686465740203857421875">
        <ele>577.79998779296875</ele>
        <time>2023-09-05T05:58:22.000Z</time>
        <extensions>
          <ns3:TrackPointExtension>
            <ns3:atemp>19.0</ns3:atemp>
            <ns3:hr>145</ns3:hr>
          </ns3:TrackPointExtension>
        </extensions>
      </trkpt>
      <trkpt lat="48.035559542477130889892578125" lon="11.21681503951549530029296875">
        <ele>577.5999755859375</ele>
        <time>2023-09-05T05:58:25.000Z</time>
        <extensions>
          <ns3:TrackPointExtension>
            <ns3:atemp>19.0</ns3:atemp>
            <ns3:hr>146</ns3:hr>
          </ns3:TrackPointExtension>
        </extensions>
      </trkpt>
      <trkpt lat="48.03552174009382724761962890625" lon="11.2167139537632465362548828125">
        <ele>577.4000244140625</ele>
        <time>2023-09-05T05:58:28.000Z</time>
        <extensions>
          <ns3:TrackPointExtension>
            <ns3:atemp>19.0</ns3:atemp>
            <ns3:hr>147</ns3:hr>
          </ns3:TrackPointExtension>
        </extensions>
      </trkpt>
      <trkpt lat="48.0354624800384044647216796875" lon="11.2165449745953083038330078125">
        <ele>577.20001220703125</ele>
        <time>2023-09-05T05:58:33.000Z</time>
        <extensions>
          <ns3:TrackPointExtension>
            <ns3:atemp>19.0</ns3:atemp>
            <ns3:hr>143</ns3:hr>
          </ns3:TrackPointExtension>
        </extensions>
      </trkpt>
      <trkpt lat="48.0354447104036808013916015625" lon="11.2164655141532421112060546875">
        <ele>577.20001220703125</ele>
        <time>2023-09-05T05:58:35.000Z</time>
        <extensions>
          <ns3:TrackPointExtension>
            <ns3:atemp>19.0</ns3:atemp>
            <ns3:hr>140</ns3:hr>
          </ns3:TrackPointExtension>
        </extensions>
      </trkpt>
      <trkpt lat="48.035392574965953826904296875" lon="11.21621397323906421661376953125">
        <ele>576.5999755859375</ele>
        <time>2023-09-05T05:58:41.000Z</time>
        <extensions>
          <ns3:TrackPointExtension>
            <ns3:atemp>19.0</ns3:atemp>
            <ns3:hr>138</ns3:hr>
          </ns3:TrackPointExtension>
        </extensions>
      </trkpt>
      <trkpt lat="48.0353580415248870849609375" lon="11.21604700572788715362548828125">
        <ele>576.4000244140625</ele>
        <time>2023-09-05T05:58:45.000Z</time>
        <extensions>
          <ns3:TrackPointExtension>
            <ns3:atemp>19.0</ns3:atemp>
            <ns3:hr>135</ns3:hr>
          </ns3:TrackPointExtension>
        </extensions>
      </trkpt>
      <trkpt lat="48.03533448837697505950927734375" lon="11.2159166671335697174072265625">
        <ele>576.4000244140625</ele>
        <time>2023-09-05T05:58:48.000Z</time>
        <extensions>
          <ns3:TrackPointExtension>
            <ns3:atemp>19.0</ns3:atemp>
            <ns3:hr>133</ns3:hr>
          </ns3:TrackPointExtension>
        </extensions>
      </trkpt>
      <trkpt lat="48.0353317223489284515380859375" lon="11.2158730812370777130126953125">
        <ele>576.20001220703125</ele>
        <time>2023-09-05T05:58:49.000Z</time>
        <extensions>
          <ns3:TrackPointExtension>
            <ns3:atemp>18.0</ns3:atemp>
            <ns3:hr>132</ns3:hr>
          </ns3:TrackPointExtension>
        </extensions>
      </trkpt>
      <trkpt lat="48.03527430631220340728759765625" lon="11.2155978195369243621826171875">
        <ele>575.79998779296875</ele>
        <time>2023-09-05T05:58:56.000Z</time>
        <extensions>
          <ns3:TrackPointExtension>
            <ns3:atemp>19.0</ns3:atemp>
            <ns3:hr>131</ns3:hr>
          </ns3:TrackPointExtension>
        </extensions>
      </trkpt>
      <trkpt lat="48.03521881811320781707763671875" lon="11.2153423391282558441162109375">
        <ele>575.4000244140625</ele>
        <time>2023-09-05T05:59:02.000Z</time>
        <extensions>
          <ns3:TrackPointExtension>
            <ns3:atemp>19.0</ns3:atemp>
            <ns3:hr>132</ns3:hr>
          </ns3:TrackPointExtension>
        </extensions>
      </trkpt>
      <trkpt lat="48.03517858497798442840576171875" lon="11.21511854231357574462890625">
        <ele>575.20001220703125</ele>
        <time>2023-09-05T05:59:08.000Z</time>
        <extensions>
          <ns3:TrackPointExtension>
            <ns3:atemp>19.0</ns3:atemp>
            <ns3:hr>132</ns3:hr>
          </ns3:TrackPointExtension>
        </extensions>
      </trkpt>
      <trkpt lat="48.03516961634159088134765625" lon="11.21508107520639896392822265625">
        <ele>575.20001220703125</ele>
        <time>2023-09-05T05:59:09.000Z</time>
        <extensions>
          <ns3:TrackPointExtension>
            <ns3:atemp>19.0</ns3:atemp>
            <ns3:hr>132</ns3:hr>
          </ns3:TrackPointExtension>
        </extensions>
      </trkpt>
      <trkpt lat="48.03511052392423152923583984375" lon="11.21485300362110137939453125">
        <ele>575.20001220703125</ele>
        <time>2023-09-05T05:59:15.000Z</time>
        <extensions>
          <ns3:TrackPointExtension>
            <ns3:atemp>19.0</ns3:atemp>
            <ns3:hr>133</ns3:hr>
          </ns3:TrackPointExtension>
        </extensions>
      </trkpt>
      <trkpt lat="48.0350983701646327972412109375" lon="11.2148161232471466064453125">
        <ele>575.20001220703125</ele>
        <time>2023-09-05T05:59:16.000Z</time>
        <extensions>
          <ns3:TrackPointExtension>
            <ns3:atemp>19.0</ns3:atemp>
            <ns3:hr>133</ns3:hr>
          </ns3:TrackPointExtension>
        </extensions>
      </trkpt>
      <trkpt lat="48.03502745926380157470703125" lon="11.21458453126251697540283203125">
        <ele>575</ele>
        <time>2023-09-05T05:59:23.000Z</time>
        <extensions>
          <ns3:TrackPointExtension>
            <ns3:atemp>19.0</ns3:atemp>
            <ns3:hr>134</ns3:hr>
          </ns3:TrackPointExtension>
        </extensions>
      </trkpt>
      <trkpt lat="48.03502268157899379730224609375" lon="11.21455033309757709503173828125">
        <ele>574.79998779296875</ele>
        <time>2023-09-05T05:59:24.000Z</time>
        <extensions>
          <ns3:TrackPointExtension>
            <ns3:atemp>19.0</ns3:atemp>
            <ns3:hr>134</ns3:hr>
          </ns3:TrackPointExtension>
        </extensions>
      </trkpt>
      <trkpt lat="48.0349588952958583831787109375" lon="11.21433659456670284271240234375">
        <ele>574.79998779296875</ele>
        <time>2023-09-05T05:59:30.000Z</time>
        <extensions>
          <ns3:TrackPointExtension>
            <ns3:atemp>19.0</ns3:atemp>
            <ns3:hr>134</ns3:hr>
          </ns3:TrackPointExtension>
        </extensions>
      </trkpt>
      <trkpt lat="48.034815229475498199462890625" lon="11.21396544389426708221435546875">
        <ele>575</ele>
        <time>2023-09-05T05:59:41.000Z</time>
        <extensions>
          <ns3:TrackPointExtension>
            <ns3:atemp>19.0</ns3:atemp>
            <ns3:hr>136</ns3:hr>
          </ns3:TrackPointExtension>
        </extensions>
      </trkpt>
      <trkpt lat="48.03470500744879245758056640625" lon="11.21366084553301334381103515625">
        <ele>575.20001220703125</ele>
        <time>2023-09-05T05:59:49.000Z</time>
        <extensions>
          <ns3:TrackPointExtension>
            <ns3:atemp>19.0</ns3:atemp>
            <ns3:hr>139</ns3:hr>
          </ns3:TrackPointExtension>
        </extensions>
      </trkpt>
      <trkpt lat="48.0346901714801788330078125" lon="11.213617511093616485595703125">
        <ele>575.20001220703125</ele>
        <time>2023-09-05T05:59:50.000Z</time>
        <extensions>
          <ns3:TrackPointExtension>
            <ns3:atemp>19.0</ns3:atemp>
            <ns3:hr>139</ns3:hr>
          </ns3:TrackPointExtension>
        </extensions>
      </trkpt>
      <trkpt lat="48.03465505130589008331298828125" lon="11.21348633430898189544677734375">
        <ele>575.5999755859375</ele>
        <time>2023-09-05T05:59:54.000Z</time>
        <extensions>
          <ns3:TrackPointExtension>
            <ns3:atemp>19.0</ns3:atemp>
            <ns3:hr>142</ns3:hr>
          </ns3:TrackPointExtension>
        </extensions>
      </trkpt>
      <trkpt lat="48.03458883427083492279052734375" lon="11.2132160179316997528076171875">
        <ele>575.79998779296875</ele>
        <time>2023-09-05T06:00:01.000Z</time>
        <extensions>
          <ns3:TrackPointExtension>
            <ns3:atemp>19.0</ns3:atemp>
            <ns3:hr>142</ns3:hr>
          </ns3:TrackPointExtension>
        </extensions>
      </trkpt>
      <trkpt lat="48.034546338021755218505859375" lon="11.21302600018680095672607421875">
        <ele>576</ele>
        <time>2023-09-05T06:00:06.000Z</time>
        <extensions>
          <ns3:TrackPointExtension>
            <ns3:atemp>19.0</ns3:atemp>
            <ns3:hr>143</ns3:hr>
          </ns3:TrackPointExtension>
        </extensions>
      </trkpt>
      <trkpt lat="48.034525215625762939453125" lon="11.2129960767924785614013671875">
        <ele>576</ele>
        <time>2023-09-05T06:00:07.000Z</time>
        <extensions>
          <ns3:TrackPointExtension>
            <ns3:atemp>19.0</ns3:atemp>
            <ns3:hr>143</ns3:hr>
          </ns3:TrackPointExtension>
        </extensions>
      </trkpt>
      <trkpt lat="48.03446830250322818756103515625" lon="11.2128941528499126434326171875">
        <ele>576.20001220703125</ele>
        <time>2023-09-05T06:00:10.000Z</time>
        <extensions>
          <ns3:TrackPointExtension>
            <ns3:atemp>19.0</ns3:atemp>
            <ns3:hr>140</ns3:hr>
          </ns3:TrackPointExtension>
        </extensions>
      </trkpt>
      <trkpt lat="48.03440040908753871917724609375" lon="11.2127432785928249359130859375">
        <ele>576.5999755859375</ele>
        <time>2023-09-05T06:00:14.000Z</time>
        <extensions>
          <ns3:TrackPointExtension>
            <ns3:atemp>19.0</ns3:atemp>
            <ns3:hr>141</ns3:hr>
          </ns3:TrackPointExtension>
        </extensions>
      </trkpt>
      <trkpt lat="48.034357912838459014892578125" lon="11.21266172267496585845947265625">
        <ele>577</ele>
        <time>2023-09-05T06:00:17.000Z</time>
        <extensions>
          <ns3:TrackPointExtension>
            <ns3:atemp>19.0</ns3:atemp>
            <ns3:hr>142</ns3:hr>
          </ns3:TrackPointExtension>
        </extensions>
      </trkpt>
      <trkpt lat="48.034343160688877105712890625" lon="11.2126366607844829559326171875">
        <ele>577.20001220703125</ele>
        <time>2023-09-05T06:00:18.000Z</time>
        <extensions>
          <ns3:TrackPointExtension>
            <ns3:atemp>19.0</ns3:atemp>
            <ns3:hr>143</ns3:hr>
          </ns3:TrackPointExtension>
        </extensions>
      </trkpt>
      <trkpt lat="48.03432363085448741912841796875" lon="11.2126167118549346923828125">
        <ele>577.20001220703125</ele>
        <time>2023-09-05T06:00:19.000Z</time>
        <extensions>
          <ns3:TrackPointExtension>
            <ns3:atemp>19.0</ns3:atemp>
            <ns3:hr>144</ns3:hr>
          </ns3:TrackPointExtension>
        </extensions>
      </trkpt>
      <trkpt lat="48.03428105078637599945068359375" lon="11.21249475516378879547119140625">
        <ele>577.79998779296875</ele>
        <time>2023-09-05T06:00:23.000Z</time>
        <extensions>
          <ns3:TrackPointExtension>
            <ns3:atemp>19.0</ns3:atemp>
            <ns3:hr>147</ns3:hr>
          </ns3:TrackPointExtension>
        </extensions>
      </trkpt>
      <trkpt lat="48.034260012209415435791015625" lon="11.2124341540038585662841796875">
        <ele>578.20001220703125</ele>
        <time>2023-09-05T06:00:25.000Z</time>
        <extensions>
          <ns3:TrackPointExtension>
            <ns3:atemp>19.0</ns3:atemp>
            <ns3:hr>147</ns3:hr>
          </ns3:TrackPointExtension>
        </extensions>
      </trkpt>
      <trkpt lat="48.03424685262143611907958984375" lon="11.21240817010402679443359375">
        <ele>578.5999755859375</ele>
        <time>2023-09-05T06:00:26.000Z</time>
        <extensions>
          <ns3:TrackPointExtension>
            <ns3:atemp>19.0</ns3:atemp>
            <ns3:hr>148</ns3:hr>
          </ns3:TrackPointExtension>
        </extensions>
      </trkpt>
      <trkpt lat="48.0342062003910541534423828125" lon="11.21231957338750362396240234375">
        <ele>579</ele>
        <time>2023-09-05T06:00:30.000Z</time>
        <extensions>
          <ns3:TrackPointExtension>
            <ns3:atemp>19.0</ns3:atemp>
            <ns3:hr>150</ns3:hr>
          </ns3:TrackPointExtension>
        </extensions>
      </trkpt>
      <trkpt lat="48.034164793789386749267578125" lon="11.2122282944619655609130859375">
        <ele>579.5999755859375</ele>
        <time>2023-09-05T06:00:33.000Z</time>
        <extensions>
          <ns3:TrackPointExtension>
            <ns3:atemp>19.0</ns3:atemp>
            <ns3:hr>150</ns3:hr>
          </ns3:TrackPointExtension>
        </extensions>
      </trkpt>
      <trkpt lat="48.0341059528291225433349609375" lon="11.212121509015560150146484375">
        <ele>580</ele>
        <time>2023-09-05T06:00:37.000Z</time>
        <extensions>
          <ns3:TrackPointExtension>
            <ns3:atemp>19.0</ns3:atemp>
            <ns3:hr>150</ns3:hr>
          </ns3:TrackPointExtension>
        </extensions>
      </trkpt>
      <trkpt lat="48.03401651792228221893310546875" lon="11.21196015737950801849365234375">
        <ele>580.4000244140625</ele>
        <time>2023-09-05T06:00:42.000Z</time>
        <extensions>
          <ns3:TrackPointExtension>
            <ns3:atemp>19.0</ns3:atemp>
            <ns3:hr>153</ns3:hr>
          </ns3:TrackPointExtension>
        </extensions>
      </trkpt>
      <trkpt lat="48.033952228724956512451171875" lon="11.2118749134242534637451171875">
        <ele>580.5999755859375</ele>
        <time>2023-09-05T06:00:45.000Z</time>
        <extensions>
          <ns3:TrackPointExtension>
            <ns3:atemp>19.0</ns3:atemp>
            <ns3:hr>154</ns3:hr>
          </ns3:TrackPointExtension>
        </extensions>
      </trkpt>
      <trkpt lat="48.03389783017337322235107421875" lon="11.211792267858982086181640625">
        <ele>580.5999755859375</ele>
        <time>2023-09-05T06:00:48.000Z</time>
        <extensions>
          <ns3:TrackPointExtension>
            <ns3:atemp>19.0</ns3:atemp>
            <ns3:hr>154</ns3:hr>
          </ns3:TrackPointExtension>
        </extensions>
      </trkpt>
      <trkpt lat="48.03383664228022098541259765625" lon="11.21164885349571704864501953125">
        <ele>580.79998779296875</ele>
        <time>2023-09-05T06:00:52.000Z</time>
        <extensions>
          <ns3:TrackPointExtension>
            <ns3:atemp>19.0</ns3:atemp>
            <ns3:hr>153</ns3:hr>
          </ns3:TrackPointExtension>
        </extensions>
      </trkpt>
      <trkpt lat="48.03374670445919036865234375" lon="11.21141885407269001007080078125">
        <ele>581.20001220703125</ele>
        <time>2023-09-05T06:00:59.000Z</time>
        <extensions>
          <ns3:TrackPointExtension>
            <ns3:atemp>19.0</ns3:atemp>
            <ns3:hr>154</ns3:hr>
          </ns3:TrackPointExtension>
        </extensions>
      </trkpt>
      <trkpt lat="48.033720888197422027587890625" lon="11.21135045774281024932861328125">
        <ele>581.20001220703125</ele>
        <time>2023-09-05T06:01:01.000Z</time>
        <extensions>
          <ns3:TrackPointExtension>
            <ns3:atemp>19.0</ns3:atemp>
            <ns3:hr>153</ns3:hr>
          </ns3:TrackPointExtension>
        </extensions>
      </trkpt>
      <trkpt lat="48.03364972583949565887451171875" lon="11.21118240058422088623046875">
        <ele>581.20001220703125</ele>
        <time>2023-09-05T06:01:05.000Z</time>
        <extensions>
          <ns3:TrackPointExtension>
            <ns3:atemp>19.0</ns3:atemp>
            <ns3:hr>153</ns3:hr>
          </ns3:TrackPointExtension>
        </extensions>
      </trkpt>
      <trkpt lat="48.03357311524450778961181640625" lon="11.21092935092747211456298828125">
        <ele>580.79998779296875</ele>
        <time>2023-09-05T06:01:12.000Z</time>
        <extensions>
          <ns3:TrackPointExtension>
            <ns3:atemp>19.0</ns3:atemp>
            <ns3:hr>153</ns3:hr>
          </ns3:TrackPointExtension>
        </extensions>
      </trkpt>
      <trkpt lat="48.033537156879901885986328125" lon="11.2106340564787387847900390625">
        <ele>580.5999755859375</ele>
        <time>2023-09-05T06:01:19.000Z</time>
        <extensions>
          <ns3:TrackPointExtension>
            <ns3:atemp>19.0</ns3:atemp>
            <ns3:hr>154</ns3:hr>
          </ns3:TrackPointExtension>
        </extensions>
      </trkpt>
      <trkpt lat="48.033510334789752960205078125" lon="11.21044789440929889678955078125">
        <ele>580.20001220703125</ele>
        <time>2023-09-05T06:01:24.000Z</time>
        <extensions>
          <ns3:TrackPointExtension>
            <ns3:atemp>19.0</ns3:atemp>
            <ns3:hr>151</ns3:hr>
          </ns3:TrackPointExtension>
        </extensions>
      </trkpt>
      <trkpt lat="48.03349432535469532012939453125" lon="11.21037505567073822021484375">
        <ele>580.20001220703125</ele>
        <time>2023-09-05T06:01:26.000Z</time>
        <extensions>
          <ns3:TrackPointExtension>
            <ns3:atemp>19.0</ns3:atemp>
            <ns3:hr>149</ns3:hr>
          </ns3:TrackPointExtension>
        </extensions>
      </trkpt>
      <trkpt lat="48.0334635637700557708740234375" lon="11.2102558650076389312744140625">
        <ele>580</ele>
        <time>2023-09-05T06:01:29.000Z</time>
        <extensions>
          <ns3:TrackPointExtension>
            <ns3:atemp>19.0</ns3:atemp>
            <ns3:hr>146</ns3:hr>
          </ns3:TrackPointExtension>
        </extensions>
      </trkpt>
      <trkpt lat="48.03343095816671848297119140625" lon="11.21013290248811244964599609375">
        <ele>579.79998779296875</ele>
        <time>2023-09-05T06:01:32.000Z</time>
        <extensions>
          <ns3:TrackPointExtension>
            <ns3:atemp>19.0</ns3:atemp>
            <ns3:hr>146</ns3:hr>
          </ns3:TrackPointExtension>
        </extensions>
      </trkpt>
      <trkpt lat="48.033409416675567626953125" lon="11.20995621196925640106201171875">
        <ele>579.5999755859375</ele>
        <time>2023-09-05T06:01:36.000Z</time>
        <extensions>
          <ns3:TrackPointExtension>
            <ns3:atemp>19.0</ns3:atemp>
            <ns3:hr>145</ns3:hr>
          </ns3:TrackPointExtension>
        </extensions>
      </trkpt>
      <trkpt lat="48.03341285325586795806884765625" lon="11.2099085189402103424072265625">
        <ele>579.79998779296875</ele>
        <time>2023-09-05T06:01:37.000Z</time>
        <extensions>
          <ns3:TrackPointExtension>
            <ns3:atemp>19.0</ns3:atemp>
            <ns3:hr>145</ns3:hr>
          </ns3:TrackPointExtension>
        </extensions>
      </trkpt>
      <trkpt lat="48.03339265286922454833984375" lon="11.209614314138889312744140625">
        <ele>579</ele>
        <time>2023-09-05T06:01:44.000Z</time>
        <extensions>
          <ns3:TrackPointExtension>
            <ns3:atemp>19.0</ns3:atemp>
            <ns3:hr>145</ns3:hr>
          </ns3:TrackPointExtension>
        </extensions>
      </trkpt>
      <trkpt lat="48.0333758890628814697265625" lon="11.2093472667038440704345703125">
        <ele>578.5999755859375</ele>
        <time>2023-09-05T06:01:51.000Z</time>
        <extensions>
          <ns3:TrackPointExtension>
            <ns3:atemp>19.0</ns3:atemp>
            <ns3:hr>147</ns3:hr>
          </ns3:TrackPointExtension>
        </extensions>
      </trkpt>
      <trkpt lat="48.0333421938121318817138671875" lon="11.20907946489751338958740234375">
        <ele>578</ele>
        <time>2023-09-05T06:01:58.000Z</time>
        <extensions>
          <ns3:TrackPointExtension>
            <ns3:atemp>19.0</ns3:atemp>
            <ns3:hr>148</ns3:hr>
          </ns3:TrackPointExtension>
        </extensions>
      </trkpt>
      <trkpt lat="48.0333234183490276336669921875" lon="11.2088798917829990386962890625">
        <ele>578</ele>
        <time>2023-09-05T06:02:03.000Z</time>
        <extensions>
          <ns3:TrackPointExtension>
            <ns3:atemp>19.0</ns3:atemp>
            <ns3:hr>147</ns3:hr>
          </ns3:TrackPointExtension>
        </extensions>
      </trkpt>
      <trkpt lat="48.03331377916038036346435546875" lon="11.20866992510855197906494140625">
        <ele>577.4000244140625</ele>
        <time>2023-09-05T06:02:08.000Z</time>
        <extensions>
          <ns3:TrackPointExtension>
            <ns3:atemp>19.0</ns3:atemp>
            <ns3:hr>146</ns3:hr>
          </ns3:TrackPointExtension>
        </extensions>
      </trkpt>
      <trkpt lat="48.03330573253333568572998046875" lon="11.208629608154296875">
        <ele>577.20001220703125</ele>
        <time>2023-09-05T06:02:09.000Z</time>
        <extensions>
          <ns3:TrackPointExtension>
            <ns3:atemp>19.0</ns3:atemp>
            <ns3:hr>145</ns3:hr>
          </ns3:TrackPointExtension>
        </extensions>
      </trkpt>
      <trkpt lat="48.03331813775002956390380859375" lon="11.208318136632442474365234375">
        <ele>576.4000244140625</ele>
        <time>2023-09-05T06:02:16.000Z</time>
        <extensions>
          <ns3:TrackPointExtension>
            <ns3:atemp>19.0</ns3:atemp>
            <ns3:hr>142</ns3:hr>
          </ns3:TrackPointExtension>
        </extensions>
      </trkpt>
      <trkpt lat="48.0333204008638858795166015625" lon="11.20827279053628444671630859375">
        <ele>576</ele>
        <time>2023-09-05T06:02:17.000Z</time>
        <extensions>
          <ns3:TrackPointExtension>
            <ns3:atemp>19.0</ns3:atemp>
            <ns3:hr>141</ns3:hr>
          </ns3:TrackPointExtension>
        </extensions>
      </trkpt>
      <trkpt lat="48.03329969756305217742919921875" lon="11.2081553600728511810302734375">
        <ele>575.4000244140625</ele>
        <time>2023-09-05T06:02:20.000Z</time>
        <extensions>
          <ns3:TrackPointExtension>
            <ns3:atemp>19.0</ns3:atemp>
            <ns3:hr>140</ns3:hr>
          </ns3:TrackPointExtension>
        </extensions>
      </trkpt>
      <trkpt lat="48.03327153436839580535888671875" lon="11.2080765701830387115478515625">
        <ele>575</ele>
        <time>2023-09-05T06:02:22.000Z</time>
        <extensions>
          <ns3:TrackPointExtension>
            <ns3:atemp>19.0</ns3:atemp>
            <ns3:hr>140</ns3:hr>
          </ns3:TrackPointExtension>
        </extensions>
      </trkpt>
      <trkpt lat="48.03321621380746364593505859375" lon="11.20792619884014129638671875">
        <ele>574.5999755859375</ele>
        <time>2023-09-05T06:02:27.000Z</time>
        <extensions>
          <ns3:TrackPointExtension>
            <ns3:atemp>19.0</ns3:atemp>
            <ns3:hr>140</ns3:hr>
          </ns3:TrackPointExtension>
        </extensions>
      </trkpt>
      <trkpt lat="48.0331940017640590667724609375" lon="11.20790163986384868621826171875">
        <ele>574.4000244140625</ele>
        <time>2023-09-05T06:02:28.000Z</time>
        <extensions>
          <ns3:TrackPointExtension>
            <ns3:atemp>19.0</ns3:atemp>
            <ns3:hr>140</ns3:hr>
          </ns3:TrackPointExtension>
        </extensions>
      </trkpt>
      <trkpt lat="48.033052347600460052490234375" lon="11.20776903815567493438720703125">
        <ele>574.4000244140625</ele>
        <time>2023-09-05T06:02:34.000Z</time>
        <extensions>
          <ns3:TrackPointExtension>
            <ns3:atemp>19.0</ns3:atemp>
            <ns3:hr>140</ns3:hr>
          </ns3:TrackPointExtension>
        </extensions>
      </trkpt>
      <trkpt lat="48.032805584371089935302734375" lon="11.2075914256274700164794921875">
        <ele>574.4000244140625</ele>
        <time>2023-09-05T06:02:42.000Z</time>
        <extensions>
          <ns3:TrackPointExtension>
            <ns3:atemp>19.0</ns3:atemp>
            <ns3:hr>141</ns3:hr>
          </ns3:TrackPointExtension>
        </extensions>
      </trkpt>
      <trkpt lat="48.03262780420482158660888671875" lon="11.20741699822247028350830078125">
        <ele>575</ele>
        <time>2023-09-05T06:02:49.000Z</time>
        <extensions>
          <ns3:TrackPointExtension>
            <ns3:atemp>19.0</ns3:atemp>
            <ns3:hr>142</ns3:hr>
          </ns3:TrackPointExtension>
        </extensions>
      </trkpt>
      <trkpt lat="48.032448180019855499267578125" lon="11.207240559160709381103515625">
        <ele>574.79998779296875</ele>
        <time>2023-09-05T06:02:57.000Z</time>
        <extensions>
          <ns3:TrackPointExtension>
            <ns3:atemp>19.0</ns3:atemp>
            <ns3:hr>143</ns3:hr>
          </ns3:TrackPointExtension>
        </extensions>
      </trkpt>
      <trkpt lat="48.0323028378188610076904296875" lon="11.20705154724419116973876953125">
        <ele>574.79998779296875</ele>
        <time>2023-09-05T06:03:04.000Z</time>
        <extensions>
          <ns3:TrackPointExtension>
            <ns3:atemp>19.0</ns3:atemp>
            <ns3:hr>143</ns3:hr>
          </ns3:TrackPointExtension>
        </extensions>
      </trkpt>
      <trkpt lat="48.03215573541820049285888671875" lon="11.2068544887006282806396484375">
        <ele>575</ele>
        <time>2023-09-05T06:03:11.000Z</time>
        <extensions>
          <ns3:TrackPointExtension>
            <ns3:atemp>19.0</ns3:atemp>
            <ns3:hr>145</ns3:hr>
          </ns3:TrackPointExtension>
        </extensions>
      </trkpt>
      <trkpt lat="48.03199798800051212310791015625" lon="11.20664938353002071380615234375">
        <ele>575</ele>
        <time>2023-09-05T06:03:18.000Z</time>
        <extensions>
          <ns3:TrackPointExtension>
            <ns3:atemp>19.0</ns3:atemp>
            <ns3:hr>146</ns3:hr>
          </ns3:TrackPointExtension>
        </extensions>
      </trkpt>
      <trkpt lat="48.03189924918115139007568359375" lon="11.20647051371634006500244140625">
        <ele>574.79998779296875</ele>
        <time>2023-09-05T06:03:23.000Z</time>
        <extensions>
          <ns3:TrackPointExtension>
            <ns3:atemp>19.0</ns3:atemp>
            <ns3:hr>148</ns3:hr>
          </ns3:TrackPointExtension>
        </extensions>
      </trkpt>
      <trkpt lat="48.031848035752773284912109375" lon="11.2064089067280292510986328125">
        <ele>574.5999755859375</ele>
        <time>2023-09-05T06:03:25.000Z</time>
        <extensions>
          <ns3:TrackPointExtension>
            <ns3:atemp>19.0</ns3:atemp>
            <ns3:hr>152</ns3:hr>
          </ns3:TrackPointExtension>
        </extensions>
      </trkpt>
      <trkpt lat="48.03171484731137752532958984375" lon="11.20628141798079013824462890625">
        <ele>574.5999755859375</ele>
        <time>2023-09-05T06:03:31.000Z</time>
        <extensions>
          <ns3:TrackPointExtension>
            <ns3:atemp>19.0</ns3:atemp>
            <ns3:hr>154</ns3:hr>
          </ns3:TrackPointExtension>
        </extensions>
      </trkpt>
      <trkpt lat="48.0316136777400970458984375" lon="11.20611327700316905975341796875">
        <ele>574.20001220703125</ele>
        <time>2023-09-05T06:03:37.000Z</time>
        <extensions>
          <ns3:TrackPointExtension>
            <ns3:atemp>19.0</ns3:atemp>
            <ns3:hr>152</ns3:hr>
          </ns3:TrackPointExtension>
        </extensions>
      </trkpt>
      <trkpt lat="48.031586520373821258544921875" lon="11.2060568667948246002197265625">
        <ele>574</ele>
        <time>2023-09-05T06:03:39.000Z</time>
        <extensions>
          <ns3:TrackPointExtension>
            <ns3:atemp>19.0</ns3:atemp>
            <ns3:hr>149</ns3:hr>
          </ns3:TrackPointExtension>
        </extensions>
      </trkpt>
      <trkpt lat="48.03149767220020294189453125" lon="11.20590004138648509979248046875">
        <ele>573.5999755859375</ele>
        <time>2023-09-05T06:03:44.000Z</time>
        <extensions>
          <ns3:TrackPointExtension>
            <ns3:atemp>19.0</ns3:atemp>
            <ns3:hr>147</ns3:hr>
          </ns3:TrackPointExtension>
        </extensions>
      </trkpt>
      <trkpt lat="48.031402118504047393798828125" lon="11.2057668529450893402099609375">
        <ele>573</ele>
        <time>2023-09-05T06:03:49.000Z</time>
        <extensions>
          <ns3:TrackPointExtension>
            <ns3:atemp>19.0</ns3:atemp>
            <ns3:hr>146</ns3:hr>
          </ns3:TrackPointExtension>
        </extensions>
      </trkpt>
      <trkpt lat="48.03136548958718776702880859375" lon="11.2057135440409183502197265625">
        <ele>573</ele>
        <time>2023-09-05T06:03:51.000Z</time>
        <extensions>
          <ns3:TrackPointExtension>
            <ns3:atemp>19.0</ns3:atemp>
            <ns3:hr>145</ns3:hr>
          </ns3:TrackPointExtension>
        </extensions>
      </trkpt>
      <trkpt lat="48.03131151013076305389404296875" lon="11.20555135421454906463623046875">
        <ele>572.5999755859375</ele>
        <time>2023-09-05T06:03:56.000Z</time>
        <extensions>
          <ns3:TrackPointExtension>
            <ns3:atemp>19.0</ns3:atemp>
            <ns3:hr>144</ns3:hr>
          </ns3:TrackPointExtension>
        </extensions>
      </trkpt>
      <trkpt lat="48.03124680183827877044677734375" lon="11.20539377443492412567138671875">
        <ele>572.5999755859375</ele>
        <time>2023-09-05T06:04:01.000Z</time>
        <extensions>
          <ns3:TrackPointExtension>
            <ns3:atemp>19.0</ns3:atemp>
            <ns3:hr>143</ns3:hr>
          </ns3:TrackPointExtension>
        </extensions>
      </trkpt>
      <trkpt lat="48.03120003081858158111572265625" lon="11.20533518493175506591796875">
        <ele>573</ele>
        <time>2023-09-05T06:04:04.000Z</time>
        <extensions>
          <ns3:TrackPointExtension>
            <ns3:atemp>19.0</ns3:atemp>
            <ns3:hr>141</ns3:hr>
          </ns3:TrackPointExtension>
        </extensions>
      </trkpt>
      <trkpt lat="48.031177818775177001953125" lon="11.20532353408634662628173828125">
        <ele>573.20001220703125</ele>
        <time>2023-09-05T06:04:06.000Z</time>
        <extensions>
          <ns3:TrackPointExtension>
            <ns3:atemp>19.0</ns3:atemp>
            <ns3:hr>141</ns3:hr>
          </ns3:TrackPointExtension>
        </extensions>
      </trkpt>
      <trkpt lat="48.03121914155781269073486328125" lon="11.205229572951793670654296875">
        <ele>573.5999755859375</ele>
        <time>2023-09-05T06:04:10.000Z</time>
        <extensions>
          <ns3:TrackPointExtension>
            <ns3:atemp>19.0</ns3:atemp>
            <ns3:hr>141</ns3:hr>
          </ns3:TrackPointExtension>
        </extensions>
      </trkpt>
      <trkpt lat="48.03134755231440067291259765625" lon="11.205277852714061737060546875">
        <ele>573</ele>
        <time>2023-09-05T06:04:15.000Z</time>
        <extensions>
          <ns3:TrackPointExtension>
            <ns3:atemp>19.0</ns3:atemp>
            <ns3:hr>139</ns3:hr>
          </ns3:TrackPointExtension>
        </extensions>
      </trkpt>
      <trkpt lat="48.03142265416681766510009765625" lon="11.20541154406964778900146484375">
        <ele>571.79998779296875</ele>
        <time>2023-09-05T06:04:19.000Z</time>
        <extensions>
          <ns3:TrackPointExtension>
            <ns3:atemp>19.0</ns3:atemp>
            <ns3:hr>140</ns3:hr>
          </ns3:TrackPointExtension>
        </extensions>
      </trkpt>
      <trkpt lat="48.0314312875270843505859375" lon="11.20545496232807636260986328125">
        <ele>571.20001220703125</ele>
        <time>2023-09-05T06:04:20.000Z</time>
        <extensions>
          <ns3:TrackPointExtension>
            <ns3:atemp>19.0</ns3:atemp>
            <ns3:hr>141</ns3:hr>
          </ns3:TrackPointExtension>
        </extensions>
      </trkpt>
      <trkpt lat="48.03146104328334331512451171875" lon="11.20554045774042606353759765625">
        <ele>570.4000244140625</ele>
        <time>2023-09-05T06:04:22.000Z</time>
        <extensions>
          <ns3:TrackPointExtension>
            <ns3:atemp>19.0</ns3:atemp>
            <ns3:hr>143</ns3:hr>
          </ns3:TrackPointExtension>
        </extensions>
      </trkpt>
      <trkpt lat="48.0315189622342586517333984375" lon="11.205627880990505218505859375">
        <ele>569.20001220703125</ele>
        <time>2023-09-05T06:04:25.000Z</time>
        <extensions>
          <ns3:TrackPointExtension>
            <ns3:atemp>19.0</ns3:atemp>
            <ns3:hr>145</ns3:hr>
          </ns3:TrackPointExtension>
        </extensions>
      </trkpt>
      <trkpt lat="48.0315410904586315155029296875" lon="11.20565026067197322845458984375">
        <ele>568.79998779296875</ele>
        <time>2023-09-05T06:04:26.000Z</time>
        <extensions>
          <ns3:TrackPointExtension>
            <ns3:atemp>19.0</ns3:atemp>
            <ns3:hr>145</ns3:hr>
          </ns3:TrackPointExtension>
        </extensions>
      </trkpt>
      <trkpt lat="48.031599260866641998291015625" lon="11.20570675469934940338134765625">
        <ele>568.20001220703125</ele>
        <time>2023-09-05T06:04:29.000Z</time>
        <extensions>
          <ns3:TrackPointExtension>
            <ns3:atemp>19.0</ns3:atemp>
            <ns3:hr>145</ns3:hr>
          </ns3:TrackPointExtension>
        </extensions>
      </trkpt>
      <trkpt lat="48.031622059643268585205078125" lon="11.2057111971080303192138671875">
        <ele>567.5999755859375</ele>
        <time>2023-09-05T06:04:30.000Z</time>
        <extensions>
          <ns3:TrackPointExtension>
            <ns3:atemp>19.0</ns3:atemp>
            <ns3:hr>144</ns3:hr>
          </ns3:TrackPointExtension>
        </extensions>
      </trkpt>
      <trkpt lat="48.03168986923992633819580078125" lon="11.205714046955108642578125">
        <ele>566.4000244140625</ele>
        <time>2023-09-05T06:04:33.000Z</time>
        <extensions>
          <ns3:TrackPointExtension>
            <ns3:atemp>19.0</ns3:atemp>
            <ns3:hr>144</ns3:hr>
          </ns3:TrackPointExtension>
        </extensions>
      </trkpt>
      <trkpt lat="48.03175156004726886749267578125" lon="11.20572569780051708221435546875">
        <ele>565.4000244140625</ele>
        <time>2023-09-05T06:04:35.000Z</time>
        <extensions>
          <ns3:TrackPointExtension>
            <ns3:atemp>19.0</ns3:atemp>
            <ns3:hr>144</ns3:hr>
          </ns3:TrackPointExtension>
        </extensions>
      </trkpt>
      <trkpt lat="48.0317808128893375396728515625" lon="11.20572670362889766693115234375">
        <ele>564.79998779296875</ele>
        <time>2023-09-05T06:04:36.000Z</time>
        <extensions>
          <ns3:TrackPointExtension>
            <ns3:atemp>19.0</ns3:atemp>
            <ns3:hr>144</ns3:hr>
          </ns3:TrackPointExtension>
        </extensions>
      </trkpt>
      <trkpt lat="48.0318254046142101287841796875" lon="11.2057111971080303192138671875">
        <ele>564.20001220703125</ele>
        <time>2023-09-05T06:04:38.000Z</time>
        <extensions>
          <ns3:TrackPointExtension>
            <ns3:atemp>19.0</ns3:atemp>
            <ns3:hr>145</ns3:hr>
          </ns3:TrackPointExtension>
        </extensions>
      </trkpt>
      <trkpt lat="48.03186890669167041778564453125" lon="11.20567238889634609222412109375">
        <ele>563.20001220703125</ele>
        <time>2023-09-05T06:04:40.000Z</time>
        <extensions>
          <ns3:TrackPointExtension>
            <ns3:atemp>19.0</ns3:atemp>
            <ns3:hr>144</ns3:hr>
          </ns3:TrackPointExtension>
        </extensions>
      </trkpt>
      <trkpt lat="48.0319189466536045074462890625" lon="11.20562561787664890289306640625">
        <ele>562.4000244140625</ele>
        <time>2023-09-05T06:04:42.000Z</time>
        <extensions>
          <ns3:TrackPointExtension>
            <ns3:atemp>19.0</ns3:atemp>
            <ns3:hr>142</ns3:hr>
          </ns3:TrackPointExtension>
        </extensions>
      </trkpt>
      <trkpt lat="48.03194015286862850189208984375" lon="11.20559594593942165374755859375">
        <ele>561.79998779296875</ele>
        <time>2023-09-05T06:04:43.000Z</time>
        <extensions>
          <ns3:TrackPointExtension>
            <ns3:atemp>19.0</ns3:atemp>
            <ns3:hr>142</ns3:hr>
          </ns3:TrackPointExtension>
        </extensions>
      </trkpt>
      <trkpt lat="48.03196378983557224273681640625" lon="11.20551765896379947662353515625">
        <ele>560.79998779296875</ele>
        <time>2023-09-05T06:04:45.000Z</time>
        <extensions>
          <ns3:TrackPointExtension>
            <ns3:atemp>19.0</ns3:atemp>
            <ns3:hr>142</ns3:hr>
          </ns3:TrackPointExtension>
        </extensions>
      </trkpt>
      <trkpt lat="48.03198583424091339111328125" lon="11.20543819852173328399658203125">
        <ele>559.4000244140625</ele>
        <time>2023-09-05T06:04:47.000Z</time>
        <extensions>
          <ns3:TrackPointExtension>
            <ns3:atemp>19.0</ns3:atemp>
            <ns3:hr>140</ns3:hr>
          </ns3:TrackPointExtension>
        </extensions>
      </trkpt>
      <trkpt lat="48.03204190917313098907470703125" lon="11.2052850611507892608642578125">
        <ele>558</ele>
        <time>2023-09-05T06:04:51.000Z</time>
        <extensions>
          <ns3:TrackPointExtension>
            <ns3:atemp>19.0</ns3:atemp>
            <ns3:hr>137</ns3:hr>
          </ns3:TrackPointExtension>
        </extensions>
      </trkpt>
      <trkpt lat="48.03207434713840484619140625" lon="11.20516964234411716461181640625">
        <ele>557.4000244140625</ele>
        <time>2023-09-05T06:04:54.000Z</time>
        <extensions>
          <ns3:TrackPointExtension>
            <ns3:atemp>19.0</ns3:atemp>
            <ns3:hr>136</ns3:hr>
          </ns3:TrackPointExtension>
        </extensions>
      </trkpt>
      <trkpt lat="48.03208767436444759368896484375" lon="11.20513477362692356109619140625">
        <ele>557</ele>
        <time>2023-09-05T06:04:55.000Z</time>
        <extensions>
          <ns3:TrackPointExtension>
            <ns3:atemp>19.0</ns3:atemp>
            <ns3:hr>136</ns3:hr>
          </ns3:TrackPointExtension>
        </extensions>
      </trkpt>
      <trkpt lat="48.03212857805192470550537109375" lon="11.204986833035945892333984375">
        <ele>555.79998779296875</ele>
        <time>2023-09-05T06:04:59.000Z</time>
        <extensions>
          <ns3:TrackPointExtension>
            <ns3:atemp>19.0</ns3:atemp>
            <ns3:hr>136</ns3:hr>
          </ns3:TrackPointExtension>
        </extensions>
      </trkpt>
      <trkpt lat="48.0321367084980010986328125" lon="11.2049095518887042999267578125">
        <ele>555.20001220703125</ele>
        <time>2023-09-05T06:05:01.000Z</time>
        <extensions>
          <ns3:TrackPointExtension>
            <ns3:atemp>19.0</ns3:atemp>
            <ns3:hr>136</ns3:hr>
          </ns3:TrackPointExtension>
        </extensions>
      </trkpt>
      <trkpt lat="48.0321217887103557586669921875" lon="11.2048428319394588470458984375">
        <ele>554.79998779296875</ele>
        <time>2023-09-05T06:05:03.000Z</time>
        <extensions>
          <ns3:TrackPointExtension>
            <ns3:atemp>19.0</ns3:atemp>
            <ns3:hr>136</ns3:hr>
          </ns3:TrackPointExtension>
        </extensions>
      </trkpt>
      <trkpt lat="48.0321313440799713134765625" lon="11.204782314598560333251953125">
        <ele>554.5999755859375</ele>
        <time>2023-09-05T06:05:05.000Z</time>
        <extensions>
          <ns3:TrackPointExtension>
            <ns3:atemp>19.0</ns3:atemp>
            <ns3:hr>135</ns3:hr>
          </ns3:TrackPointExtension>
        </extensions>
      </trkpt>
      <trkpt lat="48.03214433602988719940185546875" lon="11.20474803261458873748779296875">
        <ele>554.5999755859375</ele>
        <time>2023-09-05T06:05:06.000Z</time>
        <extensions>
          <ns3:TrackPointExtension>
            <ns3:atemp>19.0</ns3:atemp>
            <ns3:hr>135</ns3:hr>
          </ns3:TrackPointExtension>
        </extensions>
      </trkpt>
      <trkpt lat="48.03223620168864727020263671875" lon="11.20464459992945194244384765625">
        <ele>553.79998779296875</ele>
        <time>2023-09-05T06:05:11.000Z</time>
        <extensions>
          <ns3:TrackPointExtension>
            <ns3:atemp>19.0</ns3:atemp>
            <ns3:hr>132</ns3:hr>
          </ns3:TrackPointExtension>
        </extensions>
      </trkpt>
      <trkpt lat="48.0322595871984958648681640625" lon="11.2046235613524913787841796875">
        <ele>553.4000244140625</ele>
        <time>2023-09-05T06:05:12.000Z</time>
        <extensions>
          <ns3:TrackPointExtension>
            <ns3:atemp>19.0</ns3:atemp>
            <ns3:hr>132</ns3:hr>
          </ns3:TrackPointExtension>
        </extensions>
      </trkpt>
      <trkpt lat="48.03230912424623966217041015625" lon="11.204586513340473175048828125">
        <ele>552.4000244140625</ele>
        <time>2023-09-05T06:05:14.000Z</time>
        <extensions>
          <ns3:TrackPointExtension>
            <ns3:atemp>19.0</ns3:atemp>
            <ns3:hr>131</ns3:hr>
          </ns3:TrackPointExtension>
        </extensions>
      </trkpt>
      <trkpt lat="48.03242865018546581268310546875" lon="11.20455600321292877197265625">
        <ele>551.4000244140625</ele>
        <time>2023-09-05T06:05:18.000Z</time>
        <extensions>
          <ns3:TrackPointExtension>
            <ns3:atemp>19.0</ns3:atemp>
            <ns3:hr>131</ns3:hr>
          </ns3:TrackPointExtension>
        </extensions>
      </trkpt>
      <trkpt lat="48.03254700265824794769287109375" lon="11.20453798212110996246337890625">
        <ele>550.79998779296875</ele>
        <time>2023-09-05T06:05:22.000Z</time>
        <extensions>
          <ns3:TrackPointExtension>
            <ns3:atemp>19.0</ns3:atemp>
            <ns3:hr>132</ns3:hr>
          </ns3:TrackPointExtension>
        </extensions>
      </trkpt>
      <trkpt lat="48.0326639302074909210205078125" lon="11.2045611999928951263427734375">
        <ele>550.20001220703125</ele>
        <time>2023-09-05T06:05:26.000Z</time>
        <extensions>
          <ns3:TrackPointExtension>
            <ns3:atemp>19.0</ns3:atemp>
            <ns3:hr>132</ns3:hr>
          </ns3:TrackPointExtension>
        </extensions>
      </trkpt>
      <trkpt lat="48.0327053368091583251953125" lon="11.20458014309406280517578125">
        <ele>549.79998779296875</ele>
        <time>2023-09-05T06:05:28.000Z</time>
        <extensions>
          <ns3:TrackPointExtension>
            <ns3:atemp>19.0</ns3:atemp>
            <ns3:hr>132</ns3:hr>
          </ns3:TrackPointExtension>
        </extensions>
      </trkpt>
      <trkpt lat="48.03278873674571514129638671875" lon="11.2046148441731929779052734375">
        <ele>549</ele>
        <time>2023-09-05T06:05:31.000Z</time>
        <extensions>
          <ns3:TrackPointExtension>
            <ns3:atemp>19.0</ns3:atemp>
            <ns3:hr>133</ns3:hr>
          </ns3:TrackPointExtension>
        </extensions>
      </trkpt>
      <trkpt lat="48.0329251103103160858154296875" lon="11.20466195046901702880859375">
        <ele>548.20001220703125</ele>
        <time>2023-09-05T06:05:36.000Z</time>
        <extensions>
          <ns3:TrackPointExtension>
            <ns3:atemp>19.0</ns3:atemp>
            <ns3:hr>133</ns3:hr>
          </ns3:TrackPointExtension>
        </extensions>
      </trkpt>
      <trkpt lat="48.03306818939745426177978515625" lon="11.20462649501860141754150390625">
        <ele>548</ele>
        <time>2023-09-05T06:05:41.000Z</time>
        <extensions>
          <ns3:TrackPointExtension>
            <ns3:atemp>19.0</ns3:atemp>
            <ns3:hr>133</ns3:hr>
          </ns3:TrackPointExtension>
        </extensions>
      </trkpt>
      <trkpt lat="48.0330915749073028564453125" lon="11.20460738427937030792236328125">
        <ele>548</ele>
        <time>2023-09-05T06:05:42.000Z</time>
        <extensions>
          <ns3:TrackPointExtension>
            <ns3:atemp>19.0</ns3:atemp>
            <ns3:hr>133</ns3:hr>
          </ns3:TrackPointExtension>
        </extensions>
      </trkpt>
      <trkpt lat="48.03321872837841510772705078125" lon="11.20446673594415187835693359375">
        <ele>547.4000244140625</ele>
        <time>2023-09-05T06:05:48.000Z</time>
        <extensions>
          <ns3:TrackPointExtension>
            <ns3:atemp>19.0</ns3:atemp>
            <ns3:hr>133</ns3:hr>
          </ns3:TrackPointExtension>
        </extensions>
      </trkpt>
      <trkpt lat="48.0333007872104644775390625" lon="11.20432935655117034912109375">
        <ele>547</ele>
        <time>2023-09-05T06:05:54.000Z</time>
        <extensions>
          <ns3:TrackPointExtension>
            <ns3:atemp>19.0</ns3:atemp>
            <ns3:hr>134</ns3:hr>
          </ns3:TrackPointExtension>
        </extensions>
      </trkpt>
      <trkpt lat="48.03332065232098102569580078125" lon="11.2043018639087677001953125">
        <ele>547</ele>
        <time>2023-09-05T06:05:56.000Z</time>
        <extensions>
          <ns3:TrackPointExtension>
            <ns3:atemp>19.0</ns3:atemp>
            <ns3:hr>134</ns3:hr>
          </ns3:TrackPointExtension>
        </extensions>
      </trkpt>
      <trkpt lat="48.03332936950027942657470703125" lon="11.204271018505096435546875">
        <ele>547</ele>
        <time>2023-09-05T06:05:58.000Z</time>
        <extensions>
          <ns3:TrackPointExtension>
            <ns3:atemp>19.0</ns3:atemp>
            <ns3:hr>134</ns3:hr>
          </ns3:TrackPointExtension>
        </extensions>
      </trkpt>
      <trkpt lat="48.0333307944238185882568359375" lon="11.204261966049671173095703125">
        <ele>547</ele>
        <time>2023-09-05T06:05:59.000Z</time>
        <extensions>
          <ns3:TrackPointExtension>
            <ns3:atemp>19.0</ns3:atemp>
            <ns3:hr>134</ns3:hr>
          </ns3:TrackPointExtension>
        </extensions>
      </trkpt>
      <trkpt lat="48.03333121351897716522216796875" lon="11.20424981229007244110107421875">
        <ele>547</ele>
        <time>2023-09-05T06:06:00.000Z</time>
        <extensions>
          <ns3:TrackPointExtension>
            <ns3:atemp>19.0</ns3:atemp>
            <ns3:hr>134</ns3:hr>
          </ns3:TrackPointExtension>
        </extensions>
      </trkpt>
      <trkpt lat="48.03333766758441925048828125" lon="11.2042455375194549560546875">
        <ele>547</ele>
        <time>2023-09-05T06:06:01.000Z</time>
        <extensions>
          <ns3:TrackPointExtension>
            <ns3:atemp>19.0</ns3:atemp>
            <ns3:hr>134</ns3:hr>
          </ns3:TrackPointExtension>
        </extensions>
      </trkpt>
      <trkpt lat="48.03335015662014484405517578125" lon="11.2042336352169513702392578125">
        <ele>547</ele>
        <time>2023-09-05T06:06:04.000Z</time>
        <extensions>
          <ns3:TrackPointExtension>
            <ns3:atemp>19.0</ns3:atemp>
            <ns3:hr>132</ns3:hr>
          </ns3:TrackPointExtension>
        </extensions>
      </trkpt>
      <trkpt lat="48.03335166536271572113037109375" lon="11.20423288084566593170166015625">
        <ele>546.79998779296875</ele>
        <time>2023-09-05T06:06:05.000Z</time>
        <extensions>
          <ns3:TrackPointExtension>
            <ns3:atemp>19.0</ns3:atemp>
            <ns3:hr>132</ns3:hr>
          </ns3:TrackPointExtension>
        </extensions>
      </trkpt>
      <trkpt lat="48.03336876444518566131591796875" lon="11.2042644806206226348876953125">
        <ele>546.79998779296875</ele>
        <time>2023-09-05T06:06:18.000Z</time>
        <extensions>
          <ns3:TrackPointExtension>
            <ns3:atemp>19.0</ns3:atemp>
            <ns3:hr>129</ns3:hr>
          </ns3:TrackPointExtension>
        </extensions>
      </trkpt>
      <trkpt lat="48.03341218270361423492431640625" lon="11.2043198011815547943115234375">
        <ele>546.79998779296875</ele>
        <time>2023-09-05T06:06:21.000Z</time>
        <extensions>
          <ns3:TrackPointExtension>
            <ns3:atemp>19.0</ns3:atemp>
            <ns3:hr>131</ns3:hr>
          </ns3:TrackPointExtension>
        </extensions>
      </trkpt>
      <trkpt lat="48.033498935401439666748046875" lon="11.204405464231967926025390625">
        <ele>546.5999755859375</ele>
        <time>2023-09-05T06:06:28.000Z</time>
        <extensions>
          <ns3:TrackPointExtension>
            <ns3:atemp>19.0</ns3:atemp>
            <ns3:hr>130</ns3:hr>
          </ns3:TrackPointExtension>
        </extensions>
      </trkpt>
      <trkpt lat="48.03350857459008693695068359375" lon="11.204396747052669525146484375">
        <ele>546.5999755859375</ele>
        <time>2023-09-05T06:06:32.000Z</time>
        <extensions>
          <ns3:TrackPointExtension>
            <ns3:atemp>19.0</ns3:atemp>
            <ns3:hr>128</ns3:hr>
          </ns3:TrackPointExtension>
        </extensions>
      </trkpt>
      <trkpt lat="48.033536486327648162841796875" lon="11.20437051169574260711669921875">
        <ele>546.4000244140625</ele>
        <time>2023-09-05T06:07:00.000Z</time>
        <extensions>
          <ns3:TrackPointExtension>
            <ns3:atemp>19.0</ns3:atemp>
            <ns3:hr>115</ns3:hr>
          </ns3:TrackPointExtension>
        </extensions>
      </trkpt>
      <trkpt lat="48.03355601616203784942626953125" lon="11.20433245785534381866455078125">
        <ele>546.4000244140625</ele>
        <time>2023-09-05T06:07:01.000Z</time>
        <extensions>
          <ns3:TrackPointExtension>
            <ns3:atemp>19.0</ns3:atemp>
            <ns3:hr>115</ns3:hr>
          </ns3:TrackPointExtension>
        </extensions>
      </trkpt>
      <trkpt lat="48.03365944884717464447021484375" lon="11.2041166238486766815185546875">
        <ele>546.4000244140625</ele>
        <time>2023-09-05T06:07:06.000Z</time>
        <extensions>
          <ns3:TrackPointExtension>
            <ns3:atemp>19.0</ns3:atemp>
            <ns3:hr>116</ns3:hr>
          </ns3:TrackPointExtension>
        </extensions>
      </trkpt>
      <trkpt lat="48.0337042920291423797607421875" lon="11.20402869768440723419189453125">
        <ele>545.79998779296875</ele>
        <time>2023-09-05T06:07:08.000Z</time>
        <extensions>
          <ns3:TrackPointExtension>
            <ns3:atemp>19.0</ns3:atemp>
            <ns3:hr>118</ns3:hr>
          </ns3:TrackPointExtension>
        </extensions>
      </trkpt>
      <trkpt lat="48.03384049795567989349365234375" lon="11.20380808599293231964111328125">
        <ele>545</ele>
        <time>2023-09-05T06:07:14.000Z</time>
        <extensions>
          <ns3:TrackPointExtension>
            <ns3:atemp>19.0</ns3:atemp>
            <ns3:hr>119</ns3:hr>
          </ns3:TrackPointExtension>
        </extensions>
      </trkpt>
      <trkpt lat="48.03390319459140300750732421875" lon="11.20369635522365570068359375">
        <ele>544.79998779296875</ele>
        <time>2023-09-05T06:07:17.000Z</time>
        <extensions>
          <ns3:TrackPointExtension>
            <ns3:atemp>19.0</ns3:atemp>
            <ns3:hr>118</ns3:hr>
          </ns3:TrackPointExtension>
        </extensions>
      </trkpt>
      <trkpt lat="48.03401282988488674163818359375" lon="11.203541457653045654296875">
        <ele>544.79998779296875</ele>
        <time>2023-09-05T06:07:22.000Z</time>
        <extensions>
          <ns3:TrackPointExtension>
            <ns3:atemp>19.0</ns3:atemp>
            <ns3:hr>119</ns3:hr>
          </ns3:TrackPointExtension>
        </extensions>
      </trkpt>
      <trkpt lat="48.03408139385282993316650390625" lon="11.20344213210046291351318359375">
        <ele>544.4000244140625</ele>
        <time>2023-09-05T06:07:25.000Z</time>
        <extensions>
          <ns3:TrackPointExtension>
            <ns3:atemp>19.0</ns3:atemp>
            <ns3:hr>122</ns3:hr>
          </ns3:TrackPointExtension>
        </extensions>
      </trkpt>
      <trkpt lat="48.034126572310924530029296875" lon="11.20338161475956439971923828125">
        <ele>544.4000244140625</ele>
        <time>2023-09-05T06:07:27.000Z</time>
        <extensions>
          <ns3:TrackPointExtension>
            <ns3:atemp>19.0</ns3:atemp>
            <ns3:hr>125</ns3:hr>
          </ns3:TrackPointExtension>
        </extensions>
      </trkpt>
      <trkpt lat="48.03415096364915370941162109375" lon="11.2033515237271785736083984375">
        <ele>544.4000244140625</ele>
        <time>2023-09-05T06:07:28.000Z</time>
        <extensions>
          <ns3:TrackPointExtension>
            <ns3:atemp>19.0</ns3:atemp>
            <ns3:hr>126</ns3:hr>
          </ns3:TrackPointExtension>
        </extensions>
      </trkpt>
      <trkpt lat="48.03420108743011951446533203125" lon="11.2032918445765972137451171875">
        <ele>544.20001220703125</ele>
        <time>2023-09-05T06:07:30.000Z</time>
        <extensions>
          <ns3:TrackPointExtension>
            <ns3:atemp>19.0</ns3:atemp>
            <ns3:hr>129</ns3:hr>
          </ns3:TrackPointExtension>
        </extensions>
      </trkpt>
      <trkpt lat="48.03429186344146728515625" lon="11.2031409703195095062255859375">
        <ele>544.20001220703125</ele>
        <time>2023-09-05T06:07:35.000Z</time>
        <extensions>
          <ns3:TrackPointExtension>
            <ns3:atemp>19.0</ns3:atemp>
            <ns3:hr>131</ns3:hr>
          </ns3:TrackPointExtension>
        </extensions>
      </trkpt>
      <trkpt lat="48.0344030074775218963623046875" lon="11.2029419839382171630859375">
        <ele>543.79998779296875</ele>
        <time>2023-09-05T06:07:41.000Z</time>
        <extensions>
          <ns3:TrackPointExtension>
            <ns3:atemp>19.0</ns3:atemp>
            <ns3:hr>133</ns3:hr>
          </ns3:TrackPointExtension>
        </extensions>
      </trkpt>
      <trkpt lat="48.0344246327877044677734375" lon="11.20291239582002162933349609375">
        <ele>544</ele>
        <time>2023-09-05T06:07:42.000Z</time>
        <extensions>
          <ns3:TrackPointExtension>
            <ns3:atemp>19.0</ns3:atemp>
            <ns3:hr>134</ns3:hr>
          </ns3:TrackPointExtension>
        </extensions>
      </trkpt>
      <trkpt lat="48.0345133133232593536376953125" lon="11.2027543969452381134033203125">
        <ele>544</ele>
        <time>2023-09-05T06:07:47.000Z</time>
        <extensions>
          <ns3:TrackPointExtension>
            <ns3:atemp>19.0</ns3:atemp>
            <ns3:hr>137</ns3:hr>
          </ns3:TrackPointExtension>
        </extensions>
      </trkpt>
      <trkpt lat="48.03459151647984981536865234375" lon="11.20262439362704753875732421875">
        <ele>544.20001220703125</ele>
        <time>2023-09-05T06:07:51.000Z</time>
        <extensions>
          <ns3:TrackPointExtension>
            <ns3:atemp>19.0</ns3:atemp>
            <ns3:hr>138</ns3:hr>
          </ns3:TrackPointExtension>
        </extensions>
      </trkpt>
      <trkpt lat="48.03471707738935947418212890625" lon="11.2023986689746379852294921875">
        <ele>544</ele>
        <time>2023-09-05T06:07:58.000Z</time>
        <extensions>
          <ns3:TrackPointExtension>
            <ns3:atemp>19.0</ns3:atemp>
            <ns3:hr>140</ns3:hr>
          </ns3:TrackPointExtension>
        </extensions>
      </trkpt>
      <trkpt lat="48.03482704795897006988525390625" lon="11.202202029526233673095703125">
        <ele>544</ele>
        <time>2023-09-05T06:08:04.000Z</time>
        <extensions>
          <ns3:TrackPointExtension>
            <ns3:atemp>19.0</ns3:atemp>
            <ns3:hr>143</ns3:hr>
          </ns3:TrackPointExtension>
        </extensions>
      </trkpt>
      <trkpt lat="48.03490885533392429351806640625" lon="11.20200111530721187591552734375">
        <ele>544</ele>
        <time>2023-09-05T06:08:10.000Z</time>
        <extensions>
          <ns3:TrackPointExtension>
            <ns3:atemp>19.0</ns3:atemp>
            <ns3:hr>145</ns3:hr>
          </ns3:TrackPointExtension>
        </extensions>
      </trkpt>
      <trkpt lat="48.0350254476070404052734375" lon="11.20175887830555438995361328125">
        <ele>543.5999755859375</ele>
        <time>2023-09-05T06:08:17.000Z</time>
        <extensions>
          <ns3:TrackPointExtension>
            <ns3:atemp>19.0</ns3:atemp>
            <ns3:hr>146</ns3:hr>
          </ns3:TrackPointExtension>
        </extensions>
      </trkpt>
      <trkpt lat="48.0351721309125423431396484375" lon="11.2015209160745143890380859375">
        <ele>543.79998779296875</ele>
        <time>2023-09-05T06:08:24.000Z</time>
        <extensions>
          <ns3:TrackPointExtension>
            <ns3:atemp>19.0</ns3:atemp>
            <ns3:hr>148</ns3:hr>
          </ns3:TrackPointExtension>
        </extensions>
      </trkpt>
      <trkpt lat="48.0352130346000194549560546875" lon="11.20147054083645343780517578125">
        <ele>543.79998779296875</ele>
        <time>2023-09-05T06:08:26.000Z</time>
        <extensions>
          <ns3:TrackPointExtension>
            <ns3:atemp>19.0</ns3:atemp>
            <ns3:hr>151</ns3:hr>
          </ns3:TrackPointExtension>
        </extensions>
      </trkpt>
      <trkpt lat="48.0353339016437530517578125" lon="11.20131648145616054534912109375">
        <ele>543.79998779296875</ele>
        <time>2023-09-05T06:08:32.000Z</time>
        <extensions>
          <ns3:TrackPointExtension>
            <ns3:atemp>19.0</ns3:atemp>
            <ns3:hr>151</ns3:hr>
          </ns3:TrackPointExtension>
        </extensions>
      </trkpt>
      <trkpt lat="48.0354597978293895721435546875" lon="11.2011591531336307525634765625">
        <ele>544</ele>
        <time>2023-09-05T06:08:39.000Z</time>
        <extensions>
          <ns3:TrackPointExtension>
            <ns3:atemp>19.0</ns3:atemp>
            <ns3:hr>153</ns3:hr>
          </ns3:TrackPointExtension>
        </extensions>
      </trkpt>
      <trkpt lat="48.035560883581638336181640625" lon="11.201046667993068695068359375">
        <ele>544</ele>
        <time>2023-09-05T06:08:44.000Z</time>
        <extensions>
          <ns3:TrackPointExtension>
            <ns3:atemp>19.0</ns3:atemp>
            <ns3:hr>150</ns3:hr>
          </ns3:TrackPointExtension>
        </extensions>
      </trkpt>
      <trkpt lat="48.03565937094390392303466796875" lon="11.200938038527965545654296875">
        <ele>544</ele>
        <time>2023-09-05T06:08:48.000Z</time>
        <extensions>
          <ns3:TrackPointExtension>
            <ns3:atemp>19.0</ns3:atemp>
            <ns3:hr>147</ns3:hr>
          </ns3:TrackPointExtension>
        </extensions>
      </trkpt>
      <trkpt lat="48.035917617380619049072265625" lon="11.200717426836490631103515625">
        <ele>543.5999755859375</ele>
        <time>2023-09-05T06:08:58.000Z</time>
        <extensions>
          <ns3:TrackPointExtension>
            <ns3:atemp>19.0</ns3:atemp>
            <ns3:hr>147</ns3:hr>
          </ns3:TrackPointExtension>
        </extensions>
      </trkpt>
      <trkpt lat="48.0360891111195087432861328125" lon="11.20055540464818477630615234375">
        <ele>543.5999755859375</ele>
        <time>2023-09-05T06:09:05.000Z</time>
        <extensions>
          <ns3:TrackPointExtension>
            <ns3:atemp>19.0</ns3:atemp>
            <ns3:hr>149</ns3:hr>
          </ns3:TrackPointExtension>
        </extensions>
      </trkpt>
      <trkpt lat="48.0362362973392009735107421875" lon="11.2004245631396770477294921875">
        <ele>543.4000244140625</ele>
        <time>2023-09-05T06:09:11.000Z</time>
        <extensions>
          <ns3:TrackPointExtension>
            <ns3:atemp>19.0</ns3:atemp>
            <ns3:hr>152</ns3:hr>
          </ns3:TrackPointExtension>
        </extensions>
      </trkpt>
      <trkpt lat="48.0363424122333526611328125" lon="11.20033152401447296142578125">
        <ele>543.5999755859375</ele>
        <time>2023-09-05T06:09:15.000Z</time>
        <extensions>
          <ns3:TrackPointExtension>
            <ns3:atemp>19.0</ns3:atemp>
            <ns3:hr>154</ns3:hr>
          </ns3:TrackPointExtension>
        </extensions>
      </trkpt>
      <trkpt lat="48.036545254290103912353515625" lon="11.2001486308872699737548828125">
        <ele>544</ele>
        <time>2023-09-05T06:09:24.000Z</time>
        <extensions>
          <ns3:TrackPointExtension>
            <ns3:atemp>19.0</ns3:atemp>
            <ns3:hr>154</ns3:hr>
          </ns3:TrackPointExtension>
        </extensions>
      </trkpt>
      <trkpt lat="48.03669554181396961212158203125" lon="11.19998308829963207244873046875">
        <ele>544</ele>
        <time>2023-09-05T06:09:31.000Z</time>
        <extensions>
          <ns3:TrackPointExtension>
            <ns3:atemp>19.0</ns3:atemp>
            <ns3:hr>153</ns3:hr>
          </ns3:TrackPointExtension>
        </extensions>
      </trkpt>
      <trkpt lat="48.036822862923145294189453125" lon="11.199838332831859588623046875">
        <ele>544.4000244140625</ele>
        <time>2023-09-05T06:09:38.000Z</time>
        <extensions>
          <ns3:TrackPointExtension>
            <ns3:atemp>19.0</ns3:atemp>
            <ns3:hr>152</ns3:hr>
          </ns3:TrackPointExtension>
        </extensions>
      </trkpt>
      <trkpt lat="48.036963008344173431396484375" lon="11.19964177720248699188232421875">
        <ele>544.20001220703125</ele>
        <time>2023-09-05T06:09:46.000Z</time>
        <extensions>
          <ns3:TrackPointExtension>
            <ns3:atemp>19.0</ns3:atemp>
            <ns3:hr>149</ns3:hr>
          </ns3:TrackPointExtension>
        </extensions>
      </trkpt>
      <trkpt lat="48.03698169998824596405029296875" lon="11.1996239237487316131591796875">
        <ele>544.20001220703125</ele>
        <time>2023-09-05T06:09:47.000Z</time>
        <extensions>
          <ns3:TrackPointExtension>
            <ns3:atemp>19.0</ns3:atemp>
            <ns3:hr>148</ns3:hr>
          </ns3:TrackPointExtension>
        </extensions>
      </trkpt>
      <trkpt lat="48.0371784232556819915771484375" lon="11.19945469312369823455810546875">
        <ele>544.4000244140625</ele>
        <time>2023-09-05T06:09:54.000Z</time>
        <extensions>
          <ns3:TrackPointExtension>
            <ns3:atemp>19.0</ns3:atemp>
            <ns3:hr>146</ns3:hr>
          </ns3:TrackPointExtension>
        </extensions>
      </trkpt>
      <trkpt lat="48.037348575890064239501953125" lon="11.19928143918514251708984375">
        <ele>544.4000244140625</ele>
        <time>2023-09-05T06:10:01.000Z</time>
        <extensions>
          <ns3:TrackPointExtension>
            <ns3:atemp>19.0</ns3:atemp>
            <ns3:hr>146</ns3:hr>
          </ns3:TrackPointExtension>
        </extensions>
      </trkpt>
      <trkpt lat="48.037507832050323486328125" lon="11.1991082690656185150146484375">
        <ele>544.4000244140625</ele>
        <time>2023-09-05T06:10:08.000Z</time>
        <extensions>
          <ns3:TrackPointExtension>
            <ns3:atemp>19.0</ns3:atemp>
            <ns3:hr>146</ns3:hr>
          </ns3:TrackPointExtension>
        </extensions>
      </trkpt>
      <trkpt lat="48.03769759833812713623046875" lon="11.1989305727183818817138671875">
        <ele>544.79998779296875</ele>
        <time>2023-09-05T06:10:17.000Z</time>
        <extensions>
          <ns3:TrackPointExtension>
            <ns3:atemp>19.0</ns3:atemp>
            <ns3:hr>146</ns3:hr>
          </ns3:TrackPointExtension>
        </extensions>
      </trkpt>
      <trkpt lat="48.03774512372910976409912109375" lon="11.198883466422557830810546875">
        <ele>545</ele>
        <time>2023-09-05T06:10:19.000Z</time>
        <extensions>
          <ns3:TrackPointExtension>
            <ns3:atemp>19.0</ns3:atemp>
            <ns3:hr>146</ns3:hr>
          </ns3:TrackPointExtension>
        </extensions>
      </trkpt>
      <trkpt lat="48.03787303157150745391845703125" lon="11.1987592466175556182861328125">
        <ele>545.4000244140625</ele>
        <time>2023-09-05T06:10:25.000Z</time>
        <extensions>
          <ns3:TrackPointExtension>
            <ns3:atemp>19.0</ns3:atemp>
            <ns3:hr>146</ns3:hr>
          </ns3:TrackPointExtension>
        </extensions>
      </trkpt>
      <trkpt lat="48.03801585920155048370361328125" lon="11.19862035848200321197509765625">
        <ele>546</ele>
        <time>2023-09-05T06:10:32.000Z</time>
        <extensions>
          <ns3:TrackPointExtension>
            <ns3:atemp>19.0</ns3:atemp>
            <ns3:hr>149</ns3:hr>
          </ns3:TrackPointExtension>
        </extensions>
      </trkpt>
      <trkpt lat="48.03805441595613956451416015625" lon="11.19857928715646266937255859375">
        <ele>546.20001220703125</ele>
        <time>2023-09-05T06:10:34.000Z</time>
        <extensions>
          <ns3:TrackPointExtension>
            <ns3:atemp>19.0</ns3:atemp>
            <ns3:hr>150</ns3:hr>
          </ns3:TrackPointExtension>
        </extensions>
      </trkpt>
      <trkpt lat="48.038184083998203277587890625" lon="11.19843679480254650115966796875">
        <ele>547.20001220703125</ele>
        <time>2023-09-05T06:10:41.000Z</time>
        <extensions>
          <ns3:TrackPointExtension>
            <ns3:atemp>19.0</ns3:atemp>
            <ns3:hr>148</ns3:hr>
          </ns3:TrackPointExtension>
        </extensions>
      </trkpt>
      <trkpt lat="48.0382065474987030029296875" lon="11.198410727083683013916015625">
        <ele>547.20001220703125</ele>
        <time>2023-09-05T06:10:42.000Z</time>
        <extensions>
          <ns3:TrackPointExtension>
            <ns3:atemp>19.0</ns3:atemp>
            <ns3:hr>148</ns3:hr>
          </ns3:TrackPointExtension>
        </extensions>
      </trkpt>
      <trkpt lat="48.03833973594009876251220703125" lon="11.1982513032853603363037109375">
        <ele>548.20001220703125</ele>
        <time>2023-09-05T06:10:49.000Z</time>
        <extensions>
          <ns3:TrackPointExtension>
            <ns3:atemp>19.0</ns3:atemp>
            <ns3:hr>148</ns3:hr>
          </ns3:TrackPointExtension>
        </extensions>
      </trkpt>
      <trkpt lat="48.03835339844226837158203125" lon="11.198233701288700103759765625">
        <ele>548.4000244140625</ele>
        <time>2023-09-05T06:10:50.000Z</time>
        <extensions>
          <ns3:TrackPointExtension>
            <ns3:atemp>19.0</ns3:atemp>
            <ns3:hr>148</ns3:hr>
          </ns3:TrackPointExtension>
        </extensions>
      </trkpt>
      <trkpt lat="48.038477115333080291748046875" lon="11.19810570962727069854736328125">
        <ele>549.4000244140625</ele>
        <time>2023-09-05T06:10:56.000Z</time>
        <extensions>
          <ns3:TrackPointExtension>
            <ns3:atemp>19.0</ns3:atemp>
            <ns3:hr>150</ns3:hr>
          </ns3:TrackPointExtension>
        </extensions>
      </trkpt>
      <trkpt lat="48.0385446734726428985595703125" lon="11.19802440516650676727294921875">
        <ele>550.20001220703125</ele>
        <time>2023-09-05T06:11:00.000Z</time>
        <extensions>
          <ns3:TrackPointExtension>
            <ns3:atemp>19.0</ns3:atemp>
            <ns3:hr>154</ns3:hr>
          </ns3:TrackPointExtension>
        </extensions>
      </trkpt>
      <trkpt lat="48.03858012892305850982666015625" lon="11.1979763768613338470458984375">
        <ele>550.5999755859375</ele>
        <time>2023-09-05T06:11:02.000Z</time>
        <extensions>
          <ns3:TrackPointExtension>
            <ns3:atemp>19.0</ns3:atemp>
            <ns3:hr>155</ns3:hr>
          </ns3:TrackPointExtension>
        </extensions>
      </trkpt>
      <trkpt lat="48.0386234633624553680419921875" lon="11.19791887700557708740234375">
        <ele>551.20001220703125</ele>
        <time>2023-09-05T06:11:05.000Z</time>
        <extensions>
          <ns3:TrackPointExtension>
            <ns3:atemp>19.0</ns3:atemp>
            <ns3:hr>156</ns3:hr>
          </ns3:TrackPointExtension>
        </extensions>
      </trkpt>
      <trkpt lat="48.0386908538639545440673828125" lon="11.1978442780673503875732421875">
        <ele>551.79998779296875</ele>
        <time>2023-09-05T06:11:09.000Z</time>
        <extensions>
          <ns3:TrackPointExtension>
            <ns3:atemp>19.0</ns3:atemp>
            <ns3:hr>157</ns3:hr>
          </ns3:TrackPointExtension>
        </extensions>
      </trkpt>
      <trkpt lat="48.0387590825557708740234375" lon="11.1977624706923961639404296875">
        <ele>553</ele>
        <time>2023-09-05T06:11:13.000Z</time>
        <extensions>
          <ns3:TrackPointExtension>
            <ns3:atemp>19.0</ns3:atemp>
            <ns3:hr>158</ns3:hr>
          </ns3:TrackPointExtension>
        </extensions>
      </trkpt>
      <trkpt lat="48.038771152496337890625" lon="11.19773757643997669219970703125">
        <ele>553.4000244140625</ele>
        <time>2023-09-05T06:11:15.000Z</time>
        <extensions>
          <ns3:TrackPointExtension>
            <ns3:atemp>19.0</ns3:atemp>
            <ns3:hr>158</ns3:hr>
          </ns3:TrackPointExtension>
        </extensions>
      </trkpt>
      <trkpt lat="48.03878179751336574554443359375" lon="11.19769549928605556488037109375">
        <ele>553.5999755859375</ele>
        <time>2023-09-05T06:11:20.000Z</time>
        <extensions>
          <ns3:TrackPointExtension>
            <ns3:atemp>19.0</ns3:atemp>
            <ns3:hr>157</ns3:hr>
          </ns3:TrackPointExtension>
        </extensions>
      </trkpt>
      <trkpt lat="48.0387773551046848297119140625" lon="11.19766448624432086944580078125">
        <ele>553.5999755859375</ele>
        <time>2023-09-05T06:11:22.000Z</time>
        <extensions>
          <ns3:TrackPointExtension>
            <ns3:atemp>19.0</ns3:atemp>
            <ns3:hr>157</ns3:hr>
          </ns3:TrackPointExtension>
        </extensions>
      </trkpt>
      <trkpt lat="48.03876386024057865142822265625" lon="11.19767052121460437774658203125">
        <ele>553.4000244140625</ele>
        <time>2023-09-05T06:11:29.000Z</time>
        <extensions>
          <ns3:TrackPointExtension>
            <ns3:atemp>19.0</ns3:atemp>
            <ns3:hr>157</ns3:hr>
          </ns3:TrackPointExtension>
        </extensions>
      </trkpt>
      <trkpt lat="48.038688004016876220703125" lon="11.1976119317114353179931640625">
        <ele>552.5999755859375</ele>
        <time>2023-09-05T06:11:32.000Z</time>
        <extensions>
          <ns3:TrackPointExtension>
            <ns3:atemp>20.0</ns3:atemp>
            <ns3:hr>157</ns3:hr>
          </ns3:TrackPointExtension>
        </extensions>
      </trkpt>
      <trkpt lat="48.038574345409870147705078125" lon="11.19750657118856906890869140625">
        <ele>552.20001220703125</ele>
        <time>2023-09-05T06:11:37.000Z</time>
        <extensions>
          <ns3:TrackPointExtension>
            <ns3:atemp>20.0</ns3:atemp>
            <ns3:hr>158</ns3:hr>
          </ns3:TrackPointExtension>
        </extensions>
      </trkpt>
      <trkpt lat="48.03855682723224163055419921875" lon="11.19748243130743503570556640625">
        <ele>552.20001220703125</ele>
        <time>2023-09-05T06:11:38.000Z</time>
        <extensions>
          <ns3:TrackPointExtension>
            <ns3:atemp>20.0</ns3:atemp>
            <ns3:hr>159</ns3:hr>
          </ns3:TrackPointExtension>
        </extensions>
      </trkpt>
      <trkpt lat="48.03850871510803699493408203125" lon="11.19735821150243282318115234375">
        <ele>552.4000244140625</ele>
        <time>2023-09-05T06:11:42.000Z</time>
        <extensions>
          <ns3:TrackPointExtension>
            <ns3:atemp>20.0</ns3:atemp>
            <ns3:hr>159</ns3:hr>
          </ns3:TrackPointExtension>
        </extensions>
      </trkpt>
      <trkpt lat="48.0384159274399280548095703125" lon="11.19715989567339420318603515625">
        <ele>552.4000244140625</ele>
        <time>2023-09-05T06:11:48.000Z</time>
        <extensions>
          <ns3:TrackPointExtension>
            <ns3:atemp>20.0</ns3:atemp>
            <ns3:hr>156</ns3:hr>
          </ns3:TrackPointExtension>
        </extensions>
      </trkpt>
      <trkpt lat="48.038377873599529266357421875" lon="11.1970583908259868621826171875">
        <ele>552.5999755859375</ele>
        <time>2023-09-05T06:11:51.000Z</time>
        <extensions>
          <ns3:TrackPointExtension>
            <ns3:atemp>20.0</ns3:atemp>
            <ns3:hr>153</ns3:hr>
          </ns3:TrackPointExtension>
        </extensions>
      </trkpt>
      <trkpt lat="48.03831090219318866729736328125" lon="11.1969311535358428955078125">
        <ele>552.5999755859375</ele>
        <time>2023-09-05T06:11:55.000Z</time>
        <extensions>
          <ns3:TrackPointExtension>
            <ns3:atemp>20.0</ns3:atemp>
            <ns3:hr>150</ns3:hr>
          </ns3:TrackPointExtension>
        </extensions>
      </trkpt>
      <trkpt lat="48.0383032746613025665283203125" lon="11.19690625928342342376708984375">
        <ele>552.5999755859375</ele>
        <time>2023-09-05T06:11:56.000Z</time>
        <extensions>
          <ns3:TrackPointExtension>
            <ns3:atemp>20.0</ns3:atemp>
            <ns3:hr>150</ns3:hr>
          </ns3:TrackPointExtension>
        </extensions>
      </trkpt>
      <trkpt lat="48.038183748722076416015625" lon="11.19676007889211177825927734375">
        <ele>552.79998779296875</ele>
        <time>2023-09-05T06:12:02.000Z</time>
        <extensions>
          <ns3:TrackPointExtension>
            <ns3:atemp>20.0</ns3:atemp>
            <ns3:hr>148</ns3:hr>
          </ns3:TrackPointExtension>
        </extensions>
      </trkpt>
      <trkpt lat="48.038058020174503326416015625" lon="11.1965853162109851837158203125">
        <ele>552.20001220703125</ele>
        <time>2023-09-05T06:12:08.000Z</time>
        <extensions>
          <ns3:TrackPointExtension>
            <ns3:atemp>20.0</ns3:atemp>
            <ns3:hr>146</ns3:hr>
          </ns3:TrackPointExtension>
        </extensions>
      </trkpt>
      <trkpt lat="48.03801166824996471405029296875" lon="11.1965449154376983642578125">
        <ele>552</ele>
        <time>2023-09-05T06:12:10.000Z</time>
        <extensions>
          <ns3:TrackPointExtension>
            <ns3:atemp>20.0</ns3:atemp>
            <ns3:hr>146</ns3:hr>
          </ns3:TrackPointExtension>
        </extensions>
      </trkpt>
      <trkpt lat="48.03791192360222339630126953125" lon="11.19645246304571628570556640625">
        <ele>551.5999755859375</ele>
        <time>2023-09-05T06:12:14.000Z</time>
        <extensions>
          <ns3:TrackPointExtension>
            <ns3:atemp>20.0</ns3:atemp>
            <ns3:hr>146</ns3:hr>
          </ns3:TrackPointExtension>
        </extensions>
      </trkpt>
      <trkpt lat="48.03781519643962383270263671875" lon="11.19636545889079570770263671875">
        <ele>550.79998779296875</ele>
        <time>2023-09-05T06:12:18.000Z</time>
        <extensions>
          <ns3:TrackPointExtension>
            <ns3:atemp>20.0</ns3:atemp>
            <ns3:hr>144</ns3:hr>
          </ns3:TrackPointExtension>
        </extensions>
      </trkpt>
      <trkpt lat="48.037765324115753173828125" lon="11.19631298817694187164306640625">
        <ele>550.5999755859375</ele>
        <time>2023-09-05T06:12:20.000Z</time>
        <extensions>
          <ns3:TrackPointExtension>
            <ns3:atemp>20.0</ns3:atemp>
            <ns3:hr>144</ns3:hr>
          </ns3:TrackPointExtension>
        </extensions>
      </trkpt>
      <trkpt lat="48.0376746319234371185302734375" lon="11.196202598512172698974609375">
        <ele>550</ele>
        <time>2023-09-05T06:12:24.000Z</time>
        <extensions>
          <ns3:TrackPointExtension>
            <ns3:atemp>20.0</ns3:atemp>
            <ns3:hr>142</ns3:hr>
          </ns3:TrackPointExtension>
        </extensions>
      </trkpt>
      <trkpt lat="48.037629537284374237060546875" lon="11.1961598508059978485107421875">
        <ele>549.79998779296875</ele>
        <time>2023-09-05T06:12:26.000Z</time>
        <extensions>
          <ns3:TrackPointExtension>
            <ns3:atemp>20.0</ns3:atemp>
            <ns3:hr>142</ns3:hr>
          </ns3:TrackPointExtension>
        </extensions>
      </trkpt>
      <trkpt lat="48.03756214678287506103515625" lon="11.19609321467578411102294921875">
        <ele>549.20001220703125</ele>
        <time>2023-09-05T06:12:29.000Z</time>
        <extensions>
          <ns3:TrackPointExtension>
            <ns3:atemp>20.0</ns3:atemp>
            <ns3:hr>142</ns3:hr>
          </ns3:TrackPointExtension>
        </extensions>
      </trkpt>
      <trkpt lat="48.03742409683763980865478515625" lon="11.19592331349849700927734375">
        <ele>548.79998779296875</ele>
        <time>2023-09-05T06:12:36.000Z</time>
        <extensions>
          <ns3:TrackPointExtension>
            <ns3:atemp>20.0</ns3:atemp>
            <ns3:hr>143</ns3:hr>
          </ns3:TrackPointExtension>
        </extensions>
      </trkpt>
      <trkpt lat="48.03736844100058078765869140625" lon="11.1958570964634418487548828125">
        <ele>548.79998779296875</ele>
        <time>2023-09-05T06:12:39.000Z</time>
        <extensions>
          <ns3:TrackPointExtension>
            <ns3:atemp>20.0</ns3:atemp>
            <ns3:hr>141</ns3:hr>
          </ns3:TrackPointExtension>
        </extensions>
      </trkpt>
      <trkpt lat="48.0373007990419864654541015625" lon="11.19579800404608249664306640625">
        <ele>548.5999755859375</ele>
        <time>2023-09-05T06:12:42.000Z</time>
        <extensions>
          <ns3:TrackPointExtension>
            <ns3:atemp>20.0</ns3:atemp>
            <ns3:hr>140</ns3:hr>
          </ns3:TrackPointExtension>
        </extensions>
      </trkpt>
      <trkpt lat="48.03705990314483642578125" lon="11.19550648145377635955810546875">
        <ele>547.79998779296875</ele>
        <time>2023-09-05T06:12:53.000Z</time>
        <extensions>
          <ns3:TrackPointExtension>
            <ns3:atemp>20.0</ns3:atemp>
            <ns3:hr>138</ns3:hr>
          </ns3:TrackPointExtension>
        </extensions>
      </trkpt>
      <trkpt lat="48.03703970275819301605224609375" lon="11.19548787362873554229736328125">
        <ele>547.79998779296875</ele>
        <time>2023-09-05T06:12:54.000Z</time>
        <extensions>
          <ns3:TrackPointExtension>
            <ns3:atemp>20.0</ns3:atemp>
            <ns3:hr>138</ns3:hr>
          </ns3:TrackPointExtension>
        </extensions>
      </trkpt>
      <trkpt lat="48.03693048655986785888671875" lon="11.19538125582039356231689453125">
        <ele>547.4000244140625</ele>
        <time>2023-09-05T06:12:59.000Z</time>
        <extensions>
          <ns3:TrackPointExtension>
            <ns3:atemp>20.0</ns3:atemp>
            <ns3:hr>138</ns3:hr>
          </ns3:TrackPointExtension>
        </extensions>
      </trkpt>
      <trkpt lat="48.036738373339176177978515625" lon="11.1952247656881809234619140625">
        <ele>547</ele>
        <time>2023-09-05T06:13:07.000Z</time>
        <extensions>
          <ns3:TrackPointExtension>
            <ns3:atemp>20.0</ns3:atemp>
            <ns3:hr>137</ns3:hr>
          </ns3:TrackPointExtension>
        </extensions>
      </trkpt>
      <trkpt lat="48.03668028675019741058349609375" lon="11.19519970379769802093505859375">
        <ele>546.5999755859375</ele>
        <time>2023-09-05T06:13:09.000Z</time>
        <extensions>
          <ns3:TrackPointExtension>
            <ns3:atemp>20.0</ns3:atemp>
            <ns3:hr>137</ns3:hr>
          </ns3:TrackPointExtension>
        </extensions>
      </trkpt>
      <trkpt lat="48.0364914424717426300048828125" lon="11.19510364718735218048095703125">
        <ele>546.20001220703125</ele>
        <time>2023-09-05T06:13:16.000Z</time>
        <extensions>
          <ns3:TrackPointExtension>
            <ns3:atemp>20.0</ns3:atemp>
            <ns3:hr>136</ns3:hr>
          </ns3:TrackPointExtension>
        </extensions>
      </trkpt>
      <trkpt lat="48.03638289682567119598388671875" lon="11.19504086673259735107421875">
        <ele>545.5999755859375</ele>
        <time>2023-09-05T06:13:20.000Z</time>
        <extensions>
          <ns3:TrackPointExtension>
            <ns3:atemp>20.0</ns3:atemp>
            <ns3:hr>136</ns3:hr>
          </ns3:TrackPointExtension>
        </extensions>
      </trkpt>
      <trkpt lat="48.036285750567913055419921875" lon="11.19499719701707363128662109375">
        <ele>545.20001220703125</ele>
        <time>2023-09-05T06:13:23.000Z</time>
        <extensions>
          <ns3:TrackPointExtension>
            <ns3:atemp>20.0</ns3:atemp>
            <ns3:hr>135</ns3:hr>
          </ns3:TrackPointExtension>
        </extensions>
      </trkpt>
      <trkpt lat="48.0360767059028148651123046875" lon="11.1948264576494693756103515625">
        <ele>544.5999755859375</ele>
        <time>2023-09-05T06:13:31.000Z</time>
        <extensions>
          <ns3:TrackPointExtension>
            <ns3:atemp>20.0</ns3:atemp>
            <ns3:hr>134</ns3:hr>
          </ns3:TrackPointExtension>
        </extensions>
      </trkpt>
      <trkpt lat="48.03605332039296627044677734375" lon="11.19480441324412822723388671875">
        <ele>544.5999755859375</ele>
        <time>2023-09-05T06:13:32.000Z</time>
        <extensions>
          <ns3:TrackPointExtension>
            <ns3:atemp>20.0</ns3:atemp>
            <ns3:hr>134</ns3:hr>
          </ns3:TrackPointExtension>
        </extensions>
      </trkpt>
      <trkpt lat="48.03586489520967006683349609375" lon="11.19460165500640869140625">
        <ele>545</ele>
        <time>2023-09-05T06:13:41.000Z</time>
        <extensions>
          <ns3:TrackPointExtension>
            <ns3:atemp>20.0</ns3:atemp>
            <ns3:hr>135</ns3:hr>
          </ns3:TrackPointExtension>
        </extensions>
      </trkpt>
      <trkpt lat="48.03578007034957408905029296875" lon="11.1944814585149288177490234375">
        <ele>545.20001220703125</ele>
        <time>2023-09-05T06:13:46.000Z</time>
        <extensions>
          <ns3:TrackPointExtension>
            <ns3:atemp>20.0</ns3:atemp>
            <ns3:hr>138</ns3:hr>
          </ns3:TrackPointExtension>
        </extensions>
      </trkpt>
      <trkpt lat="48.03575106896460056304931640625" lon="11.19443510659039020538330078125">
        <ele>545.4000244140625</ele>
        <time>2023-09-05T06:13:48.000Z</time>
        <extensions>
          <ns3:TrackPointExtension>
            <ns3:atemp>20.0</ns3:atemp>
            <ns3:hr>139</ns3:hr>
          </ns3:TrackPointExtension>
        </extensions>
      </trkpt>
      <trkpt lat="48.03562886081635951995849609375" lon="11.1942937038838863372802734375">
        <ele>545.4000244140625</ele>
        <time>2023-09-05T06:13:54.000Z</time>
        <extensions>
          <ns3:TrackPointExtension>
            <ns3:atemp>20.0</ns3:atemp>
            <ns3:hr>142</ns3:hr>
          </ns3:TrackPointExtension>
        </extensions>
      </trkpt>
      <trkpt lat="48.035591728985309600830078125" lon="11.19424869306385517120361328125">
        <ele>545.5999755859375</ele>
        <time>2023-09-05T06:13:56.000Z</time>
        <extensions>
          <ns3:TrackPointExtension>
            <ns3:atemp>20.0</ns3:atemp>
            <ns3:hr>143</ns3:hr>
          </ns3:TrackPointExtension>
        </extensions>
      </trkpt>
      <trkpt lat="48.03550145588815212249755859375" lon="11.1941595934331417083740234375">
        <ele>545.5999755859375</ele>
        <time>2023-09-05T06:14:00.000Z</time>
        <extensions>
          <ns3:TrackPointExtension>
            <ns3:atemp>20.0</ns3:atemp>
            <ns3:hr>145</ns3:hr>
          </ns3:TrackPointExtension>
        </extensions>
      </trkpt>
      <trkpt lat="48.03543859161436557769775390625" lon="11.1940794624388217926025390625">
        <ele>545.79998779296875</ele>
        <time>2023-09-05T06:14:03.000Z</time>
        <extensions>
          <ns3:TrackPointExtension>
            <ns3:atemp>20.0</ns3:atemp>
            <ns3:hr>145</ns3:hr>
          </ns3:TrackPointExtension>
        </extensions>
      </trkpt>
      <trkpt lat="48.0353025533258914947509765625" lon="11.193899922072887420654296875">
        <ele>546.4000244140625</ele>
        <time>2023-09-05T06:14:10.000Z</time>
        <extensions>
          <ns3:TrackPointExtension>
            <ns3:atemp>20.0</ns3:atemp>
            <ns3:hr>143</ns3:hr>
          </ns3:TrackPointExtension>
        </extensions>
      </trkpt>
      <trkpt lat="48.03520892746746540069580078125" lon="11.19370202533900737762451171875">
        <ele>546.4000244140625</ele>
        <time>2023-09-05T06:14:16.000Z</time>
        <extensions>
          <ns3:TrackPointExtension>
            <ns3:atemp>20.0</ns3:atemp>
            <ns3:hr>146</ns3:hr>
          </ns3:TrackPointExtension>
        </extensions>
      </trkpt>
      <trkpt lat="48.0351771600544452667236328125" lon="11.19363404810428619384765625">
        <ele>546.5999755859375</ele>
        <time>2023-09-05T06:14:18.000Z</time>
        <extensions>
          <ns3:TrackPointExtension>
            <ns3:atemp>20.0</ns3:atemp>
            <ns3:hr>149</ns3:hr>
          </ns3:TrackPointExtension>
        </extensions>
      </trkpt>
      <trkpt lat="48.035163916647434234619140625" lon="11.19359406642615795135498046875">
        <ele>546.5999755859375</ele>
        <time>2023-09-05T06:14:19.000Z</time>
        <extensions>
          <ns3:TrackPointExtension>
            <ns3:atemp>20.0</ns3:atemp>
            <ns3:hr>149</ns3:hr>
          </ns3:TrackPointExtension>
        </extensions>
      </trkpt>
      <trkpt lat="48.0351429618895053863525390625" lon="11.19355785660445690155029296875">
        <ele>546.5999755859375</ele>
        <time>2023-09-05T06:14:20.000Z</time>
        <extensions>
          <ns3:TrackPointExtension>
            <ns3:atemp>20.0</ns3:atemp>
            <ns3:hr>150</ns3:hr>
          </ns3:TrackPointExtension>
        </extensions>
      </trkpt>
      <trkpt lat="48.03507884033024311065673828125" lon="11.19342743419110774993896484375">
        <ele>547.20001220703125</ele>
        <time>2023-09-05T06:14:25.000Z</time>
        <extensions>
          <ns3:TrackPointExtension>
            <ns3:atemp>20.0</ns3:atemp>
            <ns3:hr>151</ns3:hr>
          </ns3:TrackPointExtension>
        </extensions>
      </trkpt>
      <trkpt lat="48.03506769239902496337890625" lon="11.1934032104909420013427734375">
        <ele>547.4000244140625</ele>
        <time>2023-09-05T06:14:26.000Z</time>
        <extensions>
          <ns3:TrackPointExtension>
            <ns3:atemp>20.0</ns3:atemp>
            <ns3:hr>151</ns3:hr>
          </ns3:TrackPointExtension>
        </extensions>
      </trkpt>
      <trkpt lat="48.0350527726113796234130859375" lon="11.19331444613635540008544921875">
        <ele>547.5999755859375</ele>
        <time>2023-09-05T06:14:29.000Z</time>
        <extensions>
          <ns3:TrackPointExtension>
            <ns3:atemp>20.0</ns3:atemp>
            <ns3:hr>150</ns3:hr>
          </ns3:TrackPointExtension>
        </extensions>
      </trkpt>
      <trkpt lat="48.0349733121693134307861328125" lon="11.19310137815773487091064453125">
        <ele>548.79998779296875</ele>
        <time>2023-09-05T06:14:36.000Z</time>
        <extensions>
          <ns3:TrackPointExtension>
            <ns3:atemp>21.0</ns3:atemp>
            <ns3:hr>151</ns3:hr>
          </ns3:TrackPointExtension>
        </extensions>
      </trkpt>
      <trkpt lat="48.0349716357886791229248046875" lon="11.193069107830524444580078125">
        <ele>548.79998779296875</ele>
        <time>2023-09-05T06:14:37.000Z</time>
        <extensions>
          <ns3:TrackPointExtension>
            <ns3:atemp>20.0</ns3:atemp>
            <ns3:hr>151</ns3:hr>
          </ns3:TrackPointExtension>
        </extensions>
      </trkpt>
      <trkpt lat="48.03495948202908039093017578125" lon="11.19286559522151947021484375">
        <ele>549.4000244140625</ele>
        <time>2023-09-05T06:14:42.000Z</time>
        <extensions>
          <ns3:TrackPointExtension>
            <ns3:atemp>21.0</ns3:atemp>
            <ns3:hr>150</ns3:hr>
          </ns3:TrackPointExtension>
        </extensions>
      </trkpt>
      <trkpt lat="48.0349434725940227508544921875" lon="11.19277917779982089996337890625">
        <ele>549.79998779296875</ele>
        <time>2023-09-05T06:14:44.000Z</time>
        <extensions>
          <ns3:TrackPointExtension>
            <ns3:atemp>21.0</ns3:atemp>
            <ns3:hr>150</ns3:hr>
          </ns3:TrackPointExtension>
        </extensions>
      </trkpt>
      <trkpt lat="48.0349186621606349945068359375" lon="11.19266937486827373504638671875">
        <ele>550</ele>
        <time>2023-09-05T06:14:47.000Z</time>
        <extensions>
          <ns3:TrackPointExtension>
            <ns3:atemp>21.0</ns3:atemp>
            <ns3:hr>151</ns3:hr>
          </ns3:TrackPointExtension>
        </extensions>
      </trkpt>
      <trkpt lat="48.03487683646380901336669921875" lon="11.19256074540317058563232421875">
        <ele>550</ele>
        <time>2023-09-05T06:14:50.000Z</time>
        <extensions>
          <ns3:TrackPointExtension>
            <ns3:atemp>21.0</ns3:atemp>
            <ns3:hr>154</ns3:hr>
          </ns3:TrackPointExtension>
        </extensions>
      </trkpt>
      <trkpt lat="48.03482805378735065460205078125" lon="11.192400567233562469482421875">
        <ele>550.4000244140625</ele>
        <time>2023-09-05T06:14:54.000Z</time>
        <extensions>
          <ns3:TrackPointExtension>
            <ns3:atemp>21.0</ns3:atemp>
            <ns3:hr>154</ns3:hr>
          </ns3:TrackPointExtension>
        </extensions>
      </trkpt>
      <trkpt lat="48.034797124564647674560546875" lon="11.19227374903857707977294921875">
        <ele>550.79998779296875</ele>
        <time>2023-09-05T06:14:58.000Z</time>
        <extensions>
          <ns3:TrackPointExtension>
            <ns3:atemp>21.0</ns3:atemp>
            <ns3:hr>155</ns3:hr>
          </ns3:TrackPointExtension>
        </extensions>
      </trkpt>
      <trkpt lat="48.0347661115229129791259765625" lon="11.19218406267464160919189453125">
        <ele>551.20001220703125</ele>
        <time>2023-09-05T06:15:01.000Z</time>
        <extensions>
          <ns3:TrackPointExtension>
            <ns3:atemp>21.0</ns3:atemp>
            <ns3:hr>155</ns3:hr>
          </ns3:TrackPointExtension>
        </extensions>
      </trkpt>
      <trkpt lat="48.03476317785680294036865234375" lon="11.1921487748622894287109375">
        <ele>551.4000244140625</ele>
        <time>2023-09-05T06:15:02.000Z</time>
        <extensions>
          <ns3:TrackPointExtension>
            <ns3:atemp>21.0</ns3:atemp>
            <ns3:hr>155</ns3:hr>
          </ns3:TrackPointExtension>
        </extensions>
      </trkpt>
      <trkpt lat="48.03474876098334789276123046875" lon="11.19208767078816890716552734375">
        <ele>551.79998779296875</ele>
        <time>2023-09-05T06:15:04.000Z</time>
        <extensions>
          <ns3:TrackPointExtension>
            <ns3:atemp>21.0</ns3:atemp>
            <ns3:hr>156</ns3:hr>
          </ns3:TrackPointExtension>
        </extensions>
      </trkpt>
      <trkpt lat="48.03474339656531810760498046875" lon="11.19205883704125881195068359375">
        <ele>552</ele>
        <time>2023-09-05T06:15:05.000Z</time>
        <extensions>
          <ns3:TrackPointExtension>
            <ns3:atemp>21.0</ns3:atemp>
            <ns3:hr>157</ns3:hr>
          </ns3:TrackPointExtension>
        </extensions>
      </trkpt>
      <trkpt lat="48.034655638039112091064453125" lon="11.1918790452182292938232421875">
        <ele>552.4000244140625</ele>
        <time>2023-09-05T06:15:10.000Z</time>
        <extensions>
          <ns3:TrackPointExtension>
            <ns3:atemp>21.0</ns3:atemp>
            <ns3:hr>159</ns3:hr>
          </ns3:TrackPointExtension>
        </extensions>
      </trkpt>
      <trkpt lat="48.0346070230007171630859375" lon="11.19179346598684787750244140625">
        <ele>553</ele>
        <time>2023-09-05T06:15:13.000Z</time>
        <extensions>
          <ns3:TrackPointExtension>
            <ns3:atemp>21.0</ns3:atemp>
            <ns3:hr>159</ns3:hr>
          </ns3:TrackPointExtension>
        </extensions>
      </trkpt>
      <trkpt lat="48.03453234024345874786376953125" lon="11.1916765384376049041748046875">
        <ele>553.4000244140625</ele>
        <time>2023-09-05T06:15:17.000Z</time>
        <extensions>
          <ns3:TrackPointExtension>
            <ns3:atemp>21.0</ns3:atemp>
            <ns3:hr>160</ns3:hr>
          </ns3:TrackPointExtension>
        </extensions>
      </trkpt>
      <trkpt lat="48.03443527780473232269287109375" lon="11.1915176175534725189208984375">
        <ele>553.4000244140625</ele>
        <time>2023-09-05T06:15:23.000Z</time>
        <extensions>
          <ns3:TrackPointExtension>
            <ns3:atemp>21.0</ns3:atemp>
            <ns3:hr>160</ns3:hr>
          </ns3:TrackPointExtension>
        </extensions>
      </trkpt>
      <trkpt lat="48.0342611856758594512939453125" lon="11.19138224981725215911865234375">
        <ele>552.5999755859375</ele>
        <time>2023-09-05T06:15:30.000Z</time>
        <extensions>
          <ns3:TrackPointExtension>
            <ns3:atemp>21.0</ns3:atemp>
            <ns3:hr>160</ns3:hr>
          </ns3:TrackPointExtension>
        </extensions>
      </trkpt>
      <trkpt lat="48.0341371335089206695556640625" lon="11.191316284239292144775390625">
        <ele>552</ele>
        <time>2023-09-05T06:15:34.000Z</time>
        <extensions>
          <ns3:TrackPointExtension>
            <ns3:atemp>21.0</ns3:atemp>
            <ns3:hr>157</ns3:hr>
          </ns3:TrackPointExtension>
        </extensions>
      </trkpt>
      <trkpt lat="48.03410637192428112030029296875" lon="11.1912958323955535888671875">
        <ele>551.79998779296875</ele>
        <time>2023-09-05T06:15:35.000Z</time>
        <extensions>
          <ns3:TrackPointExtension>
            <ns3:atemp>21.0</ns3:atemp>
            <ns3:hr>156</ns3:hr>
          </ns3:TrackPointExtension>
        </extensions>
      </trkpt>
      <trkpt lat="48.0340308509767055511474609375" lon="11.19122408330440521240234375">
        <ele>551.5999755859375</ele>
        <time>2023-09-05T06:15:38.000Z</time>
        <extensions>
          <ns3:TrackPointExtension>
            <ns3:atemp>21.0</ns3:atemp>
            <ns3:hr>155</ns3:hr>
          </ns3:TrackPointExtension>
        </extensions>
      </trkpt>
      <trkpt lat="48.03383530117571353912353515625" lon="11.191062144935131072998046875">
        <ele>551.4000244140625</ele>
        <time>2023-09-05T06:15:46.000Z</time>
        <extensions>
          <ns3:TrackPointExtension>
            <ns3:atemp>21.0</ns3:atemp>
            <ns3:hr>153</ns3:hr>
          </ns3:TrackPointExtension>
        </extensions>
      </trkpt>
      <trkpt lat="48.03373337723314762115478515625" lon="11.19101813994348049163818359375">
        <ele>551.4000244140625</ele>
        <time>2023-09-05T06:15:51.000Z</time>
        <extensions>
          <ns3:TrackPointExtension>
            <ns3:atemp>21.0</ns3:atemp>
            <ns3:hr>151</ns3:hr>
          </ns3:TrackPointExtension>
        </extensions>
      </trkpt>
      <trkpt lat="48.03371451795101165771484375" lon="11.19100657291710376739501953125">
        <ele>551.4000244140625</ele>
        <time>2023-09-05T06:15:55.000Z</time>
        <extensions>
          <ns3:TrackPointExtension>
            <ns3:atemp>21.0</ns3:atemp>
            <ns3:hr>151</ns3:hr>
          </ns3:TrackPointExtension>
        </extensions>
      </trkpt>
      <trkpt lat="48.03373790346086025238037109375" lon="11.19100942276418209075927734375">
        <ele>551.20001220703125</ele>
        <time>2023-09-05T06:15:57.000Z</time>
        <extensions>
          <ns3:TrackPointExtension>
            <ns3:atemp>21.0</ns3:atemp>
            <ns3:hr>149</ns3:hr>
          </ns3:TrackPointExtension>
        </extensions>
      </trkpt>
      <trkpt lat="48.03377931006252765655517578125" lon="11.19101629592478275299072265625">
        <ele>551.20001220703125</ele>
        <time>2023-09-05T06:15:59.000Z</time>
        <extensions>
          <ns3:TrackPointExtension>
            <ns3:atemp>21.0</ns3:atemp>
            <ns3:hr>145</ns3:hr>
          </ns3:TrackPointExtension>
        </extensions>
      </trkpt>
      <trkpt lat="48.03382272832095623016357421875" lon="11.191052086651325225830078125">
        <ele>551</ele>
        <time>2023-09-05T06:16:01.000Z</time>
        <extensions>
          <ns3:TrackPointExtension>
            <ns3:atemp>21.0</ns3:atemp>
            <ns3:hr>143</ns3:hr>
          </ns3:TrackPointExtension>
        </extensions>
      </trkpt>
      <trkpt lat="48.03388190455734729766845703125" lon="11.19108368642628192901611328125">
        <ele>550.79998779296875</ele>
        <time>2023-09-05T06:16:03.000Z</time>
        <extensions>
          <ns3:TrackPointExtension>
            <ns3:atemp>21.0</ns3:atemp>
            <ns3:hr>142</ns3:hr>
          </ns3:TrackPointExtension>
        </extensions>
      </trkpt>
      <trkpt lat="48.0340410768985748291015625" lon="11.19123003445565700531005859375">
        <ele>550.5999755859375</ele>
        <time>2023-09-05T06:16:09.000Z</time>
        <extensions>
          <ns3:TrackPointExtension>
            <ns3:atemp>21.0</ns3:atemp>
            <ns3:hr>141</ns3:hr>
          </ns3:TrackPointExtension>
        </extensions>
      </trkpt>
      <trkpt lat="48.03415347822010517120361328125" lon="11.191323660314083099365234375">
        <ele>551.20001220703125</ele>
        <time>2023-09-05T06:16:14.000Z</time>
        <extensions>
          <ns3:TrackPointExtension>
            <ns3:atemp>21.0</ns3:atemp>
            <ns3:hr>140</ns3:hr>
          </ns3:TrackPointExtension>
        </extensions>
      </trkpt>
      <trkpt lat="48.0342055298388004302978515625" lon="11.19135157205164432525634765625">
        <ele>551.5999755859375</ele>
        <time>2023-09-05T06:16:17.000Z</time>
        <extensions>
          <ns3:TrackPointExtension>
            <ns3:atemp>21.0</ns3:atemp>
            <ns3:hr>140</ns3:hr>
          </ns3:TrackPointExtension>
        </extensions>
      </trkpt>
      <trkpt lat="48.03422103635966777801513671875" lon="11.19131661951541900634765625">
        <ele>551.79998779296875</ele>
        <time>2023-09-05T06:16:19.000Z</time>
        <extensions>
          <ns3:TrackPointExtension>
            <ns3:atemp>21.0</ns3:atemp>
            <ns3:hr>141</ns3:hr>
          </ns3:TrackPointExtension>
        </extensions>
      </trkpt>
      <trkpt lat="48.034214079380035400390625" lon="11.19129826314747333526611328125">
        <ele>552.20001220703125</ele>
        <time>2023-09-05T06:16:20.000Z</time>
        <extensions>
          <ns3:TrackPointExtension>
            <ns3:atemp>21.0</ns3:atemp>
            <ns3:hr>141</ns3:hr>
          </ns3:TrackPointExtension>
        </extensions>
      </trkpt>
      <trkpt lat="48.03414157591760158538818359375" lon="11.19119751267135143280029296875">
        <ele>552.79998779296875</ele>
        <time>2023-09-05T06:16:24.000Z</time>
        <extensions>
          <ns3:TrackPointExtension>
            <ns3:atemp>21.0</ns3:atemp>
            <ns3:hr>142</ns3:hr>
          </ns3:TrackPointExtension>
        </extensions>
      </trkpt>
      <trkpt lat="48.03412866778671741485595703125" lon="11.19116867892444133758544921875">
        <ele>553</ele>
        <time>2023-09-05T06:16:25.000Z</time>
        <extensions>
          <ns3:TrackPointExtension>
            <ns3:atemp>21.0</ns3:atemp>
            <ns3:hr>142</ns3:hr>
          </ns3:TrackPointExtension>
        </extensions>
      </trkpt>
      <trkpt lat="48.03406446240842342376708984375" lon="11.19103968143463134765625">
        <ele>553.79998779296875</ele>
        <time>2023-09-05T06:16:30.000Z</time>
        <extensions>
          <ns3:TrackPointExtension>
            <ns3:atemp>21.0</ns3:atemp>
            <ns3:hr>144</ns3:hr>
          </ns3:TrackPointExtension>
        </extensions>
      </trkpt>
      <trkpt lat="48.03402305580675601959228515625" lon="11.19098025374114513397216796875">
        <ele>554</ele>
        <time>2023-09-05T06:16:32.000Z</time>
        <extensions>
          <ns3:TrackPointExtension>
            <ns3:atemp>21.0</ns3:atemp>
            <ns3:hr>144</ns3:hr>
          </ns3:TrackPointExtension>
        </extensions>
      </trkpt>
      <trkpt lat="48.03390118293464183807373046875" lon="11.19078428484499454498291015625">
        <ele>554.79998779296875</ele>
        <time>2023-09-05T06:16:38.000Z</time>
        <extensions>
          <ns3:TrackPointExtension>
            <ns3:atemp>21.0</ns3:atemp>
            <ns3:hr>148</ns3:hr>
          </ns3:TrackPointExtension>
        </extensions>
      </trkpt>
      <trkpt lat="48.0338259972631931304931640625" lon="11.19067900814116001129150390625">
        <ele>555</ele>
        <time>2023-09-05T06:16:42.000Z</time>
        <extensions>
          <ns3:TrackPointExtension>
            <ns3:atemp>21.0</ns3:atemp>
            <ns3:hr>151</ns3:hr>
          </ns3:TrackPointExtension>
        </extensions>
      </trkpt>
      <trkpt lat="48.0338129214942455291748046875" lon="11.190651766955852508544921875">
        <ele>555</ele>
        <time>2023-09-05T06:16:43.000Z</time>
        <extensions>
          <ns3:TrackPointExtension>
            <ns3:atemp>21.0</ns3:atemp>
            <ns3:hr>152</ns3:hr>
          </ns3:TrackPointExtension>
        </extensions>
      </trkpt>
      <trkpt lat="48.0337981693446636199951171875" lon="11.19062217883765697479248046875">
        <ele>555.20001220703125</ele>
        <time>2023-09-05T06:16:44.000Z</time>
        <extensions>
          <ns3:TrackPointExtension>
            <ns3:atemp>21.0</ns3:atemp>
            <ns3:hr>152</ns3:hr>
          </ns3:TrackPointExtension>
        </extensions>
      </trkpt>
      <trkpt lat="48.0336556769907474517822265625" lon="11.19045722298324108123779296875">
        <ele>555.4000244140625</ele>
        <time>2023-09-05T06:16:51.000Z</time>
        <extensions>
          <ns3:TrackPointExtension>
            <ns3:atemp>21.0</ns3:atemp>
            <ns3:hr>154</ns3:hr>
          </ns3:TrackPointExtension>
        </extensions>
      </trkpt>
      <trkpt lat="48.0335423536598682403564453125" lon="11.190328560769557952880859375">
        <ele>555.5999755859375</ele>
        <time>2023-09-05T06:16:56.000Z</time>
        <extensions>
          <ns3:TrackPointExtension>
            <ns3:atemp>21.0</ns3:atemp>
            <ns3:hr>155</ns3:hr>
          </ns3:TrackPointExtension>
        </extensions>
      </trkpt>
      <trkpt lat="48.03335376083850860595703125" lon="11.190085820853710174560546875">
        <ele>555</ele>
        <time>2023-09-05T06:17:05.000Z</time>
        <extensions>
          <ns3:TrackPointExtension>
            <ns3:atemp>21.0</ns3:atemp>
            <ns3:hr>156</ns3:hr>
          </ns3:TrackPointExtension>
        </extensions>
      </trkpt>
      <trkpt lat="48.03316139616072177886962890625" lon="11.189848445355892181396484375">
        <ele>554.79998779296875</ele>
        <time>2023-09-05T06:17:14.000Z</time>
        <extensions>
          <ns3:TrackPointExtension>
            <ns3:atemp>21.0</ns3:atemp>
            <ns3:hr>153</ns3:hr>
          </ns3:TrackPointExtension>
        </extensions>
      </trkpt>
      <trkpt lat="48.0330273695290088653564453125" lon="11.18964786641299724578857421875">
        <ele>554.5999755859375</ele>
        <time>2023-09-05T06:17:21.000Z</time>
        <extensions>
          <ns3:TrackPointExtension>
            <ns3:atemp>21.0</ns3:atemp>
            <ns3:hr>150</ns3:hr>
          </ns3:TrackPointExtension>
        </extensions>
      </trkpt>
      <trkpt lat="48.03287037648260593414306640625" lon="11.18945139460265636444091796875">
        <ele>554</ele>
        <time>2023-09-05T06:17:28.000Z</time>
        <extensions>
          <ns3:TrackPointExtension>
            <ns3:atemp>21.0</ns3:atemp>
            <ns3:hr>148</ns3:hr>
          </ns3:TrackPointExtension>
        </extensions>
      </trkpt>
      <trkpt lat="48.0326731503009796142578125" lon="11.18921577930450439453125">
        <ele>553.5999755859375</ele>
        <time>2023-09-05T06:17:37.000Z</time>
        <extensions>
          <ns3:TrackPointExtension>
            <ns3:atemp>21.0</ns3:atemp>
            <ns3:hr>146</ns3:hr>
          </ns3:TrackPointExtension>
        </extensions>
      </trkpt>
      <trkpt lat="48.03251154720783233642578125" lon="11.18900296278297901153564453125">
        <ele>553</ele>
        <time>2023-09-05T06:17:45.000Z</time>
        <extensions>
          <ns3:TrackPointExtension>
            <ns3:atemp>21.0</ns3:atemp>
            <ns3:hr>145</ns3:hr>
          </ns3:TrackPointExtension>
        </extensions>
      </trkpt>
      <trkpt lat="48.03249252028763294219970703125" lon="11.188974045217037200927734375">
        <ele>553</ele>
        <time>2023-09-05T06:17:46.000Z</time>
        <extensions>
          <ns3:TrackPointExtension>
            <ns3:atemp>21.0</ns3:atemp>
            <ns3:hr>144</ns3:hr>
          </ns3:TrackPointExtension>
        </extensions>
      </trkpt>
      <trkpt lat="48.03233183920383453369140625" lon="11.18876106105744838714599609375">
        <ele>552.4000244140625</ele>
        <time>2023-09-05T06:17:54.000Z</time>
        <extensions>
          <ns3:TrackPointExtension>
            <ns3:atemp>21.0</ns3:atemp>
            <ns3:hr>145</ns3:hr>
          </ns3:TrackPointExtension>
        </extensions>
      </trkpt>
      <trkpt lat="48.032196722924709320068359375" lon="11.18861169554293155670166015625">
        <ele>552.4000244140625</ele>
        <time>2023-09-05T06:18:00.000Z</time>
        <extensions>
          <ns3:TrackPointExtension>
            <ns3:atemp>21.0</ns3:atemp>
            <ns3:hr>145</ns3:hr>
          </ns3:TrackPointExtension>
        </extensions>
      </trkpt>
      <trkpt lat="48.0320644564926624298095703125" lon="11.18852175772190093994140625">
        <ele>552.20001220703125</ele>
        <time>2023-09-05T06:18:06.000Z</time>
        <extensions>
          <ns3:TrackPointExtension>
            <ns3:atemp>21.0</ns3:atemp>
            <ns3:hr>146</ns3:hr>
          </ns3:TrackPointExtension>
        </extensions>
      </trkpt>
      <trkpt lat="48.0320262350142002105712890625" lon="11.18852988816797733306884765625">
        <ele>552</ele>
        <time>2023-09-05T06:18:08.000Z</time>
        <extensions>
          <ns3:TrackPointExtension>
            <ns3:atemp>21.0</ns3:atemp>
            <ns3:hr>148</ns3:hr>
          </ns3:TrackPointExtension>
        </extensions>
      </trkpt>
      <trkpt lat="48.0319972336292266845703125" lon="11.18854321539402008056640625">
        <ele>551.79998779296875</ele>
        <time>2023-09-05T06:18:10.000Z</time>
        <extensions>
          <ns3:TrackPointExtension>
            <ns3:atemp>21.0</ns3:atemp>
            <ns3:hr>149</ns3:hr>
          </ns3:TrackPointExtension>
        </extensions>
      </trkpt>
      <trkpt lat="48.03193830884993076324462890625" lon="11.1886245198547840118408203125">
        <ele>550.5999755859375</ele>
        <time>2023-09-05T06:18:14.000Z</time>
        <extensions>
          <ns3:TrackPointExtension>
            <ns3:atemp>21.0</ns3:atemp>
            <ns3:hr>149</ns3:hr>
          </ns3:TrackPointExtension>
        </extensions>
      </trkpt>
      <trkpt lat="48.031915761530399322509765625" lon="11.18867841549217700958251953125">
        <ele>550.20001220703125</ele>
        <time>2023-09-05T06:18:16.000Z</time>
        <extensions>
          <ns3:TrackPointExtension>
            <ns3:atemp>21.0</ns3:atemp>
            <ns3:hr>148</ns3:hr>
          </ns3:TrackPointExtension>
        </extensions>
      </trkpt>
      <trkpt lat="48.03188550285995006561279296875" lon="11.18872082792222499847412109375">
        <ele>549.4000244140625</ele>
        <time>2023-09-05T06:18:18.000Z</time>
        <extensions>
          <ns3:TrackPointExtension>
            <ns3:atemp>22.0</ns3:atemp>
            <ns3:hr>148</ns3:hr>
          </ns3:TrackPointExtension>
        </extensions>
      </trkpt>
      <trkpt lat="48.03180989809334278106689453125" lon="11.188766844570636749267578125">
        <ele>548.5999755859375</ele>
        <time>2023-09-05T06:18:21.000Z</time>
        <extensions>
          <ns3:TrackPointExtension>
            <ns3:atemp>21.0</ns3:atemp>
            <ns3:hr>145</ns3:hr>
          </ns3:TrackPointExtension>
        </extensions>
      </trkpt>
      <trkpt lat="48.0317811481654644012451171875" lon="11.18877111934125423431396484375">
        <ele>548</ele>
        <time>2023-09-05T06:18:22.000Z</time>
        <extensions>
          <ns3:TrackPointExtension>
            <ns3:atemp>22.0</ns3:atemp>
            <ns3:hr>144</ns3:hr>
          </ns3:TrackPointExtension>
        </extensions>
      </trkpt>
      <trkpt lat="48.03173798136413097381591796875" lon="11.1887502484023571014404296875">
        <ele>547</ele>
        <time>2023-09-05T06:18:24.000Z</time>
        <extensions>
          <ns3:TrackPointExtension>
            <ns3:atemp>22.0</ns3:atemp>
            <ns3:hr>143</ns3:hr>
          </ns3:TrackPointExtension>
        </extensions>
      </trkpt>
      <trkpt lat="48.031669668853282928466796875" lon="11.188691072165966033935546875">
        <ele>546.20001220703125</ele>
        <time>2023-09-05T06:18:27.000Z</time>
        <extensions>
          <ns3:TrackPointExtension>
            <ns3:atemp>22.0</ns3:atemp>
            <ns3:hr>141</ns3:hr>
          </ns3:TrackPointExtension>
        </extensions>
      </trkpt>
      <trkpt lat="48.0316202156245708465576171875" lon="11.18860649876296520233154296875">
        <ele>546.20001220703125</ele>
        <time>2023-09-05T06:18:30.000Z</time>
        <extensions>
          <ns3:TrackPointExtension>
            <ns3:atemp>22.0</ns3:atemp>
            <ns3:hr>138</ns3:hr>
          </ns3:TrackPointExtension>
        </extensions>
      </trkpt>
      <trkpt lat="48.031568415462970733642578125" lon="11.188541539013385772705078125">
        <ele>546.20001220703125</ele>
        <time>2023-09-05T06:18:34.000Z</time>
        <extensions>
          <ns3:TrackPointExtension>
            <ns3:atemp>22.0</ns3:atemp>
            <ns3:hr>135</ns3:hr>
          </ns3:TrackPointExtension>
        </extensions>
      </trkpt>
      <trkpt lat="48.03149943239986896514892578125" lon="11.18851714767515659332275390625">
        <ele>546</ele>
        <time>2023-09-05T06:18:38.000Z</time>
        <extensions>
          <ns3:TrackPointExtension>
            <ns3:atemp>22.0</ns3:atemp>
            <ns3:hr>133</ns3:hr>
          </ns3:TrackPointExtension>
        </extensions>
      </trkpt>
      <trkpt lat="48.031478226184844970703125" lon="11.18851128034293651580810546875">
        <ele>545.79998779296875</ele>
        <time>2023-09-05T06:18:39.000Z</time>
        <extensions>
          <ns3:TrackPointExtension>
            <ns3:atemp>22.0</ns3:atemp>
            <ns3:hr>133</ns3:hr>
          </ns3:TrackPointExtension>
        </extensions>
      </trkpt>
      <trkpt lat="48.03145651705563068389892578125" lon="11.1885192431509494781494140625">
        <ele>545.79998779296875</ele>
        <time>2023-09-05T06:18:40.000Z</time>
        <extensions>
          <ns3:TrackPointExtension>
            <ns3:atemp>22.0</ns3:atemp>
            <ns3:hr>133</ns3:hr>
          </ns3:TrackPointExtension>
        </extensions>
      </trkpt>
      <trkpt lat="48.0313711054623126983642578125" lon="11.188597194850444793701171875">
        <ele>545.20001220703125</ele>
        <time>2023-09-05T06:18:44.000Z</time>
        <extensions>
          <ns3:TrackPointExtension>
            <ns3:atemp>22.0</ns3:atemp>
            <ns3:hr>131</ns3:hr>
          </ns3:TrackPointExtension>
        </extensions>
      </trkpt>
      <trkpt lat="48.0313587002456188201904296875" lon="11.18863038718700408935546875">
        <ele>545</ele>
        <time>2023-09-05T06:18:45.000Z</time>
        <extensions>
          <ns3:TrackPointExtension>
            <ns3:atemp>22.0</ns3:atemp>
            <ns3:hr>131</ns3:hr>
          </ns3:TrackPointExtension>
        </extensions>
      </trkpt>
      <trkpt lat="48.03135878406465053558349609375" lon="11.18865075521171092987060546875">
        <ele>544.79998779296875</ele>
        <time>2023-09-05T06:18:46.000Z</time>
        <extensions>
          <ns3:TrackPointExtension>
            <ns3:atemp>22.0</ns3:atemp>
            <ns3:hr>131</ns3:hr>
          </ns3:TrackPointExtension>
        </extensions>
      </trkpt>
      <trkpt lat="48.0313580296933650970458984375" lon="11.18866634555160999298095703125">
        <ele>544.79998779296875</ele>
        <time>2023-09-05T06:18:48.000Z</time>
        <extensions>
          <ns3:TrackPointExtension>
            <ns3:atemp>22.0</ns3:atemp>
            <ns3:hr>130</ns3:hr>
          </ns3:TrackPointExtension>
        </extensions>
      </trkpt>
      <trkpt lat="48.0313345603644847869873046875" lon="11.1887465603649616241455078125">
        <ele>544.79998779296875</ele>
        <time>2023-09-05T06:18:53.000Z</time>
        <extensions>
          <ns3:TrackPointExtension>
            <ns3:atemp>22.0</ns3:atemp>
            <ns3:hr>129</ns3:hr>
          </ns3:TrackPointExtension>
        </extensions>
      </trkpt>
      <trkpt lat="48.0313258431851863861083984375" lon="11.1888484843075275421142578125">
        <ele>543.5999755859375</ele>
        <time>2023-09-05T06:18:58.000Z</time>
        <extensions>
          <ns3:TrackPointExtension>
            <ns3:atemp>22.0</ns3:atemp>
            <ns3:hr>128</ns3:hr>
          </ns3:TrackPointExtension>
        </extensions>
      </trkpt>
      <trkpt lat="48.03131704218685626983642578125" lon="11.18888041935861110687255859375">
        <ele>543.20001220703125</ele>
        <time>2023-09-05T06:19:00.000Z</time>
        <extensions>
          <ns3:TrackPointExtension>
            <ns3:atemp>22.0</ns3:atemp>
            <ns3:hr>127</ns3:hr>
          </ns3:TrackPointExtension>
        </extensions>
      </trkpt>
      <trkpt lat="48.03130346350371837615966796875" lon="11.1889359913766384124755859375">
        <ele>542.4000244140625</ele>
        <time>2023-09-05T06:19:03.000Z</time>
        <extensions>
          <ns3:TrackPointExtension>
            <ns3:atemp>22.0</ns3:atemp>
            <ns3:hr>125</ns3:hr>
          </ns3:TrackPointExtension>
        </extensions>
      </trkpt>
      <trkpt lat="48.0312758870422840118408203125" lon="11.1889755539596080780029296875">
        <ele>541.5999755859375</ele>
        <time>2023-09-05T06:19:07.000Z</time>
        <extensions>
          <ns3:TrackPointExtension>
            <ns3:atemp>22.0</ns3:atemp>
            <ns3:hr>123</ns3:hr>
          </ns3:TrackPointExtension>
        </extensions>
      </trkpt>
      <trkpt lat="48.03127110935747623443603515625" lon="11.188987456262111663818359375">
        <ele>541.4000244140625</ele>
        <time>2023-09-05T06:19:08.000Z</time>
        <extensions>
          <ns3:TrackPointExtension>
            <ns3:atemp>22.0</ns3:atemp>
            <ns3:hr>122</ns3:hr>
          </ns3:TrackPointExtension>
        </extensions>
      </trkpt>
      <trkpt lat="48.0312470532953739166259765625" lon="11.18901905603706836700439453125">
        <ele>541</ele>
        <time>2023-09-05T06:19:10.000Z</time>
        <extensions>
          <ns3:TrackPointExtension>
            <ns3:atemp>22.0</ns3:atemp>
            <ns3:hr>122</ns3:hr>
          </ns3:TrackPointExtension>
        </extensions>
      </trkpt>
      <trkpt lat="48.03121897391974925994873046875" lon="11.18904881179332733154296875">
        <ele>540.5999755859375</ele>
        <time>2023-09-05T06:19:12.000Z</time>
        <extensions>
          <ns3:TrackPointExtension>
            <ns3:atemp>22.0</ns3:atemp>
            <ns3:hr>121</ns3:hr>
          </ns3:TrackPointExtension>
        </extensions>
      </trkpt>
      <trkpt lat="48.03120355121791362762451171875" lon="11.1890771426260471343994140625">
        <ele>540.20001220703125</ele>
        <time>2023-09-05T06:19:15.000Z</time>
        <extensions>
          <ns3:TrackPointExtension>
            <ns3:atemp>22.0</ns3:atemp>
            <ns3:hr>120</ns3:hr>
          </ns3:TrackPointExtension>
        </extensions>
      </trkpt>
      <trkpt lat="48.0311603844165802001953125" lon="11.1891259253025054931640625">
        <ele>539.5999755859375</ele>
        <time>2023-09-05T06:19:19.000Z</time>
        <extensions>
          <ns3:TrackPointExtension>
            <ns3:atemp>22.0</ns3:atemp>
            <ns3:hr>117</ns3:hr>
          </ns3:TrackPointExtension>
        </extensions>
      </trkpt>
      <trkpt lat="48.0311535112559795379638671875" lon="11.189164817333221435546875">
        <ele>539.4000244140625</ele>
        <time>2023-09-05T06:19:22.000Z</time>
        <extensions>
          <ns3:TrackPointExtension>
            <ns3:atemp>22.0</ns3:atemp>
            <ns3:hr>114</ns3:hr>
          </ns3:TrackPointExtension>
        </extensions>
      </trkpt>
      <trkpt lat="48.03114940412342548370361328125" lon="11.18918065913021564483642578125">
        <ele>539.20001220703125</ele>
        <time>2023-09-05T06:19:23.000Z</time>
        <extensions>
          <ns3:TrackPointExtension>
            <ns3:atemp>22.0</ns3:atemp>
            <ns3:hr>113</ns3:hr>
          </ns3:TrackPointExtension>
        </extensions>
      </trkpt>
      <trkpt lat="48.03114756010472774505615234375" lon="11.18919759057462215423583984375">
        <ele>539.20001220703125</ele>
        <time>2023-09-05T06:19:24.000Z</time>
        <extensions>
          <ns3:TrackPointExtension>
            <ns3:atemp>22.0</ns3:atemp>
            <ns3:hr>112</ns3:hr>
          </ns3:TrackPointExtension>
        </extensions>
      </trkpt>
      <trkpt lat="48.03113180212676525115966796875" lon="11.18926347233355045318603515625">
        <ele>538.5999755859375</ele>
        <time>2023-09-05T06:19:30.000Z</time>
        <extensions>
          <ns3:TrackPointExtension>
            <ns3:atemp>22.0</ns3:atemp>
            <ns3:hr>113</ns3:hr>
          </ns3:TrackPointExtension>
        </extensions>
      </trkpt>
      <trkpt lat="48.03111436776816844940185546875" lon="11.18926875293254852294921875">
        <ele>538.20001220703125</ele>
        <time>2023-09-05T06:19:33.000Z</time>
        <extensions>
          <ns3:TrackPointExtension>
            <ns3:atemp>22.0</ns3:atemp>
            <ns3:hr>112</ns3:hr>
          </ns3:TrackPointExtension>
        </extensions>
      </trkpt>
      <trkpt lat="48.0310991965234279632568359375" lon="11.18926112540066242218017578125">
        <ele>538.20001220703125</ele>
        <time>2023-09-05T06:19:35.000Z</time>
        <extensions>
          <ns3:TrackPointExtension>
            <ns3:atemp>22.0</ns3:atemp>
            <ns3:hr>112</ns3:hr>
          </ns3:TrackPointExtension>
        </extensions>
      </trkpt>
      <trkpt lat="48.03109073080122470855712890625" lon="11.189246959984302520751953125">
        <ele>538.20001220703125</ele>
        <time>2023-09-05T06:19:36.000Z</time>
        <extensions>
          <ns3:TrackPointExtension>
            <ns3:atemp>22.0</ns3:atemp>
            <ns3:hr>113</ns3:hr>
          </ns3:TrackPointExtension>
        </extensions>
      </trkpt>
      <trkpt lat="48.0310676805675029754638671875" lon="11.18918158113956451416015625">
        <ele>538.20001220703125</ele>
        <time>2023-09-05T06:19:41.000Z</time>
        <extensions>
          <ns3:TrackPointExtension>
            <ns3:atemp>22.0</ns3:atemp>
            <ns3:hr>112</ns3:hr>
          </ns3:TrackPointExtension>
        </extensions>
      </trkpt>
      <trkpt lat="48.03104463033378124237060546875" lon="11.1891307868063449859619140625">
        <ele>538</ele>
        <time>2023-09-05T06:19:48.000Z</time>
        <extensions>
          <ns3:TrackPointExtension>
            <ns3:atemp>22.0</ns3:atemp>
            <ns3:hr>113</ns3:hr>
          </ns3:TrackPointExtension>
        </extensions>
      </trkpt>
      <trkpt lat="48.0310522578656673431396484375" lon="11.1891244165599346160888671875">
        <ele>536.79998779296875</ele>
        <time>2023-09-05T06:20:20.000Z</time>
        <extensions>
          <ns3:TrackPointExtension>
            <ns3:atemp>23.0</ns3:atemp>
            <ns3:hr>114</ns3:hr>
          </ns3:TrackPointExtension>
        </extensions>
      </trkpt>
      <trkpt lat="48.0310737155377864837646484375" lon="11.1891017854213714599609375">
        <ele>537.20001220703125</ele>
        <time>2023-09-05T06:20:23.000Z</time>
        <extensions>
          <ns3:TrackPointExtension>
            <ns3:atemp>23.0</ns3:atemp>
            <ns3:hr>114</ns3:hr>
          </ns3:TrackPointExtension>
        </extensions>
      </trkpt>
      <trkpt lat="48.03115191869437694549560546875" lon="11.18904638104140758514404296875">
        <ele>537.79998779296875</ele>
        <time>2023-09-05T06:20:29.000Z</time>
        <extensions>
          <ns3:TrackPointExtension>
            <ns3:atemp>23.0</ns3:atemp>
            <ns3:hr>115</ns3:hr>
          </ns3:TrackPointExtension>
        </extensions>
      </trkpt>
      <trkpt lat="48.0311783216893672943115234375" lon="11.18901536799967288970947265625">
        <ele>538</ele>
        <time>2023-09-05T06:20:31.000Z</time>
        <extensions>
          <ns3:TrackPointExtension>
            <ns3:atemp>23.0</ns3:atemp>
            <ns3:hr>114</ns3:hr>
          </ns3:TrackPointExtension>
        </extensions>
      </trkpt>
      <trkpt lat="48.03123573772609233856201171875" lon="11.18893146514892578125">
        <ele>538.79998779296875</ele>
        <time>2023-09-05T06:20:38.000Z</time>
        <extensions>
          <ns3:TrackPointExtension>
            <ns3:atemp>23.0</ns3:atemp>
            <ns3:hr>113</ns3:hr>
          </ns3:TrackPointExtension>
        </extensions>
      </trkpt>
      <trkpt lat="48.0312390066683292388916015625" lon="11.18891763500869274139404296875">
        <ele>538.79998779296875</ele>
        <time>2023-09-05T06:20:39.000Z</time>
        <extensions>
          <ns3:TrackPointExtension>
            <ns3:atemp>23.0</ns3:atemp>
            <ns3:hr>113</ns3:hr>
          </ns3:TrackPointExtension>
        </extensions>
      </trkpt>
      <trkpt lat="48.0312450416386127471923828125" lon="11.1889034695923328399658203125">
        <ele>539.20001220703125</ele>
        <time>2023-09-05T06:20:40.000Z</time>
        <extensions>
          <ns3:TrackPointExtension>
            <ns3:atemp>23.0</ns3:atemp>
            <ns3:hr>113</ns3:hr>
          </ns3:TrackPointExtension>
        </extensions>
      </trkpt>
      <trkpt lat="48.031280748546123504638671875" lon="11.18881948292255401611328125">
        <ele>540</ele>
        <time>2023-09-05T06:20:45.000Z</time>
        <extensions>
          <ns3:TrackPointExtension>
            <ns3:atemp>23.0</ns3:atemp>
            <ns3:hr>112</ns3:hr>
          </ns3:TrackPointExtension>
        </extensions>
      </trkpt>
      <trkpt lat="48.0312812514603137969970703125" lon="11.1888042278587818145751953125">
        <ele>540</ele>
        <time>2023-09-05T06:20:46.000Z</time>
        <extensions>
          <ns3:TrackPointExtension>
            <ns3:atemp>24.0</ns3:atemp>
            <ns3:hr>112</ns3:hr>
          </ns3:TrackPointExtension>
        </extensions>
      </trkpt>
      <trkpt lat="48.031296841800212860107421875" lon="11.18875150568783283233642578125">
        <ele>540.5999755859375</ele>
        <time>2023-09-05T06:20:49.000Z</time>
        <extensions>
          <ns3:TrackPointExtension>
            <ns3:atemp>23.0</ns3:atemp>
            <ns3:hr>112</ns3:hr>
          </ns3:TrackPointExtension>
        </extensions>
      </trkpt>
      <trkpt lat="48.03129759617149829864501953125" lon="11.18873658590018749237060546875">
        <ele>541</ele>
        <time>2023-09-05T06:20:50.000Z</time>
        <extensions>
          <ns3:TrackPointExtension>
            <ns3:atemp>24.0</ns3:atemp>
            <ns3:hr>112</ns3:hr>
          </ns3:TrackPointExtension>
        </extensions>
      </trkpt>
      <trkpt lat="48.03130296058952808380126953125" lon="11.1887220852077007293701171875">
        <ele>541.20001220703125</ele>
        <time>2023-09-05T06:20:51.000Z</time>
        <extensions>
          <ns3:TrackPointExtension>
            <ns3:atemp>24.0</ns3:atemp>
            <ns3:hr>111</ns3:hr>
          </ns3:TrackPointExtension>
        </extensions>
      </trkpt>
      <trkpt lat="48.03131184540688991546630859375" lon="11.18870624341070652008056640625">
        <ele>541.5999755859375</ele>
        <time>2023-09-05T06:20:52.000Z</time>
        <extensions>
          <ns3:TrackPointExtension>
            <ns3:atemp>24.0</ns3:atemp>
            <ns3:hr>111</ns3:hr>
          </ns3:TrackPointExtension>
        </extensions>
      </trkpt>
      <trkpt lat="48.03132525645196437835693359375" lon="11.18867791257798671722412109375">
        <ele>541.79998779296875</ele>
        <time>2023-09-05T06:20:54.000Z</time>
        <extensions>
          <ns3:TrackPointExtension>
            <ns3:atemp>24.0</ns3:atemp>
            <ns3:hr>111</ns3:hr>
          </ns3:TrackPointExtension>
        </extensions>
      </trkpt>
      <trkpt lat="48.03133430890738964080810546875" lon="11.1886496655642986297607421875">
        <ele>542</ele>
        <time>2023-09-05T06:20:56.000Z</time>
        <extensions>
          <ns3:TrackPointExtension>
            <ns3:atemp>24.0</ns3:atemp>
            <ns3:hr>111</ns3:hr>
          </ns3:TrackPointExtension>
        </extensions>
      </trkpt>
      <trkpt lat="48.03133615292608737945556640625" lon="11.18860683403909206390380859375">
        <ele>542</ele>
        <time>2023-09-05T06:20:58.000Z</time>
        <extensions>
          <ns3:TrackPointExtension>
            <ns3:atemp>24.0</ns3:atemp>
            <ns3:hr>111</ns3:hr>
          </ns3:TrackPointExtension>
        </extensions>
      </trkpt>
      <trkpt lat="48.03133665584027767181396484375" lon="11.18858344852924346923828125">
        <ele>542</ele>
        <time>2023-09-05T06:20:59.000Z</time>
        <extensions>
          <ns3:TrackPointExtension>
            <ns3:atemp>24.0</ns3:atemp>
            <ns3:hr>110</ns3:hr>
          </ns3:TrackPointExtension>
        </extensions>
      </trkpt>
      <trkpt lat="48.0313486419618129730224609375" lon="11.18854380212724208831787109375">
        <ele>542</ele>
        <time>2023-09-05T06:21:01.000Z</time>
        <extensions>
          <ns3:TrackPointExtension>
            <ns3:atemp>24.0</ns3:atemp>
            <ns3:hr>111</ns3:hr>
          </ns3:TrackPointExtension>
        </extensions>
      </trkpt>
      <trkpt lat="48.03139113821089267730712890625" lon="11.18850239552557468414306640625">
        <ele>542.4000244140625</ele>
        <time>2023-09-05T06:21:05.000Z</time>
        <extensions>
          <ns3:TrackPointExtension>
            <ns3:atemp>24.0</ns3:atemp>
            <ns3:hr>111</ns3:hr>
          </ns3:TrackPointExtension>
        </extensions>
      </trkpt>
      <trkpt lat="48.03144402801990509033203125" lon="11.1884535290300846099853515625">
        <ele>543.4000244140625</ele>
        <time>2023-09-05T06:21:09.000Z</time>
        <extensions>
          <ns3:TrackPointExtension>
            <ns3:atemp>24.0</ns3:atemp>
            <ns3:hr>112</ns3:hr>
          </ns3:TrackPointExtension>
        </extensions>
      </trkpt>
      <trkpt lat="48.0314673297107219696044921875" lon="11.188436932861804962158203125">
        <ele>543.79998779296875</ele>
        <time>2023-09-05T06:21:11.000Z</time>
        <extensions>
          <ns3:TrackPointExtension>
            <ns3:atemp>24.0</ns3:atemp>
            <ns3:hr>115</ns3:hr>
          </ns3:TrackPointExtension>
        </extensions>
      </trkpt>
      <trkpt lat="48.0314834229648113250732421875" lon="11.18842109106481075286865234375">
        <ele>544</ele>
        <time>2023-09-05T06:21:13.000Z</time>
        <extensions>
          <ns3:TrackPointExtension>
            <ns3:atemp>24.0</ns3:atemp>
            <ns3:hr>118</ns3:hr>
          </ns3:TrackPointExtension>
        </extensions>
      </trkpt>
      <trkpt lat="48.03150982595980167388916015625" lon="11.188397705554962158203125">
        <ele>543.79998779296875</ele>
        <time>2023-09-05T06:21:16.000Z</time>
        <extensions>
          <ns3:TrackPointExtension>
            <ns3:atemp>24.0</ns3:atemp>
            <ns3:hr>121</ns3:hr>
          </ns3:TrackPointExtension>
        </extensions>
      </trkpt>
      <trkpt lat="48.03152315318584442138671875" lon="11.1883844621479511260986328125">
        <ele>543.79998779296875</ele>
        <time>2023-09-05T06:21:18.000Z</time>
        <extensions>
          <ns3:TrackPointExtension>
            <ns3:atemp>24.0</ns3:atemp>
            <ns3:hr>122</ns3:hr>
          </ns3:TrackPointExtension>
        </extensions>
      </trkpt>
      <trkpt lat="48.031562380492687225341796875" lon="11.18835856206715106964111328125">
        <ele>544.4000244140625</ele>
        <time>2023-09-05T06:21:22.000Z</time>
        <extensions>
          <ns3:TrackPointExtension>
            <ns3:atemp>24.0</ns3:atemp>
            <ns3:hr>124</ns3:hr>
          </ns3:TrackPointExtension>
        </extensions>
      </trkpt>
      <trkpt lat="48.03158861584961414337158203125" lon="11.18835504166781902313232421875">
        <ele>544.5999755859375</ele>
        <time>2023-09-05T06:21:24.000Z</time>
        <extensions>
          <ns3:TrackPointExtension>
            <ns3:atemp>24.0</ns3:atemp>
            <ns3:hr>125</ns3:hr>
          </ns3:TrackPointExtension>
        </extensions>
      </trkpt>
      <trkpt lat="48.0316000990569591522216796875" lon="11.188359819352626800537109375">
        <ele>544.79998779296875</ele>
        <time>2023-09-05T06:21:25.000Z</time>
        <extensions>
          <ns3:TrackPointExtension>
            <ns3:atemp>24.0</ns3:atemp>
            <ns3:hr>126</ns3:hr>
          </ns3:TrackPointExtension>
        </extensions>
      </trkpt>
      <trkpt lat="48.03165458142757415771484375" lon="11.18835973553359508514404296875">
        <ele>545.5999755859375</ele>
        <time>2023-09-05T06:21:28.000Z</time>
        <extensions>
          <ns3:TrackPointExtension>
            <ns3:atemp>24.0</ns3:atemp>
            <ns3:hr>126</ns3:hr>
          </ns3:TrackPointExtension>
        </extensions>
      </trkpt>
      <trkpt lat="48.031717948615550994873046875" lon="11.188382618129253387451171875">
        <ele>546</ele>
        <time>2023-09-05T06:21:33.000Z</time>
        <extensions>
          <ns3:TrackPointExtension>
            <ns3:atemp>24.0</ns3:atemp>
            <ns3:hr>127</ns3:hr>
          </ns3:TrackPointExtension>
        </extensions>
      </trkpt>
      <trkpt lat="48.03180746734142303466796875" lon="11.1884593963623046875">
        <ele>546.5999755859375</ele>
        <time>2023-09-05T06:21:40.000Z</time>
        <extensions>
          <ns3:TrackPointExtension>
            <ns3:atemp>24.0</ns3:atemp>
            <ns3:hr>127</ns3:hr>
          </ns3:TrackPointExtension>
        </extensions>
      </trkpt>
      <trkpt lat="48.03184275515377521514892578125" lon="11.1884726397693157196044921875">
        <ele>547</ele>
        <time>2023-09-05T06:21:42.000Z</time>
        <extensions>
          <ns3:TrackPointExtension>
            <ns3:atemp>24.0</ns3:atemp>
            <ns3:hr>127</ns3:hr>
          </ns3:TrackPointExtension>
        </extensions>
      </trkpt>
      <trkpt lat="48.03192171268165111541748046875" lon="11.18850340135395526885986328125">
        <ele>547.4000244140625</ele>
        <time>2023-09-05T06:21:47.000Z</time>
        <extensions>
          <ns3:TrackPointExtension>
            <ns3:atemp>24.0</ns3:atemp>
            <ns3:hr>124</ns3:hr>
          </ns3:TrackPointExtension>
        </extensions>
      </trkpt>
      <trkpt lat="48.0319326929748058319091796875" lon="11.18851178325712680816650390625">
        <ele>547.5999755859375</ele>
        <time>2023-09-05T06:21:48.000Z</time>
        <extensions>
          <ns3:TrackPointExtension>
            <ns3:atemp>24.0</ns3:atemp>
            <ns3:hr>124</ns3:hr>
          </ns3:TrackPointExtension>
        </extensions>
      </trkpt>
      <trkpt lat="48.03195876069366931915283203125" lon="11.1885209195315837860107421875">
        <ele>548</ele>
        <time>2023-09-05T06:21:50.000Z</time>
        <extensions>
          <ns3:TrackPointExtension>
            <ns3:atemp>24.0</ns3:atemp>
            <ns3:hr>124</ns3:hr>
          </ns3:TrackPointExtension>
        </extensions>
      </trkpt>
      <trkpt lat="48.03202715702354907989501953125" lon="11.18849803693592548370361328125">
        <ele>548.79998779296875</ele>
        <time>2023-09-05T06:21:55.000Z</time>
        <extensions>
          <ns3:TrackPointExtension>
            <ns3:atemp>24.0</ns3:atemp>
            <ns3:hr>122</ns3:hr>
          </ns3:TrackPointExtension>
        </extensions>
      </trkpt>
      <trkpt lat="48.032082729041576385498046875" lon="11.1884826980531215667724609375">
        <ele>549.20001220703125</ele>
        <time>2023-09-05T06:21:59.000Z</time>
        <extensions>
          <ns3:TrackPointExtension>
            <ns3:atemp>24.0</ns3:atemp>
            <ns3:hr>122</ns3:hr>
          </ns3:TrackPointExtension>
        </extensions>
      </trkpt>
      <trkpt lat="48.0321553163230419158935546875" lon="11.188529469072818756103515625">
        <ele>549.5999755859375</ele>
        <time>2023-09-05T06:22:03.000Z</time>
        <extensions>
          <ns3:TrackPointExtension>
            <ns3:atemp>24.0</ns3:atemp>
            <ns3:hr>122</ns3:hr>
          </ns3:TrackPointExtension>
        </extensions>
      </trkpt>
      <trkpt lat="48.03226486779749393463134765625" lon="11.188650168478488922119140625">
        <ele>550</ele>
        <time>2023-09-05T06:22:08.000Z</time>
        <extensions>
          <ns3:TrackPointExtension>
            <ns3:atemp>24.0</ns3:atemp>
            <ns3:hr>122</ns3:hr>
          </ns3:TrackPointExtension>
        </extensions>
      </trkpt>
      <trkpt lat="48.03228749893605709075927734375" lon="11.1886779963970184326171875">
        <ele>549.79998779296875</ele>
        <time>2023-09-05T06:22:09.000Z</time>
        <extensions>
          <ns3:TrackPointExtension>
            <ns3:atemp>24.0</ns3:atemp>
            <ns3:hr>123</ns3:hr>
          </ns3:TrackPointExtension>
        </extensions>
      </trkpt>
      <trkpt lat="48.03238959051668643951416015625" lon="11.1888230033218860626220703125">
        <ele>549.79998779296875</ele>
        <time>2023-09-05T06:22:13.000Z</time>
        <extensions>
          <ns3:TrackPointExtension>
            <ns3:atemp>24.0</ns3:atemp>
            <ns3:hr>126</ns3:hr>
          </ns3:TrackPointExtension>
        </extensions>
      </trkpt>
      <trkpt lat="48.0324731580913066864013671875" lon="11.18890087120234966278076171875">
        <ele>550</ele>
        <time>2023-09-05T06:22:16.000Z</time>
        <extensions>
          <ns3:TrackPointExtension>
            <ns3:atemp>24.0</ns3:atemp>
            <ns3:hr>128</ns3:hr>
          </ns3:TrackPointExtension>
        </extensions>
      </trkpt>
      <trkpt lat="48.03257181309163570404052734375" lon="11.18903716094791889190673828125">
        <ele>550.4000244140625</ele>
        <time>2023-09-05T06:22:21.000Z</time>
        <extensions>
          <ns3:TrackPointExtension>
            <ns3:atemp>24.0</ns3:atemp>
            <ns3:hr>131</ns3:hr>
          </ns3:TrackPointExtension>
        </extensions>
      </trkpt>
      <trkpt lat="48.0325921811163425445556640625" lon="11.1890580318868160247802734375">
        <ele>550.4000244140625</ele>
        <time>2023-09-05T06:22:22.000Z</time>
        <extensions>
          <ns3:TrackPointExtension>
            <ns3:atemp>24.0</ns3:atemp>
            <ns3:hr>131</ns3:hr>
          </ns3:TrackPointExtension>
        </extensions>
      </trkpt>
      <trkpt lat="48.0326677858829498291015625" lon="11.1891579441726207733154296875">
        <ele>550.79998779296875</ele>
        <time>2023-09-05T06:22:26.000Z</time>
        <extensions>
          <ns3:TrackPointExtension>
            <ns3:atemp>24.0</ns3:atemp>
            <ns3:hr>134</ns3:hr>
          </ns3:TrackPointExtension>
        </extensions>
      </trkpt>
      <trkpt lat="48.03268630988895893096923828125" lon="11.18918426334857940673828125">
        <ele>551</ele>
        <time>2023-09-05T06:22:27.000Z</time>
        <extensions>
          <ns3:TrackPointExtension>
            <ns3:atemp>24.0</ns3:atemp>
            <ns3:hr>134</ns3:hr>
          </ns3:TrackPointExtension>
        </extensions>
      </trkpt>
      <trkpt lat="48.03270424716174602508544921875" lon="11.18921485729515552520751953125">
        <ele>551</ele>
        <time>2023-09-05T06:22:28.000Z</time>
        <extensions>
          <ns3:TrackPointExtension>
            <ns3:atemp>24.0</ns3:atemp>
            <ns3:hr>134</ns3:hr>
          </ns3:TrackPointExtension>
        </extensions>
      </trkpt>
      <trkpt lat="48.0328272096812725067138671875" lon="11.18937310762703418731689453125">
        <ele>551.4000244140625</ele>
        <time>2023-09-05T06:22:35.000Z</time>
        <extensions>
          <ns3:TrackPointExtension>
            <ns3:atemp>24.0</ns3:atemp>
            <ns3:hr>137</ns3:hr>
          </ns3:TrackPointExtension>
        </extensions>
      </trkpt>
      <trkpt lat="48.032845146954059600830078125" lon="11.18941116146743297576904296875">
        <ele>551.79998779296875</ele>
        <time>2023-09-05T06:22:36.000Z</time>
        <extensions>
          <ns3:TrackPointExtension>
            <ns3:atemp>24.0</ns3:atemp>
            <ns3:hr>137</ns3:hr>
          </ns3:TrackPointExtension>
        </extensions>
      </trkpt>
      <trkpt lat="48.03287574090063571929931640625" lon="11.1894746124744415283203125">
        <ele>552</ele>
        <time>2023-09-05T06:22:38.000Z</time>
        <extensions>
          <ns3:TrackPointExtension>
            <ns3:atemp>24.0</ns3:atemp>
            <ns3:hr>138</ns3:hr>
          </ns3:TrackPointExtension>
        </extensions>
      </trkpt>
      <trkpt lat="48.0329428799450397491455078125" lon="11.189560778439044952392578125">
        <ele>552.4000244140625</ele>
        <time>2023-09-05T06:22:41.000Z</time>
        <extensions>
          <ns3:TrackPointExtension>
            <ns3:atemp>23.0</ns3:atemp>
            <ns3:hr>142</ns3:hr>
          </ns3:TrackPointExtension>
        </extensions>
      </trkpt>
      <trkpt lat="48.0330039002001285552978515625" lon="11.18964468128979206085205078125">
        <ele>552.4000244140625</ele>
        <time>2023-09-05T06:22:44.000Z</time>
        <extensions>
          <ns3:TrackPointExtension>
            <ns3:atemp>24.0</ns3:atemp>
            <ns3:hr>145</ns3:hr>
          </ns3:TrackPointExtension>
        </extensions>
      </trkpt>
      <trkpt lat="48.03308126516640186309814453125" lon="11.1897222138941287994384765625">
        <ele>552.5999755859375</ele>
        <time>2023-09-05T06:22:47.000Z</time>
        <extensions>
          <ns3:TrackPointExtension>
            <ns3:atemp>23.0</ns3:atemp>
            <ns3:hr>148</ns3:hr>
          </ns3:TrackPointExtension>
        </extensions>
      </trkpt>
      <trkpt lat="48.03310423158109188079833984375" lon="11.1897510476410388946533203125">
        <ele>552.4000244140625</ele>
        <time>2023-09-05T06:22:48.000Z</time>
        <extensions>
          <ns3:TrackPointExtension>
            <ns3:atemp>23.0</ns3:atemp>
            <ns3:hr>149</ns3:hr>
          </ns3:TrackPointExtension>
        </extensions>
      </trkpt>
      <trkpt lat="48.03319844417273998260498046875" lon="11.18984500877559185028076171875">
        <ele>552.4000244140625</ele>
        <time>2023-09-05T06:22:52.000Z</time>
        <extensions>
          <ns3:TrackPointExtension>
            <ns3:atemp>23.0</ns3:atemp>
            <ns3:hr>146</ns3:hr>
          </ns3:TrackPointExtension>
        </extensions>
      </trkpt>
      <trkpt lat="48.03328511305153369903564453125" lon="11.18996344506740570068359375">
        <ele>552.4000244140625</ele>
        <time>2023-09-05T06:22:56.000Z</time>
        <extensions>
          <ns3:TrackPointExtension>
            <ns3:atemp>23.0</ns3:atemp>
            <ns3:hr>149</ns3:hr>
          </ns3:TrackPointExtension>
        </extensions>
      </trkpt>
      <trkpt lat="48.03333389572799205780029296875" lon="11.19001247920095920562744140625">
        <ele>552.4000244140625</ele>
        <time>2023-09-05T06:22:58.000Z</time>
        <extensions>
          <ns3:TrackPointExtension>
            <ns3:atemp>23.0</ns3:atemp>
            <ns3:hr>152</ns3:hr>
          </ns3:TrackPointExtension>
        </extensions>
      </trkpt>
      <trkpt lat="48.0334209837019443511962890625" lon="11.1901356093585491180419921875">
        <ele>552.5999755859375</ele>
        <time>2023-09-05T06:23:02.000Z</time>
        <extensions>
          <ns3:TrackPointExtension>
            <ns3:atemp>23.0</ns3:atemp>
            <ns3:hr>155</ns3:hr>
          </ns3:TrackPointExtension>
        </extensions>
      </trkpt>
      <trkpt lat="48.03344453684985637664794921875" lon="11.19016268290579319000244140625">
        <ele>552.79998779296875</ele>
        <time>2023-09-05T06:23:03.000Z</time>
        <extensions>
          <ns3:TrackPointExtension>
            <ns3:atemp>23.0</ns3:atemp>
            <ns3:hr>155</ns3:hr>
          </ns3:TrackPointExtension>
        </extensions>
      </trkpt>
      <trkpt lat="48.03349616937339305877685546875" lon="11.1902097053825855255126953125">
        <ele>553</ele>
        <time>2023-09-05T06:23:05.000Z</time>
        <extensions>
          <ns3:TrackPointExtension>
            <ns3:atemp>23.0</ns3:atemp>
            <ns3:hr>156</ns3:hr>
          </ns3:TrackPointExtension>
        </extensions>
      </trkpt>
      <trkpt lat="48.0336174555122852325439453125" lon="11.19035647250711917877197265625">
        <ele>553.5999755859375</ele>
        <time>2023-09-05T06:23:11.000Z</time>
        <extensions>
          <ns3:TrackPointExtension>
            <ns3:atemp>23.0</ns3:atemp>
            <ns3:hr>156</ns3:hr>
          </ns3:TrackPointExtension>
        </extensions>
      </trkpt>
      <trkpt lat="48.03372901864349842071533203125" lon="11.1904916726052761077880859375">
        <ele>554</ele>
        <time>2023-09-05T06:23:16.000Z</time>
        <extensions>
          <ns3:TrackPointExtension>
            <ns3:atemp>23.0</ns3:atemp>
            <ns3:hr>157</ns3:hr>
          </ns3:TrackPointExtension>
        </extensions>
      </trkpt>
      <trkpt lat="48.0338015221059322357177734375" lon="11.19058697484433650970458984375">
        <ele>553.79998779296875</ele>
        <time>2023-09-05T06:23:19.000Z</time>
        <extensions>
          <ns3:TrackPointExtension>
            <ns3:atemp>23.0</ns3:atemp>
            <ns3:hr>156</ns3:hr>
          </ns3:TrackPointExtension>
        </extensions>
      </trkpt>
      <trkpt lat="48.033877797424793243408203125" lon="11.1907059140503406524658203125">
        <ele>553.5999755859375</ele>
        <time>2023-09-05T06:23:23.000Z</time>
        <extensions>
          <ns3:TrackPointExtension>
            <ns3:atemp>23.0</ns3:atemp>
            <ns3:hr>155</ns3:hr>
          </ns3:TrackPointExtension>
        </extensions>
      </trkpt>
      <trkpt lat="48.0339155159890651702880859375" lon="11.19076802395284175872802734375">
        <ele>553.4000244140625</ele>
        <time>2023-09-05T06:23:25.000Z</time>
        <extensions>
          <ns3:TrackPointExtension>
            <ns3:atemp>23.0</ns3:atemp>
            <ns3:hr>155</ns3:hr>
          </ns3:TrackPointExtension>
        </extensions>
      </trkpt>
      <trkpt lat="48.03398542106151580810546875" lon="11.1908554472029209136962890625">
        <ele>553</ele>
        <time>2023-09-05T06:23:28.000Z</time>
        <extensions>
          <ns3:TrackPointExtension>
            <ns3:atemp>23.0</ns3:atemp>
            <ns3:hr>154</ns3:hr>
          </ns3:TrackPointExtension>
        </extensions>
      </trkpt>
      <trkpt lat="48.034061528742313385009765625" lon="11.19094287045300006866455078125">
        <ele>552.5999755859375</ele>
        <time>2023-09-05T06:23:32.000Z</time>
        <extensions>
          <ns3:TrackPointExtension>
            <ns3:atemp>23.0</ns3:atemp>
            <ns3:hr>152</ns3:hr>
          </ns3:TrackPointExtension>
        </extensions>
      </trkpt>
      <trkpt lat="48.03420477546751499176025390625" lon="11.19112123735249042510986328125">
        <ele>552</ele>
        <time>2023-09-05T06:23:39.000Z</time>
        <extensions>
          <ns3:TrackPointExtension>
            <ns3:atemp>23.0</ns3:atemp>
            <ns3:hr>154</ns3:hr>
          </ns3:TrackPointExtension>
        </extensions>
      </trkpt>
      <trkpt lat="48.0342997424304485321044921875" lon="11.1912685073912143707275390625">
        <ele>551.4000244140625</ele>
        <time>2023-09-05T06:23:44.000Z</time>
        <extensions>
          <ns3:TrackPointExtension>
            <ns3:atemp>23.0</ns3:atemp>
            <ns3:hr>151</ns3:hr>
          </ns3:TrackPointExtension>
        </extensions>
      </trkpt>
      <trkpt lat="48.03433419205248355865478515625" lon="11.191341765224933624267578125">
        <ele>551.4000244140625</ele>
        <time>2023-09-05T06:23:46.000Z</time>
        <extensions>
          <ns3:TrackPointExtension>
            <ns3:atemp>23.0</ns3:atemp>
            <ns3:hr>149</ns3:hr>
          </ns3:TrackPointExtension>
        </extensions>
      </trkpt>
      <trkpt lat="48.0343721620738506317138671875" lon="11.1914063058793544769287109375">
        <ele>551.20001220703125</ele>
        <time>2023-09-05T06:23:48.000Z</time>
        <extensions>
          <ns3:TrackPointExtension>
            <ns3:atemp>23.0</ns3:atemp>
            <ns3:hr>146</ns3:hr>
          </ns3:TrackPointExtension>
        </extensions>
      </trkpt>
      <trkpt lat="48.03444919176399707794189453125" lon="11.1915132589638233184814453125">
        <ele>551.4000244140625</ele>
        <time>2023-09-05T06:23:52.000Z</time>
        <extensions>
          <ns3:TrackPointExtension>
            <ns3:atemp>23.0</ns3:atemp>
            <ns3:hr>145</ns3:hr>
          </ns3:TrackPointExtension>
        </extensions>
      </trkpt>
      <trkpt lat="48.03459025919437408447265625" lon="11.19172506965696811676025390625">
        <ele>552</ele>
        <time>2023-09-05T06:23:59.000Z</time>
        <extensions>
          <ns3:TrackPointExtension>
            <ns3:atemp>23.0</ns3:atemp>
            <ns3:hr>147</ns3:hr>
          </ns3:TrackPointExtension>
        </extensions>
      </trkpt>
      <trkpt lat="48.0346775986254215240478515625" lon="11.1919226311147212982177734375">
        <ele>551</ele>
        <time>2023-09-05T06:24:05.000Z</time>
        <extensions>
          <ns3:TrackPointExtension>
            <ns3:atemp>23.0</ns3:atemp>
            <ns3:hr>147</ns3:hr>
          </ns3:TrackPointExtension>
        </extensions>
      </trkpt>
      <trkpt lat="48.03472043015062808990478515625" lon="11.1920336075127124786376953125">
        <ele>550.79998779296875</ele>
        <time>2023-09-05T06:24:08.000Z</time>
        <extensions>
          <ns3:TrackPointExtension>
            <ns3:atemp>23.0</ns3:atemp>
            <ns3:hr>144</ns3:hr>
          </ns3:TrackPointExtension>
        </extensions>
      </trkpt>
      <trkpt lat="48.0347640998661518096923828125" lon="11.19214265607297420501708984375">
        <ele>549.79998779296875</ele>
        <time>2023-09-05T06:24:11.000Z</time>
        <extensions>
          <ns3:TrackPointExtension>
            <ns3:atemp>23.0</ns3:atemp>
            <ns3:hr>145</ns3:hr>
          </ns3:TrackPointExtension>
        </extensions>
      </trkpt>
      <trkpt lat="48.0347744934260845184326171875" lon="11.19217568077147006988525390625">
        <ele>549.5999755859375</ele>
        <time>2023-09-05T06:24:12.000Z</time>
        <extensions>
          <ns3:TrackPointExtension>
            <ns3:atemp>23.0</ns3:atemp>
            <ns3:hr>145</ns3:hr>
          </ns3:TrackPointExtension>
        </extensions>
      </trkpt>
      <trkpt lat="48.03484833799302577972412109375" lon="11.19241473264992237091064453125">
        <ele>548.79998779296875</ele>
        <time>2023-09-05T06:24:18.000Z</time>
        <extensions>
          <ns3:TrackPointExtension>
            <ns3:atemp>23.0</ns3:atemp>
            <ns3:hr>145</ns3:hr>
          </ns3:TrackPointExtension>
        </extensions>
      </trkpt>
      <trkpt lat="48.03489510901272296905517578125" lon="11.19265244342386722564697265625">
        <ele>548.20001220703125</ele>
        <time>2023-09-05T06:24:24.000Z</time>
        <extensions>
          <ns3:TrackPointExtension>
            <ns3:atemp>23.0</ns3:atemp>
            <ns3:hr>146</ns3:hr>
          </ns3:TrackPointExtension>
        </extensions>
      </trkpt>
      <trkpt lat="48.03495705127716064453125" lon="11.19292368181049823760986328125">
        <ele>547.79998779296875</ele>
        <time>2023-09-05T06:24:31.000Z</time>
        <extensions>
          <ns3:TrackPointExtension>
            <ns3:atemp>23.0</ns3:atemp>
            <ns3:hr>144</ns3:hr>
          </ns3:TrackPointExtension>
        </extensions>
      </trkpt>
      <trkpt lat="48.034970797598361968994140625" lon="11.19296106509864330291748046875">
        <ele>547.79998779296875</ele>
        <time>2023-09-05T06:24:32.000Z</time>
        <extensions>
          <ns3:TrackPointExtension>
            <ns3:atemp>23.0</ns3:atemp>
            <ns3:hr>145</ns3:hr>
          </ns3:TrackPointExtension>
        </extensions>
      </trkpt>
      <trkpt lat="48.03505201824009418487548828125" lon="11.19315451942384243011474609375">
        <ele>546.79998779296875</ele>
        <time>2023-09-05T06:24:37.000Z</time>
        <extensions>
          <ns3:TrackPointExtension>
            <ns3:atemp>23.0</ns3:atemp>
            <ns3:hr>143</ns3:hr>
          </ns3:TrackPointExtension>
        </extensions>
      </trkpt>
      <trkpt lat="48.0350645072758197784423828125" lon="11.1931926570832729339599609375">
        <ele>546.5999755859375</ele>
        <time>2023-09-05T06:24:38.000Z</time>
        <extensions>
          <ns3:TrackPointExtension>
            <ns3:atemp>23.0</ns3:atemp>
            <ns3:hr>142</ns3:hr>
          </ns3:TrackPointExtension>
        </extensions>
      </trkpt>
      <trkpt lat="48.03511370904743671417236328125" lon="11.19338854216039180755615234375">
        <ele>545.5999755859375</ele>
        <time>2023-09-05T06:24:43.000Z</time>
        <extensions>
          <ns3:TrackPointExtension>
            <ns3:atemp>23.0</ns3:atemp>
            <ns3:hr>141</ns3:hr>
          </ns3:TrackPointExtension>
        </extensions>
      </trkpt>
      <trkpt lat="48.0351407825946807861328125" lon="11.19346163235604763031005859375">
        <ele>545.4000244140625</ele>
        <time>2023-09-05T06:24:45.000Z</time>
        <extensions>
          <ns3:TrackPointExtension>
            <ns3:atemp>23.0</ns3:atemp>
            <ns3:hr>140</ns3:hr>
          </ns3:TrackPointExtension>
        </extensions>
      </trkpt>
      <trkpt lat="48.035225607454776763916015625" lon="11.19369381107389926910400390625">
        <ele>545</ele>
        <time>2023-09-05T06:24:51.000Z</time>
        <extensions>
          <ns3:TrackPointExtension>
            <ns3:atemp>23.0</ns3:atemp>
            <ns3:hr>139</ns3:hr>
          </ns3:TrackPointExtension>
        </extensions>
      </trkpt>
      <trkpt lat="48.03541637957096099853515625" lon="11.1940154246985912322998046875">
        <ele>544.5999755859375</ele>
        <time>2023-09-05T06:25:01.000Z</time>
        <extensions>
          <ns3:TrackPointExtension>
            <ns3:atemp>23.0</ns3:atemp>
            <ns3:hr>139</ns3:hr>
          </ns3:TrackPointExtension>
        </extensions>
      </trkpt>
      <trkpt lat="48.0356043018400669097900390625" lon="11.194212399423122406005859375">
        <ele>544.20001220703125</ele>
        <time>2023-09-05T06:25:09.000Z</time>
        <extensions>
          <ns3:TrackPointExtension>
            <ns3:atemp>23.0</ns3:atemp>
            <ns3:hr>141</ns3:hr>
          </ns3:TrackPointExtension>
        </extensions>
      </trkpt>
      <trkpt lat="48.03576163016259670257568359375" lon="11.19438531808555126190185546875">
        <ele>543.79998779296875</ele>
        <time>2023-09-05T06:25:16.000Z</time>
        <extensions>
          <ns3:TrackPointExtension>
            <ns3:atemp>23.0</ns3:atemp>
            <ns3:hr>141</ns3:hr>
          </ns3:TrackPointExtension>
        </extensions>
      </trkpt>
      <trkpt lat="48.0358564294874668121337890625" lon="11.194504760205745697021484375">
        <ele>543.5999755859375</ele>
        <time>2023-09-05T06:25:21.000Z</time>
        <extensions>
          <ns3:TrackPointExtension>
            <ns3:atemp>23.0</ns3:atemp>
            <ns3:hr>141</ns3:hr>
          </ns3:TrackPointExtension>
        </extensions>
      </trkpt>
      <trkpt lat="48.0359322018921375274658203125" lon="11.1946190893650054931640625">
        <ele>544.79998779296875</ele>
        <time>2023-09-05T06:25:25.000Z</time>
        <extensions>
          <ns3:TrackPointExtension>
            <ns3:atemp>22.0</ns3:atemp>
            <ns3:hr>141</ns3:hr>
          </ns3:TrackPointExtension>
        </extensions>
      </trkpt>
      <trkpt lat="48.0359508097171783447265625" lon="11.19464364834129810333251953125">
        <ele>544.79998779296875</ele>
        <time>2023-09-05T06:25:26.000Z</time>
        <extensions>
          <ns3:TrackPointExtension>
            <ns3:atemp>23.0</ns3:atemp>
            <ns3:hr>140</ns3:hr>
          </ns3:TrackPointExtension>
        </extensions>
      </trkpt>
      <trkpt lat="48.03606907837092876434326171875" lon="11.19475328363478183746337890625">
        <ele>544.79998779296875</ele>
        <time>2023-09-05T06:25:31.000Z</time>
        <extensions>
          <ns3:TrackPointExtension>
            <ns3:atemp>22.0</ns3:atemp>
            <ns3:hr>140</ns3:hr>
          </ns3:TrackPointExtension>
        </extensions>
      </trkpt>
      <trkpt lat="48.036260269582271575927734375" lon="11.194912455976009368896484375">
        <ele>544.5999755859375</ele>
        <time>2023-09-05T06:25:38.000Z</time>
        <extensions>
          <ns3:TrackPointExtension>
            <ns3:atemp>22.0</ns3:atemp>
            <ns3:hr>140</ns3:hr>
          </ns3:TrackPointExtension>
        </extensions>
      </trkpt>
      <trkpt lat="48.036375939846038818359375" lon="11.19499317370355129241943359375">
        <ele>545.79998779296875</ele>
        <time>2023-09-05T06:25:44.000Z</time>
        <extensions>
          <ns3:TrackPointExtension>
            <ns3:atemp>22.0</ns3:atemp>
            <ns3:hr>140</ns3:hr>
          </ns3:TrackPointExtension>
        </extensions>
      </trkpt>
      <trkpt lat="48.03645783104002475738525390625" lon="11.19503592140972614288330078125">
        <ele>546</ele>
        <time>2023-09-05T06:25:47.000Z</time>
        <extensions>
          <ns3:TrackPointExtension>
            <ns3:atemp>22.0</ns3:atemp>
            <ns3:hr>141</ns3:hr>
          </ns3:TrackPointExtension>
        </extensions>
      </trkpt>
      <trkpt lat="48.03664223290979862213134765625" lon="11.19512535631656646728515625">
        <ele>546.20001220703125</ele>
        <time>2023-09-05T06:25:54.000Z</time>
        <extensions>
          <ns3:TrackPointExtension>
            <ns3:atemp>22.0</ns3:atemp>
            <ns3:hr>142</ns3:hr>
          </ns3:TrackPointExtension>
        </extensions>
      </trkpt>
      <trkpt lat="48.03672588430345058441162109375" lon="11.19517221115529537200927734375">
        <ele>546.79998779296875</ele>
        <time>2023-09-05T06:25:58.000Z</time>
        <extensions>
          <ns3:TrackPointExtension>
            <ns3:atemp>22.0</ns3:atemp>
            <ns3:hr>145</ns3:hr>
          </ns3:TrackPointExtension>
        </extensions>
      </trkpt>
      <trkpt lat="48.03674935363233089447021484375" lon="11.19518302381038665771484375">
        <ele>547</ele>
        <time>2023-09-05T06:25:59.000Z</time>
        <extensions>
          <ns3:TrackPointExtension>
            <ns3:atemp>22.0</ns3:atemp>
            <ns3:hr>146</ns3:hr>
          </ns3:TrackPointExtension>
        </extensions>
      </trkpt>
      <trkpt lat="48.0367715656757354736328125" lon="11.19519836269319057464599609375">
        <ele>547.20001220703125</ele>
        <time>2023-09-05T06:26:00.000Z</time>
        <extensions>
          <ns3:TrackPointExtension>
            <ns3:atemp>22.0</ns3:atemp>
            <ns3:hr>146</ns3:hr>
          </ns3:TrackPointExtension>
        </extensions>
      </trkpt>
      <trkpt lat="48.03690207190811634063720703125" lon="11.195299364626407623291015625">
        <ele>547.4000244140625</ele>
        <time>2023-09-05T06:26:05.000Z</time>
        <extensions>
          <ns3:TrackPointExtension>
            <ns3:atemp>22.0</ns3:atemp>
            <ns3:hr>149</ns3:hr>
          </ns3:TrackPointExtension>
        </extensions>
      </trkpt>
      <trkpt lat="48.0369444005191326141357421875" lon="11.19535560719668865203857421875">
        <ele>547.4000244140625</ele>
        <time>2023-09-05T06:26:07.000Z</time>
        <extensions>
          <ns3:TrackPointExtension>
            <ns3:atemp>22.0</ns3:atemp>
            <ns3:hr>152</ns3:hr>
          </ns3:TrackPointExtension>
        </extensions>
      </trkpt>
      <trkpt lat="48.03696493618190288543701171875" lon="11.1953796632587909698486328125">
        <ele>547.5999755859375</ele>
        <time>2023-09-05T06:26:08.000Z</time>
        <extensions>
          <ns3:TrackPointExtension>
            <ns3:atemp>22.0</ns3:atemp>
            <ns3:hr>153</ns3:hr>
          </ns3:TrackPointExtension>
        </extensions>
      </trkpt>
      <trkpt lat="48.037056885659694671630859375" lon="11.19548619724810123443603515625">
        <ele>548</ele>
        <time>2023-09-05T06:26:12.000Z</time>
        <extensions>
          <ns3:TrackPointExtension>
            <ns3:atemp>22.0</ns3:atemp>
            <ns3:hr>155</ns3:hr>
          </ns3:TrackPointExtension>
        </extensions>
      </trkpt>
      <trkpt lat="48.03718018345534801483154296875" lon="11.19562081061303615570068359375">
        <ele>548.20001220703125</ele>
        <time>2023-09-05T06:26:17.000Z</time>
        <extensions>
          <ns3:TrackPointExtension>
            <ns3:atemp>22.0</ns3:atemp>
            <ns3:hr>157</ns3:hr>
          </ns3:TrackPointExtension>
        </extensions>
      </trkpt>
      <trkpt lat="48.0373467318713665008544921875" lon="11.1957927234470844268798828125">
        <ele>548.5999755859375</ele>
        <time>2023-09-05T06:26:24.000Z</time>
        <extensions>
          <ns3:TrackPointExtension>
            <ns3:atemp>22.0</ns3:atemp>
            <ns3:hr>159</ns3:hr>
          </ns3:TrackPointExtension>
        </extensions>
      </trkpt>
      <trkpt lat="48.03749701939523220062255859375" lon="11.19595508091151714324951171875">
        <ele>548.79998779296875</ele>
        <time>2023-09-05T06:26:30.000Z</time>
        <extensions>
          <ns3:TrackPointExtension>
            <ns3:atemp>22.0</ns3:atemp>
            <ns3:hr>160</ns3:hr>
          </ns3:TrackPointExtension>
        </extensions>
      </trkpt>
      <trkpt lat="48.03760103881359100341796875" lon="11.19608282111585140228271484375">
        <ele>549.20001220703125</ele>
        <time>2023-09-05T06:26:35.000Z</time>
        <extensions>
          <ns3:TrackPointExtension>
            <ns3:atemp>22.0</ns3:atemp>
            <ns3:hr>160</ns3:hr>
          </ns3:TrackPointExtension>
        </extensions>
      </trkpt>
      <trkpt lat="48.03761956281960010528564453125" lon="11.196106038987636566162109375">
        <ele>549.4000244140625</ele>
        <time>2023-09-05T06:26:36.000Z</time>
        <extensions>
          <ns3:TrackPointExtension>
            <ns3:atemp>22.0</ns3:atemp>
            <ns3:hr>160</ns3:hr>
          </ns3:TrackPointExtension>
        </extensions>
      </trkpt>
      <trkpt lat="48.037722744047641754150390625" lon="11.19622766040265560150146484375">
        <ele>549.79998779296875</ele>
        <time>2023-09-05T06:26:41.000Z</time>
        <extensions>
          <ns3:TrackPointExtension>
            <ns3:atemp>22.0</ns3:atemp>
            <ns3:hr>161</ns3:hr>
          </ns3:TrackPointExtension>
        </extensions>
      </trkpt>
      <trkpt lat="48.03776289336383342742919921875" lon="11.19626755826175212860107421875">
        <ele>550</ele>
        <time>2023-09-05T06:26:43.000Z</time>
        <extensions>
          <ns3:TrackPointExtension>
            <ns3:atemp>22.0</ns3:atemp>
            <ns3:hr>161</ns3:hr>
          </ns3:TrackPointExtension>
        </extensions>
      </trkpt>
      <trkpt lat="48.03779139183461666107177734375" lon="11.1963157542049884796142578125">
        <ele>550.20001220703125</ele>
        <time>2023-09-05T06:26:45.000Z</time>
        <extensions>
          <ns3:TrackPointExtension>
            <ns3:atemp>22.0</ns3:atemp>
            <ns3:hr>160</ns3:hr>
          </ns3:TrackPointExtension>
        </extensions>
      </trkpt>
      <trkpt lat="48.03786833770573139190673828125" lon="11.196422539651393890380859375">
        <ele>550.5999755859375</ele>
        <time>2023-09-05T06:26:49.000Z</time>
        <extensions>
          <ns3:TrackPointExtension>
            <ns3:atemp>22.0</ns3:atemp>
            <ns3:hr>160</ns3:hr>
          </ns3:TrackPointExtension>
        </extensions>
      </trkpt>
      <trkpt lat="48.038014434278011322021484375" lon="11.19655170477926731109619140625">
        <ele>551.4000244140625</ele>
        <time>2023-09-05T06:26:55.000Z</time>
        <extensions>
          <ns3:TrackPointExtension>
            <ns3:atemp>22.0</ns3:atemp>
            <ns3:hr>158</ns3:hr>
          </ns3:TrackPointExtension>
        </extensions>
      </trkpt>
      <trkpt lat="48.03815357387065887451171875" lon="11.19671012274920940399169921875">
        <ele>552</ele>
        <time>2023-09-05T06:27:02.000Z</time>
        <extensions>
          <ns3:TrackPointExtension>
            <ns3:atemp>22.0</ns3:atemp>
            <ns3:hr>155</ns3:hr>
          </ns3:TrackPointExtension>
        </extensions>
      </trkpt>
      <trkpt lat="48.03817226551473140716552734375" lon="11.1967311613261699676513671875">
        <ele>552.20001220703125</ele>
        <time>2023-09-05T06:27:03.000Z</time>
        <extensions>
          <ns3:TrackPointExtension>
            <ns3:atemp>22.0</ns3:atemp>
            <ns3:hr>155</ns3:hr>
          </ns3:TrackPointExtension>
        </extensions>
      </trkpt>
      <trkpt lat="48.03821702487766742706298828125" lon="11.19677969254553318023681640625">
        <ele>552.4000244140625</ele>
        <time>2023-09-05T06:27:05.000Z</time>
        <extensions>
          <ns3:TrackPointExtension>
            <ns3:atemp>22.0</ns3:atemp>
            <ns3:hr>154</ns3:hr>
          </ns3:TrackPointExtension>
        </extensions>
      </trkpt>
      <trkpt lat="48.03830537013709545135498046875" lon="11.19690206833183765411376953125">
        <ele>552.79998779296875</ele>
        <time>2023-09-05T06:27:10.000Z</time>
        <extensions>
          <ns3:TrackPointExtension>
            <ns3:atemp>22.0</ns3:atemp>
            <ns3:hr>154</ns3:hr>
          </ns3:TrackPointExtension>
        </extensions>
      </trkpt>
      <trkpt lat="48.0384598486125469207763671875" lon="11.197136342525482177734375">
        <ele>552.4000244140625</ele>
        <time>2023-09-05T06:27:18.000Z</time>
        <extensions>
          <ns3:TrackPointExtension>
            <ns3:atemp>22.0</ns3:atemp>
            <ns3:hr>154</ns3:hr>
          </ns3:TrackPointExtension>
        </extensions>
      </trkpt>
      <trkpt lat="48.03854660131037235260009765625" lon="11.19738754816353321075439453125">
        <ele>552.4000244140625</ele>
        <time>2023-09-05T06:27:25.000Z</time>
        <extensions>
          <ns3:TrackPointExtension>
            <ns3:atemp>22.0</ns3:atemp>
            <ns3:hr>154</ns3:hr>
          </ns3:TrackPointExtension>
        </extensions>
      </trkpt>
      <trkpt lat="48.03861533291637897491455078125" lon="11.19758301414549350738525390625">
        <ele>552.20001220703125</ele>
        <time>2023-09-05T06:27:31.000Z</time>
        <extensions>
          <ns3:TrackPointExtension>
            <ns3:atemp>22.0</ns3:atemp>
            <ns3:hr>153</ns3:hr>
          </ns3:TrackPointExtension>
        </extensions>
      </trkpt>
      <trkpt lat="48.03863813169300556182861328125" lon="11.197656691074371337890625">
        <ele>552</ele>
        <time>2023-09-05T06:27:34.000Z</time>
        <extensions>
          <ns3:TrackPointExtension>
            <ns3:atemp>22.0</ns3:atemp>
            <ns3:hr>152</ns3:hr>
          </ns3:TrackPointExtension>
        </extensions>
      </trkpt>
      <trkpt lat="48.038665540516376495361328125" lon="11.19770086370408535003662109375">
        <ele>552</ele>
        <time>2023-09-05T06:27:36.000Z</time>
        <extensions>
          <ns3:TrackPointExtension>
            <ns3:atemp>22.0</ns3:atemp>
            <ns3:hr>151</ns3:hr>
          </ns3:TrackPointExtension>
        </extensions>
      </trkpt>
      <trkpt lat="48.03868867456912994384765625" lon="11.19772416539490222930908203125">
        <ele>553</ele>
        <time>2023-09-05T06:27:38.000Z</time>
        <extensions>
          <ns3:TrackPointExtension>
            <ns3:atemp>22.0</ns3:atemp>
            <ns3:hr>151</ns3:hr>
          </ns3:TrackPointExtension>
        </extensions>
      </trkpt>
      <trkpt lat="48.0387253873050212860107421875" lon="11.19771502912044525146484375">
        <ele>553</ele>
        <time>2023-09-05T06:27:40.000Z</time>
        <extensions>
          <ns3:TrackPointExtension>
            <ns3:atemp>22.0</ns3:atemp>
            <ns3:hr>148</ns3:hr>
          </ns3:TrackPointExtension>
        </extensions>
      </trkpt>
      <trkpt lat="48.038756065070629119873046875" lon="11.197681836783885955810546875">
        <ele>553.5999755859375</ele>
        <time>2023-09-05T06:27:42.000Z</time>
        <extensions>
          <ns3:TrackPointExtension>
            <ns3:atemp>22.0</ns3:atemp>
            <ns3:hr>147</ns3:hr>
          </ns3:TrackPointExtension>
        </extensions>
      </trkpt>
      <trkpt lat="48.0388075299561023712158203125" lon="11.1975891329348087310791015625">
        <ele>554.5999755859375</ele>
        <time>2023-09-05T06:27:46.000Z</time>
        <extensions>
          <ns3:TrackPointExtension>
            <ns3:atemp>22.0</ns3:atemp>
            <ns3:hr>147</ns3:hr>
          </ns3:TrackPointExtension>
        </extensions>
      </trkpt>
      <trkpt lat="48.038827814161777496337890625" lon="11.19756323285400867462158203125">
        <ele>554.5999755859375</ele>
        <time>2023-09-05T06:27:47.000Z</time>
        <extensions>
          <ns3:TrackPointExtension>
            <ns3:atemp>22.0</ns3:atemp>
            <ns3:hr>147</ns3:hr>
          </ns3:TrackPointExtension>
        </extensions>
      </trkpt>
      <trkpt lat="48.0389387905597686767578125" lon="11.19740179739892482757568359375">
        <ele>555.5999755859375</ele>
        <time>2023-09-05T06:27:52.000Z</time>
        <extensions>
          <ns3:TrackPointExtension>
            <ns3:atemp>22.0</ns3:atemp>
            <ns3:hr>149</ns3:hr>
          </ns3:TrackPointExtension>
        </extensions>
      </trkpt>
      <trkpt lat="48.03896318189799785614013671875" lon="11.1973634921014308929443359375">
        <ele>555.79998779296875</ele>
        <time>2023-09-05T06:27:53.000Z</time>
        <extensions>
          <ns3:TrackPointExtension>
            <ns3:atemp>22.0</ns3:atemp>
            <ns3:hr>149</ns3:hr>
          </ns3:TrackPointExtension>
        </extensions>
      </trkpt>
      <trkpt lat="48.039059154689311981201171875" lon="11.1971832811832427978515625">
        <ele>556.4000244140625</ele>
        <time>2023-09-05T06:27:58.000Z</time>
        <extensions>
          <ns3:TrackPointExtension>
            <ns3:atemp>22.0</ns3:atemp>
            <ns3:hr>150</ns3:hr>
          </ns3:TrackPointExtension>
        </extensions>
      </trkpt>
      <trkpt lat="48.03909259848296642303466796875" lon="11.19707792066037654876708984375">
        <ele>557</ele>
        <time>2023-09-05T06:28:01.000Z</time>
        <extensions>
          <ns3:TrackPointExtension>
            <ns3:atemp>22.0</ns3:atemp>
            <ns3:hr>153</ns3:hr>
          </ns3:TrackPointExtension>
        </extensions>
      </trkpt>
      <trkpt lat="48.039119504392147064208984375" lon="11.19692436419427394866943359375">
        <ele>557.4000244140625</ele>
        <time>2023-09-05T06:28:05.000Z</time>
        <extensions>
          <ns3:TrackPointExtension>
            <ns3:atemp>22.0</ns3:atemp>
            <ns3:hr>155</ns3:hr>
          </ns3:TrackPointExtension>
        </extensions>
      </trkpt>
      <trkpt lat="48.0391397885978221893310546875" lon="11.19674700312316417694091796875">
        <ele>557.79998779296875</ele>
        <time>2023-09-05T06:28:09.000Z</time>
        <extensions>
          <ns3:TrackPointExtension>
            <ns3:atemp>22.0</ns3:atemp>
            <ns3:hr>158</ns3:hr>
          </ns3:TrackPointExtension>
        </extensions>
      </trkpt>
      <trkpt lat="48.0391372740268707275390625" lon="11.19670542888343334197998046875">
        <ele>557.79998779296875</ele>
        <time>2023-09-05T06:28:10.000Z</time>
        <extensions>
          <ns3:TrackPointExtension>
            <ns3:atemp>22.0</ns3:atemp>
            <ns3:hr>159</ns3:hr>
          </ns3:TrackPointExtension>
        </extensions>
      </trkpt>
      <trkpt lat="48.03913886658847332000732421875" lon="11.19666016660630702972412109375">
        <ele>558</ele>
        <time>2023-09-05T06:28:11.000Z</time>
        <extensions>
          <ns3:TrackPointExtension>
            <ns3:atemp>22.0</ns3:atemp>
            <ns3:hr>159</ns3:hr>
          </ns3:TrackPointExtension>
        </extensions>
      </trkpt>
      <trkpt lat="48.0391453206539154052734375" lon="11.19649588130414485931396484375">
        <ele>558.5999755859375</ele>
        <time>2023-09-05T06:28:15.000Z</time>
        <extensions>
          <ns3:TrackPointExtension>
            <ns3:atemp>22.0</ns3:atemp>
            <ns3:hr>160</ns3:hr>
          </ns3:TrackPointExtension>
        </extensions>
      </trkpt>
      <trkpt lat="48.0391686223447322845458984375" lon="11.19639001786708831787109375">
        <ele>559.20001220703125</ele>
        <time>2023-09-05T06:28:18.000Z</time>
        <extensions>
          <ns3:TrackPointExtension>
            <ns3:atemp>22.0</ns3:atemp>
            <ns3:hr>161</ns3:hr>
          </ns3:TrackPointExtension>
        </extensions>
      </trkpt>
      <trkpt lat="48.03918580524623394012451171875" lon="11.1962798796594142913818359375">
        <ele>559.4000244140625</ele>
        <time>2023-09-05T06:28:21.000Z</time>
        <extensions>
          <ns3:TrackPointExtension>
            <ns3:atemp>22.0</ns3:atemp>
            <ns3:hr>161</ns3:hr>
          </ns3:TrackPointExtension>
        </extensions>
      </trkpt>
      <trkpt lat="48.0392068438231945037841796875" lon="11.196223385632038116455078125">
        <ele>559.4000244140625</ele>
        <time>2023-09-05T06:28:23.000Z</time>
        <extensions>
          <ns3:TrackPointExtension>
            <ns3:atemp>22.0</ns3:atemp>
            <ns3:hr>162</ns3:hr>
          </ns3:TrackPointExtension>
        </extensions>
      </trkpt>
      <trkpt lat="48.03923785686492919921875" lon="11.19613244198262691497802734375">
        <ele>560</ele>
        <time>2023-09-05T06:28:26.000Z</time>
        <extensions>
          <ns3:TrackPointExtension>
            <ns3:atemp>22.0</ns3:atemp>
            <ns3:hr>161</ns3:hr>
          </ns3:TrackPointExtension>
        </extensions>
      </trkpt>
      <trkpt lat="48.03924162872135639190673828125" lon="11.19610176421701908111572265625">
        <ele>560.20001220703125</ele>
        <time>2023-09-05T06:28:27.000Z</time>
        <extensions>
          <ns3:TrackPointExtension>
            <ns3:atemp>22.0</ns3:atemp>
            <ns3:hr>162</ns3:hr>
          </ns3:TrackPointExtension>
        </extensions>
      </trkpt>
      <trkpt lat="48.0392531119287014007568359375" lon="11.19593965820968151092529296875">
        <ele>561</ele>
        <time>2023-09-05T06:28:32.000Z</time>
        <extensions>
          <ns3:TrackPointExtension>
            <ns3:atemp>22.0</ns3:atemp>
            <ns3:hr>163</ns3:hr>
          </ns3:TrackPointExtension>
        </extensions>
      </trkpt>
      <trkpt lat="48.0392500944435596466064453125" lon="11.1958758719265460968017578125">
        <ele>561.4000244140625</ele>
        <time>2023-09-05T06:28:34.000Z</time>
        <extensions>
          <ns3:TrackPointExtension>
            <ns3:atemp>22.0</ns3:atemp>
            <ns3:hr>163</ns3:hr>
          </ns3:TrackPointExtension>
        </extensions>
      </trkpt>
      <trkpt lat="48.039271719753742218017578125" lon="11.19578358717262744903564453125">
        <ele>562.20001220703125</ele>
        <time>2023-09-05T06:28:37.000Z</time>
        <extensions>
          <ns3:TrackPointExtension>
            <ns3:atemp>22.0</ns3:atemp>
            <ns3:hr>163</ns3:hr>
          </ns3:TrackPointExtension>
        </extensions>
      </trkpt>
      <trkpt lat="48.03928119130432605743408203125" lon="11.19571703486144542694091796875">
        <ele>562.4000244140625</ele>
        <time>2023-09-05T06:28:39.000Z</time>
        <extensions>
          <ns3:TrackPointExtension>
            <ns3:atemp>22.0</ns3:atemp>
            <ns3:hr>163</ns3:hr>
          </ns3:TrackPointExtension>
        </extensions>
      </trkpt>
      <trkpt lat="48.03929309360682964324951171875" lon="11.1956277675926685333251953125">
        <ele>563</ele>
        <time>2023-09-05T06:28:42.000Z</time>
        <extensions>
          <ns3:TrackPointExtension>
            <ns3:atemp>22.0</ns3:atemp>
            <ns3:hr>163</ns3:hr>
          </ns3:TrackPointExtension>
        </extensions>
      </trkpt>
      <trkpt lat="48.03928454406559467315673828125" lon="11.1955452896654605865478515625">
        <ele>563.20001220703125</ele>
        <time>2023-09-05T06:28:44.000Z</time>
        <extensions>
          <ns3:TrackPointExtension>
            <ns3:atemp>22.0</ns3:atemp>
            <ns3:hr>163</ns3:hr>
          </ns3:TrackPointExtension>
        </extensions>
      </trkpt>
      <trkpt lat="48.0392960272729396820068359375" lon="11.19542400352656841278076171875">
        <ele>563.5999755859375</ele>
        <time>2023-09-05T06:28:47.000Z</time>
        <extensions>
          <ns3:TrackPointExtension>
            <ns3:atemp>22.0</ns3:atemp>
            <ns3:hr>163</ns3:hr>
          </ns3:TrackPointExtension>
        </extensions>
      </trkpt>
      <trkpt lat="48.03931094706058502197265625" lon="11.19535862468183040618896484375">
        <ele>564</ele>
        <time>2023-09-05T06:28:49.000Z</time>
        <extensions>
          <ns3:TrackPointExtension>
            <ns3:atemp>22.0</ns3:atemp>
            <ns3:hr>163</ns3:hr>
          </ns3:TrackPointExtension>
        </extensions>
      </trkpt>
      <trkpt lat="48.0393262021243572235107421875" lon="11.1952478997409343719482421875">
        <ele>564.79998779296875</ele>
        <time>2023-09-05T06:28:52.000Z</time>
        <extensions>
          <ns3:TrackPointExtension>
            <ns3:atemp>22.0</ns3:atemp>
            <ns3:hr>163</ns3:hr>
          </ns3:TrackPointExtension>
        </extensions>
      </trkpt>
      <trkpt lat="48.0393161438405513763427734375" lon="11.19512091390788555145263671875">
        <ele>565.4000244140625</ele>
        <time>2023-09-05T06:28:55.000Z</time>
        <extensions>
          <ns3:TrackPointExtension>
            <ns3:atemp>22.0</ns3:atemp>
            <ns3:hr>164</ns3:hr>
          </ns3:TrackPointExtension>
        </extensions>
      </trkpt>
      <trkpt lat="48.0393272079527378082275390625" lon="11.19504849426448345184326171875">
        <ele>565.79998779296875</ele>
        <time>2023-09-05T06:28:57.000Z</time>
        <extensions>
          <ns3:TrackPointExtension>
            <ns3:atemp>22.0</ns3:atemp>
            <ns3:hr>164</ns3:hr>
          </ns3:TrackPointExtension>
        </extensions>
      </trkpt>
      <trkpt lat="48.03932645358145236968994140625" lon="11.19501077570021152496337890625">
        <ele>566</ele>
        <time>2023-09-05T06:28:58.000Z</time>
        <extensions>
          <ns3:TrackPointExtension>
            <ns3:atemp>22.0</ns3:atemp>
            <ns3:hr>165</ns3:hr>
          </ns3:TrackPointExtension>
        </extensions>
      </trkpt>
      <trkpt lat="48.03932025097310543060302734375" lon="11.19494120590388774871826171875">
        <ele>566.5999755859375</ele>
        <time>2023-09-05T06:29:00.000Z</time>
        <extensions>
          <ns3:TrackPointExtension>
            <ns3:atemp>22.0</ns3:atemp>
            <ns3:hr>166</ns3:hr>
          </ns3:TrackPointExtension>
        </extensions>
      </trkpt>
      <trkpt lat="48.03931388072669506072998046875" lon="11.19486979208886623382568359375">
        <ele>567</ele>
        <time>2023-09-05T06:29:02.000Z</time>
        <extensions>
          <ns3:TrackPointExtension>
            <ns3:atemp>22.0</ns3:atemp>
            <ns3:hr>166</ns3:hr>
          </ns3:TrackPointExtension>
        </extensions>
      </trkpt>
      <trkpt lat="48.039317317306995391845703125" lon="11.194790415465831756591796875">
        <ele>567</ele>
        <time>2023-09-05T06:29:04.000Z</time>
        <extensions>
          <ns3:TrackPointExtension>
            <ns3:atemp>22.0</ns3:atemp>
            <ns3:hr>166</ns3:hr>
          </ns3:TrackPointExtension>
        </extensions>
      </trkpt>
      <trkpt lat="48.03932896815240383148193359375" lon="11.19464951567351818084716796875">
        <ele>568</ele>
        <time>2023-09-05T06:29:08.000Z</time>
        <extensions>
          <ns3:TrackPointExtension>
            <ns3:atemp>22.0</ns3:atemp>
            <ns3:hr>167</ns3:hr>
          </ns3:TrackPointExtension>
        </extensions>
      </trkpt>
      <trkpt lat="48.03932997398078441619873046875" lon="11.1946175806224346160888671875">
        <ele>568.20001220703125</ele>
        <time>2023-09-05T06:29:09.000Z</time>
        <extensions>
          <ns3:TrackPointExtension>
            <ns3:atemp>22.0</ns3:atemp>
            <ns3:hr>167</ns3:hr>
          </ns3:TrackPointExtension>
        </extensions>
      </trkpt>
      <trkpt lat="48.0393339134752750396728515625" lon="11.19454490952193737030029296875">
        <ele>568.4000244140625</ele>
        <time>2023-09-05T06:29:11.000Z</time>
        <extensions>
          <ns3:TrackPointExtension>
            <ns3:atemp>22.0</ns3:atemp>
            <ns3:hr>167</ns3:hr>
          </ns3:TrackPointExtension>
        </extensions>
      </trkpt>
      <trkpt lat="48.03934774361550807952880859375" lon="11.1944821290671825408935546875">
        <ele>569</ele>
        <time>2023-09-05T06:29:13.000Z</time>
        <extensions>
          <ns3:TrackPointExtension>
            <ns3:atemp>22.0</ns3:atemp>
            <ns3:hr>166</ns3:hr>
          </ns3:TrackPointExtension>
        </extensions>
      </trkpt>
      <trkpt lat="48.03934372030198574066162109375" lon="11.1944418959319591522216796875">
        <ele>569.20001220703125</ele>
        <time>2023-09-05T06:29:14.000Z</time>
        <extensions>
          <ns3:TrackPointExtension>
            <ns3:atemp>22.0</ns3:atemp>
            <ns3:hr>166</ns3:hr>
          </ns3:TrackPointExtension>
        </extensions>
      </trkpt>
      <trkpt lat="48.03934514522552490234375" lon="11.19440115988254547119140625">
        <ele>569.4000244140625</ele>
        <time>2023-09-05T06:29:15.000Z</time>
        <extensions>
          <ns3:TrackPointExtension>
            <ns3:atemp>22.0</ns3:atemp>
            <ns3:hr>166</ns3:hr>
          </ns3:TrackPointExtension>
        </extensions>
      </trkpt>
      <trkpt lat="48.03936216048896312713623046875" lon="11.19433519430458545684814453125">
        <ele>569.5999755859375</ele>
        <time>2023-09-05T06:29:17.000Z</time>
        <extensions>
          <ns3:TrackPointExtension>
            <ns3:atemp>22.0</ns3:atemp>
            <ns3:hr>166</ns3:hr>
          </ns3:TrackPointExtension>
        </extensions>
      </trkpt>
      <trkpt lat="48.03936433978378772735595703125" lon="11.1942990683019161224365234375">
        <ele>569.79998779296875</ele>
        <time>2023-09-05T06:29:18.000Z</time>
        <extensions>
          <ns3:TrackPointExtension>
            <ns3:atemp>22.0</ns3:atemp>
            <ns3:hr>166</ns3:hr>
          </ns3:TrackPointExtension>
        </extensions>
      </trkpt>
      <trkpt lat="48.039365597069263458251953125" lon="11.1941944621503353118896484375">
        <ele>570.4000244140625</ele>
        <time>2023-09-05T06:29:21.000Z</time>
        <extensions>
          <ns3:TrackPointExtension>
            <ns3:atemp>22.0</ns3:atemp>
            <ns3:hr>165</ns3:hr>
          </ns3:TrackPointExtension>
        </extensions>
      </trkpt>
      <trkpt lat="48.03937573917210102081298828125" lon="11.19412279687821865081787109375">
        <ele>570.79998779296875</ele>
        <time>2023-09-05T06:29:23.000Z</time>
        <extensions>
          <ns3:TrackPointExtension>
            <ns3:atemp>22.0</ns3:atemp>
            <ns3:hr>165</ns3:hr>
          </ns3:TrackPointExtension>
        </extensions>
      </trkpt>
      <trkpt lat="48.03941161371767520904541015625" lon="11.1940062046051025390625">
        <ele>571.20001220703125</ele>
        <time>2023-09-05T06:29:27.000Z</time>
        <extensions>
          <ns3:TrackPointExtension>
            <ns3:atemp>22.0</ns3:atemp>
            <ns3:hr>165</ns3:hr>
          </ns3:TrackPointExtension>
        </extensions>
      </trkpt>
      <trkpt lat="48.03942334838211536407470703125" lon="11.1939753592014312744140625">
        <ele>571.5999755859375</ele>
        <time>2023-09-05T06:29:28.000Z</time>
        <extensions>
          <ns3:TrackPointExtension>
            <ns3:atemp>22.0</ns3:atemp>
            <ns3:hr>165</ns3:hr>
          </ns3:TrackPointExtension>
        </extensions>
      </trkpt>
      <trkpt lat="48.03946383297443389892578125" lon="11.193791963160037994384765625">
        <ele>572.5999755859375</ele>
        <time>2023-09-05T06:29:33.000Z</time>
        <extensions>
          <ns3:TrackPointExtension>
            <ns3:atemp>22.0</ns3:atemp>
            <ns3:hr>165</ns3:hr>
          </ns3:TrackPointExtension>
        </extensions>
      </trkpt>
      <trkpt lat="48.03950113244354724884033203125" lon="11.19367302395403385162353515625">
        <ele>573.20001220703125</ele>
        <time>2023-09-05T06:29:37.000Z</time>
        <extensions>
          <ns3:TrackPointExtension>
            <ns3:atemp>22.0</ns3:atemp>
            <ns3:hr>165</ns3:hr>
          </ns3:TrackPointExtension>
        </extensions>
      </trkpt>
      <trkpt lat="48.039511777460575103759765625" lon="11.19359641335904598236083984375">
        <ele>573.20001220703125</ele>
        <time>2023-09-05T06:29:39.000Z</time>
        <extensions>
          <ns3:TrackPointExtension>
            <ns3:atemp>22.0</ns3:atemp>
            <ns3:hr>164</ns3:hr>
          </ns3:TrackPointExtension>
        </extensions>
      </trkpt>
      <trkpt lat="48.039527870714664459228515625" lon="11.193531118333339691162109375">
        <ele>573.79998779296875</ele>
        <time>2023-09-05T06:29:41.000Z</time>
        <extensions>
          <ns3:TrackPointExtension>
            <ns3:atemp>22.0</ns3:atemp>
            <ns3:hr>164</ns3:hr>
          </ns3:TrackPointExtension>
        </extensions>
      </trkpt>
      <trkpt lat="48.0395605601370334625244140625" lon="11.19341687299311161041259765625">
        <ele>575</ele>
        <time>2023-09-05T06:29:45.000Z</time>
        <extensions>
          <ns3:TrackPointExtension>
            <ns3:atemp>22.0</ns3:atemp>
            <ns3:hr>164</ns3:hr>
          </ns3:TrackPointExtension>
        </extensions>
      </trkpt>
      <trkpt lat="48.0395662598311901092529296875" lon="11.1933867819607257843017578125">
        <ele>575</ele>
        <time>2023-09-05T06:29:46.000Z</time>
        <extensions>
          <ns3:TrackPointExtension>
            <ns3:atemp>22.0</ns3:atemp>
            <ns3:hr>164</ns3:hr>
          </ns3:TrackPointExtension>
        </extensions>
      </trkpt>
      <trkpt lat="48.03959584794938564300537109375" lon="11.1932189762592315673828125">
        <ele>575.4000244140625</ele>
        <time>2023-09-05T06:29:51.000Z</time>
        <extensions>
          <ns3:TrackPointExtension>
            <ns3:atemp>22.0</ns3:atemp>
            <ns3:hr>164</ns3:hr>
          </ns3:TrackPointExtension>
        </extensions>
      </trkpt>
      <trkpt lat="48.03960691206157207489013671875" lon="11.19319022633135318756103515625">
        <ele>576</ele>
        <time>2023-09-05T06:29:52.000Z</time>
        <extensions>
          <ns3:TrackPointExtension>
            <ns3:atemp>22.0</ns3:atemp>
            <ns3:hr>164</ns3:hr>
          </ns3:TrackPointExtension>
        </extensions>
      </trkpt>
      <trkpt lat="48.039637841284275054931640625" lon="11.19300699792802333831787109375">
        <ele>577</ele>
        <time>2023-09-05T06:29:58.000Z</time>
        <extensions>
          <ns3:TrackPointExtension>
            <ns3:atemp>22.0</ns3:atemp>
            <ns3:hr>164</ns3:hr>
          </ns3:TrackPointExtension>
        </extensions>
      </trkpt>
      <trkpt lat="48.03964043967425823211669921875" lon="11.19287439621984958648681640625">
        <ele>577.5999755859375</ele>
        <time>2023-09-05T06:30:03.000Z</time>
        <extensions>
          <ns3:TrackPointExtension>
            <ns3:atemp>22.0</ns3:atemp>
            <ns3:hr>165</ns3:hr>
          </ns3:TrackPointExtension>
        </extensions>
      </trkpt>
      <trkpt lat="48.03962082602083683013916015625" lon="11.19281035847961902618408203125">
        <ele>578</ele>
        <time>2023-09-05T06:30:05.000Z</time>
        <extensions>
          <ns3:TrackPointExtension>
            <ns3:atemp>22.0</ns3:atemp>
            <ns3:hr>165</ns3:hr>
          </ns3:TrackPointExtension>
        </extensions>
      </trkpt>
      <trkpt lat="48.03959283046424388885498046875" lon="11.1926729790866374969482421875">
        <ele>578.5999755859375</ele>
        <time>2023-09-05T06:30:09.000Z</time>
        <extensions>
          <ns3:TrackPointExtension>
            <ns3:atemp>22.0</ns3:atemp>
            <ns3:hr>165</ns3:hr>
          </ns3:TrackPointExtension>
        </extensions>
      </trkpt>
      <trkpt lat="48.0395494960248470306396484375" lon="11.192568205296993255615234375">
        <ele>579.20001220703125</ele>
        <time>2023-09-05T06:30:12.000Z</time>
        <extensions>
          <ns3:TrackPointExtension>
            <ns3:atemp>22.0</ns3:atemp>
            <ns3:hr>164</ns3:hr>
          </ns3:TrackPointExtension>
        </extensions>
      </trkpt>
      <trkpt lat="48.039493001997470855712890625" lon="11.19240048341453075408935546875">
        <ele>580</ele>
        <time>2023-09-05T06:30:17.000Z</time>
        <extensions>
          <ns3:TrackPointExtension>
            <ns3:atemp>22.0</ns3:atemp>
            <ns3:hr>165</ns3:hr>
          </ns3:TrackPointExtension>
        </extensions>
      </trkpt>
      <trkpt lat="48.03945955820381641387939453125" lon="11.1923258006572723388671875">
        <ele>580.20001220703125</ele>
        <time>2023-09-05T06:30:19.000Z</time>
        <extensions>
          <ns3:TrackPointExtension>
            <ns3:atemp>22.0</ns3:atemp>
            <ns3:hr>166</ns3:hr>
          </ns3:TrackPointExtension>
        </extensions>
      </trkpt>
      <trkpt lat="48.03942753933370113372802734375" lon="11.1921817995607852935791015625">
        <ele>580.79998779296875</ele>
        <time>2023-09-05T06:30:23.000Z</time>
        <extensions>
          <ns3:TrackPointExtension>
            <ns3:atemp>22.0</ns3:atemp>
            <ns3:hr>166</ns3:hr>
          </ns3:TrackPointExtension>
        </extensions>
      </trkpt>
      <trkpt lat="48.03941044025123119354248046875" lon="11.1921053566038608551025390625">
        <ele>581.4000244140625</ele>
        <time>2023-09-05T06:30:25.000Z</time>
        <extensions>
          <ns3:TrackPointExtension>
            <ns3:atemp>22.0</ns3:atemp>
            <ns3:hr>166</ns3:hr>
          </ns3:TrackPointExtension>
        </extensions>
      </trkpt>
      <trkpt lat="48.039413876831531524658203125" lon="11.19200653396546840667724609375">
        <ele>582</ele>
        <time>2023-09-05T06:30:28.000Z</time>
        <extensions>
          <ns3:TrackPointExtension>
            <ns3:atemp>22.0</ns3:atemp>
            <ns3:hr>166</ns3:hr>
          </ns3:TrackPointExtension>
        </extensions>
      </trkpt>
      <trkpt lat="48.03944103419780731201171875" lon="11.19195825420320034027099609375">
        <ele>582.5999755859375</ele>
        <time>2023-09-05T06:30:31.000Z</time>
        <extensions>
          <ns3:TrackPointExtension>
            <ns3:atemp>22.0</ns3:atemp>
            <ns3:hr>166</ns3:hr>
          </ns3:TrackPointExtension>
        </extensions>
      </trkpt>
      <trkpt lat="48.03944799117743968963623046875" lon="11.191949285566806793212890625">
        <ele>582.79998779296875</ele>
        <time>2023-09-05T06:30:32.000Z</time>
        <extensions>
          <ns3:TrackPointExtension>
            <ns3:atemp>22.0</ns3:atemp>
            <ns3:hr>166</ns3:hr>
          </ns3:TrackPointExtension>
        </extensions>
      </trkpt>
      <trkpt lat="48.0394700355827808380126953125" lon="11.19194618426263332366943359375">
        <ele>583</ele>
        <time>2023-09-05T06:30:33.000Z</time>
        <extensions>
          <ns3:TrackPointExtension>
            <ns3:atemp>22.0</ns3:atemp>
            <ns3:hr>166</ns3:hr>
          </ns3:TrackPointExtension>
        </extensions>
      </trkpt>
      <trkpt lat="48.0395253561437129974365234375" lon="11.19194065220654010772705078125">
        <ele>583.20001220703125</ele>
        <time>2023-09-05T06:30:36.000Z</time>
        <extensions>
          <ns3:TrackPointExtension>
            <ns3:atemp>22.0</ns3:atemp>
            <ns3:hr>165</ns3:hr>
          </ns3:TrackPointExtension>
        </extensions>
      </trkpt>
      <trkpt lat="48.03969710133969783782958984375" lon="11.1920141614973545074462890625">
        <ele>583.5999755859375</ele>
        <time>2023-09-05T06:30:43.000Z</time>
        <extensions>
          <ns3:TrackPointExtension>
            <ns3:atemp>22.0</ns3:atemp>
            <ns3:hr>164</ns3:hr>
          </ns3:TrackPointExtension>
        </extensions>
      </trkpt>
      <trkpt lat="48.0398659966886043548583984375" lon="11.1920916102826595306396484375">
        <ele>584</ele>
        <time>2023-09-05T06:30:49.000Z</time>
        <extensions>
          <ns3:TrackPointExtension>
            <ns3:atemp>22.0</ns3:atemp>
            <ns3:hr>164</ns3:hr>
          </ns3:TrackPointExtension>
        </extensions>
      </trkpt>
      <trkpt lat="48.0401216447353363037109375" lon="11.192304678261280059814453125">
        <ele>583.79998779296875</ele>
        <time>2023-09-05T06:30:59.000Z</time>
        <extensions>
          <ns3:TrackPointExtension>
            <ns3:atemp>22.0</ns3:atemp>
            <ns3:hr>163</ns3:hr>
          </ns3:TrackPointExtension>
        </extensions>
      </trkpt>
      <trkpt lat="48.040258102118968963623046875" lon="11.192440129816532135009765625">
        <ele>583.5999755859375</ele>
        <time>2023-09-05T06:31:05.000Z</time>
        <extensions>
          <ns3:TrackPointExtension>
            <ns3:atemp>22.0</ns3:atemp>
            <ns3:hr>160</ns3:hr>
          </ns3:TrackPointExtension>
        </extensions>
      </trkpt>
      <trkpt lat="48.04029791615903377532958984375" lon="11.19248916395008563995361328125">
        <ele>583.4000244140625</ele>
        <time>2023-09-05T06:31:07.000Z</time>
        <extensions>
          <ns3:TrackPointExtension>
            <ns3:atemp>22.0</ns3:atemp>
            <ns3:hr>159</ns3:hr>
          </ns3:TrackPointExtension>
        </extensions>
      </trkpt>
      <trkpt lat="48.0403836630284786224365234375" lon="11.192607097327709197998046875">
        <ele>583.5999755859375</ele>
        <time>2023-09-05T06:31:13.000Z</time>
        <extensions>
          <ns3:TrackPointExtension>
            <ns3:atemp>22.0</ns3:atemp>
            <ns3:hr>157</ns3:hr>
          </ns3:TrackPointExtension>
        </extensions>
      </trkpt>
      <trkpt lat="48.0404111556708812713623046875" lon="11.192656718194484710693359375">
        <ele>583.5999755859375</ele>
        <time>2023-09-05T06:31:17.000Z</time>
        <extensions>
          <ns3:TrackPointExtension>
            <ns3:atemp>22.0</ns3:atemp>
            <ns3:hr>154</ns3:hr>
          </ns3:TrackPointExtension>
        </extensions>
      </trkpt>
      <trkpt lat="48.040419034659862518310546875" lon="11.1926699616014957427978515625">
        <ele>584</ele>
        <time>2023-09-05T06:31:19.000Z</time>
        <extensions>
          <ns3:TrackPointExtension>
            <ns3:atemp>22.0</ns3:atemp>
            <ns3:hr>151</ns3:hr>
          </ns3:TrackPointExtension>
        </extensions>
      </trkpt>
      <trkpt lat="48.04042146541178226470947265625" lon="11.19267247617244720458984375">
        <ele>584</ele>
        <time>2023-09-05T06:31:20.000Z</time>
        <extensions>
          <ns3:TrackPointExtension>
            <ns3:atemp>22.0</ns3:atemp>
            <ns3:hr>150</ns3:hr>
          </ns3:TrackPointExtension>
        </extensions>
      </trkpt>
      <trkpt lat="48.04043035022914409637451171875" lon="11.1926914192736148834228515625">
        <ele>584</ele>
        <time>2023-09-05T06:31:23.000Z</time>
        <extensions>
          <ns3:TrackPointExtension>
            <ns3:atemp>22.0</ns3:atemp>
            <ns3:hr>150</ns3:hr>
          </ns3:TrackPointExtension>
        </extensions>
      </trkpt>
      <trkpt lat="48.0404354631900787353515625" lon="11.1927122063934803009033203125">
        <ele>584</ele>
        <time>2023-09-05T06:31:25.000Z</time>
        <extensions>
          <ns3:TrackPointExtension>
            <ns3:atemp>22.0</ns3:atemp>
            <ns3:hr>147</ns3:hr>
          </ns3:TrackPointExtension>
        </extensions>
      </trkpt>
      <trkpt lat="48.0404329486191272735595703125" lon="11.1927380226552486419677734375">
        <ele>583.5999755859375</ele>
        <time>2023-09-05T06:31:27.000Z</time>
        <extensions>
          <ns3:TrackPointExtension>
            <ns3:atemp>22.0</ns3:atemp>
            <ns3:hr>143</ns3:hr>
          </ns3:TrackPointExtension>
        </extensions>
      </trkpt>
      <trkpt lat="48.04044242016971111297607421875" lon="11.19278990663588047027587890625">
        <ele>583.79998779296875</ele>
        <time>2023-09-05T06:31:29.000Z</time>
        <extensions>
          <ns3:TrackPointExtension>
            <ns3:atemp>22.0</ns3:atemp>
            <ns3:hr>140</ns3:hr>
          </ns3:TrackPointExtension>
        </extensions>
      </trkpt>
      <trkpt lat="48.040483407676219940185546875" lon="11.19285310618579387664794921875">
        <ele>583.4000244140625</ele>
        <time>2023-09-05T06:31:31.000Z</time>
        <extensions>
          <ns3:TrackPointExtension>
            <ns3:atemp>22.0</ns3:atemp>
            <ns3:hr>139</ns3:hr>
          </ns3:TrackPointExtension>
        </extensions>
      </trkpt>
      <trkpt lat="48.0406418256461620330810546875" lon="11.1930880509316921234130859375">
        <ele>583</ele>
        <time>2023-09-05T06:31:38.000Z</time>
        <extensions>
          <ns3:TrackPointExtension>
            <ns3:atemp>22.0</ns3:atemp>
            <ns3:hr>139</ns3:hr>
          </ns3:TrackPointExtension>
        </extensions>
      </trkpt>
      <trkpt lat="48.04082513786852359771728515625" lon="11.193343698978424072265625">
        <ele>582.5999755859375</ele>
        <time>2023-09-05T06:31:47.000Z</time>
        <extensions>
          <ns3:TrackPointExtension>
            <ns3:atemp>22.0</ns3:atemp>
            <ns3:hr>138</ns3:hr>
          </ns3:TrackPointExtension>
        </extensions>
      </trkpt>
      <trkpt lat="48.0409281514585018157958984375" lon="11.193475462496280670166015625">
        <ele>582.5999755859375</ele>
        <time>2023-09-05T06:31:52.000Z</time>
        <extensions>
          <ns3:TrackPointExtension>
            <ns3:atemp>22.0</ns3:atemp>
            <ns3:hr>138</ns3:hr>
          </ns3:TrackPointExtension>
        </extensions>
      </trkpt>
      <trkpt lat="48.04103787057101726531982421875" lon="11.193541847169399261474609375">
        <ele>582.5999755859375</ele>
        <time>2023-09-05T06:31:57.000Z</time>
        <extensions>
          <ns3:TrackPointExtension>
            <ns3:atemp>22.0</ns3:atemp>
            <ns3:hr>140</ns3:hr>
          </ns3:TrackPointExtension>
        </extensions>
      </trkpt>
      <trkpt lat="48.04117198102176189422607421875" lon="11.19356590323150157928466796875">
        <ele>582.5999755859375</ele>
        <time>2023-09-05T06:32:03.000Z</time>
        <extensions>
          <ns3:TrackPointExtension>
            <ns3:atemp>22.0</ns3:atemp>
            <ns3:hr>140</ns3:hr>
          </ns3:TrackPointExtension>
        </extensions>
      </trkpt>
      <trkpt lat="48.041203580796718597412109375" lon="11.19351678527891635894775390625">
        <ele>583</ele>
        <time>2023-09-05T06:32:05.000Z</time>
        <extensions>
          <ns3:TrackPointExtension>
            <ns3:atemp>22.0</ns3:atemp>
            <ns3:hr>140</ns3:hr>
          </ns3:TrackPointExtension>
        </extensions>
      </trkpt>
      <trkpt lat="48.0412550456821918487548828125" lon="11.1934357322752475738525390625">
        <ele>583.20001220703125</ele>
        <time>2023-09-05T06:32:08.000Z</time>
        <extensions>
          <ns3:TrackPointExtension>
            <ns3:atemp>22.0</ns3:atemp>
            <ns3:hr>140</ns3:hr>
          </ns3:TrackPointExtension>
        </extensions>
      </trkpt>
      <trkpt lat="48.041394688189029693603515625" lon="11.1932377517223358154296875">
        <ele>583.20001220703125</ele>
        <time>2023-09-05T06:32:14.000Z</time>
        <extensions>
          <ns3:TrackPointExtension>
            <ns3:atemp>22.0</ns3:atemp>
            <ns3:hr>141</ns3:hr>
          </ns3:TrackPointExtension>
        </extensions>
      </trkpt>
      <trkpt lat="48.04147775284945964813232421875" lon="11.19308059103786945343017578125">
        <ele>583.5999755859375</ele>
        <time>2023-09-05T06:32:19.000Z</time>
        <extensions>
          <ns3:TrackPointExtension>
            <ns3:atemp>22.0</ns3:atemp>
            <ns3:hr>142</ns3:hr>
          </ns3:TrackPointExtension>
        </extensions>
      </trkpt>
      <trkpt lat="48.04149518720805644989013671875" lon="11.19305393658578395843505859375">
        <ele>583.79998779296875</ele>
        <time>2023-09-05T06:32:20.000Z</time>
        <extensions>
          <ns3:TrackPointExtension>
            <ns3:atemp>22.0</ns3:atemp>
            <ns3:hr>143</ns3:hr>
          </ns3:TrackPointExtension>
        </extensions>
      </trkpt>
      <trkpt lat="48.04155235178768634796142578125" lon="11.1929016374051570892333984375">
        <ele>583.79998779296875</ele>
        <time>2023-09-05T06:32:25.000Z</time>
        <extensions>
          <ns3:TrackPointExtension>
            <ns3:atemp>22.0</ns3:atemp>
            <ns3:hr>145</ns3:hr>
          </ns3:TrackPointExtension>
        </extensions>
      </trkpt>
      <trkpt lat="48.041679672896862030029296875" lon="11.19274967350065708160400390625">
        <ele>584.20001220703125</ele>
        <time>2023-09-05T06:32:31.000Z</time>
        <extensions>
          <ns3:TrackPointExtension>
            <ns3:atemp>22.0</ns3:atemp>
            <ns3:hr>146</ns3:hr>
          </ns3:TrackPointExtension>
        </extensions>
      </trkpt>
      <trkpt lat="48.04177698679268360137939453125" lon="11.1926032416522502899169921875">
        <ele>584.20001220703125</ele>
        <time>2023-09-05T06:32:36.000Z</time>
        <extensions>
          <ns3:TrackPointExtension>
            <ns3:atemp>22.0</ns3:atemp>
            <ns3:hr>147</ns3:hr>
          </ns3:TrackPointExtension>
        </extensions>
      </trkpt>
      <trkpt lat="48.0418320558965206146240234375" lon="11.1925606615841388702392578125">
        <ele>584.20001220703125</ele>
        <time>2023-09-05T06:32:38.000Z</time>
        <extensions>
          <ns3:TrackPointExtension>
            <ns3:atemp>22.0</ns3:atemp>
            <ns3:hr>150</ns3:hr>
          </ns3:TrackPointExtension>
        </extensions>
      </trkpt>
      <trkpt lat="48.041897602379322052001953125" lon="11.192524619400501251220703125">
        <ele>584.20001220703125</ele>
        <time>2023-09-05T06:32:40.000Z</time>
        <extensions>
          <ns3:TrackPointExtension>
            <ns3:atemp>22.0</ns3:atemp>
            <ns3:hr>153</ns3:hr>
          </ns3:TrackPointExtension>
        </extensions>
      </trkpt>
      <trkpt lat="48.04195158183574676513671875" lon="11.19249117560684680938720703125">
        <ele>584.20001220703125</ele>
        <time>2023-09-05T06:32:42.000Z</time>
        <extensions>
          <ns3:TrackPointExtension>
            <ns3:atemp>22.0</ns3:atemp>
            <ns3:hr>154</ns3:hr>
          </ns3:TrackPointExtension>
        </extensions>
      </trkpt>
      <trkpt lat="48.0421240814030170440673828125" lon="11.19248430244624614715576171875">
        <ele>584.79998779296875</ele>
        <time>2023-09-05T06:32:48.000Z</time>
        <extensions>
          <ns3:TrackPointExtension>
            <ns3:atemp>22.0</ns3:atemp>
            <ns3:hr>156</ns3:hr>
          </ns3:TrackPointExtension>
        </extensions>
      </trkpt>
      <trkpt lat="48.04215677082538604736328125" lon="11.1924979649484157562255859375">
        <ele>584.5999755859375</ele>
        <time>2023-09-05T06:32:49.000Z</time>
        <extensions>
          <ns3:TrackPointExtension>
            <ns3:atemp>22.0</ns3:atemp>
            <ns3:hr>156</ns3:hr>
          </ns3:TrackPointExtension>
        </extensions>
      </trkpt>
      <trkpt lat="48.0423559248447418212890625" lon="11.19263383559882640838623046875">
        <ele>585</ele>
        <time>2023-09-05T06:32:57.000Z</time>
        <extensions>
          <ns3:TrackPointExtension>
            <ns3:atemp>22.0</ns3:atemp>
            <ns3:hr>157</ns3:hr>
          </ns3:TrackPointExtension>
        </extensions>
      </trkpt>
      <trkpt lat="48.0424315296113491058349609375" lon="11.1926941014826297760009765625">
        <ele>586</ele>
        <time>2023-09-05T06:33:00.000Z</time>
        <extensions>
          <ns3:TrackPointExtension>
            <ns3:atemp>22.0</ns3:atemp>
            <ns3:hr>157</ns3:hr>
          </ns3:TrackPointExtension>
        </extensions>
      </trkpt>
      <trkpt lat="48.04254971444606781005859375" lon="11.19279384613037109375">
        <ele>586</ele>
        <time>2023-09-05T06:33:05.000Z</time>
        <extensions>
          <ns3:TrackPointExtension>
            <ns3:atemp>22.0</ns3:atemp>
            <ns3:hr>157</ns3:hr>
          </ns3:TrackPointExtension>
        </extensions>
      </trkpt>
      <trkpt lat="48.04270754568278789520263671875" lon="11.19295150972902774810791015625">
        <ele>587</ele>
        <time>2023-09-05T06:33:12.000Z</time>
        <extensions>
          <ns3:TrackPointExtension>
            <ns3:atemp>22.0</ns3:atemp>
            <ns3:hr>158</ns3:hr>
          </ns3:TrackPointExtension>
        </extensions>
      </trkpt>
      <trkpt lat="48.0427302606403827667236328125" lon="11.19296911172568798065185546875">
        <ele>587.20001220703125</ele>
        <time>2023-09-05T06:33:13.000Z</time>
        <extensions>
          <ns3:TrackPointExtension>
            <ns3:atemp>22.0</ns3:atemp>
            <ns3:hr>158</ns3:hr>
          </ns3:TrackPointExtension>
        </extensions>
      </trkpt>
      <trkpt lat="48.04297626949846744537353515625" lon="11.19314186275005340576171875">
        <ele>587.79998779296875</ele>
        <time>2023-09-05T06:33:23.000Z</time>
        <extensions>
          <ns3:TrackPointExtension>
            <ns3:atemp>22.0</ns3:atemp>
            <ns3:hr>158</ns3:hr>
          </ns3:TrackPointExtension>
        </extensions>
      </trkpt>
      <trkpt lat="48.04299764335155487060546875" lon="11.19315049611032009124755859375">
        <ele>588</ele>
        <time>2023-09-05T06:33:24.000Z</time>
        <extensions>
          <ns3:TrackPointExtension>
            <ns3:atemp>22.0</ns3:atemp>
            <ns3:hr>158</ns3:hr>
          </ns3:TrackPointExtension>
        </extensions>
      </trkpt>
      <trkpt lat="48.04315857589244842529296875" lon="11.1931775696575641632080078125">
        <ele>588.5999755859375</ele>
        <time>2023-09-05T06:33:30.000Z</time>
        <extensions>
          <ns3:TrackPointExtension>
            <ns3:atemp>22.0</ns3:atemp>
            <ns3:hr>158</ns3:hr>
          </ns3:TrackPointExtension>
        </extensions>
      </trkpt>
      <trkpt lat="48.04324968717992305755615234375" lon="11.19319391436874866485595703125">
        <ele>589</ele>
        <time>2023-09-05T06:33:33.000Z</time>
        <extensions>
          <ns3:TrackPointExtension>
            <ns3:atemp>22.0</ns3:atemp>
            <ns3:hr>158</ns3:hr>
          </ns3:TrackPointExtension>
        </extensions>
      </trkpt>
      <trkpt lat="48.0434261262416839599609375" lon="11.19322123937308788299560546875">
        <ele>589.4000244140625</ele>
        <time>2023-09-05T06:33:39.000Z</time>
        <extensions>
          <ns3:TrackPointExtension>
            <ns3:atemp>22.0</ns3:atemp>
            <ns3:hr>158</ns3:hr>
          </ns3:TrackPointExtension>
        </extensions>
      </trkpt>
      <trkpt lat="48.0435359291732311248779296875" lon="11.19323682971298694610595703125">
        <ele>590.20001220703125</ele>
        <time>2023-09-05T06:33:43.000Z</time>
        <extensions>
          <ns3:TrackPointExtension>
            <ns3:atemp>22.0</ns3:atemp>
            <ns3:hr>158</ns3:hr>
          </ns3:TrackPointExtension>
        </extensions>
      </trkpt>
      <trkpt lat="48.04369761608541011810302734375" lon="11.193268597126007080078125">
        <ele>590.5999755859375</ele>
        <time>2023-09-05T06:33:49.000Z</time>
        <extensions>
          <ns3:TrackPointExtension>
            <ns3:atemp>22.0</ns3:atemp>
            <ns3:hr>158</ns3:hr>
          </ns3:TrackPointExtension>
        </extensions>
      </trkpt>
      <trkpt lat="48.04392426274716854095458984375" lon="11.19330857880413532257080078125">
        <ele>590.79998779296875</ele>
        <time>2023-09-05T06:33:57.000Z</time>
        <extensions>
          <ns3:TrackPointExtension>
            <ns3:atemp>22.0</ns3:atemp>
            <ns3:hr>161</ns3:hr>
          </ns3:TrackPointExtension>
        </extensions>
      </trkpt>
      <trkpt lat="48.043978326022624969482421875" lon="11.1933182179927825927734375">
        <ele>590.79998779296875</ele>
        <time>2023-09-05T06:33:59.000Z</time>
        <extensions>
          <ns3:TrackPointExtension>
            <ns3:atemp>22.0</ns3:atemp>
            <ns3:hr>161</ns3:hr>
          </ns3:TrackPointExtension>
        </extensions>
      </trkpt>
      <trkpt lat="48.0441877059638500213623046875" lon="11.19337228126823902130126953125">
        <ele>591.20001220703125</ele>
        <time>2023-09-05T06:34:07.000Z</time>
        <extensions>
          <ns3:TrackPointExtension>
            <ns3:atemp>22.0</ns3:atemp>
            <ns3:hr>163</ns3:hr>
          </ns3:TrackPointExtension>
        </extensions>
      </trkpt>
      <trkpt lat="48.0442098341882228851318359375" lon="11.1933817528188228607177734375">
        <ele>591.4000244140625</ele>
        <time>2023-09-05T06:34:08.000Z</time>
        <extensions>
          <ns3:TrackPointExtension>
            <ns3:atemp>22.0</ns3:atemp>
            <ns3:hr>163</ns3:hr>
          </ns3:TrackPointExtension>
        </extensions>
      </trkpt>
      <trkpt lat="48.044434972107410430908203125" lon="11.19344989769160747528076171875">
        <ele>592.20001220703125</ele>
        <time>2023-09-05T06:34:17.000Z</time>
        <extensions>
          <ns3:TrackPointExtension>
            <ns3:atemp>22.0</ns3:atemp>
            <ns3:hr>163</ns3:hr>
          </ns3:TrackPointExtension>
        </extensions>
      </trkpt>
      <trkpt lat="48.04446103982627391815185546875" lon="11.19345274753868579864501953125">
        <ele>592.4000244140625</ele>
        <time>2023-09-05T06:34:18.000Z</time>
        <extensions>
          <ns3:TrackPointExtension>
            <ns3:atemp>22.0</ns3:atemp>
            <ns3:hr>163</ns3:hr>
          </ns3:TrackPointExtension>
        </extensions>
      </trkpt>
      <trkpt lat="48.0446517281234264373779296875" lon="11.19343766011297702789306640625">
        <ele>592.4000244140625</ele>
        <time>2023-09-05T06:34:25.000Z</time>
        <extensions>
          <ns3:TrackPointExtension>
            <ns3:atemp>22.0</ns3:atemp>
            <ns3:hr>163</ns3:hr>
          </ns3:TrackPointExtension>
        </extensions>
      </trkpt>
      <trkpt lat="48.04489522241055965423583984375" lon="11.19338317774236202239990234375">
        <ele>592.4000244140625</ele>
        <time>2023-09-05T06:34:34.000Z</time>
        <extensions>
          <ns3:TrackPointExtension>
            <ns3:atemp>22.0</ns3:atemp>
            <ns3:hr>162</ns3:hr>
          </ns3:TrackPointExtension>
        </extensions>
      </trkpt>
      <trkpt lat="48.045085407793521881103515625" lon="11.1933911405503749847412109375">
        <ele>592.4000244140625</ele>
        <time>2023-09-05T06:34:41.000Z</time>
        <extensions>
          <ns3:TrackPointExtension>
            <ns3:atemp>22.0</ns3:atemp>
            <ns3:hr>161</ns3:hr>
          </ns3:TrackPointExtension>
        </extensions>
      </trkpt>
      <trkpt lat="48.04513871669769287109375" lon="11.1934089101850986480712890625">
        <ele>592.20001220703125</ele>
        <time>2023-09-05T06:34:43.000Z</time>
        <extensions>
          <ns3:TrackPointExtension>
            <ns3:atemp>22.0</ns3:atemp>
            <ns3:hr>160</ns3:hr>
          </ns3:TrackPointExtension>
        </extensions>
      </trkpt>
      <trkpt lat="48.0452190153300762176513671875" lon="11.1934400908648967742919921875">
        <ele>591.4000244140625</ele>
        <time>2023-09-05T06:34:46.000Z</time>
        <extensions>
          <ns3:TrackPointExtension>
            <ns3:atemp>22.0</ns3:atemp>
            <ns3:hr>159</ns3:hr>
          </ns3:TrackPointExtension>
        </extensions>
      </trkpt>
      <trkpt lat="48.04531917907297611236572265625" lon="11.193483509123325347900390625">
        <ele>591</ele>
        <time>2023-09-05T06:34:50.000Z</time>
        <extensions>
          <ns3:TrackPointExtension>
            <ns3:atemp>22.0</ns3:atemp>
            <ns3:hr>156</ns3:hr>
          </ns3:TrackPointExtension>
        </extensions>
      </trkpt>
      <trkpt lat="48.045395202934741973876953125" lon="11.193515695631504058837890625">
        <ele>591</ele>
        <time>2023-09-05T06:34:53.000Z</time>
        <extensions>
          <ns3:TrackPointExtension>
            <ns3:atemp>22.0</ns3:atemp>
            <ns3:hr>154</ns3:hr>
          </ns3:TrackPointExtension>
        </extensions>
      </trkpt>
      <trkpt lat="48.04554917849600315093994140625" lon="11.19357168674468994140625">
        <ele>590.20001220703125</ele>
        <time>2023-09-05T06:34:59.000Z</time>
        <extensions>
          <ns3:TrackPointExtension>
            <ns3:atemp>22.0</ns3:atemp>
            <ns3:hr>154</ns3:hr>
          </ns3:TrackPointExtension>
        </extensions>
      </trkpt>
      <trkpt lat="48.04563031531870365142822265625" lon="11.193613596260547637939453125">
        <ele>590.4000244140625</ele>
        <time>2023-09-05T06:35:02.000Z</time>
        <extensions>
          <ns3:TrackPointExtension>
            <ns3:atemp>22.0</ns3:atemp>
            <ns3:hr>153</ns3:hr>
          </ns3:TrackPointExtension>
        </extensions>
      </trkpt>
      <trkpt lat="48.045823015272617340087890625" lon="11.19369900785386562347412109375">
        <ele>590.79998779296875</ele>
        <time>2023-09-05T06:35:09.000Z</time>
        <extensions>
          <ns3:TrackPointExtension>
            <ns3:atemp>22.0</ns3:atemp>
            <ns3:hr>150</ns3:hr>
          </ns3:TrackPointExtension>
        </extensions>
      </trkpt>
      <trkpt lat="48.045841790735721588134765625" lon="11.1937099881470203399658203125">
        <ele>591</ele>
        <time>2023-09-05T06:35:10.000Z</time>
        <extensions>
          <ns3:TrackPointExtension>
            <ns3:atemp>22.0</ns3:atemp>
            <ns3:hr>147</ns3:hr>
          </ns3:TrackPointExtension>
        </extensions>
      </trkpt>
      <trkpt lat="48.04587087593972682952880859375" lon="11.1937287636101245880126953125">
        <ele>591</ele>
        <time>2023-09-05T06:35:11.000Z</time>
        <extensions>
          <ns3:TrackPointExtension>
            <ns3:atemp>22.0</ns3:atemp>
            <ns3:hr>147</ns3:hr>
          </ns3:TrackPointExtension>
        </extensions>
      </trkpt>
      <trkpt lat="48.04602979682385921478271484375" lon="11.1938189528882503509521484375">
        <ele>591.20001220703125</ele>
        <time>2023-09-05T06:35:17.000Z</time>
        <extensions>
          <ns3:TrackPointExtension>
            <ns3:atemp>22.0</ns3:atemp>
            <ns3:hr>149</ns3:hr>
          </ns3:TrackPointExtension>
        </extensions>
      </trkpt>
      <trkpt lat="48.0461051501333713531494140625" lon="11.193859018385410308837890625">
        <ele>591.20001220703125</ele>
        <time>2023-09-05T06:35:20.000Z</time>
        <extensions>
          <ns3:TrackPointExtension>
            <ns3:atemp>22.0</ns3:atemp>
            <ns3:hr>152</ns3:hr>
          </ns3:TrackPointExtension>
        </extensions>
      </trkpt>
      <trkpt lat="48.04626767523586750030517578125" lon="11.19394912384450435638427734375">
        <ele>591.4000244140625</ele>
        <time>2023-09-05T06:35:26.000Z</time>
        <extensions>
          <ns3:TrackPointExtension>
            <ns3:atemp>22.0</ns3:atemp>
            <ns3:hr>152</ns3:hr>
          </ns3:TrackPointExtension>
        </extensions>
      </trkpt>
      <trkpt lat="48.04629516787827014923095703125" lon="11.19396437890827655792236328125">
        <ele>591.5999755859375</ele>
        <time>2023-09-05T06:35:27.000Z</time>
        <extensions>
          <ns3:TrackPointExtension>
            <ns3:atemp>22.0</ns3:atemp>
            <ns3:hr>151</ns3:hr>
          </ns3:TrackPointExtension>
        </extensions>
      </trkpt>
      <trkpt lat="48.0463971756398677825927734375" lon="11.1940365470945835113525390625">
        <ele>592.4000244140625</ele>
        <time>2023-09-05T06:35:31.000Z</time>
        <extensions>
          <ns3:TrackPointExtension>
            <ns3:atemp>22.0</ns3:atemp>
            <ns3:hr>150</ns3:hr>
          </ns3:TrackPointExtension>
        </extensions>
      </trkpt>
      <trkpt lat="48.046482838690280914306640625" lon="11.19409580715000629425048828125">
        <ele>592.5999755859375</ele>
        <time>2023-09-05T06:35:35.000Z</time>
        <extensions>
          <ns3:TrackPointExtension>
            <ns3:atemp>22.0</ns3:atemp>
            <ns3:hr>149</ns3:hr>
          </ns3:TrackPointExtension>
        </extensions>
      </trkpt>
      <trkpt lat="48.0465624667704105377197265625" lon="11.1941488645970821380615234375">
        <ele>593.79998779296875</ele>
        <time>2023-09-05T06:35:39.000Z</time>
        <extensions>
          <ns3:TrackPointExtension>
            <ns3:atemp>22.0</ns3:atemp>
            <ns3:hr>150</ns3:hr>
          </ns3:TrackPointExtension>
        </extensions>
      </trkpt>
      <trkpt lat="48.04664276540279388427734375" lon="11.19421382434666156768798828125">
        <ele>594.79998779296875</ele>
        <time>2023-09-05T06:35:43.000Z</time>
        <extensions>
          <ns3:TrackPointExtension>
            <ns3:atemp>22.0</ns3:atemp>
            <ns3:hr>154</ns3:hr>
          </ns3:TrackPointExtension>
        </extensions>
      </trkpt>
      <trkpt lat="48.04665760137140750885009765625" lon="11.1942219547927379608154296875">
        <ele>595</ele>
        <time>2023-09-05T06:35:44.000Z</time>
        <extensions>
          <ns3:TrackPointExtension>
            <ns3:atemp>22.0</ns3:atemp>
            <ns3:hr>156</ns3:hr>
          </ns3:TrackPointExtension>
        </extensions>
      </trkpt>
      <trkpt lat="48.04675541818141937255859375" lon="11.1943066120147705078125">
        <ele>596</ele>
        <time>2023-09-05T06:35:49.000Z</time>
        <extensions>
          <ns3:TrackPointExtension>
            <ns3:atemp>22.0</ns3:atemp>
            <ns3:hr>158</ns3:hr>
          </ns3:TrackPointExtension>
        </extensions>
      </trkpt>
      <trkpt lat="48.046814762055873870849609375" lon="11.19436092674732208251953125">
        <ele>596.4000244140625</ele>
        <time>2023-09-05T06:35:52.000Z</time>
        <extensions>
          <ns3:TrackPointExtension>
            <ns3:atemp>22.0</ns3:atemp>
            <ns3:hr>159</ns3:hr>
          </ns3:TrackPointExtension>
        </extensions>
      </trkpt>
      <trkpt lat="48.04685139097273349761962890625" lon="11.1943949572741985321044921875">
        <ele>597.20001220703125</ele>
        <time>2023-09-05T06:35:54.000Z</time>
        <extensions>
          <ns3:TrackPointExtension>
            <ns3:atemp>22.0</ns3:atemp>
            <ns3:hr>160</ns3:hr>
          </ns3:TrackPointExtension>
        </extensions>
      </trkpt>
      <trkpt lat="48.0469302646815776824951171875" lon="11.1944546364247798919677734375">
        <ele>598.4000244140625</ele>
        <time>2023-09-05T06:35:58.000Z</time>
        <extensions>
          <ns3:TrackPointExtension>
            <ns3:atemp>22.0</ns3:atemp>
            <ns3:hr>161</ns3:hr>
          </ns3:TrackPointExtension>
        </extensions>
      </trkpt>
      <trkpt lat="48.047011904418468475341796875" lon="11.1945344321429729461669921875">
        <ele>599.20001220703125</ele>
        <time>2023-09-05T06:36:02.000Z</time>
        <extensions>
          <ns3:TrackPointExtension>
            <ns3:atemp>22.0</ns3:atemp>
            <ns3:hr>161</ns3:hr>
          </ns3:TrackPointExtension>
        </extensions>
      </trkpt>
      <trkpt lat="48.04702992551028728485107421875" lon="11.1945612542331218719482421875">
        <ele>599.5999755859375</ele>
        <time>2023-09-05T06:36:03.000Z</time>
        <extensions>
          <ns3:TrackPointExtension>
            <ns3:atemp>22.0</ns3:atemp>
            <ns3:hr>161</ns3:hr>
          </ns3:TrackPointExtension>
        </extensions>
      </trkpt>
      <trkpt lat="48.04711223579943180084228515625" lon="11.1947371065616607666015625">
        <ele>600.20001220703125</ele>
        <time>2023-09-05T06:36:09.000Z</time>
        <extensions>
          <ns3:TrackPointExtension>
            <ns3:atemp>22.0</ns3:atemp>
            <ns3:hr>164</ns3:hr>
          </ns3:TrackPointExtension>
        </extensions>
      </trkpt>
      <trkpt lat="48.04712296463549137115478515625" lon="11.19476870633661746978759765625">
        <ele>600.20001220703125</ele>
        <time>2023-09-05T06:36:10.000Z</time>
        <extensions>
          <ns3:TrackPointExtension>
            <ns3:atemp>22.0</ns3:atemp>
            <ns3:hr>164</ns3:hr>
          </ns3:TrackPointExtension>
        </extensions>
      </trkpt>
      <trkpt lat="48.04716705344617366790771484375" lon="11.19484783150255680084228515625">
        <ele>600.5999755859375</ele>
        <time>2023-09-05T06:36:13.000Z</time>
        <extensions>
          <ns3:TrackPointExtension>
            <ns3:atemp>22.0</ns3:atemp>
            <ns3:hr>167</ns3:hr>
          </ns3:TrackPointExtension>
        </extensions>
      </trkpt>
      <trkpt lat="48.047243244946002960205078125" lon="11.19492553174495697021484375">
        <ele>601.20001220703125</ele>
        <time>2023-09-05T06:36:17.000Z</time>
        <extensions>
          <ns3:TrackPointExtension>
            <ns3:atemp>22.0</ns3:atemp>
            <ns3:hr>168</ns3:hr>
          </ns3:TrackPointExtension>
        </extensions>
      </trkpt>
      <trkpt lat="48.04737224243581295013427734375" lon="11.195081435143947601318359375">
        <ele>601.20001220703125</ele>
        <time>2023-09-05T06:36:24.000Z</time>
        <extensions>
          <ns3:TrackPointExtension>
            <ns3:atemp>22.0</ns3:atemp>
            <ns3:hr>170</ns3:hr>
          </ns3:TrackPointExtension>
        </extensions>
      </trkpt>
      <trkpt lat="48.047430999577045440673828125" lon="11.19514857418835163116455078125">
        <ele>601.5999755859375</ele>
        <time>2023-09-05T06:36:29.000Z</time>
        <extensions>
          <ns3:TrackPointExtension>
            <ns3:atemp>21.0</ns3:atemp>
            <ns3:hr>170</ns3:hr>
          </ns3:TrackPointExtension>
        </extensions>
      </trkpt>
      <trkpt lat="48.04743762128055095672607421875" lon="11.19519241154193878173828125">
        <ele>601.79998779296875</ele>
        <time>2023-09-05T06:36:34.000Z</time>
        <extensions>
          <ns3:TrackPointExtension>
            <ns3:atemp>22.0</ns3:atemp>
            <ns3:hr>169</ns3:hr>
          </ns3:TrackPointExtension>
        </extensions>
      </trkpt>
      <trkpt lat="48.04745321162045001983642578125" lon="11.1951888911426067352294921875">
        <ele>601.79998779296875</ele>
        <time>2023-09-05T06:36:38.000Z</time>
        <extensions>
          <ns3:TrackPointExtension>
            <ns3:atemp>22.0</ns3:atemp>
            <ns3:hr>166</ns3:hr>
          </ns3:TrackPointExtension>
        </extensions>
      </trkpt>
      <trkpt lat="48.047474920749664306640625" lon="11.19521462358534336090087890625">
        <ele>601.4000244140625</ele>
        <time>2023-09-05T06:36:41.000Z</time>
        <extensions>
          <ns3:TrackPointExtension>
            <ns3:atemp>22.0</ns3:atemp>
            <ns3:hr>163</ns3:hr>
          </ns3:TrackPointExtension>
        </extensions>
      </trkpt>
      <trkpt lat="48.0474801175296306610107421875" lon="11.19522836990654468536376953125">
        <ele>601.20001220703125</ele>
        <time>2023-09-05T06:36:42.000Z</time>
        <extensions>
          <ns3:TrackPointExtension>
            <ns3:atemp>22.0</ns3:atemp>
            <ns3:hr>162</ns3:hr>
          </ns3:TrackPointExtension>
        </extensions>
      </trkpt>
      <trkpt lat="48.04749797098338603973388671875" lon="11.19526214897632598876953125">
        <ele>600.4000244140625</ele>
        <time>2023-09-05T06:36:45.000Z</time>
        <extensions>
          <ns3:TrackPointExtension>
            <ns3:atemp>22.0</ns3:atemp>
            <ns3:hr>160</ns3:hr>
          </ns3:TrackPointExtension>
        </extensions>
      </trkpt>
      <trkpt lat="48.047521524131298065185546875" lon="11.1952998675405979156494140625">
        <ele>600.4000244140625</ele>
        <time>2023-09-05T06:36:50.000Z</time>
        <extensions>
          <ns3:TrackPointExtension>
            <ns3:atemp>22.0</ns3:atemp>
            <ns3:hr>159</ns3:hr>
          </ns3:TrackPointExtension>
        </extensions>
      </trkpt>
      <trkpt lat="48.047529570758342742919921875" lon="11.19531302712857723236083984375">
        <ele>600.79998779296875</ele>
        <time>2023-09-05T06:36:54.000Z</time>
        <extensions>
          <ns3:TrackPointExtension>
            <ns3:atemp>22.0</ns3:atemp>
            <ns3:hr>159</ns3:hr>
          </ns3:TrackPointExtension>
        </extensions>
      </trkpt>
      <trkpt lat="48.04753770120441913604736328125" lon="11.1953082494437694549560546875">
        <ele>599.4000244140625</ele>
        <time>2023-09-05T06:37:15.000Z</time>
        <extensions>
          <ns3:TrackPointExtension>
            <ns3:atemp>22.0</ns3:atemp>
            <ns3:hr>154</ns3:hr>
          </ns3:TrackPointExtension>
        </extensions>
      </trkpt>
      <trkpt lat="48.04754574783146381378173828125" lon="11.195316798985004425048828125">
        <ele>599.5999755859375</ele>
        <time>2023-09-05T06:37:17.000Z</time>
        <extensions>
          <ns3:TrackPointExtension>
            <ns3:atemp>22.0</ns3:atemp>
            <ns3:hr>151</ns3:hr>
          </ns3:TrackPointExtension>
        </extensions>
      </trkpt>
      <trkpt lat="48.0475468374788761138916015625" lon="11.19532124139368534088134765625">
        <ele>599.79998779296875</ele>
        <time>2023-09-05T06:37:19.000Z</time>
        <extensions>
          <ns3:TrackPointExtension>
            <ns3:atemp>22.0</ns3:atemp>
            <ns3:hr>146</ns3:hr>
          </ns3:TrackPointExtension>
        </extensions>
      </trkpt>
      <trkpt lat="48.0475468374788761138916015625" lon="11.19532124139368534088134765625">
        <ele>599.79998779296875</ele>
        <time>2023-09-05T06:37:20.000Z</time>
        <extensions>
          <ns3:TrackPointExtension>
            <ns3:atemp>22.0</ns3:atemp>
            <ns3:hr>144</ns3:hr>
          </ns3:TrackPointExtension>
        </extensions>
      </trkpt>
      <trkpt lat="48.04755966179072856903076171875" lon="11.19533414952456951141357421875">
        <ele>600.4000244140625</ele>
        <time>2023-09-05T06:37:28.000Z</time>
        <extensions>
          <ns3:TrackPointExtension>
            <ns3:atemp>22.0</ns3:atemp>
            <ns3:hr>138</ns3:hr>
          </ns3:TrackPointExtension>
        </extensions>
      </trkpt>
      <trkpt lat="48.04758681915700435638427734375" lon="11.1953513324260711669921875">
        <ele>600.20001220703125</ele>
        <time>2023-09-05T06:37:30.000Z</time>
        <extensions>
          <ns3:TrackPointExtension>
            <ns3:atemp>22.0</ns3:atemp>
            <ns3:hr>137</ns3:hr>
          </ns3:TrackPointExtension>
        </extensions>
      </trkpt>
      <trkpt lat="48.047638200223445892333984375" lon="11.19540958665311336517333984375">
        <ele>600</ele>
        <time>2023-09-05T06:37:34.000Z</time>
        <extensions>
          <ns3:TrackPointExtension>
            <ns3:atemp>22.0</ns3:atemp>
            <ns3:hr>134</ns3:hr>
          </ns3:TrackPointExtension>
        </extensions>
      </trkpt>
      <trkpt lat="48.0477067641913890838623046875" lon="11.195491813123226165771484375">
        <ele>599.5999755859375</ele>
        <time>2023-09-05T06:37:37.000Z</time>
        <extensions>
          <ns3:TrackPointExtension>
            <ns3:atemp>22.0</ns3:atemp>
            <ns3:hr>132</ns3:hr>
          </ns3:TrackPointExtension>
        </extensions>
      </trkpt>
      <trkpt lat="48.04775948636233806610107421875" lon="11.1955578625202178955078125">
        <ele>599.20001220703125</ele>
        <time>2023-09-05T06:37:39.000Z</time>
        <extensions>
          <ns3:TrackPointExtension>
            <ns3:atemp>22.0</ns3:atemp>
            <ns3:hr>132</ns3:hr>
          </ns3:TrackPointExtension>
        </extensions>
      </trkpt>
      <trkpt lat="48.0478033237159252166748046875" lon="11.195612847805023193359375">
        <ele>598.20001220703125</ele>
        <time>2023-09-05T06:37:41.000Z</time>
        <extensions>
          <ns3:TrackPointExtension>
            <ns3:atemp>22.0</ns3:atemp>
            <ns3:hr>133</ns3:hr>
          </ns3:TrackPointExtension>
        </extensions>
      </trkpt>
      <trkpt lat="48.047876916825771331787109375" lon="11.195705719292163848876953125">
        <ele>597.5999755859375</ele>
        <time>2023-09-05T06:37:44.000Z</time>
        <extensions>
          <ns3:TrackPointExtension>
            <ns3:atemp>22.0</ns3:atemp>
            <ns3:hr>133</ns3:hr>
          </ns3:TrackPointExtension>
        </extensions>
      </trkpt>
      <trkpt lat="48.04792083799839019775390625" lon="11.19577000848948955535888671875">
        <ele>597.4000244140625</ele>
        <time>2023-09-05T06:37:46.000Z</time>
        <extensions>
          <ns3:TrackPointExtension>
            <ns3:atemp>22.0</ns3:atemp>
            <ns3:hr>133</ns3:hr>
          </ns3:TrackPointExtension>
        </extensions>
      </trkpt>
      <trkpt lat="48.04796098731458187103271484375" lon="11.195819042623043060302734375">
        <ele>596.79998779296875</ele>
        <time>2023-09-05T06:37:48.000Z</time>
        <extensions>
          <ns3:TrackPointExtension>
            <ns3:atemp>22.0</ns3:atemp>
            <ns3:hr>132</ns3:hr>
          </ns3:TrackPointExtension>
        </extensions>
      </trkpt>
      <trkpt lat="48.0480762384831905364990234375" lon="11.19597838260233402252197265625">
        <ele>595.79998779296875</ele>
        <time>2023-09-05T06:37:53.000Z</time>
        <extensions>
          <ns3:TrackPointExtension>
            <ns3:atemp>22.0</ns3:atemp>
            <ns3:hr>129</ns3:hr>
          </ns3:TrackPointExtension>
        </extensions>
      </trkpt>
      <trkpt lat="48.048097193241119384765625" lon="11.19600989855825901031494140625">
        <ele>595.5999755859375</ele>
        <time>2023-09-05T06:37:54.000Z</time>
        <extensions>
          <ns3:TrackPointExtension>
            <ns3:atemp>22.0</ns3:atemp>
            <ns3:hr>129</ns3:hr>
          </ns3:TrackPointExtension>
        </extensions>
      </trkpt>
      <trkpt lat="48.048169277608394622802734375" lon="11.19614132679998874664306640625">
        <ele>595.4000244140625</ele>
        <time>2023-09-05T06:37:58.000Z</time>
        <extensions>
          <ns3:TrackPointExtension>
            <ns3:atemp>22.0</ns3:atemp>
            <ns3:hr>126</ns3:hr>
          </ns3:TrackPointExtension>
        </extensions>
      </trkpt>
      <trkpt lat="48.04822820238769054412841796875" lon="11.196230761706829071044921875">
        <ele>594.5999755859375</ele>
        <time>2023-09-05T06:38:01.000Z</time>
        <extensions>
          <ns3:TrackPointExtension>
            <ns3:atemp>22.0</ns3:atemp>
            <ns3:hr>126</ns3:hr>
          </ns3:TrackPointExtension>
        </extensions>
      </trkpt>
      <trkpt lat="48.04829659871757030487060546875" lon="11.1963643692433834075927734375">
        <ele>593.5999755859375</ele>
        <time>2023-09-05T06:38:05.000Z</time>
        <extensions>
          <ns3:TrackPointExtension>
            <ns3:atemp>22.0</ns3:atemp>
            <ns3:hr>126</ns3:hr>
          </ns3:TrackPointExtension>
        </extensions>
      </trkpt>
      <trkpt lat="48.048353679478168487548828125" lon="11.1964590847492218017578125">
        <ele>592.5999755859375</ele>
        <time>2023-09-05T06:38:08.000Z</time>
        <extensions>
          <ns3:TrackPointExtension>
            <ns3:atemp>22.0</ns3:atemp>
            <ns3:hr>127</ns3:hr>
          </ns3:TrackPointExtension>
        </extensions>
      </trkpt>
      <trkpt lat="48.0483987741172313690185546875" lon="11.1965128965675830841064453125">
        <ele>592.4000244140625</ele>
        <time>2023-09-05T06:38:10.000Z</time>
        <extensions>
          <ns3:TrackPointExtension>
            <ns3:atemp>22.0</ns3:atemp>
            <ns3:hr>128</ns3:hr>
          </ns3:TrackPointExtension>
        </extensions>
      </trkpt>
      <trkpt lat="48.04848619736731052398681640625" lon="11.1966057680547237396240234375">
        <ele>592.4000244140625</ele>
        <time>2023-09-05T06:38:14.000Z</time>
        <extensions>
          <ns3:TrackPointExtension>
            <ns3:atemp>22.0</ns3:atemp>
            <ns3:hr>129</ns3:hr>
          </ns3:TrackPointExtension>
        </extensions>
      </trkpt>
      <trkpt lat="48.0486408434808254241943359375" lon="11.19667433202266693115234375">
        <ele>591.4000244140625</ele>
        <time>2023-09-05T06:38:20.000Z</time>
        <extensions>
          <ns3:TrackPointExtension>
            <ns3:atemp>22.0</ns3:atemp>
            <ns3:hr>132</ns3:hr>
          </ns3:TrackPointExtension>
        </extensions>
      </trkpt>
      <trkpt lat="48.04867160506546497344970703125" lon="11.19667475111782550811767578125">
        <ele>591.4000244140625</ele>
        <time>2023-09-05T06:38:21.000Z</time>
        <extensions>
          <ns3:TrackPointExtension>
            <ns3:atemp>22.0</ns3:atemp>
            <ns3:hr>132</ns3:hr>
          </ns3:TrackPointExtension>
        </extensions>
      </trkpt>
      <trkpt lat="48.04891317151486873626708984375" lon="11.1966054327785968780517578125">
        <ele>591.5999755859375</ele>
        <time>2023-09-05T06:38:30.000Z</time>
        <extensions>
          <ns3:TrackPointExtension>
            <ns3:atemp>22.0</ns3:atemp>
            <ns3:hr>134</ns3:hr>
          </ns3:TrackPointExtension>
        </extensions>
      </trkpt>
      <trkpt lat="48.0491392314434051513671875" lon="11.19647257961332798004150390625">
        <ele>591.79998779296875</ele>
        <time>2023-09-05T06:38:39.000Z</time>
        <extensions>
          <ns3:TrackPointExtension>
            <ns3:atemp>22.0</ns3:atemp>
            <ns3:hr>134</ns3:hr>
          </ns3:TrackPointExtension>
        </extensions>
      </trkpt>
      <trkpt lat="48.04925523698329925537109375" lon="11.1964381299912929534912109375">
        <ele>592</ele>
        <time>2023-09-05T06:38:43.000Z</time>
        <extensions>
          <ns3:TrackPointExtension>
            <ns3:atemp>22.0</ns3:atemp>
            <ns3:hr>137</ns3:hr>
          </ns3:TrackPointExtension>
        </extensions>
      </trkpt>
      <trkpt lat="48.049362860620021820068359375" lon="11.1964322626590728759765625">
        <ele>592</ele>
        <time>2023-09-05T06:38:47.000Z</time>
        <extensions>
          <ns3:TrackPointExtension>
            <ns3:atemp>22.0</ns3:atemp>
            <ns3:hr>140</ns3:hr>
          </ns3:TrackPointExtension>
        </extensions>
      </trkpt>
      <trkpt lat="48.0494438298046588897705078125" lon="11.19643083773553371429443359375">
        <ele>592</ele>
        <time>2023-09-05T06:38:50.000Z</time>
        <extensions>
          <ns3:TrackPointExtension>
            <ns3:atemp>23.0</ns3:atemp>
            <ns3:hr>143</ns3:hr>
          </ns3:TrackPointExtension>
        </extensions>
      </trkpt>
      <trkpt lat="48.04972269572317600250244140625" lon="11.1964052729308605194091796875">
        <ele>591.5999755859375</ele>
        <time>2023-09-05T06:39:00.000Z</time>
        <extensions>
          <ns3:TrackPointExtension>
            <ns3:atemp>23.0</ns3:atemp>
            <ns3:hr>146</ns3:hr>
          </ns3:TrackPointExtension>
        </extensions>
      </trkpt>
      <trkpt lat="48.050016649067401885986328125" lon="11.1964418180286884307861328125">
        <ele>591.5999755859375</ele>
        <time>2023-09-05T06:39:10.000Z</time>
        <extensions>
          <ns3:TrackPointExtension>
            <ns3:atemp>23.0</ns3:atemp>
            <ns3:hr>147</ns3:hr>
          </ns3:TrackPointExtension>
        </extensions>
      </trkpt>
      <trkpt lat="48.05025561712682247161865234375" lon="11.19653619825839996337890625">
        <ele>592.20001220703125</ele>
        <time>2023-09-05T06:39:19.000Z</time>
        <extensions>
          <ns3:TrackPointExtension>
            <ns3:atemp>22.0</ns3:atemp>
            <ns3:hr>147</ns3:hr>
          </ns3:TrackPointExtension>
        </extensions>
      </trkpt>
      <trkpt lat="48.0503738857805728912353515625" lon="11.19660752825438976287841796875">
        <ele>592.20001220703125</ele>
        <time>2023-09-05T06:39:24.000Z</time>
        <extensions>
          <ns3:TrackPointExtension>
            <ns3:atemp>23.0</ns3:atemp>
            <ns3:hr>150</ns3:hr>
          </ns3:TrackPointExtension>
        </extensions>
      </trkpt>
      <trkpt lat="48.050421662628650665283203125" lon="11.19663518853485584259033203125">
        <ele>592.4000244140625</ele>
        <time>2023-09-05T06:39:26.000Z</time>
        <extensions>
          <ns3:TrackPointExtension>
            <ns3:atemp>22.0</ns3:atemp>
            <ns3:hr>152</ns3:hr>
          </ns3:TrackPointExtension>
        </extensions>
      </trkpt>
      <trkpt lat="48.05052618496119976043701171875" lon="11.1966537125408649444580078125">
        <ele>593.5999755859375</ele>
        <time>2023-09-05T06:39:30.000Z</time>
        <extensions>
          <ns3:TrackPointExtension>
            <ns3:atemp>23.0</ns3:atemp>
            <ns3:hr>153</ns3:hr>
          </ns3:TrackPointExtension>
        </extensions>
      </trkpt>
      <trkpt lat="48.050606735050678253173828125" lon="11.19665597565472126007080078125">
        <ele>594</ele>
        <time>2023-09-05T06:39:33.000Z</time>
        <extensions>
          <ns3:TrackPointExtension>
            <ns3:atemp>22.0</ns3:atemp>
            <ns3:hr>154</ns3:hr>
          </ns3:TrackPointExtension>
        </extensions>
      </trkpt>
      <trkpt lat="48.05066985078155994415283203125" lon="11.19665287435054779052734375">
        <ele>594.5999755859375</ele>
        <time>2023-09-05T06:39:36.000Z</time>
        <extensions>
          <ns3:TrackPointExtension>
            <ns3:atemp>23.0</ns3:atemp>
            <ns3:hr>155</ns3:hr>
          </ns3:TrackPointExtension>
        </extensions>
      </trkpt>
      <trkpt lat="48.05076054297387599945068359375" lon="11.196615993976593017578125">
        <ele>595.79998779296875</ele>
        <time>2023-09-05T06:39:40.000Z</time>
        <extensions>
          <ns3:TrackPointExtension>
            <ns3:atemp>23.0</ns3:atemp>
            <ns3:hr>155</ns3:hr>
          </ns3:TrackPointExtension>
        </extensions>
      </trkpt>
      <trkpt lat="48.0508060567080974578857421875" lon="11.19659277610480785369873046875">
        <ele>596.20001220703125</ele>
        <time>2023-09-05T06:39:42.000Z</time>
        <extensions>
          <ns3:TrackPointExtension>
            <ns3:atemp>23.0</ns3:atemp>
            <ns3:hr>155</ns3:hr>
          </ns3:TrackPointExtension>
        </extensions>
      </trkpt>
      <trkpt lat="48.0508690886199474334716796875" lon="11.1965504474937915802001953125">
        <ele>596.79998779296875</ele>
        <time>2023-09-05T06:39:45.000Z</time>
        <extensions>
          <ns3:TrackPointExtension>
            <ns3:atemp>23.0</ns3:atemp>
            <ns3:hr>156</ns3:hr>
          </ns3:TrackPointExtension>
        </extensions>
      </trkpt>
      <trkpt lat="48.0509435199201107025146484375" lon="11.19646151550114154815673828125">
        <ele>597.79998779296875</ele>
        <time>2023-09-05T06:39:49.000Z</time>
        <extensions>
          <ns3:TrackPointExtension>
            <ns3:atemp>22.0</ns3:atemp>
            <ns3:hr>159</ns3:hr>
          </ns3:TrackPointExtension>
        </extensions>
      </trkpt>
      <trkpt lat="48.05096187628805637359619140625" lon="11.1964404769241809844970703125">
        <ele>598</ele>
        <time>2023-09-05T06:39:50.000Z</time>
        <extensions>
          <ns3:TrackPointExtension>
            <ns3:atemp>23.0</ns3:atemp>
            <ns3:hr>160</ns3:hr>
          </ns3:TrackPointExtension>
        </extensions>
      </trkpt>
      <trkpt lat="48.05107234977185726165771484375" lon="11.19631533510982990264892578125">
        <ele>599</ele>
        <time>2023-09-05T06:39:56.000Z</time>
        <extensions>
          <ns3:TrackPointExtension>
            <ns3:atemp>23.0</ns3:atemp>
            <ns3:hr>162</ns3:hr>
          </ns3:TrackPointExtension>
        </extensions>
      </trkpt>
      <trkpt lat="48.0512573383748531341552734375" lon="11.1961222998797893524169921875">
        <ele>599.4000244140625</ele>
        <time>2023-09-05T06:40:05.000Z</time>
        <extensions>
          <ns3:TrackPointExtension>
            <ns3:atemp>23.0</ns3:atemp>
            <ns3:hr>165</ns3:hr>
          </ns3:TrackPointExtension>
        </extensions>
      </trkpt>
      <trkpt lat="48.0515017546713352203369140625" lon="11.1959519796073436737060546875">
        <ele>598.4000244140625</ele>
        <time>2023-09-05T06:40:15.000Z</time>
        <extensions>
          <ns3:TrackPointExtension>
            <ns3:atemp>23.0</ns3:atemp>
            <ns3:hr>165</ns3:hr>
          </ns3:TrackPointExtension>
        </extensions>
      </trkpt>
      <trkpt lat="48.0515822209417819976806640625" lon="11.1959050409495830535888671875">
        <ele>598</ele>
        <time>2023-09-05T06:40:18.000Z</time>
        <extensions>
          <ns3:TrackPointExtension>
            <ns3:atemp>23.0</ns3:atemp>
            <ns3:hr>166</ns3:hr>
          </ns3:TrackPointExtension>
        </extensions>
      </trkpt>
      <trkpt lat="48.05174374021589756011962890625" lon="11.19580420665442943572998046875">
        <ele>597.4000244140625</ele>
        <time>2023-09-05T06:40:24.000Z</time>
        <extensions>
          <ns3:TrackPointExtension>
            <ns3:atemp>23.0</ns3:atemp>
            <ns3:hr>164</ns3:hr>
          </ns3:TrackPointExtension>
        </extensions>
      </trkpt>
      <trkpt lat="48.05196502245962619781494140625" lon="11.195677220821380615234375">
        <ele>596.79998779296875</ele>
        <time>2023-09-05T06:40:33.000Z</time>
        <extensions>
          <ns3:TrackPointExtension>
            <ns3:atemp>23.0</ns3:atemp>
            <ns3:hr>161</ns3:hr>
          </ns3:TrackPointExtension>
        </extensions>
      </trkpt>
      <trkpt lat="48.052097372710704803466796875" lon="11.19559608399868011474609375">
        <ele>596.5999755859375</ele>
        <time>2023-09-05T06:40:38.000Z</time>
        <extensions>
          <ns3:TrackPointExtension>
            <ns3:atemp>23.0</ns3:atemp>
            <ns3:hr>158</ns3:hr>
          </ns3:TrackPointExtension>
        </extensions>
      </trkpt>
      <trkpt lat="48.0521763302385807037353515625" lon="11.19556213729083538055419921875">
        <ele>596.5999755859375</ele>
        <time>2023-09-05T06:40:41.000Z</time>
        <extensions>
          <ns3:TrackPointExtension>
            <ns3:atemp>23.0</ns3:atemp>
            <ns3:hr>156</ns3:hr>
          </ns3:TrackPointExtension>
        </extensions>
      </trkpt>
      <trkpt lat="48.05219502188265323638916015625" lon="11.19555291719734668731689453125">
        <ele>596.5999755859375</ele>
        <time>2023-09-05T06:40:42.000Z</time>
        <extensions>
          <ns3:TrackPointExtension>
            <ns3:atemp>23.0</ns3:atemp>
            <ns3:hr>153</ns3:hr>
          </ns3:TrackPointExtension>
        </extensions>
      </trkpt>
      <trkpt lat="48.05246005766093730926513671875" lon="11.195521317422389984130859375">
        <ele>596.20001220703125</ele>
        <time>2023-09-05T06:40:51.000Z</time>
        <extensions>
          <ns3:TrackPointExtension>
            <ns3:atemp>23.0</ns3:atemp>
            <ns3:hr>151</ns3:hr>
          </ns3:TrackPointExtension>
        </extensions>
      </trkpt>
      <trkpt lat="48.05258846841752529144287109375" lon="11.195543110370635986328125">
        <ele>595.79998779296875</ele>
        <time>2023-09-05T06:40:56.000Z</time>
        <extensions>
          <ns3:TrackPointExtension>
            <ns3:atemp>23.0</ns3:atemp>
            <ns3:hr>151</ns3:hr>
          </ns3:TrackPointExtension>
        </extensions>
      </trkpt>
      <trkpt lat="48.05266491137444972991943359375" lon="11.19555928744375705718994140625">
        <ele>595.5999755859375</ele>
        <time>2023-09-05T06:40:59.000Z</time>
        <extensions>
          <ns3:TrackPointExtension>
            <ns3:atemp>23.0</ns3:atemp>
            <ns3:hr>150</ns3:hr>
          </ns3:TrackPointExtension>
        </extensions>
      </trkpt>
      <trkpt lat="48.05292843841016292572021484375" lon="11.19561226107180118560791015625">
        <ele>595.20001220703125</ele>
        <time>2023-09-05T06:41:09.000Z</time>
        <extensions>
          <ns3:TrackPointExtension>
            <ns3:atemp>22.0</ns3:atemp>
            <ns3:hr>148</ns3:hr>
          </ns3:TrackPointExtension>
        </extensions>
      </trkpt>
      <trkpt lat="48.05298107676208019256591796875" lon="11.1956207267940044403076171875">
        <ele>594.5999755859375</ele>
        <time>2023-09-05T06:41:11.000Z</time>
        <extensions>
          <ns3:TrackPointExtension>
            <ns3:atemp>22.0</ns3:atemp>
            <ns3:hr>147</ns3:hr>
          </ns3:TrackPointExtension>
        </extensions>
      </trkpt>
      <trkpt lat="48.0531751178205013275146484375" lon="11.19566448032855987548828125">
        <ele>593.4000244140625</ele>
        <time>2023-09-05T06:41:18.000Z</time>
        <extensions>
          <ns3:TrackPointExtension>
            <ns3:atemp>22.0</ns3:atemp>
            <ns3:hr>146</ns3:hr>
          </ns3:TrackPointExtension>
        </extensions>
      </trkpt>
      <trkpt lat="48.0531974136829376220703125" lon="11.19566925801336765289306640625">
        <ele>593.20001220703125</ele>
        <time>2023-09-05T06:41:19.000Z</time>
        <extensions>
          <ns3:TrackPointExtension>
            <ns3:atemp>22.0</ns3:atemp>
            <ns3:hr>147</ns3:hr>
          </ns3:TrackPointExtension>
        </extensions>
      </trkpt>
      <trkpt lat="48.0532606132328510284423828125" lon="11.195679567754268646240234375">
        <ele>592</ele>
        <time>2023-09-05T06:41:21.000Z</time>
        <extensions>
          <ns3:TrackPointExtension>
            <ns3:atemp>22.0</ns3:atemp>
            <ns3:hr>147</ns3:hr>
          </ns3:TrackPointExtension>
        </extensions>
      </trkpt>
      <trkpt lat="48.0533477850258350372314453125" lon="11.19569138623774051666259765625">
        <ele>591.20001220703125</ele>
        <time>2023-09-05T06:41:24.000Z</time>
        <extensions>
          <ns3:TrackPointExtension>
            <ns3:atemp>22.0</ns3:atemp>
            <ns3:hr>144</ns3:hr>
          </ns3:TrackPointExtension>
        </extensions>
      </trkpt>
      <trkpt lat="48.05338441394269466400146484375" lon="11.19569792412221431732177734375">
        <ele>591</ele>
        <time>2023-09-05T06:41:25.000Z</time>
        <extensions>
          <ns3:TrackPointExtension>
            <ns3:atemp>22.0</ns3:atemp>
            <ns3:hr>143</ns3:hr>
          </ns3:TrackPointExtension>
        </extensions>
      </trkpt>
      <trkpt lat="48.0534978210926055908203125" lon="11.19571804068982601165771484375">
        <ele>590.20001220703125</ele>
        <time>2023-09-05T06:41:29.000Z</time>
        <extensions>
          <ns3:TrackPointExtension>
            <ns3:atemp>22.0</ns3:atemp>
            <ns3:hr>141</ns3:hr>
          </ns3:TrackPointExtension>
        </extensions>
      </trkpt>
      <trkpt lat="48.05353092961013317108154296875" lon="11.195723824203014373779296875">
        <ele>589.79998779296875</ele>
        <time>2023-09-05T06:41:30.000Z</time>
        <extensions>
          <ns3:TrackPointExtension>
            <ns3:atemp>22.0</ns3:atemp>
            <ns3:hr>141</ns3:hr>
          </ns3:TrackPointExtension>
        </extensions>
      </trkpt>
      <trkpt lat="48.053638301789760589599609375" lon="11.1957353912293910980224609375">
        <ele>588.79998779296875</ele>
        <time>2023-09-05T06:41:34.000Z</time>
        <extensions>
          <ns3:TrackPointExtension>
            <ns3:atemp>22.0</ns3:atemp>
            <ns3:hr>142</ns3:hr>
          </ns3:TrackPointExtension>
        </extensions>
      </trkpt>
      <trkpt lat="48.05377216078341007232666015625" lon="11.1957565136253833770751953125">
        <ele>588</ele>
        <time>2023-09-05T06:41:39.000Z</time>
        <extensions>
          <ns3:TrackPointExtension>
            <ns3:atemp>22.0</ns3:atemp>
            <ns3:hr>141</ns3:hr>
          </ns3:TrackPointExtension>
        </extensions>
      </trkpt>
      <trkpt lat="48.05386595427989959716796875" lon="11.195767410099506378173828125">
        <ele>587.79998779296875</ele>
        <time>2023-09-05T06:41:42.000Z</time>
        <extensions>
          <ns3:TrackPointExtension>
            <ns3:atemp>22.0</ns3:atemp>
            <ns3:hr>138</ns3:hr>
          </ns3:TrackPointExtension>
        </extensions>
      </trkpt>
      <trkpt lat="48.05398154072463512420654296875" lon="11.19577185250818729400634765625">
        <ele>586.5999755859375</ele>
        <time>2023-09-05T06:41:46.000Z</time>
        <extensions>
          <ns3:TrackPointExtension>
            <ns3:atemp>22.0</ns3:atemp>
            <ns3:hr>136</ns3:hr>
          </ns3:TrackPointExtension>
        </extensions>
      </trkpt>
      <trkpt lat="48.05403652600944042205810546875" lon="11.19577486999332904815673828125">
        <ele>586.4000244140625</ele>
        <time>2023-09-05T06:41:48.000Z</time>
        <extensions>
          <ns3:TrackPointExtension>
            <ns3:atemp>22.0</ns3:atemp>
            <ns3:hr>136</ns3:hr>
          </ns3:TrackPointExtension>
        </extensions>
      </trkpt>
      <trkpt lat="48.054121434688568115234375" lon="11.1957766301929950714111328125">
        <ele>585.5999755859375</ele>
        <time>2023-09-05T06:41:51.000Z</time>
        <extensions>
          <ns3:TrackPointExtension>
            <ns3:atemp>22.0</ns3:atemp>
            <ns3:hr>135</ns3:hr>
          </ns3:TrackPointExtension>
        </extensions>
      </trkpt>
      <trkpt lat="48.054292090237140655517578125" lon="11.19576313532888889312744140625">
        <ele>584.5999755859375</ele>
        <time>2023-09-05T06:41:57.000Z</time>
        <extensions>
          <ns3:TrackPointExtension>
            <ns3:atemp>22.0</ns3:atemp>
            <ns3:hr>134</ns3:hr>
          </ns3:TrackPointExtension>
        </extensions>
      </trkpt>
      <trkpt lat="48.05442276410758495330810546875" lon="11.19571703486144542694091796875">
        <ele>583.4000244140625</ele>
        <time>2023-09-05T06:42:02.000Z</time>
        <extensions>
          <ns3:TrackPointExtension>
            <ns3:atemp>23.0</ns3:atemp>
            <ns3:hr>132</ns3:hr>
          </ns3:TrackPointExtension>
        </extensions>
      </trkpt>
      <trkpt lat="48.05450792424380779266357421875" lon="11.19568417780101299285888671875">
        <ele>583.20001220703125</ele>
        <time>2023-09-05T06:42:06.000Z</time>
        <extensions>
          <ns3:TrackPointExtension>
            <ns3:atemp>23.0</ns3:atemp>
            <ns3:hr>130</ns3:hr>
          </ns3:TrackPointExtension>
        </extensions>
      </trkpt>
      <trkpt lat="48.05473029613494873046875" lon="11.195662133395671844482421875">
        <ele>582.4000244140625</ele>
        <time>2023-09-05T06:42:14.000Z</time>
        <extensions>
          <ns3:TrackPointExtension>
            <ns3:atemp>23.0</ns3:atemp>
            <ns3:hr>130</ns3:hr>
          </ns3:TrackPointExtension>
        </extensions>
      </trkpt>
      <trkpt lat="48.05498116649687290191650390625" lon="11.1956763826310634613037109375">
        <ele>582</ele>
        <time>2023-09-05T06:42:23.000Z</time>
        <extensions>
          <ns3:TrackPointExtension>
            <ns3:atemp>23.0</ns3:atemp>
            <ns3:hr>133</ns3:hr>
          </ns3:TrackPointExtension>
        </extensions>
      </trkpt>
      <trkpt lat="48.055010922253131866455078125" lon="11.1956807412207126617431640625">
        <ele>582</ele>
        <time>2023-09-05T06:42:24.000Z</time>
        <extensions>
          <ns3:TrackPointExtension>
            <ns3:atemp>23.0</ns3:atemp>
            <ns3:hr>134</ns3:hr>
          </ns3:TrackPointExtension>
        </extensions>
      </trkpt>
      <trkpt lat="48.0551311187446117401123046875" lon="11.19569624774158000946044921875">
        <ele>582</ele>
        <time>2023-09-05T06:42:28.000Z</time>
        <extensions>
          <ns3:TrackPointExtension>
            <ns3:atemp>23.0</ns3:atemp>
            <ns3:hr>137</ns3:hr>
          </ns3:TrackPointExtension>
        </extensions>
      </trkpt>
      <trkpt lat="48.0552511475980281829833984375" lon="11.19570739567279815673828125">
        <ele>581.79998779296875</ele>
        <time>2023-09-05T06:42:32.000Z</time>
        <extensions>
          <ns3:TrackPointExtension>
            <ns3:atemp>23.0</ns3:atemp>
            <ns3:hr>139</ns3:hr>
          </ns3:TrackPointExtension>
        </extensions>
      </trkpt>
      <trkpt lat="48.05529548786580562591552734375" lon="11.1957053840160369873046875">
        <ele>581.79998779296875</ele>
        <time>2023-09-05T06:42:34.000Z</time>
        <extensions>
          <ns3:TrackPointExtension>
            <ns3:atemp>23.0</ns3:atemp>
            <ns3:hr>139</ns3:hr>
          </ns3:TrackPointExtension>
        </extensions>
      </trkpt>
      <trkpt lat="48.055445440113544464111328125" lon="11.19570597074925899505615234375">
        <ele>582</ele>
        <time>2023-09-05T06:42:40.000Z</time>
        <extensions>
          <ns3:TrackPointExtension>
            <ns3:atemp>23.0</ns3:atemp>
            <ns3:hr>141</ns3:hr>
          </ns3:TrackPointExtension>
        </extensions>
      </trkpt>
      <trkpt lat="48.05566244758665561676025390625" lon="11.1957488022744655609130859375">
        <ele>583</ele>
        <time>2023-09-05T06:42:49.000Z</time>
        <extensions>
          <ns3:TrackPointExtension>
            <ns3:atemp>23.0</ns3:atemp>
            <ns3:hr>143</ns3:hr>
          </ns3:TrackPointExtension>
        </extensions>
      </trkpt>
      <trkpt lat="48.0557926185429096221923828125" lon="11.1957803182303905487060546875">
        <ele>583.20001220703125</ele>
        <time>2023-09-05T06:42:54.000Z</time>
        <extensions>
          <ns3:TrackPointExtension>
            <ns3:atemp>23.0</ns3:atemp>
            <ns3:hr>146</ns3:hr>
          </ns3:TrackPointExtension>
        </extensions>
      </trkpt>
      <trkpt lat="48.05586755275726318359375" lon="11.195804290473461151123046875">
        <ele>583.4000244140625</ele>
        <time>2023-09-05T06:42:57.000Z</time>
        <extensions>
          <ns3:TrackPointExtension>
            <ns3:atemp>23.0</ns3:atemp>
            <ns3:hr>147</ns3:hr>
          </ns3:TrackPointExtension>
        </extensions>
      </trkpt>
      <trkpt lat="48.0558878369629383087158203125" lon="11.195815689861774444580078125">
        <ele>583.4000244140625</ele>
        <time>2023-09-05T06:42:58.000Z</time>
        <extensions>
          <ns3:TrackPointExtension>
            <ns3:atemp>23.0</ns3:atemp>
            <ns3:hr>146</ns3:hr>
          </ns3:TrackPointExtension>
        </extensions>
      </trkpt>
      <trkpt lat="48.0560953728854656219482421875" lon="11.19593211449682712554931640625">
        <ele>583.4000244140625</ele>
        <time>2023-09-05T06:43:06.000Z</time>
        <extensions>
          <ns3:TrackPointExtension>
            <ns3:atemp>23.0</ns3:atemp>
            <ns3:hr>146</ns3:hr>
          </ns3:TrackPointExtension>
        </extensions>
      </trkpt>
      <trkpt lat="48.05628404952585697174072265625" lon="11.19608961045742034912109375">
        <ele>583.79998779296875</ele>
        <time>2023-09-05T06:43:15.000Z</time>
        <extensions>
          <ns3:TrackPointExtension>
            <ns3:atemp>23.0</ns3:atemp>
            <ns3:hr>148</ns3:hr>
          </ns3:TrackPointExtension>
        </extensions>
      </trkpt>
      <trkpt lat="48.05638060905039310455322265625" lon="11.19616177864372730255126953125">
        <ele>584</ele>
        <time>2023-09-05T06:43:19.000Z</time>
        <extensions>
          <ns3:TrackPointExtension>
            <ns3:atemp>23.0</ns3:atemp>
            <ns3:hr>151</ns3:hr>
          </ns3:TrackPointExtension>
        </extensions>
      </trkpt>
      <trkpt lat="48.0564229376614093780517578125" lon="11.19620226323604583740234375">
        <ele>584.20001220703125</ele>
        <time>2023-09-05T06:43:21.000Z</time>
        <extensions>
          <ns3:TrackPointExtension>
            <ns3:atemp>23.0</ns3:atemp>
            <ns3:hr>151</ns3:hr>
          </ns3:TrackPointExtension>
        </extensions>
      </trkpt>
      <trkpt lat="48.05660624988377094268798828125" lon="11.19639580138027667999267578125">
        <ele>583.4000244140625</ele>
        <time>2023-09-05T06:43:29.000Z</time>
        <extensions>
          <ns3:TrackPointExtension>
            <ns3:atemp>23.0</ns3:atemp>
            <ns3:hr>151</ns3:hr>
          </ns3:TrackPointExtension>
        </extensions>
      </trkpt>
      <trkpt lat="48.056728541851043701171875" lon="11.19655899703502655029296875">
        <ele>582.4000244140625</ele>
        <time>2023-09-05T06:43:35.000Z</time>
        <extensions>
          <ns3:TrackPointExtension>
            <ns3:atemp>23.0</ns3:atemp>
            <ns3:hr>153</ns3:hr>
          </ns3:TrackPointExtension>
        </extensions>
      </trkpt>
      <trkpt lat="48.0567883886396884918212890625" lon="11.19662948884069919586181640625">
        <ele>582</ele>
        <time>2023-09-05T06:43:38.000Z</time>
        <extensions>
          <ns3:TrackPointExtension>
            <ns3:atemp>23.0</ns3:atemp>
            <ns3:hr>152</ns3:hr>
          </ns3:TrackPointExtension>
        </extensions>
      </trkpt>
      <trkpt lat="48.0569318868219852447509765625" lon="11.19680349715054035186767578125">
        <ele>581.20001220703125</ele>
        <time>2023-09-05T06:43:45.000Z</time>
        <extensions>
          <ns3:TrackPointExtension>
            <ns3:atemp>23.0</ns3:atemp>
            <ns3:hr>152</ns3:hr>
          </ns3:TrackPointExtension>
        </extensions>
      </trkpt>
      <trkpt lat="48.05698670446872711181640625" lon="11.1968763358891010284423828125">
        <ele>581.5999755859375</ele>
        <time>2023-09-05T06:43:48.000Z</time>
        <extensions>
          <ns3:TrackPointExtension>
            <ns3:atemp>23.0</ns3:atemp>
            <ns3:hr>152</ns3:hr>
          </ns3:TrackPointExtension>
        </extensions>
      </trkpt>
      <trkpt lat="48.05716448463499546051025390625" lon="11.1970878951251506805419921875">
        <ele>581.20001220703125</ele>
        <time>2023-09-05T06:43:56.000Z</time>
        <extensions>
          <ns3:TrackPointExtension>
            <ns3:atemp>23.0</ns3:atemp>
            <ns3:hr>152</ns3:hr>
          </ns3:TrackPointExtension>
        </extensions>
      </trkpt>
      <trkpt lat="48.05723388679325580596923828125" lon="11.1971670202910900115966796875">
        <ele>581.20001220703125</ele>
        <time>2023-09-05T06:43:59.000Z</time>
        <extensions>
          <ns3:TrackPointExtension>
            <ns3:atemp>23.0</ns3:atemp>
            <ns3:hr>149</ns3:hr>
          </ns3:TrackPointExtension>
        </extensions>
      </trkpt>
      <trkpt lat="48.05733916349709033966064453125" lon="11.1972793377935886383056640625">
        <ele>582.20001220703125</ele>
        <time>2023-09-05T06:44:04.000Z</time>
        <extensions>
          <ns3:TrackPointExtension>
            <ns3:atemp>23.0</ns3:atemp>
            <ns3:hr>147</ns3:hr>
          </ns3:TrackPointExtension>
        </extensions>
      </trkpt>
      <trkpt lat="48.05738643743097782135009765625" lon="11.19733843021094799041748046875">
        <ele>581.20001220703125</ele>
        <time>2023-09-05T06:44:06.000Z</time>
        <extensions>
          <ns3:TrackPointExtension>
            <ns3:atemp>23.0</ns3:atemp>
            <ns3:hr>147</ns3:hr>
          </ns3:TrackPointExtension>
        </extensions>
      </trkpt>
      <trkpt lat="48.05759380571544170379638671875" lon="11.19757111184298992156982421875">
        <ele>580.5999755859375</ele>
        <time>2023-09-05T06:44:16.000Z</time>
        <extensions>
          <ns3:TrackPointExtension>
            <ns3:atemp>23.0</ns3:atemp>
            <ns3:hr>148</ns3:hr>
          </ns3:TrackPointExtension>
        </extensions>
      </trkpt>
      <trkpt lat="48.05783771909773349761962890625" lon="11.19782634079456329345703125">
        <ele>580.5999755859375</ele>
        <time>2023-09-05T06:44:27.000Z</time>
        <extensions>
          <ns3:TrackPointExtension>
            <ns3:atemp>23.0</ns3:atemp>
            <ns3:hr>150</ns3:hr>
          </ns3:TrackPointExtension>
        </extensions>
      </trkpt>
      <trkpt lat="48.05795288644731044769287109375" lon="11.197931282222270965576171875">
        <ele>580.79998779296875</ele>
        <time>2023-09-05T06:44:32.000Z</time>
        <extensions>
          <ns3:TrackPointExtension>
            <ns3:atemp>23.0</ns3:atemp>
            <ns3:hr>147</ns3:hr>
          </ns3:TrackPointExtension>
        </extensions>
      </trkpt>
      <trkpt lat="48.058069311082363128662109375" lon="11.19803764857351779937744140625">
        <ele>581</ele>
        <time>2023-09-05T06:44:37.000Z</time>
        <extensions>
          <ns3:TrackPointExtension>
            <ns3:atemp>23.0</ns3:atemp>
            <ns3:hr>149</ns3:hr>
          </ns3:TrackPointExtension>
        </extensions>
      </trkpt>
      <trkpt lat="48.0582723207771778106689453125" lon="11.1982311867177486419677734375">
        <ele>582.20001220703125</ele>
        <time>2023-09-05T06:44:46.000Z</time>
        <extensions>
          <ns3:TrackPointExtension>
            <ns3:atemp>23.0</ns3:atemp>
            <ns3:hr>149</ns3:hr>
          </ns3:TrackPointExtension>
        </extensions>
      </trkpt>
      <trkpt lat="48.05849016644060611724853515625" lon="11.19836856611073017120361328125">
        <ele>582.5999755859375</ele>
        <time>2023-09-05T06:44:55.000Z</time>
        <extensions>
          <ns3:TrackPointExtension>
            <ns3:atemp>23.0</ns3:atemp>
            <ns3:hr>151</ns3:hr>
          </ns3:TrackPointExtension>
        </extensions>
      </trkpt>
      <trkpt lat="48.058738522231578826904296875" lon="11.19848750531673431396484375">
        <ele>582.5999755859375</ele>
        <time>2023-09-05T06:45:05.000Z</time>
        <extensions>
          <ns3:TrackPointExtension>
            <ns3:atemp>23.0</ns3:atemp>
            <ns3:hr>153</ns3:hr>
          </ns3:TrackPointExtension>
        </extensions>
      </trkpt>
      <trkpt lat="48.05888528935611248016357421875" lon="11.19853469543159008026123046875">
        <ele>582.5999755859375</ele>
        <time>2023-09-05T06:45:10.000Z</time>
        <extensions>
          <ns3:TrackPointExtension>
            <ns3:atemp>23.0</ns3:atemp>
            <ns3:hr>154</ns3:hr>
          </ns3:TrackPointExtension>
        </extensions>
      </trkpt>
      <trkpt lat="48.059027530252933502197265625" lon="11.198595464229583740234375">
        <ele>582.20001220703125</ele>
        <time>2023-09-05T06:45:16.000Z</time>
        <extensions>
          <ns3:TrackPointExtension>
            <ns3:atemp>23.0</ns3:atemp>
            <ns3:hr>154</ns3:hr>
          </ns3:TrackPointExtension>
        </extensions>
      </trkpt>
      <trkpt lat="48.05923934094607830047607421875" lon="11.19865975342690944671630859375">
        <ele>582.5999755859375</ele>
        <time>2023-09-05T06:45:24.000Z</time>
        <extensions>
          <ns3:TrackPointExtension>
            <ns3:atemp>23.0</ns3:atemp>
            <ns3:hr>152</ns3:hr>
          </ns3:TrackPointExtension>
        </extensions>
      </trkpt>
      <trkpt lat="48.05946481414139270782470703125" lon="11.198703758418560028076171875">
        <ele>581.5999755859375</ele>
        <time>2023-09-05T06:45:32.000Z</time>
        <extensions>
          <ns3:TrackPointExtension>
            <ns3:atemp>23.0</ns3:atemp>
            <ns3:hr>152</ns3:hr>
          </ns3:TrackPointExtension>
        </extensions>
      </trkpt>
      <trkpt lat="48.05962826125323772430419921875" lon="11.19870082475244998931884765625">
        <ele>581.20001220703125</ele>
        <time>2023-09-05T06:45:38.000Z</time>
        <extensions>
          <ns3:TrackPointExtension>
            <ns3:atemp>23.0</ns3:atemp>
            <ns3:hr>150</ns3:hr>
          </ns3:TrackPointExtension>
        </extensions>
      </trkpt>
      <trkpt lat="48.0597093142569065093994140625" lon="11.1987067759037017822265625">
        <ele>580.5999755859375</ele>
        <time>2023-09-05T06:45:41.000Z</time>
        <extensions>
          <ns3:TrackPointExtension>
            <ns3:atemp>23.0</ns3:atemp>
            <ns3:hr>149</ns3:hr>
          </ns3:TrackPointExtension>
        </extensions>
      </trkpt>
      <trkpt lat="48.0598129145801067352294921875" lon="11.19868808425962924957275390625">
        <ele>580.4000244140625</ele>
        <time>2023-09-05T06:45:45.000Z</time>
        <extensions>
          <ns3:TrackPointExtension>
            <ns3:atemp>23.0</ns3:atemp>
            <ns3:hr>146</ns3:hr>
          </ns3:TrackPointExtension>
        </extensions>
      </trkpt>
      <trkpt lat="48.05987938307225704193115234375" lon="11.19868607260286808013916015625">
        <ele>580.20001220703125</ele>
        <time>2023-09-05T06:45:48.000Z</time>
        <extensions>
          <ns3:TrackPointExtension>
            <ns3:atemp>23.0</ns3:atemp>
            <ns3:hr>145</ns3:hr>
          </ns3:TrackPointExtension>
        </extensions>
      </trkpt>
      <trkpt lat="48.0599044449627399444580078125" lon="11.198682300746440887451171875">
        <ele>580.20001220703125</ele>
        <time>2023-09-05T06:45:49.000Z</time>
        <extensions>
          <ns3:TrackPointExtension>
            <ns3:atemp>23.0</ns3:atemp>
            <ns3:hr>145</ns3:hr>
          </ns3:TrackPointExtension>
        </extensions>
      </trkpt>
      <trkpt lat="48.05994459427893161773681640625" lon="11.19866696186363697052001953125">
        <ele>580.20001220703125</ele>
        <time>2023-09-05T06:45:53.000Z</time>
        <extensions>
          <ns3:TrackPointExtension>
            <ns3:atemp>23.0</ns3:atemp>
            <ns3:hr>146</ns3:hr>
          </ns3:TrackPointExtension>
        </extensions>
      </trkpt>
      <trkpt lat="48.05992238223552703857421875" lon="11.1986623518168926239013671875">
        <ele>580.4000244140625</ele>
        <time>2023-09-05T06:45:58.000Z</time>
        <extensions>
          <ns3:TrackPointExtension>
            <ns3:atemp>23.0</ns3:atemp>
            <ns3:hr>147</ns3:hr>
          </ns3:TrackPointExtension>
        </extensions>
      </trkpt>
      <trkpt lat="48.0599366314709186553955078125" lon="11.1986477673053741455078125">
        <ele>580.4000244140625</ele>
        <time>2023-09-05T06:46:01.000Z</time>
        <extensions>
          <ns3:TrackPointExtension>
            <ns3:atemp>23.0</ns3:atemp>
            <ns3:hr>146</ns3:hr>
          </ns3:TrackPointExtension>
        </extensions>
      </trkpt>
      <trkpt lat="48.0599748529493808746337890625" lon="11.198630668222904205322265625">
        <ele>580.20001220703125</ele>
        <time>2023-09-05T06:46:05.000Z</time>
        <extensions>
          <ns3:TrackPointExtension>
            <ns3:atemp>23.0</ns3:atemp>
            <ns3:hr>145</ns3:hr>
          </ns3:TrackPointExtension>
        </extensions>
      </trkpt>
      <trkpt lat="48.060108460485935211181640625" lon="11.19859068654477596282958984375">
        <ele>580</ele>
        <time>2023-09-05T06:46:13.000Z</time>
        <extensions>
          <ns3:TrackPointExtension>
            <ns3:atemp>23.0</ns3:atemp>
            <ns3:hr>143</ns3:hr>
          </ns3:TrackPointExtension>
        </extensions>
      </trkpt>
      <trkpt lat="48.06019571609795093536376953125" lon="11.1985617689788341522216796875">
        <ele>579.79998779296875</ele>
        <time>2023-09-05T06:46:16.000Z</time>
        <extensions>
          <ns3:TrackPointExtension>
            <ns3:atemp>23.0</ns3:atemp>
            <ns3:hr>142</ns3:hr>
          </ns3:TrackPointExtension>
        </extensions>
      </trkpt>
      <trkpt lat="48.060294874012470245361328125" lon="11.19856168515980243682861328125">
        <ele>579.4000244140625</ele>
        <time>2023-09-05T06:46:20.000Z</time>
        <extensions>
          <ns3:TrackPointExtension>
            <ns3:atemp>23.0</ns3:atemp>
            <ns3:hr>140</ns3:hr>
          </ns3:TrackPointExtension>
        </extensions>
      </trkpt>
      <trkpt lat="48.060380704700946807861328125" lon="11.198564283549785614013671875">
        <ele>579.5999755859375</ele>
        <time>2023-09-05T06:46:23.000Z</time>
        <extensions>
          <ns3:TrackPointExtension>
            <ns3:atemp>23.0</ns3:atemp>
            <ns3:hr>137</ns3:hr>
          </ns3:TrackPointExtension>
        </extensions>
      </trkpt>
      <trkpt lat="48.06050668470561504364013671875" lon="11.1985647864639759063720703125">
        <ele>579.5999755859375</ele>
        <time>2023-09-05T06:46:27.000Z</time>
        <extensions>
          <ns3:TrackPointExtension>
            <ns3:atemp>23.0</ns3:atemp>
            <ns3:hr>134</ns3:hr>
          </ns3:TrackPointExtension>
        </extensions>
      </trkpt>
      <trkpt lat="48.06058715097606182098388671875" lon="11.198562271893024444580078125">
        <ele>579.20001220703125</ele>
        <time>2023-09-05T06:46:30.000Z</time>
        <extensions>
          <ns3:TrackPointExtension>
            <ns3:atemp>23.0</ns3:atemp>
            <ns3:hr>133</ns3:hr>
          </ns3:TrackPointExtension>
        </extensions>
      </trkpt>
      <trkpt lat="48.06073081679642200469970703125" lon="11.1985657922923564910888671875">
        <ele>578.79998779296875</ele>
        <time>2023-09-05T06:46:36.000Z</time>
        <extensions>
          <ns3:TrackPointExtension>
            <ns3:atemp>23.0</ns3:atemp>
            <ns3:hr>133</ns3:hr>
          </ns3:TrackPointExtension>
        </extensions>
      </trkpt>
      <trkpt lat="48.0609248578548431396484375" lon="11.1985332705080509185791015625">
        <ele>578.5999755859375</ele>
        <time>2023-09-05T06:46:44.000Z</time>
        <extensions>
          <ns3:TrackPointExtension>
            <ns3:atemp>23.0</ns3:atemp>
            <ns3:hr>135</ns3:hr>
          </ns3:TrackPointExtension>
        </extensions>
      </trkpt>
      <trkpt lat="48.06103826500475406646728515625" lon="11.1984813027083873748779296875">
        <ele>578.4000244140625</ele>
        <time>2023-09-05T06:46:49.000Z</time>
        <extensions>
          <ns3:TrackPointExtension>
            <ns3:atemp>23.0</ns3:atemp>
            <ns3:hr>136</ns3:hr>
          </ns3:TrackPointExtension>
        </extensions>
      </trkpt>
      <trkpt lat="48.0611805059015750885009765625" lon="11.19845003820955753326416015625">
        <ele>578.20001220703125</ele>
        <time>2023-09-05T06:46:55.000Z</time>
        <extensions>
          <ns3:TrackPointExtension>
            <ns3:atemp>23.0</ns3:atemp>
            <ns3:hr>136</ns3:hr>
          </ns3:TrackPointExtension>
        </extensions>
      </trkpt>
      <trkpt lat="48.06123238988220691680908203125" lon="11.19842925108969211578369140625">
        <ele>578</ele>
        <time>2023-09-05T06:46:57.000Z</time>
        <extensions>
          <ns3:TrackPointExtension>
            <ns3:atemp>23.0</ns3:atemp>
            <ns3:hr>136</ns3:hr>
          </ns3:TrackPointExtension>
        </extensions>
      </trkpt>
      <trkpt lat="48.0613796599209308624267578125" lon="11.1983693204820156097412109375">
        <ele>578</ele>
        <time>2023-09-05T06:47:02.000Z</time>
        <extensions>
          <ns3:TrackPointExtension>
            <ns3:atemp>24.0</ns3:atemp>
            <ns3:hr>136</ns3:hr>
          </ns3:TrackPointExtension>
        </extensions>
      </trkpt>
      <trkpt lat="48.06150865741074085235595703125" lon="11.19831089861690998077392578125">
        <ele>578</ele>
        <time>2023-09-05T06:47:08.000Z</time>
        <extensions>
          <ns3:TrackPointExtension>
            <ns3:atemp>24.0</ns3:atemp>
            <ns3:hr>137</ns3:hr>
          </ns3:TrackPointExtension>
        </extensions>
      </trkpt>
      <trkpt lat="48.0616837553679943084716796875" lon="11.1981953121721744537353515625">
        <ele>577</ele>
        <time>2023-09-05T06:47:15.000Z</time>
        <extensions>
          <ns3:TrackPointExtension>
            <ns3:atemp>24.0</ns3:atemp>
            <ns3:hr>140</ns3:hr>
          </ns3:TrackPointExtension>
        </extensions>
      </trkpt>
      <trkpt lat="48.0617186240851879119873046875" lon="11.19817628525197505950927734375">
        <ele>577</ele>
        <time>2023-09-05T06:47:16.000Z</time>
        <extensions>
          <ns3:TrackPointExtension>
            <ns3:atemp>24.0</ns3:atemp>
            <ns3:hr>140</ns3:hr>
          </ns3:TrackPointExtension>
        </extensions>
      </trkpt>
      <trkpt lat="48.06178676895797252655029296875" lon="11.19814560748636722564697265625">
        <ele>576.5999755859375</ele>
        <time>2023-09-05T06:47:18.000Z</time>
        <extensions>
          <ns3:TrackPointExtension>
            <ns3:atemp>24.0</ns3:atemp>
            <ns3:hr>140</ns3:hr>
          </ns3:TrackPointExtension>
        </extensions>
      </trkpt>
      <trkpt lat="48.06187528185546398162841796875" lon="11.19808944873511791229248046875">
        <ele>576</ele>
        <time>2023-09-05T06:47:21.000Z</time>
        <extensions>
          <ns3:TrackPointExtension>
            <ns3:atemp>24.0</ns3:atemp>
            <ns3:hr>142</ns3:hr>
          </ns3:TrackPointExtension>
        </extensions>
      </trkpt>
      <trkpt lat="48.0619011819362640380859375" lon="11.19806698523461818695068359375">
        <ele>575.79998779296875</ele>
        <time>2023-09-05T06:47:22.000Z</time>
        <extensions>
          <ns3:TrackPointExtension>
            <ns3:atemp>24.0</ns3:atemp>
            <ns3:hr>142</ns3:hr>
          </ns3:TrackPointExtension>
        </extensions>
      </trkpt>
      <trkpt lat="48.06201794184744358062744140625" lon="11.19798366911709308624267578125">
        <ele>574.5999755859375</ele>
        <time>2023-09-05T06:47:27.000Z</time>
        <extensions>
          <ns3:TrackPointExtension>
            <ns3:atemp>24.0</ns3:atemp>
            <ns3:hr>142</ns3:hr>
          </ns3:TrackPointExtension>
        </extensions>
      </trkpt>
      <trkpt lat="48.0620379745960235595703125" lon="11.19797243736684322357177734375">
        <ele>574.20001220703125</ele>
        <time>2023-09-05T06:47:28.000Z</time>
        <extensions>
          <ns3:TrackPointExtension>
            <ns3:atemp>24.0</ns3:atemp>
            <ns3:hr>142</ns3:hr>
          </ns3:TrackPointExtension>
        </extensions>
      </trkpt>
      <trkpt lat="48.06211818940937519073486328125" lon="11.19785584509372711181640625">
        <ele>573.4000244140625</ele>
        <time>2023-09-05T06:47:32.000Z</time>
        <extensions>
          <ns3:TrackPointExtension>
            <ns3:atemp>24.0</ns3:atemp>
            <ns3:hr>141</ns3:hr>
          </ns3:TrackPointExtension>
        </extensions>
      </trkpt>
      <trkpt lat="48.06213528849184513092041015625" lon="11.1978221498429775238037109375">
        <ele>573</ele>
        <time>2023-09-05T06:47:33.000Z</time>
        <extensions>
          <ns3:TrackPointExtension>
            <ns3:atemp>24.0</ns3:atemp>
            <ns3:hr>140</ns3:hr>
          </ns3:TrackPointExtension>
        </extensions>
      </trkpt>
      <trkpt lat="48.0622041039168834686279296875" lon="11.1976994387805461883544921875">
        <ele>572.4000244140625</ele>
        <time>2023-09-05T06:47:37.000Z</time>
        <extensions>
          <ns3:TrackPointExtension>
            <ns3:atemp>24.0</ns3:atemp>
            <ns3:hr>140</ns3:hr>
          </ns3:TrackPointExtension>
        </extensions>
      </trkpt>
      <trkpt lat="48.06231013499200344085693359375" lon="11.1976571939885616302490234375">
        <ele>571.4000244140625</ele>
        <time>2023-09-05T06:47:41.000Z</time>
        <extensions>
          <ns3:TrackPointExtension>
            <ns3:atemp>24.0</ns3:atemp>
            <ns3:hr>139</ns3:hr>
          </ns3:TrackPointExtension>
        </extensions>
      </trkpt>
      <trkpt lat="48.0623328499495983123779296875" lon="11.19767613708972930908203125">
        <ele>571.20001220703125</ele>
        <time>2023-09-05T06:47:42.000Z</time>
        <extensions>
          <ns3:TrackPointExtension>
            <ns3:atemp>24.0</ns3:atemp>
            <ns3:hr>139</ns3:hr>
          </ns3:TrackPointExtension>
        </extensions>
      </trkpt>
      <trkpt lat="48.06239965371787548065185546875" lon="11.19775568135082721710205078125">
        <ele>570.79998779296875</ele>
        <time>2023-09-05T06:47:45.000Z</time>
        <extensions>
          <ns3:TrackPointExtension>
            <ns3:atemp>24.0</ns3:atemp>
            <ns3:hr>138</ns3:hr>
          </ns3:TrackPointExtension>
        </extensions>
      </trkpt>
      <trkpt lat="48.0624709837138652801513671875" lon="11.19783950038254261016845703125">
        <ele>570.4000244140625</ele>
        <time>2023-09-05T06:47:49.000Z</time>
        <extensions>
          <ns3:TrackPointExtension>
            <ns3:atemp>24.0</ns3:atemp>
            <ns3:hr>135</ns3:hr>
          </ns3:TrackPointExtension>
        </extensions>
      </trkpt>
      <trkpt lat="48.0625154078006744384765625" lon="11.19788526557385921478271484375">
        <ele>570.20001220703125</ele>
        <time>2023-09-05T06:47:51.000Z</time>
        <extensions>
          <ns3:TrackPointExtension>
            <ns3:atemp>24.0</ns3:atemp>
            <ns3:hr>136</ns3:hr>
          </ns3:TrackPointExtension>
        </extensions>
      </trkpt>
      <trkpt lat="48.0625635199248790740966796875" lon="11.1979381553828716278076171875">
        <ele>569.79998779296875</ele>
        <time>2023-09-05T06:47:53.000Z</time>
        <extensions>
          <ns3:TrackPointExtension>
            <ns3:atemp>24.0</ns3:atemp>
            <ns3:hr>136</ns3:hr>
          </ns3:TrackPointExtension>
        </extensions>
      </trkpt>
      <trkpt lat="48.062693439424037933349609375" lon="11.19808894582092761993408203125">
        <ele>569</ele>
        <time>2023-09-05T06:47:59.000Z</time>
        <extensions>
          <ns3:TrackPointExtension>
            <ns3:atemp>24.0</ns3:atemp>
            <ns3:hr>136</ns3:hr>
          </ns3:TrackPointExtension>
        </extensions>
      </trkpt>
      <trkpt lat="48.06271590292453765869140625" lon="11.1981151811778545379638671875">
        <ele>568.79998779296875</ele>
        <time>2023-09-05T06:48:00.000Z</time>
        <extensions>
          <ns3:TrackPointExtension>
            <ns3:atemp>24.0</ns3:atemp>
            <ns3:hr>136</ns3:hr>
          </ns3:TrackPointExtension>
        </extensions>
      </trkpt>
      <trkpt lat="48.062834255397319793701171875" lon="11.1982127465307712554931640625">
        <ele>567.79998779296875</ele>
        <time>2023-09-05T06:48:04.000Z</time>
        <extensions>
          <ns3:TrackPointExtension>
            <ns3:atemp>24.0</ns3:atemp>
            <ns3:hr>136</ns3:hr>
          </ns3:TrackPointExtension>
        </extensions>
      </trkpt>
      <trkpt lat="48.06290860287845134735107421875" lon="11.19828156195580959320068359375">
        <ele>567.5999755859375</ele>
        <time>2023-09-05T06:48:07.000Z</time>
        <extensions>
          <ns3:TrackPointExtension>
            <ns3:atemp>24.0</ns3:atemp>
            <ns3:hr>136</ns3:hr>
          </ns3:TrackPointExtension>
        </extensions>
      </trkpt>
      <trkpt lat="48.0630731396377086639404296875" lon="11.1984424106776714324951171875">
        <ele>567</ele>
        <time>2023-09-05T06:48:14.000Z</time>
        <extensions>
          <ns3:TrackPointExtension>
            <ns3:atemp>24.0</ns3:atemp>
            <ns3:hr>135</ns3:hr>
          </ns3:TrackPointExtension>
        </extensions>
      </trkpt>
      <trkpt lat="48.0631376802921295166015625" lon="11.19846948422491550445556640625">
        <ele>566.79998779296875</ele>
        <time>2023-09-05T06:48:17.000Z</time>
        <extensions>
          <ns3:TrackPointExtension>
            <ns3:atemp>24.0</ns3:atemp>
            <ns3:hr>135</ns3:hr>
          </ns3:TrackPointExtension>
        </extensions>
      </trkpt>
      <trkpt lat="48.0631639994680881500244140625" lon="11.19847367517650127410888671875">
        <ele>566.79998779296875</ele>
        <time>2023-09-05T06:48:18.000Z</time>
        <extensions>
          <ns3:TrackPointExtension>
            <ns3:atemp>24.0</ns3:atemp>
            <ns3:hr>135</ns3:hr>
          </ns3:TrackPointExtension>
        </extensions>
      </trkpt>
      <trkpt lat="48.06339986622333526611328125" lon="11.198480464518070220947265625">
        <ele>566.5999755859375</ele>
        <time>2023-09-05T06:48:26.000Z</time>
        <extensions>
          <ns3:TrackPointExtension>
            <ns3:atemp>24.0</ns3:atemp>
            <ns3:hr>135</ns3:hr>
          </ns3:TrackPointExtension>
        </extensions>
      </trkpt>
      <trkpt lat="48.06353623978793621063232421875" lon="11.198507286608219146728515625">
        <ele>566.5999755859375</ele>
        <time>2023-09-05T06:48:31.000Z</time>
        <extensions>
          <ns3:TrackPointExtension>
            <ns3:atemp>24.0</ns3:atemp>
            <ns3:hr>138</ns3:hr>
          </ns3:TrackPointExtension>
        </extensions>
      </trkpt>
      <trkpt lat="48.06360849179327487945556640625" lon="11.19852564297616481781005859375">
        <ele>566.20001220703125</ele>
        <time>2023-09-05T06:48:35.000Z</time>
        <extensions>
          <ns3:TrackPointExtension>
            <ns3:atemp>24.0</ns3:atemp>
            <ns3:hr>139</ns3:hr>
          </ns3:TrackPointExtension>
        </extensions>
      </trkpt>
      <trkpt lat="48.0636789835989475250244140625" lon="11.19839857332408428192138671875">
        <ele>565.79998779296875</ele>
        <time>2023-09-05T06:48:40.000Z</time>
        <extensions>
          <ns3:TrackPointExtension>
            <ns3:atemp>24.0</ns3:atemp>
            <ns3:hr>142</ns3:hr>
          </ns3:TrackPointExtension>
        </extensions>
      </trkpt>
      <trkpt lat="48.06368820369243621826171875" lon="11.198364458978176116943359375">
        <ele>565.79998779296875</ele>
        <time>2023-09-05T06:48:41.000Z</time>
        <extensions>
          <ns3:TrackPointExtension>
            <ns3:atemp>24.0</ns3:atemp>
            <ns3:hr>142</ns3:hr>
          </ns3:TrackPointExtension>
        </extensions>
      </trkpt>
      <trkpt lat="48.063705973327159881591796875" lon="11.1982221342623233795166015625">
        <ele>565.5999755859375</ele>
        <time>2023-09-05T06:48:44.000Z</time>
        <extensions>
          <ns3:TrackPointExtension>
            <ns3:atemp>24.0</ns3:atemp>
            <ns3:hr>141</ns3:hr>
          </ns3:TrackPointExtension>
        </extensions>
      </trkpt>
      <trkpt lat="48.06377612985670566558837890625" lon="11.19799640960991382598876953125">
        <ele>565</ele>
        <time>2023-09-05T06:48:50.000Z</time>
        <extensions>
          <ns3:TrackPointExtension>
            <ns3:atemp>24.0</ns3:atemp>
            <ns3:hr>142</ns3:hr>
          </ns3:TrackPointExtension>
        </extensions>
      </trkpt>
      <trkpt lat="48.06380798108875751495361328125" lon="11.19784436188638210296630859375">
        <ele>565</ele>
        <time>2023-09-05T06:48:54.000Z</time>
        <extensions>
          <ns3:TrackPointExtension>
            <ns3:atemp>24.0</ns3:atemp>
            <ns3:hr>142</ns3:hr>
          </ns3:TrackPointExtension>
        </extensions>
      </trkpt>
      <trkpt lat="48.063817285001277923583984375" lon="11.1978027038276195526123046875">
        <ele>565</ele>
        <time>2023-09-05T06:48:55.000Z</time>
        <extensions>
          <ns3:TrackPointExtension>
            <ns3:atemp>24.0</ns3:atemp>
            <ns3:hr>142</ns3:hr>
          </ns3:TrackPointExtension>
        </extensions>
      </trkpt>
      <trkpt lat="48.06386388838291168212890625" lon="11.1977063119411468505859375">
        <ele>565</ele>
        <time>2023-09-05T06:48:58.000Z</time>
        <extensions>
          <ns3:TrackPointExtension>
            <ns3:atemp>24.0</ns3:atemp>
            <ns3:hr>142</ns3:hr>
          </ns3:TrackPointExtension>
        </extensions>
      </trkpt>
      <trkpt lat="48.06389163248240947723388671875" lon="11.19763682596385478973388671875">
        <ele>564.79998779296875</ele>
        <time>2023-09-05T06:49:00.000Z</time>
        <extensions>
          <ns3:TrackPointExtension>
            <ns3:atemp>24.0</ns3:atemp>
            <ns3:hr>142</ns3:hr>
          </ns3:TrackPointExtension>
        </extensions>
      </trkpt>
      <trkpt lat="48.0639240704476833343505859375" lon="11.197521574795246124267578125">
        <ele>564.79998779296875</ele>
        <time>2023-09-05T06:49:03.000Z</time>
        <extensions>
          <ns3:TrackPointExtension>
            <ns3:atemp>24.0</ns3:atemp>
            <ns3:hr>143</ns3:hr>
          </ns3:TrackPointExtension>
        </extensions>
      </trkpt>
      <trkpt lat="48.06394862942397594451904296875" lon="11.19739861227571964263916015625">
        <ele>564.5999755859375</ele>
        <time>2023-09-05T06:49:06.000Z</time>
        <extensions>
          <ns3:TrackPointExtension>
            <ns3:atemp>24.0</ns3:atemp>
            <ns3:hr>143</ns3:hr>
          </ns3:TrackPointExtension>
        </extensions>
      </trkpt>
      <trkpt lat="48.06401417590677738189697265625" lon="11.19719409383833408355712890625">
        <ele>564.5999755859375</ele>
        <time>2023-09-05T06:49:12.000Z</time>
        <extensions>
          <ns3:TrackPointExtension>
            <ns3:atemp>24.0</ns3:atemp>
            <ns3:hr>143</ns3:hr>
          </ns3:TrackPointExtension>
        </extensions>
      </trkpt>
      <trkpt lat="48.06404904462397098541259765625" lon="11.1971215903759002685546875">
        <ele>564.5999755859375</ele>
        <time>2023-09-05T06:49:14.000Z</time>
        <extensions>
          <ns3:TrackPointExtension>
            <ns3:atemp>24.0</ns3:atemp>
            <ns3:hr>143</ns3:hr>
          </ns3:TrackPointExtension>
        </extensions>
      </trkpt>
      <trkpt lat="48.0640779621899127960205078125" lon="11.19705830700695514678955078125">
        <ele>564.4000244140625</ele>
        <time>2023-09-05T06:49:16.000Z</time>
        <extensions>
          <ns3:TrackPointExtension>
            <ns3:atemp>24.0</ns3:atemp>
            <ns3:hr>143</ns3:hr>
          </ns3:TrackPointExtension>
        </extensions>
      </trkpt>
      <trkpt lat="48.06416907347738742828369140625" lon="11.19680953212082386016845703125">
        <ele>564.20001220703125</ele>
        <time>2023-09-05T06:49:23.000Z</time>
        <extensions>
          <ns3:TrackPointExtension>
            <ns3:atemp>24.0</ns3:atemp>
            <ns3:hr>143</ns3:hr>
          </ns3:TrackPointExtension>
        </extensions>
      </trkpt>
      <trkpt lat="48.0642499588429927825927734375" lon="11.19656930677592754364013671875">
        <ele>564.20001220703125</ele>
        <time>2023-09-05T06:49:30.000Z</time>
        <extensions>
          <ns3:TrackPointExtension>
            <ns3:atemp>24.0</ns3:atemp>
            <ns3:hr>145</ns3:hr>
          </ns3:TrackPointExtension>
        </extensions>
      </trkpt>
      <trkpt lat="48.06429681368172168731689453125" lon="11.19637660682201385498046875">
        <ele>564.20001220703125</ele>
        <time>2023-09-05T06:49:35.000Z</time>
        <extensions>
          <ns3:TrackPointExtension>
            <ns3:atemp>24.0</ns3:atemp>
            <ns3:hr>146</ns3:hr>
          </ns3:TrackPointExtension>
        </extensions>
      </trkpt>
      <trkpt lat="48.06434358470141887664794921875" lon="11.19613428600132465362548828125">
        <ele>564.20001220703125</ele>
        <time>2023-09-05T06:49:42.000Z</time>
        <extensions>
          <ns3:TrackPointExtension>
            <ns3:atemp>24.0</ns3:atemp>
            <ns3:hr>145</ns3:hr>
          </ns3:TrackPointExtension>
        </extensions>
      </trkpt>
      <trkpt lat="48.06438155472278594970703125" lon="11.196049042046070098876953125">
        <ele>564.20001220703125</ele>
        <time>2023-09-05T06:49:45.000Z</time>
        <extensions>
          <ns3:TrackPointExtension>
            <ns3:atemp>24.0</ns3:atemp>
            <ns3:hr>142</ns3:hr>
          </ns3:TrackPointExtension>
        </extensions>
      </trkpt>
      <trkpt lat="48.0643988214433193206787109375" lon="11.19597720913589000701904296875">
        <ele>564.20001220703125</ele>
        <time>2023-09-05T06:49:47.000Z</time>
        <extensions>
          <ns3:TrackPointExtension>
            <ns3:atemp>24.0</ns3:atemp>
            <ns3:hr>142</ns3:hr>
          </ns3:TrackPointExtension>
        </extensions>
      </trkpt>
      <trkpt lat="48.0644893459975719451904296875" lon="11.19595340453088283538818359375">
        <ele>564.20001220703125</ele>
        <time>2023-09-05T06:49:51.000Z</time>
        <extensions>
          <ns3:TrackPointExtension>
            <ns3:atemp>24.0</ns3:atemp>
            <ns3:hr>141</ns3:hr>
          </ns3:TrackPointExtension>
        </extensions>
      </trkpt>
      <trkpt lat="48.06462923996150493621826171875" lon="11.19602515362203121185302734375">
        <ele>564.4000244140625</ele>
        <time>2023-09-05T06:49:57.000Z</time>
        <extensions>
          <ns3:TrackPointExtension>
            <ns3:atemp>24.0</ns3:atemp>
            <ns3:hr>142</ns3:hr>
          </ns3:TrackPointExtension>
        </extensions>
      </trkpt>
      <trkpt lat="48.0647059343755245208740234375" lon="11.1960307694971561431884765625">
        <ele>564.4000244140625</ele>
        <time>2023-09-05T06:50:02.000Z</time>
        <extensions>
          <ns3:TrackPointExtension>
            <ns3:atemp>24.0</ns3:atemp>
            <ns3:hr>144</ns3:hr>
          </ns3:TrackPointExtension>
        </extensions>
      </trkpt>
      <trkpt lat="48.06473719887435436248779296875" lon="11.196032948791980743408203125">
        <ele>564</ele>
        <time>2023-09-05T06:50:06.000Z</time>
        <extensions>
          <ns3:TrackPointExtension>
            <ns3:atemp>24.0</ns3:atemp>
            <ns3:hr>143</ns3:hr>
          </ns3:TrackPointExtension>
        </extensions>
      </trkpt>
      <trkpt lat="48.0647471733391284942626953125" lon="11.19603906758129596710205078125">
        <ele>564</ele>
        <time>2023-09-05T06:50:08.000Z</time>
        <extensions>
          <ns3:TrackPointExtension>
            <ns3:atemp>24.0</ns3:atemp>
            <ns3:hr>143</ns3:hr>
          </ns3:TrackPointExtension>
        </extensions>
      </trkpt>
      <trkpt lat="48.06476217694580554962158203125" lon="11.19604510255157947540283203125">
        <ele>564</ele>
        <time>2023-09-05T06:50:10.000Z</time>
        <extensions>
          <ns3:TrackPointExtension>
            <ns3:atemp>24.0</ns3:atemp>
            <ns3:hr>143</ns3:hr>
          </ns3:TrackPointExtension>
        </extensions>
      </trkpt>
      <trkpt lat="48.06477374397218227386474609375" lon="11.19605884887278079986572265625">
        <ele>564.20001220703125</ele>
        <time>2023-09-05T06:50:14.000Z</time>
        <extensions>
          <ns3:TrackPointExtension>
            <ns3:atemp>24.0</ns3:atemp>
            <ns3:hr>143</ns3:hr>
          </ns3:TrackPointExtension>
        </extensions>
      </trkpt>
      <trkpt lat="48.06478715501725673675537109375" lon="11.19607443921267986297607421875">
        <ele>564.4000244140625</ele>
        <time>2023-09-05T06:50:16.000Z</time>
        <extensions>
          <ns3:TrackPointExtension>
            <ns3:atemp>24.0</ns3:atemp>
            <ns3:hr>142</ns3:hr>
          </ns3:TrackPointExtension>
        </extensions>
      </trkpt>
      <trkpt lat="48.0648075230419635772705078125" lon="11.19608181528747081756591796875">
        <ele>564.4000244140625</ele>
        <time>2023-09-05T06:50:19.000Z</time>
        <extensions>
          <ns3:TrackPointExtension>
            <ns3:atemp>24.0</ns3:atemp>
            <ns3:hr>142</ns3:hr>
          </ns3:TrackPointExtension>
        </extensions>
      </trkpt>
      <trkpt lat="48.06481917388737201690673828125" lon="11.19609589688479900360107421875">
        <ele>564.20001220703125</ele>
        <time>2023-09-05T06:50:21.000Z</time>
        <extensions>
          <ns3:TrackPointExtension>
            <ns3:atemp>24.0</ns3:atemp>
            <ns3:hr>138</ns3:hr>
          </ns3:TrackPointExtension>
        </extensions>
      </trkpt>
      <trkpt lat="48.064824454486370086669921875" lon="11.19610075838863849639892578125">
        <ele>564.20001220703125</ele>
        <time>2023-09-05T06:50:22.000Z</time>
        <extensions>
          <ns3:TrackPointExtension>
            <ns3:atemp>24.0</ns3:atemp>
            <ns3:hr>137</ns3:hr>
          </ns3:TrackPointExtension>
        </extensions>
      </trkpt>
      <trkpt lat="48.06487332098186016082763671875" lon="11.19615222327411174774169921875">
        <ele>563.79998779296875</ele>
        <time>2023-09-05T06:50:29.000Z</time>
        <extensions>
          <ns3:TrackPointExtension>
            <ns3:atemp>24.0</ns3:atemp>
            <ns3:hr>138</ns3:hr>
          </ns3:TrackPointExtension>
        </extensions>
      </trkpt>
      <trkpt lat="48.0649052560329437255859375" lon="11.1962027661502361297607421875">
        <ele>563.5999755859375</ele>
        <time>2023-09-05T06:50:33.000Z</time>
        <extensions>
          <ns3:TrackPointExtension>
            <ns3:atemp>25.0</ns3:atemp>
            <ns3:hr>138</ns3:hr>
          </ns3:TrackPointExtension>
        </extensions>
      </trkpt>
      <trkpt lat="48.06493945419788360595703125" lon="11.19626923464238643646240234375">
        <ele>563.5999755859375</ele>
        <time>2023-09-05T06:50:36.000Z</time>
        <extensions>
          <ns3:TrackPointExtension>
            <ns3:atemp>25.0</ns3:atemp>
            <ns3:hr>137</ns3:hr>
          </ns3:TrackPointExtension>
        </extensions>
      </trkpt>
      <trkpt lat="48.0650029890239238739013671875" lon="11.19635514914989471435546875">
        <ele>564</ele>
        <time>2023-09-05T06:50:42.000Z</time>
        <extensions>
          <ns3:TrackPointExtension>
            <ns3:atemp>25.0</ns3:atemp>
            <ns3:hr>139</ns3:hr>
          </ns3:TrackPointExtension>
        </extensions>
      </trkpt>
      <trkpt lat="48.06497541256248950958251953125" lon="11.19636612944304943084716796875">
        <ele>563.79998779296875</ele>
        <time>2023-09-05T06:50:47.000Z</time>
        <extensions>
          <ns3:TrackPointExtension>
            <ns3:atemp>25.0</ns3:atemp>
            <ns3:hr>139</ns3:hr>
          </ns3:TrackPointExtension>
        </extensions>
      </trkpt>
      <trkpt lat="48.06497273035347461700439453125" lon="11.1963435821235179901123046875">
        <ele>563.5999755859375</ele>
        <time>2023-09-05T06:50:51.000Z</time>
        <extensions>
          <ns3:TrackPointExtension>
            <ns3:atemp>25.0</ns3:atemp>
            <ns3:hr>139</ns3:hr>
          </ns3:TrackPointExtension>
        </extensions>
      </trkpt>
      <trkpt lat="48.0650150589644908905029296875" lon="11.19633100926876068115234375">
        <ele>563.5999755859375</ele>
        <time>2023-09-05T06:50:55.000Z</time>
        <extensions>
          <ns3:TrackPointExtension>
            <ns3:atemp>25.0</ns3:atemp>
            <ns3:hr>138</ns3:hr>
          </ns3:TrackPointExtension>
        </extensions>
      </trkpt>
      <trkpt lat="48.06502788327634334564208984375" lon="11.19634131900966167449951171875">
        <ele>563.5999755859375</ele>
        <time>2023-09-05T06:50:56.000Z</time>
        <extensions>
          <ns3:TrackPointExtension>
            <ns3:atemp>25.0</ns3:atemp>
            <ns3:hr>138</ns3:hr>
          </ns3:TrackPointExtension>
        </extensions>
      </trkpt>
      <trkpt lat="48.06504732929170131683349609375" lon="11.19637258350849151611328125">
        <ele>563.5999755859375</ele>
        <time>2023-09-05T06:50:58.000Z</time>
        <extensions>
          <ns3:TrackPointExtension>
            <ns3:atemp>25.0</ns3:atemp>
            <ns3:hr>138</ns3:hr>
          </ns3:TrackPointExtension>
        </extensions>
      </trkpt>
      <trkpt lat="48.0650489218533039093017578125" lon="11.19638524018228054046630859375">
        <ele>563.5999755859375</ele>
        <time>2023-09-05T06:51:01.000Z</time>
        <extensions>
          <ns3:TrackPointExtension>
            <ns3:atemp>25.0</ns3:atemp>
            <ns3:hr>139</ns3:hr>
          </ns3:TrackPointExtension>
        </extensions>
      </trkpt>
      <trkpt lat="48.0650355108082294464111328125" lon="11.1963652074337005615234375">
        <ele>563.5999755859375</ele>
        <time>2023-09-05T06:51:04.000Z</time>
        <extensions>
          <ns3:TrackPointExtension>
            <ns3:atemp>25.0</ns3:atemp>
            <ns3:hr>140</ns3:hr>
          </ns3:TrackPointExtension>
        </extensions>
      </trkpt>
      <trkpt lat="48.065041042864322662353515625" lon="11.196362189948558807373046875">
        <ele>563.5999755859375</ele>
        <time>2023-09-05T06:51:09.000Z</time>
        <extensions>
          <ns3:TrackPointExtension>
            <ns3:atemp>25.0</ns3:atemp>
            <ns3:hr>140</ns3:hr>
          </ns3:TrackPointExtension>
        </extensions>
      </trkpt>
      <trkpt lat="48.06509627960622310638427734375" lon="11.19644341059029102325439453125">
        <ele>563.20001220703125</ele>
        <time>2023-09-05T06:51:16.000Z</time>
        <extensions>
          <ns3:TrackPointExtension>
            <ns3:atemp>25.0</ns3:atemp>
            <ns3:hr>138</ns3:hr>
          </ns3:TrackPointExtension>
        </extensions>
      </trkpt>
      <trkpt lat="48.06523139588534832000732421875" lon="11.19659118354320526123046875">
        <ele>563</ele>
        <time>2023-09-05T06:51:21.000Z</time>
        <extensions>
          <ns3:TrackPointExtension>
            <ns3:atemp>25.0</ns3:atemp>
            <ns3:hr>138</ns3:hr>
          </ns3:TrackPointExtension>
        </extensions>
      </trkpt>
      <trkpt lat="48.06534270755946636199951171875" lon="11.19680064730346202850341796875">
        <ele>563.4000244140625</ele>
        <time>2023-09-05T06:51:27.000Z</time>
        <extensions>
          <ns3:TrackPointExtension>
            <ns3:atemp>25.0</ns3:atemp>
            <ns3:hr>138</ns3:hr>
          </ns3:TrackPointExtension>
        </extensions>
      </trkpt>
      <trkpt lat="48.06545636616647243499755859375" lon="11.1969447322189807891845703125">
        <ele>563.4000244140625</ele>
        <time>2023-09-05T06:51:32.000Z</time>
        <extensions>
          <ns3:TrackPointExtension>
            <ns3:atemp>25.0</ns3:atemp>
            <ns3:hr>135</ns3:hr>
          </ns3:TrackPointExtension>
        </extensions>
      </trkpt>
      <trkpt lat="48.06551302783191204071044921875" lon="11.19706031866371631622314453125">
        <ele>563.20001220703125</ele>
        <time>2023-09-05T06:51:35.000Z</time>
        <extensions>
          <ns3:TrackPointExtension>
            <ns3:atemp>25.0</ns3:atemp>
            <ns3:hr>126</ns3:hr>
          </ns3:TrackPointExtension>
        </extensions>
      </trkpt>
      <trkpt lat="48.065615706145763397216796875" lon="11.19734547100961208343505859375">
        <ele>563.5999755859375</ele>
        <time>2023-09-05T06:51:42.000Z</time>
        <extensions>
          <ns3:TrackPointExtension>
            <ns3:atemp>25.0</ns3:atemp>
            <ns3:hr>129</ns3:hr>
          </ns3:TrackPointExtension>
        </extensions>
      </trkpt>
      <trkpt lat="48.065644539892673492431640625" lon="11.1974166333675384521484375">
        <ele>563.79998779296875</ele>
        <time>2023-09-05T06:51:44.000Z</time>
        <extensions>
          <ns3:TrackPointExtension>
            <ns3:atemp>25.0</ns3:atemp>
            <ns3:hr>131</ns3:hr>
          </ns3:TrackPointExtension>
        </extensions>
      </trkpt>
      <trkpt lat="48.065674714744091033935546875" lon="11.1974848620593547821044921875">
        <ele>563.79998779296875</ele>
        <time>2023-09-05T06:51:46.000Z</time>
        <extensions>
          <ns3:TrackPointExtension>
            <ns3:atemp>25.0</ns3:atemp>
            <ns3:hr>134</ns3:hr>
          </ns3:TrackPointExtension>
        </extensions>
      </trkpt>
      <trkpt lat="48.06576834060251712799072265625" lon="11.197693906724452972412109375">
        <ele>563.5999755859375</ele>
        <time>2023-09-05T06:51:52.000Z</time>
        <extensions>
          <ns3:TrackPointExtension>
            <ns3:atemp>25.0</ns3:atemp>
            <ns3:hr>137</ns3:hr>
          </ns3:TrackPointExtension>
        </extensions>
      </trkpt>
      <trkpt lat="48.06587395258247852325439453125" lon="11.197857521474361419677734375">
        <ele>563.5999755859375</ele>
        <time>2023-09-05T06:51:57.000Z</time>
        <extensions>
          <ns3:TrackPointExtension>
            <ns3:atemp>25.0</ns3:atemp>
            <ns3:hr>140</ns3:hr>
          </ns3:TrackPointExtension>
        </extensions>
      </trkpt>
      <trkpt lat="48.065914772450923919677734375" lon="11.19792784564197063446044921875">
        <ele>563.5999755859375</ele>
        <time>2023-09-05T06:51:59.000Z</time>
        <extensions>
          <ns3:TrackPointExtension>
            <ns3:atemp>25.0</ns3:atemp>
            <ns3:hr>140</ns3:hr>
          </ns3:TrackPointExtension>
        </extensions>
      </trkpt>
      <trkpt lat="48.06601233780384063720703125" lon="11.19805910624563694000244140625">
        <ele>563.5999755859375</ele>
        <time>2023-09-05T06:52:04.000Z</time>
        <extensions>
          <ns3:TrackPointExtension>
            <ns3:atemp>25.0</ns3:atemp>
            <ns3:hr>143</ns3:hr>
          </ns3:TrackPointExtension>
        </extensions>
      </trkpt>
      <trkpt lat="48.06603991426527500152587890625" lon="11.198107302188873291015625">
        <ele>563.5999755859375</ele>
        <time>2023-09-05T06:52:06.000Z</time>
        <extensions>
          <ns3:TrackPointExtension>
            <ns3:atemp>25.0</ns3:atemp>
            <ns3:hr>144</ns3:hr>
          </ns3:TrackPointExtension>
        </extensions>
      </trkpt>
      <trkpt lat="48.06614602915942668914794921875" lon="11.198338307440280914306640625">
        <ele>563.79998779296875</ele>
        <time>2023-09-05T06:52:14.000Z</time>
        <extensions>
          <ns3:TrackPointExtension>
            <ns3:atemp>25.0</ns3:atemp>
            <ns3:hr>145</ns3:hr>
          </ns3:TrackPointExtension>
        </extensions>
      </trkpt>
      <trkpt lat="48.066178970038890838623046875" lon="11.19850133545696735382080078125">
        <ele>564</ele>
        <time>2023-09-05T06:52:18.000Z</time>
        <extensions>
          <ns3:TrackPointExtension>
            <ns3:atemp>25.0</ns3:atemp>
            <ns3:hr>149</ns3:hr>
          </ns3:TrackPointExtension>
        </extensions>
      </trkpt>
      <trkpt lat="48.0662076361477375030517578125" lon="11.198619268834590911865234375">
        <ele>563.79998779296875</ele>
        <time>2023-09-05T06:52:21.000Z</time>
        <extensions>
          <ns3:TrackPointExtension>
            <ns3:atemp>25.0</ns3:atemp>
            <ns3:hr>152</ns3:hr>
          </ns3:TrackPointExtension>
        </extensions>
      </trkpt>
      <trkpt lat="48.0662156827747821807861328125" lon="11.1986584961414337158203125">
        <ele>563.79998779296875</ele>
        <time>2023-09-05T06:52:22.000Z</time>
        <extensions>
          <ns3:TrackPointExtension>
            <ns3:atemp>25.0</ns3:atemp>
            <ns3:hr>152</ns3:hr>
          </ns3:TrackPointExtension>
        </extensions>
      </trkpt>
      <trkpt lat="48.06631718762218952178955078125" lon="11.1989895813167095184326171875">
        <ele>563.79998779296875</ele>
        <time>2023-09-05T06:52:31.000Z</time>
        <extensions>
          <ns3:TrackPointExtension>
            <ns3:atemp>25.0</ns3:atemp>
            <ns3:hr>152</ns3:hr>
          </ns3:TrackPointExtension>
        </extensions>
      </trkpt>
      <trkpt lat="48.06644241325557231903076171875" lon="11.1993077583611011505126953125">
        <ele>563.5999755859375</ele>
        <time>2023-09-05T06:52:40.000Z</time>
        <extensions>
          <ns3:TrackPointExtension>
            <ns3:atemp>25.0</ns3:atemp>
            <ns3:hr>154</ns3:hr>
          </ns3:TrackPointExtension>
        </extensions>
      </trkpt>
      <trkpt lat="48.066554479300975799560546875" lon="11.199576817452907562255859375">
        <ele>563.79998779296875</ele>
        <time>2023-09-05T06:52:48.000Z</time>
        <extensions>
          <ns3:TrackPointExtension>
            <ns3:atemp>25.0</ns3:atemp>
            <ns3:hr>154</ns3:hr>
          </ns3:TrackPointExtension>
        </extensions>
      </trkpt>
      <trkpt lat="48.066665120422840118408203125" lon="11.199880577623844146728515625">
        <ele>564.20001220703125</ele>
        <time>2023-09-05T06:52:56.000Z</time>
        <extensions>
          <ns3:TrackPointExtension>
            <ns3:atemp>25.0</ns3:atemp>
            <ns3:hr>154</ns3:hr>
          </ns3:TrackPointExtension>
        </extensions>
      </trkpt>
      <trkpt lat="48.066710717976093292236328125" lon="11.20001795701682567596435546875">
        <ele>564.4000244140625</ele>
        <time>2023-09-05T06:53:00.000Z</time>
        <extensions>
          <ns3:TrackPointExtension>
            <ns3:atemp>25.0</ns3:atemp>
            <ns3:hr>154</ns3:hr>
          </ns3:TrackPointExtension>
        </extensions>
      </trkpt>
      <trkpt lat="48.06672203354537487030029296875" lon="11.20007880963385105133056640625">
        <ele>564.5999755859375</ele>
        <time>2023-09-05T06:53:02.000Z</time>
        <extensions>
          <ns3:TrackPointExtension>
            <ns3:atemp>25.0</ns3:atemp>
            <ns3:hr>154</ns3:hr>
          </ns3:TrackPointExtension>
        </extensions>
      </trkpt>
      <trkpt lat="48.06682077236473560333251953125" lon="11.20034049265086650848388671875">
        <ele>564.20001220703125</ele>
        <time>2023-09-05T06:53:09.000Z</time>
        <extensions>
          <ns3:TrackPointExtension>
            <ns3:atemp>25.0</ns3:atemp>
            <ns3:hr>154</ns3:hr>
          </ns3:TrackPointExtension>
        </extensions>
      </trkpt>
      <trkpt lat="48.06694733910262584686279296875" lon="11.20054601691663265228271484375">
        <ele>564.5999755859375</ele>
        <time>2023-09-05T06:53:16.000Z</time>
        <extensions>
          <ns3:TrackPointExtension>
            <ns3:atemp>25.0</ns3:atemp>
            <ns3:hr>153</ns3:hr>
          </ns3:TrackPointExtension>
        </extensions>
      </trkpt>
      <trkpt lat="48.06709419004619121551513671875" lon="11.2006579153239727020263671875">
        <ele>564.5999755859375</ele>
        <time>2023-09-05T06:53:22.000Z</time>
        <extensions>
          <ns3:TrackPointExtension>
            <ns3:atemp>25.0</ns3:atemp>
            <ns3:hr>152</ns3:hr>
          </ns3:TrackPointExtension>
        </extensions>
      </trkpt>
      <trkpt lat="48.067123778164386749267578125" lon="11.20072471909224987030029296875">
        <ele>564.79998779296875</ele>
        <time>2023-09-05T06:53:24.000Z</time>
        <extensions>
          <ns3:TrackPointExtension>
            <ns3:atemp>25.0</ns3:atemp>
            <ns3:hr>153</ns3:hr>
          </ns3:TrackPointExtension>
        </extensions>
      </trkpt>
      <trkpt lat="48.06716610677540302276611328125" lon="11.2008312530815601348876953125">
        <ele>565</ele>
        <time>2023-09-05T06:53:27.000Z</time>
        <extensions>
          <ns3:TrackPointExtension>
            <ns3:atemp>25.0</ns3:atemp>
            <ns3:hr>153</ns3:hr>
          </ns3:TrackPointExtension>
        </extensions>
      </trkpt>
      <trkpt lat="48.06729041039943695068359375" lon="11.20088137686252593994140625">
        <ele>565</ele>
        <time>2023-09-05T06:53:32.000Z</time>
        <extensions>
          <ns3:TrackPointExtension>
            <ns3:atemp>25.0</ns3:atemp>
            <ns3:hr>153</ns3:hr>
          </ns3:TrackPointExtension>
        </extensions>
      </trkpt>
      <trkpt lat="48.0674629099667072296142578125" lon="11.20096452534198760986328125">
        <ele>565.4000244140625</ele>
        <time>2023-09-05T06:53:39.000Z</time>
        <extensions>
          <ns3:TrackPointExtension>
            <ns3:atemp>25.0</ns3:atemp>
            <ns3:hr>153</ns3:hr>
          </ns3:TrackPointExtension>
        </extensions>
      </trkpt>
      <trkpt lat="48.0676640756428241729736328125" lon="11.20098866522312164306640625">
        <ele>565</ele>
        <time>2023-09-05T06:53:47.000Z</time>
        <extensions>
          <ns3:TrackPointExtension>
            <ns3:atemp>25.0</ns3:atemp>
            <ns3:hr>152</ns3:hr>
          </ns3:TrackPointExtension>
        </extensions>
      </trkpt>
      <trkpt lat="48.0679064802825450897216796875" lon="11.2010408006608486175537109375">
        <ele>565</ele>
        <time>2023-09-05T06:53:55.000Z</time>
        <extensions>
          <ns3:TrackPointExtension>
            <ns3:atemp>25.0</ns3:atemp>
            <ns3:hr>153</ns3:hr>
          </ns3:TrackPointExtension>
        </extensions>
      </trkpt>
      <trkpt lat="48.06805877946317195892333984375" lon="11.2010698020458221435546875">
        <ele>565.20001220703125</ele>
        <time>2023-09-05T06:54:01.000Z</time>
        <extensions>
          <ns3:TrackPointExtension>
            <ns3:atemp>25.0</ns3:atemp>
            <ns3:hr>152</ns3:hr>
          </ns3:TrackPointExtension>
        </extensions>
      </trkpt>
      <trkpt lat="48.06817813776433467864990234375" lon="11.2011869810521602630615234375">
        <ele>565.4000244140625</ele>
        <time>2023-09-05T06:54:07.000Z</time>
        <extensions>
          <ns3:TrackPointExtension>
            <ns3:atemp>25.0</ns3:atemp>
            <ns3:hr>150</ns3:hr>
          </ns3:TrackPointExtension>
        </extensions>
      </trkpt>
      <trkpt lat="48.0681465379893779754638671875" lon="11.20130005292594432830810546875">
        <ele>565.79998779296875</ele>
        <time>2023-09-05T06:54:10.000Z</time>
        <extensions>
          <ns3:TrackPointExtension>
            <ns3:atemp>25.0</ns3:atemp>
            <ns3:hr>151</ns3:hr>
          </ns3:TrackPointExtension>
        </extensions>
      </trkpt>
      <trkpt lat="48.06812700815498828887939453125" lon="11.20134749449789524078369140625">
        <ele>566</ele>
        <time>2023-09-05T06:54:11.000Z</time>
        <extensions>
          <ns3:TrackPointExtension>
            <ns3:atemp>25.0</ns3:atemp>
            <ns3:hr>151</ns3:hr>
          </ns3:TrackPointExtension>
        </extensions>
      </trkpt>
      <trkpt lat="48.06805274449288845062255859375" lon="11.2015832774341106414794921875">
        <ele>566.5999755859375</ele>
        <time>2023-09-05T06:54:17.000Z</time>
        <extensions>
          <ns3:TrackPointExtension>
            <ns3:atemp>25.0</ns3:atemp>
            <ns3:hr>151</ns3:hr>
          </ns3:TrackPointExtension>
        </extensions>
      </trkpt>
      <trkpt lat="48.0680214799940586090087890625" lon="11.201636083424091339111328125">
        <ele>567</ele>
        <time>2023-09-05T06:54:19.000Z</time>
        <extensions>
          <ns3:TrackPointExtension>
            <ns3:atemp>25.0</ns3:atemp>
            <ns3:hr>152</ns3:hr>
          </ns3:TrackPointExtension>
        </extensions>
      </trkpt>
      <trkpt lat="48.067965321242809295654296875" lon="11.20176055468618869781494140625">
        <ele>567.5999755859375</ele>
        <time>2023-09-05T06:54:23.000Z</time>
        <extensions>
          <ns3:TrackPointExtension>
            <ns3:atemp>25.0</ns3:atemp>
            <ns3:hr>153</ns3:hr>
          </ns3:TrackPointExtension>
        </extensions>
      </trkpt>
      <trkpt lat="48.0678779818117618560791015625" lon="11.2019436992704868316650390625">
        <ele>568.20001220703125</ele>
        <time>2023-09-05T06:54:29.000Z</time>
        <extensions>
          <ns3:TrackPointExtension>
            <ns3:atemp>25.0</ns3:atemp>
            <ns3:hr>155</ns3:hr>
          </ns3:TrackPointExtension>
        </extensions>
      </trkpt>
      <trkpt lat="48.06783967651426792144775390625" lon="11.20199910365045070648193359375">
        <ele>568.20001220703125</ele>
        <time>2023-09-05T06:54:31.000Z</time>
        <extensions>
          <ns3:TrackPointExtension>
            <ns3:atemp>25.0</ns3:atemp>
            <ns3:hr>156</ns3:hr>
          </ns3:TrackPointExtension>
        </extensions>
      </trkpt>
      <trkpt lat="48.06772492825984954833984375" lon="11.20207839645445346832275390625">
        <ele>568.79998779296875</ele>
        <time>2023-09-05T06:54:36.000Z</time>
        <extensions>
          <ns3:TrackPointExtension>
            <ns3:atemp>25.0</ns3:atemp>
            <ns3:hr>157</ns3:hr>
          </ns3:TrackPointExtension>
        </extensions>
      </trkpt>
      <trkpt lat="48.06765963323414325714111328125" lon="11.20209583081305027008056640625">
        <ele>569.20001220703125</ele>
        <time>2023-09-05T06:54:39.000Z</time>
        <extensions>
          <ns3:TrackPointExtension>
            <ns3:atemp>25.0</ns3:atemp>
            <ns3:hr>158</ns3:hr>
          </ns3:TrackPointExtension>
        </extensions>
      </trkpt>
      <trkpt lat="48.06757816113531589508056640625" lon="11.20209231041371822357177734375">
        <ele>569.79998779296875</ele>
        <time>2023-09-05T06:54:42.000Z</time>
        <extensions>
          <ns3:TrackPointExtension>
            <ns3:atemp>25.0</ns3:atemp>
            <ns3:hr>159</ns3:hr>
          </ns3:TrackPointExtension>
        </extensions>
      </trkpt>
      <trkpt lat="48.06745880283415317535400390625" lon="11.20208141393959522247314453125">
        <ele>570.5999755859375</ele>
        <time>2023-09-05T06:54:47.000Z</time>
        <extensions>
          <ns3:TrackPointExtension>
            <ns3:atemp>25.0</ns3:atemp>
            <ns3:hr>161</ns3:hr>
          </ns3:TrackPointExtension>
        </extensions>
      </trkpt>
      <trkpt lat="48.06735637597739696502685546875" lon="11.2020570226013660430908203125">
        <ele>571.5999755859375</ele>
        <time>2023-09-05T06:54:51.000Z</time>
        <extensions>
          <ns3:TrackPointExtension>
            <ns3:atemp>25.0</ns3:atemp>
            <ns3:hr>163</ns3:hr>
          </ns3:TrackPointExtension>
        </extensions>
      </trkpt>
      <trkpt lat="48.06725109927356243133544921875" lon="11.20201528072357177734375">
        <ele>572.4000244140625</ele>
        <time>2023-09-05T06:54:57.000Z</time>
        <extensions>
          <ns3:TrackPointExtension>
            <ns3:atemp>25.0</ns3:atemp>
            <ns3:hr>165</ns3:hr>
          </ns3:TrackPointExtension>
        </extensions>
      </trkpt>
      <trkpt lat="48.06716292165219783782958984375" lon="11.20202559046447277069091796875">
        <ele>572.20001220703125</ele>
        <time>2023-09-05T06:55:02.000Z</time>
        <extensions>
          <ns3:TrackPointExtension>
            <ns3:atemp>25.0</ns3:atemp>
            <ns3:hr>166</ns3:hr>
          </ns3:TrackPointExtension>
        </extensions>
      </trkpt>
      <trkpt lat="48.06694842875003814697265625" lon="11.202132962644100189208984375">
        <ele>572.4000244140625</ele>
        <time>2023-09-05T06:55:10.000Z</time>
        <extensions>
          <ns3:TrackPointExtension>
            <ns3:atemp>25.0</ns3:atemp>
            <ns3:hr>165</ns3:hr>
          </ns3:TrackPointExtension>
        </extensions>
      </trkpt>
      <trkpt lat="48.066888414323329925537109375" lon="11.2021847628057003021240234375">
        <ele>572.5999755859375</ele>
        <time>2023-09-05T06:55:13.000Z</time>
        <extensions>
          <ns3:TrackPointExtension>
            <ns3:atemp>25.0</ns3:atemp>
            <ns3:hr>162</ns3:hr>
          </ns3:TrackPointExtension>
        </extensions>
      </trkpt>
      <trkpt lat="48.066836111247539520263671875" lon="11.202232539653778076171875">
        <ele>572.5999755859375</ele>
        <time>2023-09-05T06:55:15.000Z</time>
        <extensions>
          <ns3:TrackPointExtension>
            <ns3:atemp>25.0</ns3:atemp>
            <ns3:hr>161</ns3:hr>
          </ns3:TrackPointExtension>
        </extensions>
      </trkpt>
      <trkpt lat="48.0668175034224987030029296875" lon="11.2022390775382518768310546875">
        <ele>572.5999755859375</ele>
        <time>2023-09-05T06:55:16.000Z</time>
        <extensions>
          <ns3:TrackPointExtension>
            <ns3:atemp>25.0</ns3:atemp>
            <ns3:hr>160</ns3:hr>
          </ns3:TrackPointExtension>
        </extensions>
      </trkpt>
      <trkpt lat="48.066700994968414306640625" lon="11.20224217884242534637451171875">
        <ele>573.5999755859375</ele>
        <time>2023-09-05T06:55:21.000Z</time>
        <extensions>
          <ns3:TrackPointExtension>
            <ns3:atemp>25.0</ns3:atemp>
            <ns3:hr>159</ns3:hr>
          </ns3:TrackPointExtension>
        </extensions>
      </trkpt>
      <trkpt lat="48.06663326919078826904296875" lon="11.20220546610653400421142578125">
        <ele>574.20001220703125</ele>
        <time>2023-09-05T06:55:26.000Z</time>
        <extensions>
          <ns3:TrackPointExtension>
            <ns3:atemp>25.0</ns3:atemp>
            <ns3:hr>159</ns3:hr>
          </ns3:TrackPointExtension>
        </extensions>
      </trkpt>
      <trkpt lat="48.066528998315334320068359375" lon="11.20218970812857151031494140625">
        <ele>573.79998779296875</ele>
        <time>2023-09-05T06:55:31.000Z</time>
        <extensions>
          <ns3:TrackPointExtension>
            <ns3:atemp>25.0</ns3:atemp>
            <ns3:hr>158</ns3:hr>
          </ns3:TrackPointExtension>
        </extensions>
      </trkpt>
      <trkpt lat="48.066419027745723724365234375" lon="11.2022018618881702423095703125">
        <ele>575</ele>
        <time>2023-09-05T06:55:36.000Z</time>
        <extensions>
          <ns3:TrackPointExtension>
            <ns3:atemp>25.0</ns3:atemp>
            <ns3:hr>158</ns3:hr>
          </ns3:TrackPointExtension>
        </extensions>
      </trkpt>
      <trkpt lat="48.0663937143981456756591796875" lon="11.20220378972589969635009765625">
        <ele>575.20001220703125</ele>
        <time>2023-09-05T06:55:37.000Z</time>
        <extensions>
          <ns3:TrackPointExtension>
            <ns3:atemp>24.0</ns3:atemp>
            <ns3:hr>158</ns3:hr>
          </ns3:TrackPointExtension>
        </extensions>
      </trkpt>
      <trkpt lat="48.066292963922023773193359375" lon="11.20218954049050807952880859375">
        <ele>576</ele>
        <time>2023-09-05T06:55:41.000Z</time>
        <extensions>
          <ns3:TrackPointExtension>
            <ns3:atemp>24.0</ns3:atemp>
            <ns3:hr>158</ns3:hr>
          </ns3:TrackPointExtension>
        </extensions>
      </trkpt>
      <trkpt lat="48.06622146628797054290771484375" lon="11.2021857686340808868408203125">
        <ele>577</ele>
        <time>2023-09-05T06:55:44.000Z</time>
        <extensions>
          <ns3:TrackPointExtension>
            <ns3:atemp>24.0</ns3:atemp>
            <ns3:hr>157</ns3:hr>
          </ns3:TrackPointExtension>
        </extensions>
      </trkpt>
      <trkpt lat="48.06614921428263187408447265625" lon="11.2021720223128795623779296875">
        <ele>577.5999755859375</ele>
        <time>2023-09-05T06:55:47.000Z</time>
        <extensions>
          <ns3:TrackPointExtension>
            <ns3:atemp>24.0</ns3:atemp>
            <ns3:hr>157</ns3:hr>
          </ns3:TrackPointExtension>
        </extensions>
      </trkpt>
      <trkpt lat="48.0661104060709476470947265625" lon="11.202162466943264007568359375">
        <ele>578.20001220703125</ele>
        <time>2023-09-05T06:55:49.000Z</time>
        <extensions>
          <ns3:TrackPointExtension>
            <ns3:atemp>24.0</ns3:atemp>
            <ns3:hr>157</ns3:hr>
          </ns3:TrackPointExtension>
        </extensions>
      </trkpt>
      <trkpt lat="48.0660291016101837158203125" lon="11.2021495588123798370361328125">
        <ele>578.5999755859375</ele>
        <time>2023-09-05T06:55:53.000Z</time>
        <extensions>
          <ns3:TrackPointExtension>
            <ns3:atemp>24.0</ns3:atemp>
            <ns3:hr>157</ns3:hr>
          </ns3:TrackPointExtension>
        </extensions>
      </trkpt>
      <trkpt lat="48.06600772775709629058837890625" lon="11.20214126072824001312255859375">
        <ele>578.79998779296875</ele>
        <time>2023-09-05T06:55:54.000Z</time>
        <extensions>
          <ns3:TrackPointExtension>
            <ns3:atemp>24.0</ns3:atemp>
            <ns3:hr>157</ns3:hr>
          </ns3:TrackPointExtension>
        </extensions>
      </trkpt>
      <trkpt lat="48.0658923089504241943359375" lon="11.20209080167114734649658203125">
        <ele>579.20001220703125</ele>
        <time>2023-09-05T06:55:59.000Z</time>
        <extensions>
          <ns3:TrackPointExtension>
            <ns3:atemp>24.0</ns3:atemp>
            <ns3:hr>158</ns3:hr>
          </ns3:TrackPointExtension>
        </extensions>
      </trkpt>
      <trkpt lat="48.06579818017780780792236328125" lon="11.2020000256597995758056640625">
        <ele>579.5999755859375</ele>
        <time>2023-09-05T06:56:03.000Z</time>
        <extensions>
          <ns3:TrackPointExtension>
            <ns3:atemp>24.0</ns3:atemp>
            <ns3:hr>159</ns3:hr>
          </ns3:TrackPointExtension>
        </extensions>
      </trkpt>
      <trkpt lat="48.06561939418315887451171875" lon="11.2019175477325916290283203125">
        <ele>580</ele>
        <time>2023-09-05T06:56:10.000Z</time>
        <extensions>
          <ns3:TrackPointExtension>
            <ns3:atemp>24.0</ns3:atemp>
            <ns3:hr>158</ns3:hr>
          </ns3:TrackPointExtension>
        </extensions>
      </trkpt>
      <trkpt lat="48.06555770337581634521484375" lon="11.20188712142407894134521484375">
        <ele>580.20001220703125</ele>
        <time>2023-09-05T06:56:12.000Z</time>
        <extensions>
          <ns3:TrackPointExtension>
            <ns3:atemp>24.0</ns3:atemp>
            <ns3:hr>158</ns3:hr>
          </ns3:TrackPointExtension>
        </extensions>
      </trkpt>
      <trkpt lat="48.0654794164001941680908203125" lon="11.20184537954628467559814453125">
        <ele>580.4000244140625</ele>
        <time>2023-09-05T06:56:15.000Z</time>
        <extensions>
          <ns3:TrackPointExtension>
            <ns3:atemp>24.0</ns3:atemp>
            <ns3:hr>157</ns3:hr>
          </ns3:TrackPointExtension>
        </extensions>
      </trkpt>
      <trkpt lat="48.0653225071728229522705078125" lon="11.2017666734755039215087890625">
        <ele>581.20001220703125</ele>
        <time>2023-09-05T06:56:21.000Z</time>
        <extensions>
          <ns3:TrackPointExtension>
            <ns3:atemp>24.0</ns3:atemp>
            <ns3:hr>156</ns3:hr>
          </ns3:TrackPointExtension>
        </extensions>
      </trkpt>
      <trkpt lat="48.0652762390673160552978515625" lon="11.20173297822475433349609375">
        <ele>581.4000244140625</ele>
        <time>2023-09-05T06:56:23.000Z</time>
        <extensions>
          <ns3:TrackPointExtension>
            <ns3:atemp>24.0</ns3:atemp>
            <ns3:hr>156</ns3:hr>
          </ns3:TrackPointExtension>
        </extensions>
      </trkpt>
      <trkpt lat="48.06517624296247959136962890625" lon="11.20168310590088367462158203125">
        <ele>582.5999755859375</ele>
        <time>2023-09-05T06:56:28.000Z</time>
        <extensions>
          <ns3:TrackPointExtension>
            <ns3:atemp>24.0</ns3:atemp>
            <ns3:hr>156</ns3:hr>
          </ns3:TrackPointExtension>
        </extensions>
      </trkpt>
      <trkpt lat="48.06515160016715526580810546875" lon="11.2016774900257587432861328125">
        <ele>582.79998779296875</ele>
        <time>2023-09-05T06:56:29.000Z</time>
        <extensions>
          <ns3:TrackPointExtension>
            <ns3:atemp>24.0</ns3:atemp>
            <ns3:hr>157</ns3:hr>
          </ns3:TrackPointExtension>
        </extensions>
      </trkpt>
      <trkpt lat="48.065028972923755645751953125" lon="11.20168444700539112091064453125">
        <ele>583.4000244140625</ele>
        <time>2023-09-05T06:56:35.000Z</time>
        <extensions>
          <ns3:TrackPointExtension>
            <ns3:atemp>24.0</ns3:atemp>
            <ns3:hr>157</ns3:hr>
          </ns3:TrackPointExtension>
        </extensions>
      </trkpt>
      <trkpt lat="48.06496501900255680084228515625" lon="11.20168025605380535125732421875">
        <ele>583.5999755859375</ele>
        <time>2023-09-05T06:56:38.000Z</time>
        <extensions>
          <ns3:TrackPointExtension>
            <ns3:atemp>24.0</ns3:atemp>
            <ns3:hr>158</ns3:hr>
          </ns3:TrackPointExtension>
        </extensions>
      </trkpt>
      <trkpt lat="48.0648615024983882904052734375" lon="11.20167925022542476654052734375">
        <ele>583.79998779296875</ele>
        <time>2023-09-05T06:56:42.000Z</time>
        <extensions>
          <ns3:TrackPointExtension>
            <ns3:atemp>24.0</ns3:atemp>
            <ns3:hr>158</ns3:hr>
          </ns3:TrackPointExtension>
        </extensions>
      </trkpt>
      <trkpt lat="48.06468757800757884979248046875" lon="11.20166994631290435791015625">
        <ele>584.79998779296875</ele>
        <time>2023-09-05T06:56:49.000Z</time>
        <extensions>
          <ns3:TrackPointExtension>
            <ns3:atemp>24.0</ns3:atemp>
            <ns3:hr>158</ns3:hr>
          </ns3:TrackPointExtension>
        </extensions>
      </trkpt>
      <trkpt lat="48.06467014364898204803466796875" lon="11.201664917171001434326171875">
        <ele>585</ele>
        <time>2023-09-05T06:56:50.000Z</time>
        <extensions>
          <ns3:TrackPointExtension>
            <ns3:atemp>24.0</ns3:atemp>
            <ns3:hr>159</ns3:hr>
          </ns3:TrackPointExtension>
        </extensions>
      </trkpt>
      <trkpt lat="48.06453351862728595733642578125" lon="11.20167262852191925048828125">
        <ele>585.4000244140625</ele>
        <time>2023-09-05T06:56:56.000Z</time>
        <extensions>
          <ns3:TrackPointExtension>
            <ns3:atemp>24.0</ns3:atemp>
            <ns3:hr>160</ns3:hr>
          </ns3:TrackPointExtension>
        </extensions>
      </trkpt>
      <trkpt lat="48.06446545757353305816650390625" lon="11.2016801722347736358642578125">
        <ele>585.79998779296875</ele>
        <time>2023-09-05T06:56:59.000Z</time>
        <extensions>
          <ns3:TrackPointExtension>
            <ns3:atemp>24.0</ns3:atemp>
            <ns3:hr>160</ns3:hr>
          </ns3:TrackPointExtension>
        </extensions>
      </trkpt>
      <trkpt lat="48.064304105937480926513671875" lon="11.2016952596604824066162109375">
        <ele>585.5999755859375</ele>
        <time>2023-09-05T06:57:05.000Z</time>
        <extensions>
          <ns3:TrackPointExtension>
            <ns3:atemp>24.0</ns3:atemp>
            <ns3:hr>159</ns3:hr>
          </ns3:TrackPointExtension>
        </extensions>
      </trkpt>
      <trkpt lat="48.06418198160827159881591796875" lon="11.20169718749821186065673828125">
        <ele>585.5999755859375</ele>
        <time>2023-09-05T06:57:09.000Z</time>
        <extensions>
          <ns3:TrackPointExtension>
            <ns3:atemp>24.0</ns3:atemp>
            <ns3:hr>158</ns3:hr>
          </ns3:TrackPointExtension>
        </extensions>
      </trkpt>
      <trkpt lat="48.06415130384266376495361328125" lon="11.2016947567462921142578125">
        <ele>585.4000244140625</ele>
        <time>2023-09-05T06:57:10.000Z</time>
        <extensions>
          <ns3:TrackPointExtension>
            <ns3:atemp>24.0</ns3:atemp>
            <ns3:hr>158</ns3:hr>
          </ns3:TrackPointExtension>
        </extensions>
      </trkpt>
      <trkpt lat="48.06401786394417285919189453125" lon="11.2017210759222507476806640625">
        <ele>584.5999755859375</ele>
        <time>2023-09-05T06:57:15.000Z</time>
        <extensions>
          <ns3:TrackPointExtension>
            <ns3:atemp>24.0</ns3:atemp>
            <ns3:hr>158</ns3:hr>
          </ns3:TrackPointExtension>
        </extensions>
      </trkpt>
      <trkpt lat="48.0639130063354969024658203125" lon="11.20172149501740932464599609375">
        <ele>584.20001220703125</ele>
        <time>2023-09-05T06:57:19.000Z</time>
        <extensions>
          <ns3:TrackPointExtension>
            <ns3:atemp>24.0</ns3:atemp>
            <ns3:hr>157</ns3:hr>
          </ns3:TrackPointExtension>
        </extensions>
      </trkpt>
      <trkpt lat="48.06376908905804157257080078125" lon="11.2017291225492954254150390625">
        <ele>583.5999755859375</ele>
        <time>2023-09-05T06:57:24.000Z</time>
        <extensions>
          <ns3:TrackPointExtension>
            <ns3:atemp>24.0</ns3:atemp>
            <ns3:hr>156</ns3:hr>
          </ns3:TrackPointExtension>
        </extensions>
      </trkpt>
      <trkpt lat="48.06369281373918056488037109375" lon="11.20175519026815891265869140625">
        <ele>582.5999755859375</ele>
        <time>2023-09-05T06:57:27.000Z</time>
        <extensions>
          <ns3:TrackPointExtension>
            <ns3:atemp>24.0</ns3:atemp>
            <ns3:hr>155</ns3:hr>
          </ns3:TrackPointExtension>
        </extensions>
      </trkpt>
      <trkpt lat="48.063659034669399261474609375" lon="11.2017425335943698883056640625">
        <ele>582.4000244140625</ele>
        <time>2023-09-05T06:57:28.000Z</time>
        <extensions>
          <ns3:TrackPointExtension>
            <ns3:atemp>24.0</ns3:atemp>
            <ns3:hr>154</ns3:hr>
          </ns3:TrackPointExtension>
        </extensions>
      </trkpt>
      <trkpt lat="48.06362223811447620391845703125" lon="11.20177916251122951507568359375">
        <ele>582.20001220703125</ele>
        <time>2023-09-05T06:57:30.000Z</time>
        <extensions>
          <ns3:TrackPointExtension>
            <ns3:atemp>24.0</ns3:atemp>
            <ns3:hr>153</ns3:hr>
          </ns3:TrackPointExtension>
        </extensions>
      </trkpt>
      <trkpt lat="48.06361553259193897247314453125" lon="11.20185376144945621490478515625">
        <ele>582</ele>
        <time>2023-09-05T06:57:32.000Z</time>
        <extensions>
          <ns3:TrackPointExtension>
            <ns3:atemp>24.0</ns3:atemp>
            <ns3:hr>153</ns3:hr>
          </ns3:TrackPointExtension>
        </extensions>
      </trkpt>
      <trkpt lat="48.0636199750006198883056640625" lon="11.20196607895195484161376953125">
        <ele>582</ele>
        <time>2023-09-05T06:57:35.000Z</time>
        <extensions>
          <ns3:TrackPointExtension>
            <ns3:atemp>24.0</ns3:atemp>
            <ns3:hr>151</ns3:hr>
          </ns3:TrackPointExtension>
        </extensions>
      </trkpt>
      <trkpt lat="48.06368677876889705657958984375" lon="11.20220982469618320465087890625">
        <ele>582.79998779296875</ele>
        <time>2023-09-05T06:57:42.000Z</time>
        <extensions>
          <ns3:TrackPointExtension>
            <ns3:atemp>24.0</ns3:atemp>
            <ns3:hr>150</ns3:hr>
          </ns3:TrackPointExtension>
        </extensions>
      </trkpt>
      <trkpt lat="48.06370371021330356597900390625" lon="11.20240327902138233184814453125">
        <ele>583.5999755859375</ele>
        <time>2023-09-05T06:57:47.000Z</time>
        <extensions>
          <ns3:TrackPointExtension>
            <ns3:atemp>23.0</ns3:atemp>
            <ns3:hr>148</ns3:hr>
          </ns3:TrackPointExtension>
        </extensions>
      </trkpt>
      <trkpt lat="48.06371024809777736663818359375" lon="11.20248206891119480133056640625">
        <ele>583.79998779296875</ele>
        <time>2023-09-05T06:57:49.000Z</time>
        <extensions>
          <ns3:TrackPointExtension>
            <ns3:atemp>23.0</ns3:atemp>
            <ns3:hr>148</ns3:hr>
          </ns3:TrackPointExtension>
        </extensions>
      </trkpt>
      <trkpt lat="48.063715361058712005615234375" lon="11.2026866711676120758056640625">
        <ele>583.5999755859375</ele>
        <time>2023-09-05T06:57:55.000Z</time>
        <extensions>
          <ns3:TrackPointExtension>
            <ns3:atemp>23.0</ns3:atemp>
            <ns3:hr>149</ns3:hr>
          </ns3:TrackPointExtension>
        </extensions>
      </trkpt>
      <trkpt lat="48.063761629164218902587890625" lon="11.20290820486843585968017578125">
        <ele>584.5999755859375</ele>
        <time>2023-09-05T06:58:01.000Z</time>
        <extensions>
          <ns3:TrackPointExtension>
            <ns3:atemp>23.0</ns3:atemp>
            <ns3:hr>147</ns3:hr>
          </ns3:TrackPointExtension>
        </extensions>
      </trkpt>
      <trkpt lat="48.0637755431234836578369140625" lon="11.20304047130048274993896484375">
        <ele>584.79998779296875</ele>
        <time>2023-09-05T06:58:05.000Z</time>
        <extensions>
          <ns3:TrackPointExtension>
            <ns3:atemp>23.0</ns3:atemp>
            <ns3:hr>147</ns3:hr>
          </ns3:TrackPointExtension>
        </extensions>
      </trkpt>
      <trkpt lat="48.06376037187874317169189453125" lon="11.2032382003962993621826171875">
        <ele>585</ele>
        <time>2023-09-05T06:58:10.000Z</time>
        <extensions>
          <ns3:TrackPointExtension>
            <ns3:atemp>24.0</ns3:atemp>
            <ns3:hr>150</ns3:hr>
          </ns3:TrackPointExtension>
        </extensions>
      </trkpt>
      <trkpt lat="48.06376707740128040313720703125" lon="11.2033508531749248504638671875">
        <ele>585</ele>
        <time>2023-09-05T06:58:13.000Z</time>
        <extensions>
          <ns3:TrackPointExtension>
            <ns3:atemp>24.0</ns3:atemp>
            <ns3:hr>151</ns3:hr>
          </ns3:TrackPointExtension>
        </extensions>
      </trkpt>
      <trkpt lat="48.063782416284084320068359375" lon="11.20350013487040996551513671875">
        <ele>585.20001220703125</ele>
        <time>2023-09-05T06:58:17.000Z</time>
        <extensions>
          <ns3:TrackPointExtension>
            <ns3:atemp>24.0</ns3:atemp>
            <ns3:hr>154</ns3:hr>
          </ns3:TrackPointExtension>
        </extensions>
      </trkpt>
      <trkpt lat="48.06380345486104488372802734375" lon="11.20376408100128173828125">
        <ele>584.79998779296875</ele>
        <time>2023-09-05T06:58:24.000Z</time>
        <extensions>
          <ns3:TrackPointExtension>
            <ns3:atemp>24.0</ns3:atemp>
            <ns3:hr>156</ns3:hr>
          </ns3:TrackPointExtension>
        </extensions>
      </trkpt>
      <trkpt lat="48.063873611390590667724609375" lon="11.2040676735341548919677734375">
        <ele>583.79998779296875</ele>
        <time>2023-09-05T06:58:32.000Z</time>
        <extensions>
          <ns3:TrackPointExtension>
            <ns3:atemp>24.0</ns3:atemp>
            <ns3:hr>156</ns3:hr>
          </ns3:TrackPointExtension>
        </extensions>
      </trkpt>
      <trkpt lat="48.06388727389276027679443359375" lon="11.20414034463465213775634765625">
        <ele>583.4000244140625</ele>
        <time>2023-09-05T06:58:34.000Z</time>
        <extensions>
          <ns3:TrackPointExtension>
            <ns3:atemp>24.0</ns3:atemp>
            <ns3:hr>155</ns3:hr>
          </ns3:TrackPointExtension>
        </extensions>
      </trkpt>
      <trkpt lat="48.06392985396087169647216796875" lon="11.20437269099056720733642578125">
        <ele>582.4000244140625</ele>
        <time>2023-09-05T06:58:40.000Z</time>
        <extensions>
          <ns3:TrackPointExtension>
            <ns3:atemp>24.0</ns3:atemp>
            <ns3:hr>154</ns3:hr>
          </ns3:TrackPointExtension>
        </extensions>
      </trkpt>
      <trkpt lat="48.063938654959201812744140625" lon="11.20440973900258541107177734375">
        <ele>582.4000244140625</ele>
        <time>2023-09-05T06:58:41.000Z</time>
        <extensions>
          <ns3:TrackPointExtension>
            <ns3:atemp>24.0</ns3:atemp>
            <ns3:hr>153</ns3:hr>
          </ns3:TrackPointExtension>
        </extensions>
      </trkpt>
      <trkpt lat="48.06396924890577793121337890625" lon="11.204569078981876373291015625">
        <ele>582.20001220703125</ele>
        <time>2023-09-05T06:58:45.000Z</time>
        <extensions>
          <ns3:TrackPointExtension>
            <ns3:atemp>24.0</ns3:atemp>
            <ns3:hr>150</ns3:hr>
          </ns3:TrackPointExtension>
        </extensions>
      </trkpt>
      <trkpt lat="48.0639673210680484771728515625" lon="11.20463739149272441864013671875">
        <ele>581.79998779296875</ele>
        <time>2023-09-05T06:58:47.000Z</time>
        <extensions>
          <ns3:TrackPointExtension>
            <ns3:atemp>24.0</ns3:atemp>
            <ns3:hr>148</ns3:hr>
          </ns3:TrackPointExtension>
        </extensions>
      </trkpt>
      <trkpt lat="48.06393404491245746612548828125" lon="11.20484911836683750152587890625">
        <ele>581.4000244140625</ele>
        <time>2023-09-05T06:58:52.000Z</time>
        <extensions>
          <ns3:TrackPointExtension>
            <ns3:atemp>24.0</ns3:atemp>
            <ns3:hr>146</ns3:hr>
          </ns3:TrackPointExtension>
        </extensions>
      </trkpt>
      <trkpt lat="48.0639227293431758880615234375" lon="11.20488993823528289794921875">
        <ele>581.20001220703125</ele>
        <time>2023-09-05T06:58:53.000Z</time>
        <extensions>
          <ns3:TrackPointExtension>
            <ns3:atemp>24.0</ns3:atemp>
            <ns3:hr>146</ns3:hr>
          </ns3:TrackPointExtension>
        </extensions>
      </trkpt>
      <trkpt lat="48.06379104964435100555419921875" lon="11.2051945365965366363525390625">
        <ele>580.20001220703125</ele>
        <time>2023-09-05T06:59:01.000Z</time>
        <extensions>
          <ns3:TrackPointExtension>
            <ns3:atemp>24.0</ns3:atemp>
            <ns3:hr>147</ns3:hr>
          </ns3:TrackPointExtension>
        </extensions>
      </trkpt>
      <trkpt lat="48.063596673309803009033203125" lon="11.20536996982991695404052734375">
        <ele>579.20001220703125</ele>
        <time>2023-09-05T06:59:08.000Z</time>
        <extensions>
          <ns3:TrackPointExtension>
            <ns3:atemp>24.0</ns3:atemp>
            <ns3:hr>147</ns3:hr>
          </ns3:TrackPointExtension>
        </extensions>
      </trkpt>
      <trkpt lat="48.06342978961765766143798828125" lon="11.20546971447765827178955078125">
        <ele>578.4000244140625</ele>
        <time>2023-09-05T06:59:15.000Z</time>
        <extensions>
          <ns3:TrackPointExtension>
            <ns3:atemp>24.0</ns3:atemp>
            <ns3:hr>150</ns3:hr>
          </ns3:TrackPointExtension>
        </extensions>
      </trkpt>
      <trkpt lat="48.0633896403014659881591796875" lon="11.2055008113384246826171875">
        <ele>578</ele>
        <time>2023-09-05T06:59:17.000Z</time>
        <extensions>
          <ns3:TrackPointExtension>
            <ns3:atemp>24.0</ns3:atemp>
            <ns3:hr>151</ns3:hr>
          </ns3:TrackPointExtension>
        </extensions>
      </trkpt>
      <trkpt lat="48.06330590508878231048583984375" lon="11.2056149728596210479736328125">
        <ele>577.4000244140625</ele>
        <time>2023-09-05T06:59:21.000Z</time>
        <extensions>
          <ns3:TrackPointExtension>
            <ns3:atemp>24.0</ns3:atemp>
            <ns3:hr>151</ns3:hr>
          </ns3:TrackPointExtension>
        </extensions>
      </trkpt>
      <trkpt lat="48.06325259618461132049560546875" lon="11.2057797610759735107421875">
        <ele>577</ele>
        <time>2023-09-05T06:59:26.000Z</time>
        <extensions>
          <ns3:TrackPointExtension>
            <ns3:atemp>24.0</ns3:atemp>
            <ns3:hr>151</ns3:hr>
          </ns3:TrackPointExtension>
        </extensions>
      </trkpt>
      <trkpt lat="48.0632481537759304046630859375" lon="11.205823682248592376708984375">
        <ele>576.79998779296875</ele>
        <time>2023-09-05T06:59:27.000Z</time>
        <extensions>
          <ns3:TrackPointExtension>
            <ns3:atemp>24.0</ns3:atemp>
            <ns3:hr>151</ns3:hr>
          </ns3:TrackPointExtension>
        </extensions>
      </trkpt>
      <trkpt lat="48.063223846256732940673828125" lon="11.20613850653171539306640625">
        <ele>576.79998779296875</ele>
        <time>2023-09-05T06:59:34.000Z</time>
        <extensions>
          <ns3:TrackPointExtension>
            <ns3:atemp>24.0</ns3:atemp>
            <ns3:hr>152</ns3:hr>
          </ns3:TrackPointExtension>
        </extensions>
      </trkpt>
      <trkpt lat="48.0632213316857814788818359375" lon="11.206180751323699951171875">
        <ele>576.79998779296875</ele>
        <time>2023-09-05T06:59:35.000Z</time>
        <extensions>
          <ns3:TrackPointExtension>
            <ns3:atemp>24.0</ns3:atemp>
            <ns3:hr>152</ns3:hr>
          </ns3:TrackPointExtension>
        </extensions>
      </trkpt>
      <trkpt lat="48.06316852569580078125" lon="11.20647068135440349578857421875">
        <ele>577</ele>
        <time>2023-09-05T06:59:42.000Z</time>
        <extensions>
          <ns3:TrackPointExtension>
            <ns3:atemp>24.0</ns3:atemp>
            <ns3:hr>155</ns3:hr>
          </ns3:TrackPointExtension>
        </extensions>
      </trkpt>
      <trkpt lat="48.0631532706320285797119140625" lon="11.20654352009296417236328125">
        <ele>577</ele>
        <time>2023-09-05T06:59:44.000Z</time>
        <extensions>
          <ns3:TrackPointExtension>
            <ns3:atemp>24.0</ns3:atemp>
            <ns3:hr>155</ns3:hr>
          </ns3:TrackPointExtension>
        </extensions>
      </trkpt>
      <trkpt lat="48.06311949156224727630615234375" lon="11.20677444152534008026123046875">
        <ele>577</ele>
        <time>2023-09-05T06:59:50.000Z</time>
        <extensions>
          <ns3:TrackPointExtension>
            <ns3:atemp>24.0</ns3:atemp>
            <ns3:hr>154</ns3:hr>
          </ns3:TrackPointExtension>
        </extensions>
      </trkpt>
      <trkpt lat="48.06304271332919597625732421875" lon="11.20709203183650970458984375">
        <ele>577.20001220703125</ele>
        <time>2023-09-05T06:59:59.000Z</time>
        <extensions>
          <ns3:TrackPointExtension>
            <ns3:atemp>24.0</ns3:atemp>
            <ns3:hr>153</ns3:hr>
          </ns3:TrackPointExtension>
        </extensions>
      </trkpt>
      <trkpt lat="48.06299879215657711029052734375" lon="11.20726796798408031463623046875">
        <ele>578</ele>
        <time>2023-09-05T07:00:05.000Z</time>
        <extensions>
          <ns3:TrackPointExtension>
            <ns3:atemp>24.0</ns3:atemp>
            <ns3:hr>154</ns3:hr>
          </ns3:TrackPointExtension>
        </extensions>
      </trkpt>
      <trkpt lat="48.0629913322627544403076171875" lon="11.20730199851095676422119140625">
        <ele>578.20001220703125</ele>
        <time>2023-09-05T07:00:06.000Z</time>
        <extensions>
          <ns3:TrackPointExtension>
            <ns3:atemp>24.0</ns3:atemp>
            <ns3:hr>154</ns3:hr>
          </ns3:TrackPointExtension>
        </extensions>
      </trkpt>
      <trkpt lat="48.0629490874707698822021484375" lon="11.2075464986264705657958984375">
        <ele>579</ele>
        <time>2023-09-05T07:00:13.000Z</time>
        <extensions>
          <ns3:TrackPointExtension>
            <ns3:atemp>24.0</ns3:atemp>
            <ns3:hr>154</ns3:hr>
          </ns3:TrackPointExtension>
        </extensions>
      </trkpt>
      <trkpt lat="48.06294196285307407379150390625" lon="11.20783525519073009490966796875">
        <ele>580</ele>
        <time>2023-09-05T07:00:21.000Z</time>
        <extensions>
          <ns3:TrackPointExtension>
            <ns3:atemp>25.0</ns3:atemp>
            <ns3:hr>155</ns3:hr>
          </ns3:TrackPointExtension>
        </extensions>
      </trkpt>
      <trkpt lat="48.06301924400031566619873046875" lon="11.20813281275331974029541015625">
        <ele>580.5999755859375</ele>
        <time>2023-09-05T07:00:29.000Z</time>
        <extensions>
          <ns3:TrackPointExtension>
            <ns3:atemp>25.0</ns3:atemp>
            <ns3:hr>157</ns3:hr>
          </ns3:TrackPointExtension>
        </extensions>
      </trkpt>
      <trkpt lat="48.06306953541934490203857421875" lon="11.20832978747785091400146484375">
        <ele>581</ele>
        <time>2023-09-05T07:00:35.000Z</time>
        <extensions>
          <ns3:TrackPointExtension>
            <ns3:atemp>25.0</ns3:atemp>
            <ns3:hr>158</ns3:hr>
          </ns3:TrackPointExtension>
        </extensions>
      </trkpt>
      <trkpt lat="48.06307305581867694854736328125" lon="11.20836012996733188629150390625">
        <ele>581</ele>
        <time>2023-09-05T07:00:36.000Z</time>
        <extensions>
          <ns3:TrackPointExtension>
            <ns3:atemp>25.0</ns3:atemp>
            <ns3:hr>159</ns3:hr>
          </ns3:TrackPointExtension>
        </extensions>
      </trkpt>
      <trkpt lat="48.063079006969928741455078125" lon="11.20844193734228610992431640625">
        <ele>581.4000244140625</ele>
        <time>2023-09-05T07:00:38.000Z</time>
        <extensions>
          <ns3:TrackPointExtension>
            <ns3:atemp>25.0</ns3:atemp>
            <ns3:hr>159</ns3:hr>
          </ns3:TrackPointExtension>
        </extensions>
      </trkpt>
      <trkpt lat="48.0630706250667572021484375" lon="11.208594404160976409912109375">
        <ele>581.5999755859375</ele>
        <time>2023-09-05T07:00:42.000Z</time>
        <extensions>
          <ns3:TrackPointExtension>
            <ns3:atemp>25.0</ns3:atemp>
            <ns3:hr>161</ns3:hr>
          </ns3:TrackPointExtension>
        </extensions>
      </trkpt>
      <trkpt lat="48.06310859508812427520751953125" lon="11.2088463641703128814697265625">
        <ele>581.5999755859375</ele>
        <time>2023-09-05T07:00:49.000Z</time>
        <extensions>
          <ns3:TrackPointExtension>
            <ns3:atemp>25.0</ns3:atemp>
            <ns3:hr>163</ns3:hr>
          </ns3:TrackPointExtension>
        </extensions>
      </trkpt>
      <trkpt lat="48.06319207884371280670166015625" lon="11.20906052179634571075439453125">
        <ele>581.4000244140625</ele>
        <time>2023-09-05T07:00:55.000Z</time>
        <extensions>
          <ns3:TrackPointExtension>
            <ns3:atemp>25.0</ns3:atemp>
            <ns3:hr>163</ns3:hr>
          </ns3:TrackPointExtension>
        </extensions>
      </trkpt>
      <trkpt lat="48.06324941106140613555908203125" lon="11.20927727781236171722412109375">
        <ele>581.20001220703125</ele>
        <time>2023-09-05T07:01:01.000Z</time>
        <extensions>
          <ns3:TrackPointExtension>
            <ns3:atemp>25.0</ns3:atemp>
            <ns3:hr>163</ns3:hr>
          </ns3:TrackPointExtension>
        </extensions>
      </trkpt>
      <trkpt lat="48.06333817541599273681640625" lon="11.20955337770283222198486328125">
        <ele>581.20001220703125</ele>
        <time>2023-09-05T07:01:09.000Z</time>
        <extensions>
          <ns3:TrackPointExtension>
            <ns3:atemp>25.0</ns3:atemp>
            <ns3:hr>163</ns3:hr>
          </ns3:TrackPointExtension>
        </extensions>
      </trkpt>
      <trkpt lat="48.06342794559895992279052734375" lon="11.20983324944972991943359375">
        <ele>581.4000244140625</ele>
        <time>2023-09-05T07:01:16.000Z</time>
        <extensions>
          <ns3:TrackPointExtension>
            <ns3:atemp>25.0</ns3:atemp>
            <ns3:hr>163</ns3:hr>
          </ns3:TrackPointExtension>
        </extensions>
      </trkpt>
      <trkpt lat="48.063503801822662353515625" lon="11.210022009909152984619140625">
        <ele>581.5999755859375</ele>
        <time>2023-09-05T07:01:22.000Z</time>
        <extensions>
          <ns3:TrackPointExtension>
            <ns3:atemp>25.0</ns3:atemp>
            <ns3:hr>163</ns3:hr>
          </ns3:TrackPointExtension>
        </extensions>
      </trkpt>
      <trkpt lat="48.06357496418058872222900390625" lon="11.210198365151882171630859375">
        <ele>581.5999755859375</ele>
        <time>2023-09-05T07:01:27.000Z</time>
        <extensions>
          <ns3:TrackPointExtension>
            <ns3:atemp>25.0</ns3:atemp>
            <ns3:hr>162</ns3:hr>
          </ns3:TrackPointExtension>
        </extensions>
      </trkpt>
      <trkpt lat="48.0636793188750743865966796875" lon="11.2105163745582103729248046875">
        <ele>581.5999755859375</ele>
        <time>2023-09-05T07:01:36.000Z</time>
        <extensions>
          <ns3:TrackPointExtension>
            <ns3:atemp>25.0</ns3:atemp>
            <ns3:hr>160</ns3:hr>
          </ns3:TrackPointExtension>
        </extensions>
      </trkpt>
      <trkpt lat="48.063759617507457733154296875" lon="11.2109123356640338897705078125">
        <ele>581.79998779296875</ele>
        <time>2023-09-05T07:01:46.000Z</time>
        <extensions>
          <ns3:TrackPointExtension>
            <ns3:atemp>25.0</ns3:atemp>
            <ns3:hr>158</ns3:hr>
          </ns3:TrackPointExtension>
        </extensions>
      </trkpt>
      <trkpt lat="48.063783757388591766357421875" lon="11.2111146748065948486328125">
        <ele>582.20001220703125</ele>
        <time>2023-09-05T07:01:51.000Z</time>
        <extensions>
          <ns3:TrackPointExtension>
            <ns3:atemp>25.0</ns3:atemp>
            <ns3:hr>157</ns3:hr>
          </ns3:TrackPointExtension>
        </extensions>
      </trkpt>
      <trkpt lat="48.06378719396889209747314453125" lon="11.2113143317401409149169921875">
        <ele>582.5999755859375</ele>
        <time>2023-09-05T07:01:56.000Z</time>
        <extensions>
          <ns3:TrackPointExtension>
            <ns3:atemp>25.0</ns3:atemp>
            <ns3:hr>157</ns3:hr>
          </ns3:TrackPointExtension>
        </extensions>
      </trkpt>
      <trkpt lat="48.06379205547273159027099609375" lon="11.21146537363529205322265625">
        <ele>583.4000244140625</ele>
        <time>2023-09-05T07:02:00.000Z</time>
        <extensions>
          <ns3:TrackPointExtension>
            <ns3:atemp>25.0</ns3:atemp>
            <ns3:hr>157</ns3:hr>
          </ns3:TrackPointExtension>
        </extensions>
      </trkpt>
      <trkpt lat="48.0638047121465206146240234375" lon="11.2116154097020626068115234375">
        <ele>584.4000244140625</ele>
        <time>2023-09-05T07:02:04.000Z</time>
        <extensions>
          <ns3:TrackPointExtension>
            <ns3:atemp>25.0</ns3:atemp>
            <ns3:hr>157</ns3:hr>
          </ns3:TrackPointExtension>
        </extensions>
      </trkpt>
      <trkpt lat="48.06382943876087665557861328125" lon="11.21175262145698070526123046875">
        <ele>585.4000244140625</ele>
        <time>2023-09-05T07:02:08.000Z</time>
        <extensions>
          <ns3:TrackPointExtension>
            <ns3:atemp>25.0</ns3:atemp>
            <ns3:hr>159</ns3:hr>
          </ns3:TrackPointExtension>
        </extensions>
      </trkpt>
      <trkpt lat="48.0638368986546993255615234375" lon="11.21182085014879703521728515625">
        <ele>586.20001220703125</ele>
        <time>2023-09-05T07:02:10.000Z</time>
        <extensions>
          <ns3:TrackPointExtension>
            <ns3:atemp>25.0</ns3:atemp>
            <ns3:hr>159</ns3:hr>
          </ns3:TrackPointExtension>
        </extensions>
      </trkpt>
      <trkpt lat="48.06384754367172718048095703125" lon="11.2119010649621486663818359375">
        <ele>586.5999755859375</ele>
        <time>2023-09-05T07:02:12.000Z</time>
        <extensions>
          <ns3:TrackPointExtension>
            <ns3:atemp>25.0</ns3:atemp>
            <ns3:hr>160</ns3:hr>
          </ns3:TrackPointExtension>
        </extensions>
      </trkpt>
      <trkpt lat="48.06387788616120815277099609375" lon="11.21209443546831607818603515625">
        <ele>587.20001220703125</ele>
        <time>2023-09-05T07:02:17.000Z</time>
        <extensions>
          <ns3:TrackPointExtension>
            <ns3:atemp>25.0</ns3:atemp>
            <ns3:hr>163</ns3:hr>
          </ns3:TrackPointExtension>
        </extensions>
      </trkpt>
      <trkpt lat="48.06391107849776744842529296875" lon="11.21235494501888751983642578125">
        <ele>587.20001220703125</ele>
        <time>2023-09-05T07:02:24.000Z</time>
        <extensions>
          <ns3:TrackPointExtension>
            <ns3:atemp>25.0</ns3:atemp>
            <ns3:hr>166</ns3:hr>
          </ns3:TrackPointExtension>
        </extensions>
      </trkpt>
      <trkpt lat="48.0639237351715564727783203125" lon="11.2124740518629550933837890625">
        <ele>587.20001220703125</ele>
        <time>2023-09-05T07:02:27.000Z</time>
        <extensions>
          <ns3:TrackPointExtension>
            <ns3:atemp>25.0</ns3:atemp>
            <ns3:hr>166</ns3:hr>
          </ns3:TrackPointExtension>
        </extensions>
      </trkpt>
      <trkpt lat="48.06393387727439403533935546875" lon="11.2126542627811431884765625">
        <ele>587.5999755859375</ele>
        <time>2023-09-05T07:02:32.000Z</time>
        <extensions>
          <ns3:TrackPointExtension>
            <ns3:atemp>25.0</ns3:atemp>
            <ns3:hr>167</ns3:hr>
          </ns3:TrackPointExtension>
        </extensions>
      </trkpt>
      <trkpt lat="48.06393438018858432769775390625" lon="11.21272467076778411865234375">
        <ele>588</ele>
        <time>2023-09-05T07:02:34.000Z</time>
        <extensions>
          <ns3:TrackPointExtension>
            <ns3:atemp>25.0</ns3:atemp>
            <ns3:hr>168</ns3:hr>
          </ns3:TrackPointExtension>
        </extensions>
      </trkpt>
      <trkpt lat="48.06393672712147235870361328125" lon="11.21287311427295207977294921875">
        <ele>588.5999755859375</ele>
        <time>2023-09-05T07:02:38.000Z</time>
        <extensions>
          <ns3:TrackPointExtension>
            <ns3:atemp>25.0</ns3:atemp>
            <ns3:hr>169</ns3:hr>
          </ns3:TrackPointExtension>
        </extensions>
      </trkpt>
      <trkpt lat="48.0639371462166309356689453125" lon="11.21295609511435031890869140625">
        <ele>589</ele>
        <time>2023-09-05T07:02:40.000Z</time>
        <extensions>
          <ns3:TrackPointExtension>
            <ns3:atemp>25.0</ns3:atemp>
            <ns3:hr>169</ns3:hr>
          </ns3:TrackPointExtension>
        </extensions>
      </trkpt>
      <trkpt lat="48.06393806822597980499267578125" lon="11.21303086169064044952392578125">
        <ele>589.5999755859375</ele>
        <time>2023-09-05T07:02:42.000Z</time>
        <extensions>
          <ns3:TrackPointExtension>
            <ns3:atemp>25.0</ns3:atemp>
            <ns3:hr>169</ns3:hr>
          </ns3:TrackPointExtension>
        </extensions>
      </trkpt>
      <trkpt lat="48.0639431811869144439697265625" lon="11.21310428716242313385009765625">
        <ele>589.79998779296875</ele>
        <time>2023-09-05T07:02:44.000Z</time>
        <extensions>
          <ns3:TrackPointExtension>
            <ns3:atemp>25.0</ns3:atemp>
            <ns3:hr>169</ns3:hr>
          </ns3:TrackPointExtension>
        </extensions>
      </trkpt>
      <trkpt lat="48.0639726854860782623291015625" lon="11.213305033743381500244140625">
        <ele>591</ele>
        <time>2023-09-05T07:02:50.000Z</time>
        <extensions>
          <ns3:TrackPointExtension>
            <ns3:atemp>25.0</ns3:atemp>
            <ns3:hr>169</ns3:hr>
          </ns3:TrackPointExtension>
        </extensions>
      </trkpt>
      <trkpt lat="48.064036555588245391845703125" lon="11.2134805507957935333251953125">
        <ele>591.79998779296875</ele>
        <time>2023-09-05T07:02:56.000Z</time>
        <extensions>
          <ns3:TrackPointExtension>
            <ns3:atemp>25.0</ns3:atemp>
            <ns3:hr>169</ns3:hr>
          </ns3:TrackPointExtension>
        </extensions>
      </trkpt>
      <trkpt lat="48.06408693082630634307861328125" lon="11.2135459296405315399169921875">
        <ele>592.20001220703125</ele>
        <time>2023-09-05T07:02:59.000Z</time>
        <extensions>
          <ns3:TrackPointExtension>
            <ns3:atemp>25.0</ns3:atemp>
            <ns3:hr>169</ns3:hr>
          </ns3:TrackPointExtension>
        </extensions>
      </trkpt>
      <trkpt lat="48.06413386948406696319580078125" lon="11.213643662631511688232421875">
        <ele>592.79998779296875</ele>
        <time>2023-09-05T07:03:03.000Z</time>
        <extensions>
          <ns3:TrackPointExtension>
            <ns3:atemp>25.0</ns3:atemp>
            <ns3:hr>169</ns3:hr>
          </ns3:TrackPointExtension>
        </extensions>
      </trkpt>
      <trkpt lat="48.06414543651044368743896484375" lon="11.213712729513645172119140625">
        <ele>593.20001220703125</ele>
        <time>2023-09-05T07:03:05.000Z</time>
        <extensions>
          <ns3:TrackPointExtension>
            <ns3:atemp>25.0</ns3:atemp>
            <ns3:hr>169</ns3:hr>
          </ns3:TrackPointExtension>
        </extensions>
      </trkpt>
      <trkpt lat="48.06413881480693817138671875" lon="11.21395102702081203460693359375">
        <ele>593.79998779296875</ele>
        <time>2023-09-05T07:03:12.000Z</time>
        <extensions>
          <ns3:TrackPointExtension>
            <ns3:atemp>25.0</ns3:atemp>
            <ns3:hr>168</ns3:hr>
          </ns3:TrackPointExtension>
        </extensions>
      </trkpt>
      <trkpt lat="48.0641220510005950927734375" lon="11.21407248079776763916015625">
        <ele>594.20001220703125</ele>
        <time>2023-09-05T07:03:16.000Z</time>
        <extensions>
          <ns3:TrackPointExtension>
            <ns3:atemp>25.0</ns3:atemp>
            <ns3:hr>167</ns3:hr>
          </ns3:TrackPointExtension>
        </extensions>
      </trkpt>
      <trkpt lat="48.06413370184600353240966796875" lon="11.21417800895869731903076171875">
        <ele>594.5999755859375</ele>
        <time>2023-09-05T07:03:19.000Z</time>
        <extensions>
          <ns3:TrackPointExtension>
            <ns3:atemp>25.0</ns3:atemp>
            <ns3:hr>167</ns3:hr>
          </ns3:TrackPointExtension>
        </extensions>
      </trkpt>
      <trkpt lat="48.06419136933982372283935546875" lon="11.2144307233393192291259765625">
        <ele>595.20001220703125</ele>
        <time>2023-09-05T07:03:27.000Z</time>
        <extensions>
          <ns3:TrackPointExtension>
            <ns3:atemp>25.0</ns3:atemp>
            <ns3:hr>165</ns3:hr>
          </ns3:TrackPointExtension>
        </extensions>
      </trkpt>
      <trkpt lat="48.06418240070343017578125" lon="11.21467555873095989227294921875">
        <ele>596</ele>
        <time>2023-09-05T07:03:35.000Z</time>
        <extensions>
          <ns3:TrackPointExtension>
            <ns3:atemp>25.0</ns3:atemp>
            <ns3:hr>163</ns3:hr>
          </ns3:TrackPointExtension>
        </extensions>
      </trkpt>
      <trkpt lat="48.06418902240693569183349609375" lon="11.2147804163396358489990234375">
        <ele>596.4000244140625</ele>
        <time>2023-09-05T07:03:38.000Z</time>
        <extensions>
          <ns3:TrackPointExtension>
            <ns3:atemp>25.0</ns3:atemp>
            <ns3:hr>163</ns3:hr>
          </ns3:TrackPointExtension>
        </extensions>
      </trkpt>
      <trkpt lat="48.06419916450977325439453125" lon="11.2149205617606639862060546875">
        <ele>596.79998779296875</ele>
        <time>2023-09-05T07:03:42.000Z</time>
        <extensions>
          <ns3:TrackPointExtension>
            <ns3:atemp>25.0</ns3:atemp>
            <ns3:hr>162</ns3:hr>
          </ns3:TrackPointExtension>
        </extensions>
      </trkpt>
      <trkpt lat="48.06422556750476360321044921875" lon="11.21507202275097370147705078125">
        <ele>597.4000244140625</ele>
        <time>2023-09-05T07:03:47.000Z</time>
        <extensions>
          <ns3:TrackPointExtension>
            <ns3:atemp>25.0</ns3:atemp>
            <ns3:hr>161</ns3:hr>
          </ns3:TrackPointExtension>
        </extensions>
      </trkpt>
      <trkpt lat="48.06422975845634937286376953125" lon="11.21511259116232395172119140625">
        <ele>597.79998779296875</ele>
        <time>2023-09-05T07:03:48.000Z</time>
        <extensions>
          <ns3:TrackPointExtension>
            <ns3:atemp>25.0</ns3:atemp>
            <ns3:hr>161</ns3:hr>
          </ns3:TrackPointExtension>
        </extensions>
      </trkpt>
      <trkpt lat="48.06424685753881931304931640625" lon="11.21527670882642269134521484375">
        <ele>598.79998779296875</ele>
        <time>2023-09-05T07:03:52.000Z</time>
        <extensions>
          <ns3:TrackPointExtension>
            <ns3:atemp>25.0</ns3:atemp>
            <ns3:hr>161</ns3:hr>
          </ns3:TrackPointExtension>
        </extensions>
      </trkpt>
      <trkpt lat="48.0642918683588504791259765625" lon="11.2154033593833446502685546875">
        <ele>599.4000244140625</ele>
        <time>2023-09-05T07:03:56.000Z</time>
        <extensions>
          <ns3:TrackPointExtension>
            <ns3:atemp>25.0</ns3:atemp>
            <ns3:hr>161</ns3:hr>
          </ns3:TrackPointExtension>
        </extensions>
      </trkpt>
      <trkpt lat="48.064313493669033050537109375" lon="11.21552397496998310089111328125">
        <ele>599.79998779296875</ele>
        <time>2023-09-05T07:04:00.000Z</time>
        <extensions>
          <ns3:TrackPointExtension>
            <ns3:atemp>25.0</ns3:atemp>
            <ns3:hr>161</ns3:hr>
          </ns3:TrackPointExtension>
        </extensions>
      </trkpt>
      <trkpt lat="48.06432665325701236724853515625" lon="11.21555414982140064239501953125">
        <ele>600</ele>
        <time>2023-09-05T07:04:01.000Z</time>
        <extensions>
          <ns3:TrackPointExtension>
            <ns3:atemp>25.0</ns3:atemp>
            <ns3:hr>161</ns3:hr>
          </ns3:TrackPointExtension>
        </extensions>
      </trkpt>
      <trkpt lat="48.0643901042640209197998046875" lon="11.2157235480844974517822265625">
        <ele>600.79998779296875</ele>
        <time>2023-09-05T07:04:06.000Z</time>
        <extensions>
          <ns3:TrackPointExtension>
            <ns3:atemp>25.0</ns3:atemp>
            <ns3:hr>161</ns3:hr>
          </ns3:TrackPointExtension>
        </extensions>
      </trkpt>
      <trkpt lat="48.06441734544932842254638671875" lon="11.21580460108816623687744140625">
        <ele>601.20001220703125</ele>
        <time>2023-09-05T07:04:09.000Z</time>
        <extensions>
          <ns3:TrackPointExtension>
            <ns3:atemp>25.0</ns3:atemp>
            <ns3:hr>162</ns3:hr>
          </ns3:TrackPointExtension>
        </extensions>
      </trkpt>
      <trkpt lat="48.0644574947655200958251953125" lon="11.21589370071887969970703125">
        <ele>602</ele>
        <time>2023-09-05T07:04:12.000Z</time>
        <extensions>
          <ns3:TrackPointExtension>
            <ns3:atemp>25.0</ns3:atemp>
            <ns3:hr>163</ns3:hr>
          </ns3:TrackPointExtension>
        </extensions>
      </trkpt>
      <trkpt lat="48.06451340205967426300048828125" lon="11.21599470265209674835205078125">
        <ele>602.5999755859375</ele>
        <time>2023-09-05T07:04:16.000Z</time>
        <extensions>
          <ns3:TrackPointExtension>
            <ns3:atemp>25.0</ns3:atemp>
            <ns3:hr>163</ns3:hr>
          </ns3:TrackPointExtension>
        </extensions>
      </trkpt>
      <trkpt lat="48.0645386315882205963134765625" lon="11.21605731546878814697265625">
        <ele>603</ele>
        <time>2023-09-05T07:04:18.000Z</time>
        <extensions>
          <ns3:TrackPointExtension>
            <ns3:atemp>25.0</ns3:atemp>
            <ns3:hr>163</ns3:hr>
          </ns3:TrackPointExtension>
        </extensions>
      </trkpt>
      <trkpt lat="48.06455849669873714447021484375" lon="11.21610316447913646697998046875">
        <ele>603.4000244140625</ele>
        <time>2023-09-05T07:04:20.000Z</time>
        <extensions>
          <ns3:TrackPointExtension>
            <ns3:atemp>25.0</ns3:atemp>
            <ns3:hr>163</ns3:hr>
          </ns3:TrackPointExtension>
        </extensions>
      </trkpt>
      <trkpt lat="48.0645741708576679229736328125" lon="11.2161319144070148468017578125">
        <ele>604</ele>
        <time>2023-09-05T07:04:22.000Z</time>
        <extensions>
          <ns3:TrackPointExtension>
            <ns3:atemp>25.0</ns3:atemp>
            <ns3:hr>163</ns3:hr>
          </ns3:TrackPointExtension>
        </extensions>
      </trkpt>
      <trkpt lat="48.0645902641117572784423828125" lon="11.21612076647579669952392578125">
        <ele>604.4000244140625</ele>
        <time>2023-09-05T07:04:24.000Z</time>
        <extensions>
          <ns3:TrackPointExtension>
            <ns3:atemp>25.0</ns3:atemp>
            <ns3:hr>163</ns3:hr>
          </ns3:TrackPointExtension>
        </extensions>
      </trkpt>
      <trkpt lat="48.06459235958755016326904296875" lon="11.21610081754624843597412109375">
        <ele>604.4000244140625</ele>
        <time>2023-09-05T07:04:26.000Z</time>
        <extensions>
          <ns3:TrackPointExtension>
            <ns3:atemp>25.0</ns3:atemp>
            <ns3:hr>163</ns3:hr>
          </ns3:TrackPointExtension>
        </extensions>
      </trkpt>
      <trkpt lat="48.06458934210240840911865234375" lon="11.2160900048911571502685546875">
        <ele>604.4000244140625</ele>
        <time>2023-09-05T07:04:28.000Z</time>
        <extensions>
          <ns3:TrackPointExtension>
            <ns3:atemp>25.0</ns3:atemp>
            <ns3:hr>164</ns3:hr>
          </ns3:TrackPointExtension>
        </extensions>
      </trkpt>
      <trkpt lat="48.06457308121025562286376953125" lon="11.21607868932187557220458984375">
        <ele>604.4000244140625</ele>
        <time>2023-09-05T07:04:32.000Z</time>
        <extensions>
          <ns3:TrackPointExtension>
            <ns3:atemp>25.0</ns3:atemp>
            <ns3:hr>163</ns3:hr>
          </ns3:TrackPointExtension>
        </extensions>
      </trkpt>
      <trkpt lat="48.06455614976584911346435546875" lon="11.21608187444508075714111328125">
        <ele>604.4000244140625</ele>
        <time>2023-09-05T07:04:35.000Z</time>
        <extensions>
          <ns3:TrackPointExtension>
            <ns3:atemp>25.0</ns3:atemp>
            <ns3:hr>163</ns3:hr>
          </ns3:TrackPointExtension>
        </extensions>
      </trkpt>
      <trkpt lat="48.064583726227283477783203125" lon="11.21609746478497982025146484375">
        <ele>604.79998779296875</ele>
        <time>2023-09-05T07:04:56.000Z</time>
        <extensions>
          <ns3:TrackPointExtension>
            <ns3:atemp>25.0</ns3:atemp>
            <ns3:hr>158</ns3:hr>
          </ns3:TrackPointExtension>
        </extensions>
      </trkpt>
      <trkpt lat="48.0645694769918918609619140625" lon="11.21614859439432621002197265625">
        <ele>604.79998779296875</ele>
        <time>2023-09-05T07:04:58.000Z</time>
        <extensions>
          <ns3:TrackPointExtension>
            <ns3:atemp>25.0</ns3:atemp>
            <ns3:hr>156</ns3:hr>
          </ns3:TrackPointExtension>
        </extensions>
      </trkpt>
      <trkpt lat="48.064562268555164337158203125" lon="11.216198466718196868896484375">
        <ele>605</ele>
        <time>2023-09-05T07:05:00.000Z</time>
        <extensions>
          <ns3:TrackPointExtension>
            <ns3:atemp>25.0</ns3:atemp>
            <ns3:hr>155</ns3:hr>
          </ns3:TrackPointExtension>
        </extensions>
      </trkpt>
      <trkpt lat="48.0645543895661830902099609375" lon="11.21624180115759372711181640625">
        <ele>605.79998779296875</ele>
        <time>2023-09-05T07:05:02.000Z</time>
        <extensions>
          <ns3:TrackPointExtension>
            <ns3:atemp>25.0</ns3:atemp>
            <ns3:hr>154</ns3:hr>
          </ns3:TrackPointExtension>
        </extensions>
      </trkpt>
      <trkpt lat="48.0645567364990711212158203125" lon="11.21627968735992908477783203125">
        <ele>606</ele>
        <time>2023-09-05T07:05:04.000Z</time>
        <extensions>
          <ns3:TrackPointExtension>
            <ns3:atemp>25.0</ns3:atemp>
            <ns3:hr>153</ns3:hr>
          </ns3:TrackPointExtension>
        </extensions>
      </trkpt>
      <trkpt lat="48.064576350152492523193359375" lon="11.21633903123438358306884765625">
        <ele>605.5999755859375</ele>
        <time>2023-09-05T07:05:07.000Z</time>
        <extensions>
          <ns3:TrackPointExtension>
            <ns3:atemp>25.0</ns3:atemp>
            <ns3:hr>155</ns3:hr>
          </ns3:TrackPointExtension>
        </extensions>
      </trkpt>
      <trkpt lat="48.06458808481693267822265625" lon="11.21637473814189434051513671875">
        <ele>605</ele>
        <time>2023-09-05T07:05:08.000Z</time>
        <extensions>
          <ns3:TrackPointExtension>
            <ns3:atemp>25.0</ns3:atemp>
            <ns3:hr>154</ns3:hr>
          </ns3:TrackPointExtension>
        </extensions>
      </trkpt>
      <trkpt lat="48.06461130268871784210205078125" lon="11.216505579650402069091796875">
        <ele>604.20001220703125</ele>
        <time>2023-09-05T07:05:12.000Z</time>
        <extensions>
          <ns3:TrackPointExtension>
            <ns3:atemp>25.0</ns3:atemp>
            <ns3:hr>154</ns3:hr>
          </ns3:TrackPointExtension>
        </extensions>
      </trkpt>
      <trkpt lat="48.06463795714080333709716796875" lon="11.21657959185540676116943359375">
        <ele>603.79998779296875</ele>
        <time>2023-09-05T07:05:14.000Z</time>
        <extensions>
          <ns3:TrackPointExtension>
            <ns3:atemp>25.0</ns3:atemp>
            <ns3:hr>154</ns3:hr>
          </ns3:TrackPointExtension>
        </extensions>
      </trkpt>
      <trkpt lat="48.06467852555215358734130859375" lon="11.2166856229305267333984375">
        <ele>602.5999755859375</ele>
        <time>2023-09-05T07:05:17.000Z</time>
        <extensions>
          <ns3:TrackPointExtension>
            <ns3:atemp>25.0</ns3:atemp>
            <ns3:hr>153</ns3:hr>
          </ns3:TrackPointExtension>
        </extensions>
      </trkpt>
      <trkpt lat="48.06473015807569026947021484375" lon="11.21682845056056976318359375">
        <ele>601.5999755859375</ele>
        <time>2023-09-05T07:05:21.000Z</time>
        <extensions>
          <ns3:TrackPointExtension>
            <ns3:atemp>25.0</ns3:atemp>
            <ns3:hr>152</ns3:hr>
          </ns3:TrackPointExtension>
        </extensions>
      </trkpt>
      <trkpt lat="48.06476888246834278106689453125" lon="11.2169157899916172027587890625">
        <ele>601</ele>
        <time>2023-09-05T07:05:23.000Z</time>
        <extensions>
          <ns3:TrackPointExtension>
            <ns3:atemp>25.0</ns3:atemp>
            <ns3:hr>149</ns3:hr>
          </ns3:TrackPointExtension>
        </extensions>
      </trkpt>
      <trkpt lat="48.0647994764149188995361328125" lon="11.21698074974119663238525390625">
        <ele>600.4000244140625</ele>
        <time>2023-09-05T07:05:25.000Z</time>
        <extensions>
          <ns3:TrackPointExtension>
            <ns3:atemp>25.0</ns3:atemp>
            <ns3:hr>147</ns3:hr>
          </ns3:TrackPointExtension>
        </extensions>
      </trkpt>
      <trkpt lat="48.06481163017451763153076171875" lon="11.217004470527172088623046875">
        <ele>599.79998779296875</ele>
        <time>2023-09-05T07:05:26.000Z</time>
        <extensions>
          <ns3:TrackPointExtension>
            <ns3:atemp>25.0</ns3:atemp>
            <ns3:hr>142</ns3:hr>
          </ns3:TrackPointExtension>
        </extensions>
      </trkpt>
      <trkpt lat="48.064832501113414764404296875" lon="11.217040009796619415283203125">
        <ele>599.4000244140625</ele>
        <time>2023-09-05T07:05:27.000Z</time>
        <extensions>
          <ns3:TrackPointExtension>
            <ns3:atemp>25.0</ns3:atemp>
            <ns3:hr>142</ns3:hr>
          </ns3:TrackPointExtension>
        </extensions>
      </trkpt>
      <trkpt lat="48.0648531205952167510986328125" lon="11.217070855200290679931640625">
        <ele>599.20001220703125</ele>
        <time>2023-09-05T07:05:28.000Z</time>
        <extensions>
          <ns3:TrackPointExtension>
            <ns3:atemp>25.0</ns3:atemp>
            <ns3:hr>135</ns3:hr>
          </ns3:TrackPointExtension>
        </extensions>
      </trkpt>
      <trkpt lat="48.0648703873157501220703125" lon="11.2171028740704059600830078125">
        <ele>599</ele>
        <time>2023-09-05T07:05:29.000Z</time>
        <extensions>
          <ns3:TrackPointExtension>
            <ns3:atemp>25.0</ns3:atemp>
            <ns3:hr>133</ns3:hr>
          </ns3:TrackPointExtension>
        </extensions>
      </trkpt>
      <trkpt lat="48.064928390085697174072265625" lon="11.2172649800777435302734375">
        <ele>598.20001220703125</ele>
        <time>2023-09-05T07:05:34.000Z</time>
        <extensions>
          <ns3:TrackPointExtension>
            <ns3:atemp>25.0</ns3:atemp>
            <ns3:hr>136</ns3:hr>
          </ns3:TrackPointExtension>
        </extensions>
      </trkpt>
      <trkpt lat="48.06497097015380859375" lon="11.2173513136804103851318359375">
        <ele>597.5999755859375</ele>
        <time>2023-09-05T07:05:37.000Z</time>
        <extensions>
          <ns3:TrackPointExtension>
            <ns3:atemp>25.0</ns3:atemp>
            <ns3:hr>135</ns3:hr>
          </ns3:TrackPointExtension>
        </extensions>
      </trkpt>
      <trkpt lat="48.065108768641948699951171875" lon="11.2175907008349895477294921875">
        <ele>597.4000244140625</ele>
        <time>2023-09-05T07:05:44.000Z</time>
        <extensions>
          <ns3:TrackPointExtension>
            <ns3:atemp>25.0</ns3:atemp>
            <ns3:hr>134</ns3:hr>
          </ns3:TrackPointExtension>
        </extensions>
      </trkpt>
      <trkpt lat="48.0652423761785030364990234375" lon="11.217751465737819671630859375">
        <ele>597.20001220703125</ele>
        <time>2023-09-05T07:05:50.000Z</time>
        <extensions>
          <ns3:TrackPointExtension>
            <ns3:atemp>25.0</ns3:atemp>
            <ns3:hr>134</ns3:hr>
          </ns3:TrackPointExtension>
        </extensions>
      </trkpt>
      <trkpt lat="48.06529342196881771087646484375" lon="11.2178186886012554168701171875">
        <ele>597</ele>
        <time>2023-09-05T07:05:52.000Z</time>
        <extensions>
          <ns3:TrackPointExtension>
            <ns3:atemp>25.0</ns3:atemp>
            <ns3:hr>135</ns3:hr>
          </ns3:TrackPointExtension>
        </extensions>
      </trkpt>
      <trkpt lat="48.0653630755841732025146484375" lon="11.21793963946402072906494140625">
        <ele>597.20001220703125</ele>
        <time>2023-09-05T07:05:56.000Z</time>
        <extensions>
          <ns3:TrackPointExtension>
            <ns3:atemp>25.0</ns3:atemp>
            <ns3:hr>138</ns3:hr>
          </ns3:TrackPointExtension>
        </extensions>
      </trkpt>
      <trkpt lat="48.06539140641689300537109375" lon="11.2179864943027496337890625">
        <ele>597.20001220703125</ele>
        <time>2023-09-05T07:05:58.000Z</time>
        <extensions>
          <ns3:TrackPointExtension>
            <ns3:atemp>25.0</ns3:atemp>
            <ns3:hr>139</ns3:hr>
          </ns3:TrackPointExtension>
        </extensions>
      </trkpt>
      <trkpt lat="48.06549676693975925445556640625" lon="11.21819545514881610870361328125">
        <ele>596.5999755859375</ele>
        <time>2023-09-05T07:06:05.000Z</time>
        <extensions>
          <ns3:TrackPointExtension>
            <ns3:atemp>25.0</ns3:atemp>
            <ns3:hr>140</ns3:hr>
          </ns3:TrackPointExtension>
        </extensions>
      </trkpt>
      <trkpt lat="48.06557186879217624664306640625" lon="11.2183397077023983001708984375">
        <ele>596</ele>
        <time>2023-09-05T07:06:10.000Z</time>
        <extensions>
          <ns3:TrackPointExtension>
            <ns3:atemp>25.0</ns3:atemp>
            <ns3:hr>139</ns3:hr>
          </ns3:TrackPointExtension>
        </extensions>
      </trkpt>
      <trkpt lat="48.0655987747013568878173828125" lon="11.21837499551475048065185546875">
        <ele>596</ele>
        <time>2023-09-05T07:06:12.000Z</time>
        <extensions>
          <ns3:TrackPointExtension>
            <ns3:atemp>25.0</ns3:atemp>
            <ns3:hr>139</ns3:hr>
          </ns3:TrackPointExtension>
        </extensions>
      </trkpt>
      <trkpt lat="48.06575643830001354217529296875" lon="11.21845747344195842742919921875">
        <ele>595</ele>
        <time>2023-09-05T07:06:18.000Z</time>
        <extensions>
          <ns3:TrackPointExtension>
            <ns3:atemp>25.0</ns3:atemp>
            <ns3:hr>140</ns3:hr>
          </ns3:TrackPointExtension>
        </extensions>
      </trkpt>
      <trkpt lat="48.06578435003757476806640625" lon="11.21847759000957012176513671875">
        <ele>594.79998779296875</ele>
        <time>2023-09-05T07:06:19.000Z</time>
        <extensions>
          <ns3:TrackPointExtension>
            <ns3:atemp>25.0</ns3:atemp>
            <ns3:hr>140</ns3:hr>
          </ns3:TrackPointExtension>
        </extensions>
      </trkpt>
      <trkpt lat="48.065950982272624969482421875" lon="11.21861287392675876617431640625">
        <ele>593.79998779296875</ele>
        <time>2023-09-05T07:06:25.000Z</time>
        <extensions>
          <ns3:TrackPointExtension>
            <ns3:atemp>25.0</ns3:atemp>
            <ns3:hr>140</ns3:hr>
          </ns3:TrackPointExtension>
        </extensions>
      </trkpt>
      <trkpt lat="48.06608584709465503692626953125" lon="11.2187212519347667694091796875">
        <ele>593.20001220703125</ele>
        <time>2023-09-05T07:06:32.000Z</time>
        <extensions>
          <ns3:TrackPointExtension>
            <ns3:atemp>25.0</ns3:atemp>
            <ns3:hr>141</ns3:hr>
          </ns3:TrackPointExtension>
        </extensions>
      </trkpt>
      <trkpt lat="48.066121637821197509765625" lon="11.2187427096068859100341796875">
        <ele>593</ele>
        <time>2023-09-05T07:06:34.000Z</time>
        <extensions>
          <ns3:TrackPointExtension>
            <ns3:atemp>25.0</ns3:atemp>
            <ns3:hr>141</ns3:hr>
          </ns3:TrackPointExtension>
        </extensions>
      </trkpt>
      <trkpt lat="48.0661953985691070556640625" lon="11.21880833990871906280517578125">
        <ele>593</ele>
        <time>2023-09-05T07:06:37.000Z</time>
        <extensions>
          <ns3:TrackPointExtension>
            <ns3:atemp>25.0</ns3:atemp>
            <ns3:hr>144</ns3:hr>
          </ns3:TrackPointExtension>
        </extensions>
      </trkpt>
      <trkpt lat="48.06623051874339580535888671875" lon="11.21883834712207317352294921875">
        <ele>593</ele>
        <time>2023-09-05T07:06:39.000Z</time>
        <extensions>
          <ns3:TrackPointExtension>
            <ns3:atemp>25.0</ns3:atemp>
            <ns3:hr>145</ns3:hr>
          </ns3:TrackPointExtension>
        </extensions>
      </trkpt>
      <trkpt lat="48.06629288010299205780029296875" lon="11.21889199130237102508544921875">
        <ele>593</ele>
        <time>2023-09-05T07:06:42.000Z</time>
        <extensions>
          <ns3:TrackPointExtension>
            <ns3:atemp>25.0</ns3:atemp>
            <ns3:hr>146</ns3:hr>
          </ns3:TrackPointExtension>
        </extensions>
      </trkpt>
      <trkpt lat="48.066345937550067901611328125" lon="11.21896223165094852447509765625">
        <ele>593</ele>
        <time>2023-09-05T07:06:45.000Z</time>
        <extensions>
          <ns3:TrackPointExtension>
            <ns3:atemp>25.0</ns3:atemp>
            <ns3:hr>149</ns3:hr>
          </ns3:TrackPointExtension>
        </extensions>
      </trkpt>
      <trkpt lat="48.06636546738445758819580078125" lon="11.21898335404694080352783203125">
        <ele>592.79998779296875</ele>
        <time>2023-09-05T07:06:46.000Z</time>
        <extensions>
          <ns3:TrackPointExtension>
            <ns3:atemp>25.0</ns3:atemp>
            <ns3:hr>150</ns3:hr>
          </ns3:TrackPointExtension>
        </extensions>
      </trkpt>
      <trkpt lat="48.066453225910663604736328125" lon="11.21906935237348079681396484375">
        <ele>592.4000244140625</ele>
        <time>2023-09-05T07:06:50.000Z</time>
        <extensions>
          <ns3:TrackPointExtension>
            <ns3:atemp>25.0</ns3:atemp>
            <ns3:hr>150</ns3:hr>
          </ns3:TrackPointExtension>
        </extensions>
      </trkpt>
      <trkpt lat="48.0665673874318599700927734375" lon="11.2192067317664623260498046875">
        <ele>591.5999755859375</ele>
        <time>2023-09-05T07:06:56.000Z</time>
        <extensions>
          <ns3:TrackPointExtension>
            <ns3:atemp>25.0</ns3:atemp>
            <ns3:hr>149</ns3:hr>
          </ns3:TrackPointExtension>
        </extensions>
      </trkpt>
      <trkpt lat="48.06659144349396228790283203125" lon="11.21922592632472515106201171875">
        <ele>591.5999755859375</ele>
        <time>2023-09-05T07:06:57.000Z</time>
        <extensions>
          <ns3:TrackPointExtension>
            <ns3:atemp>25.0</ns3:atemp>
            <ns3:hr>148</ns3:hr>
          </ns3:TrackPointExtension>
        </extensions>
      </trkpt>
      <trkpt lat="48.06662765331566333770751953125" lon="11.21926800347864627838134765625">
        <ele>591.5999755859375</ele>
        <time>2023-09-05T07:06:59.000Z</time>
        <extensions>
          <ns3:TrackPointExtension>
            <ns3:atemp>25.0</ns3:atemp>
            <ns3:hr>145</ns3:hr>
          </ns3:TrackPointExtension>
        </extensions>
      </trkpt>
      <trkpt lat="48.06670459918677806854248046875" lon="11.2193478830158710479736328125">
        <ele>590.79998779296875</ele>
        <time>2023-09-05T07:07:03.000Z</time>
        <extensions>
          <ns3:TrackPointExtension>
            <ns3:atemp>25.0</ns3:atemp>
            <ns3:hr>143</ns3:hr>
          </ns3:TrackPointExtension>
        </extensions>
      </trkpt>
      <trkpt lat="48.06688229553401470184326171875" lon="11.21953957714140415191650390625">
        <ele>590.79998779296875</ele>
        <time>2023-09-05T07:07:10.000Z</time>
        <extensions>
          <ns3:TrackPointExtension>
            <ns3:atemp>25.0</ns3:atemp>
            <ns3:hr>145</ns3:hr>
          </ns3:TrackPointExtension>
        </extensions>
      </trkpt>
      <trkpt lat="48.06696586310863494873046875" lon="11.21964485384523868560791015625">
        <ele>590.5999755859375</ele>
        <time>2023-09-05T07:07:13.000Z</time>
        <extensions>
          <ns3:TrackPointExtension>
            <ns3:atemp>25.0</ns3:atemp>
            <ns3:hr>146</ns3:hr>
          </ns3:TrackPointExtension>
        </extensions>
      </trkpt>
      <trkpt lat="48.0670364387333393096923828125" lon="11.21977762319147586822509765625">
        <ele>590.5999755859375</ele>
        <time>2023-09-05T07:07:17.000Z</time>
        <extensions>
          <ns3:TrackPointExtension>
            <ns3:atemp>25.0</ns3:atemp>
            <ns3:hr>148</ns3:hr>
          </ns3:TrackPointExtension>
        </extensions>
      </trkpt>
      <trkpt lat="48.0671229399740695953369140625" lon="11.21992212720215320587158203125">
        <ele>590.5999755859375</ele>
        <time>2023-09-05T07:07:22.000Z</time>
        <extensions>
          <ns3:TrackPointExtension>
            <ns3:atemp>25.0</ns3:atemp>
            <ns3:hr>151</ns3:hr>
          </ns3:TrackPointExtension>
        </extensions>
      </trkpt>
      <trkpt lat="48.0672414600849151611328125" lon="11.22012983076274394989013671875">
        <ele>590.5999755859375</ele>
        <time>2023-09-05T07:07:29.000Z</time>
        <extensions>
          <ns3:TrackPointExtension>
            <ns3:atemp>25.0</ns3:atemp>
            <ns3:hr>153</ns3:hr>
          </ns3:TrackPointExtension>
        </extensions>
      </trkpt>
      <trkpt lat="48.06733910925686359405517578125" lon="11.220314987003803253173828125">
        <ele>591</ele>
        <time>2023-09-05T07:07:35.000Z</time>
        <extensions>
          <ns3:TrackPointExtension>
            <ns3:atemp>25.0</ns3:atemp>
            <ns3:hr>153</ns3:hr>
          </ns3:TrackPointExtension>
        </extensions>
      </trkpt>
      <trkpt lat="48.06745226494967937469482421875" lon="11.22052310965955257415771484375">
        <ele>591.20001220703125</ele>
        <time>2023-09-05T07:07:42.000Z</time>
        <extensions>
          <ns3:TrackPointExtension>
            <ns3:atemp>25.0</ns3:atemp>
            <ns3:hr>152</ns3:hr>
          </ns3:TrackPointExtension>
        </extensions>
      </trkpt>
      <trkpt lat="48.067536838352680206298828125" lon="11.22071505524218082427978515625">
        <ele>591</ele>
        <time>2023-09-05T07:07:48.000Z</time>
        <extensions>
          <ns3:TrackPointExtension>
            <ns3:atemp>25.0</ns3:atemp>
            <ns3:hr>150</ns3:hr>
          </ns3:TrackPointExtension>
        </extensions>
      </trkpt>
      <trkpt lat="48.06763147003948688507080078125" lon="11.22084983624517917633056640625">
        <ele>591</ele>
        <time>2023-09-05T07:07:53.000Z</time>
        <extensions>
          <ns3:TrackPointExtension>
            <ns3:atemp>25.0</ns3:atemp>
            <ns3:hr>150</ns3:hr>
          </ns3:TrackPointExtension>
        </extensions>
      </trkpt>
      <trkpt lat="48.06776088662445545196533203125" lon="11.2211178056895732879638671875">
        <ele>591.4000244140625</ele>
        <time>2023-09-05T07:08:01.000Z</time>
        <extensions>
          <ns3:TrackPointExtension>
            <ns3:atemp>25.0</ns3:atemp>
            <ns3:hr>152</ns3:hr>
          </ns3:TrackPointExtension>
        </extensions>
      </trkpt>
      <trkpt lat="48.06788745336234569549560546875" lon="11.22133280150592327117919921875">
        <ele>591.20001220703125</ele>
        <time>2023-09-05T07:08:09.000Z</time>
        <extensions>
          <ns3:TrackPointExtension>
            <ns3:atemp>25.0</ns3:atemp>
            <ns3:hr>153</ns3:hr>
          </ns3:TrackPointExtension>
        </extensions>
      </trkpt>
      <trkpt lat="48.067976720631122589111328125" lon="11.2214322946965694427490234375">
        <ele>591.20001220703125</ele>
        <time>2023-09-05T07:08:14.000Z</time>
        <extensions>
          <ns3:TrackPointExtension>
            <ns3:atemp>25.0</ns3:atemp>
            <ns3:hr>153</ns3:hr>
          </ns3:TrackPointExtension>
        </extensions>
      </trkpt>
      <trkpt lat="48.06811627931892871856689453125" lon="11.22162784449756145477294921875">
        <ele>591.20001220703125</ele>
        <time>2023-09-05T07:08:21.000Z</time>
        <extensions>
          <ns3:TrackPointExtension>
            <ns3:atemp>25.0</ns3:atemp>
            <ns3:hr>151</ns3:hr>
          </ns3:TrackPointExtension>
        </extensions>
      </trkpt>
      <trkpt lat="48.06827939115464687347412109375" lon="11.22184661217033863067626953125">
        <ele>591.4000244140625</ele>
        <time>2023-09-05T07:08:29.000Z</time>
        <extensions>
          <ns3:TrackPointExtension>
            <ns3:atemp>25.0</ns3:atemp>
            <ns3:hr>151</ns3:hr>
          </ns3:TrackPointExtension>
        </extensions>
      </trkpt>
      <trkpt lat="48.06839891709387302398681640625" lon="11.2221095524728298187255859375">
        <ele>591.4000244140625</ele>
        <time>2023-09-05T07:08:37.000Z</time>
        <extensions>
          <ns3:TrackPointExtension>
            <ns3:atemp>25.0</ns3:atemp>
            <ns3:hr>153</ns3:hr>
          </ns3:TrackPointExtension>
        </extensions>
      </trkpt>
      <trkpt lat="48.06844216771423816680908203125" lon="11.2222265638411045074462890625">
        <ele>591.5999755859375</ele>
        <time>2023-09-05T07:08:40.000Z</time>
        <extensions>
          <ns3:TrackPointExtension>
            <ns3:atemp>25.0</ns3:atemp>
            <ns3:hr>152</ns3:hr>
          </ns3:TrackPointExtension>
        </extensions>
      </trkpt>
      <trkpt lat="48.06849539279937744140625" lon="11.22236796654760837554931640625">
        <ele>591.79998779296875</ele>
        <time>2023-09-05T07:08:44.000Z</time>
        <extensions>
          <ns3:TrackPointExtension>
            <ns3:atemp>25.0</ns3:atemp>
            <ns3:hr>152</ns3:hr>
          </ns3:TrackPointExtension>
        </extensions>
      </trkpt>
      <trkpt lat="48.06859756819903850555419921875" lon="11.2225933559238910675048828125">
        <ele>591.79998779296875</ele>
        <time>2023-09-05T07:08:51.000Z</time>
        <extensions>
          <ns3:TrackPointExtension>
            <ns3:atemp>25.0</ns3:atemp>
            <ns3:hr>153</ns3:hr>
          </ns3:TrackPointExtension>
        </extensions>
      </trkpt>
      <trkpt lat="48.0686227977275848388671875" lon="11.22279770672321319580078125">
        <ele>591.79998779296875</ele>
        <time>2023-09-05T07:08:57.000Z</time>
        <extensions>
          <ns3:TrackPointExtension>
            <ns3:atemp>25.0</ns3:atemp>
            <ns3:hr>151</ns3:hr>
          </ns3:TrackPointExtension>
        </extensions>
      </trkpt>
      <trkpt lat="48.06858499534428119659423828125" lon="11.2230409495532512664794921875">
        <ele>591.4000244140625</ele>
        <time>2023-09-05T07:09:03.000Z</time>
        <extensions>
          <ns3:TrackPointExtension>
            <ns3:atemp>25.0</ns3:atemp>
            <ns3:hr>151</ns3:hr>
          </ns3:TrackPointExtension>
        </extensions>
      </trkpt>
      <trkpt lat="48.06847594678401947021484375" lon="11.223180927336215972900390625">
        <ele>592.20001220703125</ele>
        <time>2023-09-05T07:09:08.000Z</time>
        <extensions>
          <ns3:TrackPointExtension>
            <ns3:atemp>25.0</ns3:atemp>
            <ns3:hr>151</ns3:hr>
          </ns3:TrackPointExtension>
        </extensions>
      </trkpt>
      <trkpt lat="48.06831442750990390777587890625" lon="11.22325208969414234161376953125">
        <ele>591.79998779296875</ele>
        <time>2023-09-05T07:09:14.000Z</time>
        <extensions>
          <ns3:TrackPointExtension>
            <ns3:atemp>25.0</ns3:atemp>
            <ns3:hr>152</ns3:hr>
          </ns3:TrackPointExtension>
        </extensions>
      </trkpt>
      <trkpt lat="48.0681780539453029632568359375" lon="11.22330598533153533935546875">
        <ele>590.5999755859375</ele>
        <time>2023-09-05T07:09:19.000Z</time>
        <extensions>
          <ns3:TrackPointExtension>
            <ns3:atemp>25.0</ns3:atemp>
            <ns3:hr>152</ns3:hr>
          </ns3:TrackPointExtension>
        </extensions>
      </trkpt>
      <trkpt lat="48.06810270063579082489013671875" lon="11.22335552237927913665771484375">
        <ele>590</ele>
        <time>2023-09-05T07:09:22.000Z</time>
        <extensions>
          <ns3:TrackPointExtension>
            <ns3:atemp>25.0</ns3:atemp>
            <ns3:hr>152</ns3:hr>
          </ns3:TrackPointExtension>
        </extensions>
      </trkpt>
      <trkpt lat="48.06803070008754730224609375" lon="11.22341469861567020416259765625">
        <ele>589.5999755859375</ele>
        <time>2023-09-05T07:09:25.000Z</time>
        <extensions>
          <ns3:TrackPointExtension>
            <ns3:atemp>25.0</ns3:atemp>
            <ns3:hr>152</ns3:hr>
          </ns3:TrackPointExtension>
        </extensions>
      </trkpt>
      <trkpt lat="48.068016953766345977783203125" lon="11.22342492453753948211669921875">
        <ele>589.4000244140625</ele>
        <time>2023-09-05T07:09:26.000Z</time>
        <extensions>
          <ns3:TrackPointExtension>
            <ns3:atemp>25.0</ns3:atemp>
            <ns3:hr>152</ns3:hr>
          </ns3:TrackPointExtension>
        </extensions>
      </trkpt>
      <trkpt lat="48.0679929815232753753662109375" lon="11.22343800030648708343505859375">
        <ele>589.4000244140625</ele>
        <time>2023-09-05T07:09:27.000Z</time>
        <extensions>
          <ns3:TrackPointExtension>
            <ns3:atemp>25.0</ns3:atemp>
            <ns3:hr>151</ns3:hr>
          </ns3:TrackPointExtension>
        </extensions>
      </trkpt>
      <trkpt lat="48.06788259185850620269775390625" lon="11.2235011160373687744140625">
        <ele>590</ele>
        <time>2023-09-05T07:09:32.000Z</time>
        <extensions>
          <ns3:TrackPointExtension>
            <ns3:atemp>25.0</ns3:atemp>
            <ns3:hr>151</ns3:hr>
          </ns3:TrackPointExtension>
        </extensions>
      </trkpt>
      <trkpt lat="48.06786566041409969329833984375" lon="11.22351159341633319854736328125">
        <ele>590.20001220703125</ele>
        <time>2023-09-05T07:09:33.000Z</time>
        <extensions>
          <ns3:TrackPointExtension>
            <ns3:atemp>25.0</ns3:atemp>
            <ns3:hr>151</ns3:hr>
          </ns3:TrackPointExtension>
        </extensions>
      </trkpt>
      <trkpt lat="48.0677859485149383544921875" lon="11.2235515750944614410400390625">
        <ele>590.79998779296875</ele>
        <time>2023-09-05T07:09:37.000Z</time>
        <extensions>
          <ns3:TrackPointExtension>
            <ns3:atemp>25.0</ns3:atemp>
            <ns3:hr>152</ns3:hr>
          </ns3:TrackPointExtension>
        </extensions>
      </trkpt>
      <trkpt lat="48.06773171760141849517822265625" lon="11.22355082072317600250244140625">
        <ele>591</ele>
        <time>2023-09-05T07:09:39.000Z</time>
        <extensions>
          <ns3:TrackPointExtension>
            <ns3:atemp>25.0</ns3:atemp>
            <ns3:hr>151</ns3:hr>
          </ns3:TrackPointExtension>
        </extensions>
      </trkpt>
      <trkpt lat="48.06760825216770172119140625" lon="11.2236142717301845550537109375">
        <ele>591.5999755859375</ele>
        <time>2023-09-05T07:09:44.000Z</time>
        <extensions>
          <ns3:TrackPointExtension>
            <ns3:atemp>25.0</ns3:atemp>
            <ns3:hr>151</ns3:hr>
          </ns3:TrackPointExtension>
        </extensions>
      </trkpt>
      <trkpt lat="48.0675913207232952117919921875" lon="11.223624832928180694580078125">
        <ele>591.79998779296875</ele>
        <time>2023-09-05T07:09:45.000Z</time>
        <extensions>
          <ns3:TrackPointExtension>
            <ns3:atemp>25.0</ns3:atemp>
            <ns3:hr>151</ns3:hr>
          </ns3:TrackPointExtension>
        </extensions>
      </trkpt>
      <trkpt lat="48.0675202421844005584716796875" lon="11.22366967611014842987060546875">
        <ele>592.20001220703125</ele>
        <time>2023-09-05T07:09:48.000Z</time>
        <extensions>
          <ns3:TrackPointExtension>
            <ns3:atemp>25.0</ns3:atemp>
            <ns3:hr>152</ns3:hr>
          </ns3:TrackPointExtension>
        </extensions>
      </trkpt>
      <trkpt lat="48.06747573427855968475341796875" lon="11.22369163669645786285400390625">
        <ele>592.5999755859375</ele>
        <time>2023-09-05T07:09:50.000Z</time>
        <extensions>
          <ns3:TrackPointExtension>
            <ns3:atemp>25.0</ns3:atemp>
            <ns3:hr>152</ns3:hr>
          </ns3:TrackPointExtension>
        </extensions>
      </trkpt>
      <trkpt lat="48.0673995427787303924560546875" lon="11.22370689176023006439208984375">
        <ele>593</ele>
        <time>2023-09-05T07:09:54.000Z</time>
        <extensions>
          <ns3:TrackPointExtension>
            <ns3:atemp>25.0</ns3:atemp>
            <ns3:hr>153</ns3:hr>
          </ns3:TrackPointExtension>
        </extensions>
      </trkpt>
      <trkpt lat="48.06730323471128940582275390625" lon="11.22378366999328136444091796875">
        <ele>593.20001220703125</ele>
        <time>2023-09-05T07:09:58.000Z</time>
        <extensions>
          <ns3:TrackPointExtension>
            <ns3:atemp>25.0</ns3:atemp>
            <ns3:hr>154</ns3:hr>
          </ns3:TrackPointExtension>
        </extensions>
      </trkpt>
      <trkpt lat="48.06711514480412006378173828125" lon="11.22388676740229129791259765625">
        <ele>593.79998779296875</ele>
        <time>2023-09-05T07:10:05.000Z</time>
        <extensions>
          <ns3:TrackPointExtension>
            <ns3:atemp>25.0</ns3:atemp>
            <ns3:hr>156</ns3:hr>
          </ns3:TrackPointExtension>
        </extensions>
      </trkpt>
      <trkpt lat="48.06697583757340908050537109375" lon="11.22384653426706790924072265625">
        <ele>594</ele>
        <time>2023-09-05T07:10:11.000Z</time>
        <extensions>
          <ns3:TrackPointExtension>
            <ns3:atemp>25.0</ns3:atemp>
            <ns3:hr>156</ns3:hr>
          </ns3:TrackPointExtension>
        </extensions>
      </trkpt>
      <trkpt lat="48.0669512785971164703369140625" lon="11.223838739097118377685546875">
        <ele>594.20001220703125</ele>
        <time>2023-09-05T07:10:12.000Z</time>
        <extensions>
          <ns3:TrackPointExtension>
            <ns3:atemp>25.0</ns3:atemp>
            <ns3:hr>157</ns3:hr>
          </ns3:TrackPointExtension>
        </extensions>
      </trkpt>
      <trkpt lat="48.06685128249228000640869140625" lon="11.22384301386773586273193359375">
        <ele>594</ele>
        <time>2023-09-05T07:10:17.000Z</time>
        <extensions>
          <ns3:TrackPointExtension>
            <ns3:atemp>25.0</ns3:atemp>
            <ns3:hr>158</ns3:hr>
          </ns3:TrackPointExtension>
        </extensions>
      </trkpt>
      <trkpt lat="48.06669554673135280609130859375" lon="11.22391560114920139312744140625">
        <ele>594</ele>
        <time>2023-09-05T07:10:23.000Z</time>
        <extensions>
          <ns3:TrackPointExtension>
            <ns3:atemp>25.0</ns3:atemp>
            <ns3:hr>156</ns3:hr>
          </ns3:TrackPointExtension>
        </extensions>
      </trkpt>
      <trkpt lat="48.0666649527847766876220703125" lon="11.22395801357924938201904296875">
        <ele>594.20001220703125</ele>
        <time>2023-09-05T07:10:25.000Z</time>
        <extensions>
          <ns3:TrackPointExtension>
            <ns3:atemp>24.0</ns3:atemp>
            <ns3:hr>156</ns3:hr>
          </ns3:TrackPointExtension>
        </extensions>
      </trkpt>
      <trkpt lat="48.06668414734303951263427734375" lon="11.2240655533969402313232421875">
        <ele>594.5999755859375</ele>
        <time>2023-09-05T07:10:28.000Z</time>
        <extensions>
          <ns3:TrackPointExtension>
            <ns3:atemp>25.0</ns3:atemp>
            <ns3:hr>156</ns3:hr>
          </ns3:TrackPointExtension>
        </extensions>
      </trkpt>
      <trkpt lat="48.0667755939066410064697265625" lon="11.22425355948507785797119140625">
        <ele>594.5999755859375</ele>
        <time>2023-09-05T07:10:34.000Z</time>
        <extensions>
          <ns3:TrackPointExtension>
            <ns3:atemp>25.0</ns3:atemp>
            <ns3:hr>156</ns3:hr>
          </ns3:TrackPointExtension>
        </extensions>
      </trkpt>
      <trkpt lat="48.06687609292566776275634765625" lon="11.22445757500827312469482421875">
        <ele>594.4000244140625</ele>
        <time>2023-09-05T07:10:40.000Z</time>
        <extensions>
          <ns3:TrackPointExtension>
            <ns3:atemp>24.0</ns3:atemp>
            <ns3:hr>157</ns3:hr>
          </ns3:TrackPointExtension>
        </extensions>
      </trkpt>
      <trkpt lat="48.0670404620468616485595703125" lon="11.22477181255817413330078125">
        <ele>594.20001220703125</ele>
        <time>2023-09-05T07:10:49.000Z</time>
        <extensions>
          <ns3:TrackPointExtension>
            <ns3:atemp>24.0</ns3:atemp>
            <ns3:hr>157</ns3:hr>
          </ns3:TrackPointExtension>
        </extensions>
      </trkpt>
      <trkpt lat="48.0670994706451892852783203125" lon="11.22491522692143917083740234375">
        <ele>594.5999755859375</ele>
        <time>2023-09-05T07:10:54.000Z</time>
        <extensions>
          <ns3:TrackPointExtension>
            <ns3:atemp>24.0</ns3:atemp>
            <ns3:hr>157</ns3:hr>
          </ns3:TrackPointExtension>
        </extensions>
      </trkpt>
      <trkpt lat="48.06717465631663799285888671875" lon="11.22508370317518711090087890625">
        <ele>594.5999755859375</ele>
        <time>2023-09-05T07:10:59.000Z</time>
        <extensions>
          <ns3:TrackPointExtension>
            <ns3:atemp>24.0</ns3:atemp>
            <ns3:hr>157</ns3:hr>
          </ns3:TrackPointExtension>
        </extensions>
      </trkpt>
      <trkpt lat="48.06722997687757015228271484375" lon="11.2252547778189182281494140625">
        <ele>594.20001220703125</ele>
        <time>2023-09-05T07:11:04.000Z</time>
        <extensions>
          <ns3:TrackPointExtension>
            <ns3:atemp>24.0</ns3:atemp>
            <ns3:hr>157</ns3:hr>
          </ns3:TrackPointExtension>
        </extensions>
      </trkpt>
      <trkpt lat="48.0672956071794033050537109375" lon="11.22545577585697174072265625">
        <ele>594.20001220703125</ele>
        <time>2023-09-05T07:11:10.000Z</time>
        <extensions>
          <ns3:TrackPointExtension>
            <ns3:atemp>24.0</ns3:atemp>
            <ns3:hr>157</ns3:hr>
          </ns3:TrackPointExtension>
        </extensions>
      </trkpt>
      <trkpt lat="48.06737699545919895172119140625" lon="11.22560958378016948699951171875">
        <ele>594.5999755859375</ele>
        <time>2023-09-05T07:11:16.000Z</time>
        <extensions>
          <ns3:TrackPointExtension>
            <ns3:atemp>24.0</ns3:atemp>
            <ns3:hr>157</ns3:hr>
          </ns3:TrackPointExtension>
        </extensions>
      </trkpt>
      <trkpt lat="48.06747053749859333038330078125" lon="11.2258183769881725311279296875">
        <ele>594.79998779296875</ele>
        <time>2023-09-05T07:11:22.000Z</time>
        <extensions>
          <ns3:TrackPointExtension>
            <ns3:atemp>24.0</ns3:atemp>
            <ns3:hr>155</ns3:hr>
          </ns3:TrackPointExtension>
        </extensions>
      </trkpt>
      <trkpt lat="48.06754865683615207672119140625" lon="11.22597687877714633941650390625">
        <ele>594.5999755859375</ele>
        <time>2023-09-05T07:11:27.000Z</time>
        <extensions>
          <ns3:TrackPointExtension>
            <ns3:atemp>24.0</ns3:atemp>
            <ns3:hr>154</ns3:hr>
          </ns3:TrackPointExtension>
        </extensions>
      </trkpt>
      <trkpt lat="48.06762191466987133026123046875" lon="11.22612155042588710784912109375">
        <ele>594.5999755859375</ele>
        <time>2023-09-05T07:11:32.000Z</time>
        <extensions>
          <ns3:TrackPointExtension>
            <ns3:atemp>24.0</ns3:atemp>
            <ns3:hr>153</ns3:hr>
          </ns3:TrackPointExtension>
        </extensions>
      </trkpt>
      <trkpt lat="48.0677311308681964874267578125" lon="11.226316429674625396728515625">
        <ele>594.79998779296875</ele>
        <time>2023-09-05T07:11:39.000Z</time>
        <extensions>
          <ns3:TrackPointExtension>
            <ns3:atemp>24.0</ns3:atemp>
            <ns3:hr>154</ns3:hr>
          </ns3:TrackPointExtension>
        </extensions>
      </trkpt>
      <trkpt lat="48.067758791148662567138671875" lon="11.2263809703290462493896484375">
        <ele>595</ele>
        <time>2023-09-05T07:11:41.000Z</time>
        <extensions>
          <ns3:TrackPointExtension>
            <ns3:atemp>24.0</ns3:atemp>
            <ns3:hr>152</ns3:hr>
          </ns3:TrackPointExtension>
        </extensions>
      </trkpt>
      <trkpt lat="48.0678427778184413909912109375" lon="11.22651432640850543975830078125">
        <ele>595</ele>
        <time>2023-09-05T07:11:45.000Z</time>
        <extensions>
          <ns3:TrackPointExtension>
            <ns3:atemp>24.0</ns3:atemp>
            <ns3:hr>151</ns3:hr>
          </ns3:TrackPointExtension>
        </extensions>
      </trkpt>
      <trkpt lat="48.0679292790591716766357421875" lon="11.22672454454004764556884765625">
        <ele>595.5999755859375</ele>
        <time>2023-09-05T07:11:52.000Z</time>
        <extensions>
          <ns3:TrackPointExtension>
            <ns3:atemp>24.0</ns3:atemp>
            <ns3:hr>150</ns3:hr>
          </ns3:TrackPointExtension>
        </extensions>
      </trkpt>
      <trkpt lat="48.06802642531692981719970703125" lon="11.226897798478603363037109375">
        <ele>595.79998779296875</ele>
        <time>2023-09-05T07:11:58.000Z</time>
        <extensions>
          <ns3:TrackPointExtension>
            <ns3:atemp>24.0</ns3:atemp>
            <ns3:hr>151</ns3:hr>
          </ns3:TrackPointExtension>
        </extensions>
      </trkpt>
      <trkpt lat="48.06811577640473842620849609375" lon="11.2270300649106502532958984375">
        <ele>595.5999755859375</ele>
        <time>2023-09-05T07:12:03.000Z</time>
        <extensions>
          <ns3:TrackPointExtension>
            <ns3:atemp>24.0</ns3:atemp>
            <ns3:hr>154</ns3:hr>
          </ns3:TrackPointExtension>
        </extensions>
      </trkpt>
      <trkpt lat="48.068134300410747528076171875" lon="11.2270575575530529022216796875">
        <ele>595.5999755859375</ele>
        <time>2023-09-05T07:12:04.000Z</time>
        <extensions>
          <ns3:TrackPointExtension>
            <ns3:atemp>24.0</ns3:atemp>
            <ns3:hr>154</ns3:hr>
          </ns3:TrackPointExtension>
        </extensions>
      </trkpt>
      <trkpt lat="48.06823186576366424560546875" lon="11.22730708681046962738037109375">
        <ele>595.4000244140625</ele>
        <time>2023-09-05T07:12:11.000Z</time>
        <extensions>
          <ns3:TrackPointExtension>
            <ns3:atemp>24.0</ns3:atemp>
            <ns3:hr>156</ns3:hr>
          </ns3:TrackPointExtension>
        </extensions>
      </trkpt>
      <trkpt lat="48.06833454407751560211181640625" lon="11.22760581783950328826904296875">
        <ele>595.79998779296875</ele>
        <time>2023-09-05T07:12:19.000Z</time>
        <extensions>
          <ns3:TrackPointExtension>
            <ns3:atemp>24.0</ns3:atemp>
            <ns3:hr>155</ns3:hr>
          </ns3:TrackPointExtension>
        </extensions>
      </trkpt>
      <trkpt lat="48.06838500313460826873779296875" lon="11.2278699316084384918212890625">
        <ele>596.20001220703125</ele>
        <time>2023-09-05T07:12:26.000Z</time>
        <extensions>
          <ns3:TrackPointExtension>
            <ns3:atemp>24.0</ns3:atemp>
            <ns3:hr>155</ns3:hr>
          </ns3:TrackPointExtension>
        </extensions>
      </trkpt>
      <trkpt lat="48.06839254684746265411376953125" lon="11.2279068119823932647705078125">
        <ele>596.20001220703125</ele>
        <time>2023-09-05T07:12:27.000Z</time>
        <extensions>
          <ns3:TrackPointExtension>
            <ns3:atemp>24.0</ns3:atemp>
            <ns3:hr>155</ns3:hr>
          </ns3:TrackPointExtension>
        </extensions>
      </trkpt>
      <trkpt lat="48.06837293319404125213623046875" lon="11.22809372842311859130859375">
        <ele>596.20001220703125</ele>
        <time>2023-09-05T07:12:32.000Z</time>
        <extensions>
          <ns3:TrackPointExtension>
            <ns3:atemp>24.0</ns3:atemp>
            <ns3:hr>156</ns3:hr>
          </ns3:TrackPointExtension>
        </extensions>
      </trkpt>
      <trkpt lat="48.068353570997714996337890625" lon="11.22837913222610950469970703125">
        <ele>596.4000244140625</ele>
        <time>2023-09-05T07:12:38.000Z</time>
        <extensions>
          <ns3:TrackPointExtension>
            <ns3:atemp>24.0</ns3:atemp>
            <ns3:hr>157</ns3:hr>
          </ns3:TrackPointExtension>
        </extensions>
      </trkpt>
      <trkpt lat="48.06833244860172271728515625" lon="11.2286823056638240814208984375">
        <ele>596.5999755859375</ele>
        <time>2023-09-05T07:12:45.000Z</time>
        <extensions>
          <ns3:TrackPointExtension>
            <ns3:atemp>24.0</ns3:atemp>
            <ns3:hr>157</ns3:hr>
          </ns3:TrackPointExtension>
        </extensions>
      </trkpt>
      <trkpt lat="48.06836220435798168182373046875" lon="11.22889126650989055633544921875">
        <ele>596.5999755859375</ele>
        <time>2023-09-05T07:12:51.000Z</time>
        <extensions>
          <ns3:TrackPointExtension>
            <ns3:atemp>24.0</ns3:atemp>
            <ns3:hr>157</ns3:hr>
          </ns3:TrackPointExtension>
        </extensions>
      </trkpt>
      <trkpt lat="48.06842557154595851898193359375" lon="11.22903174720704555511474609375">
        <ele>596.5999755859375</ele>
        <time>2023-09-05T07:12:55.000Z</time>
        <extensions>
          <ns3:TrackPointExtension>
            <ns3:atemp>24.0</ns3:atemp>
            <ns3:hr>155</ns3:hr>
          </ns3:TrackPointExtension>
        </extensions>
      </trkpt>
      <trkpt lat="48.06843680329620838165283203125" lon="11.229067035019397735595703125">
        <ele>596.5999755859375</ele>
        <time>2023-09-05T07:12:56.000Z</time>
        <extensions>
          <ns3:TrackPointExtension>
            <ns3:atemp>24.0</ns3:atemp>
            <ns3:hr>155</ns3:hr>
          </ns3:TrackPointExtension>
        </extensions>
      </trkpt>
      <trkpt lat="48.068511150777339935302734375" lon="11.22919787652790546417236328125">
        <ele>596.4000244140625</ele>
        <time>2023-09-05T07:13:01.000Z</time>
        <extensions>
          <ns3:TrackPointExtension>
            <ns3:atemp>24.0</ns3:atemp>
            <ns3:hr>155</ns3:hr>
          </ns3:TrackPointExtension>
        </extensions>
      </trkpt>
      <trkpt lat="48.0685374699532985687255859375" lon="11.22921396978199481964111328125">
        <ele>596.20001220703125</ele>
        <time>2023-09-05T07:13:02.000Z</time>
        <extensions>
          <ns3:TrackPointExtension>
            <ns3:atemp>24.0</ns3:atemp>
            <ns3:hr>155</ns3:hr>
          </ns3:TrackPointExtension>
        </extensions>
      </trkpt>
      <trkpt lat="48.0685622803866863250732421875" lon="11.22925185598433017730712890625">
        <ele>596.20001220703125</ele>
        <time>2023-09-05T07:13:03.000Z</time>
        <extensions>
          <ns3:TrackPointExtension>
            <ns3:atemp>24.0</ns3:atemp>
            <ns3:hr>155</ns3:hr>
          </ns3:TrackPointExtension>
        </extensions>
      </trkpt>
      <trkpt lat="48.06862556375563144683837890625" lon="11.22936015017330646514892578125">
        <ele>596.20001220703125</ele>
        <time>2023-09-05T07:13:06.000Z</time>
        <extensions>
          <ns3:TrackPointExtension>
            <ns3:atemp>24.0</ns3:atemp>
            <ns3:hr>154</ns3:hr>
          </ns3:TrackPointExtension>
        </extensions>
      </trkpt>
      <trkpt lat="48.068714998662471771240234375" lon="11.2294970266520977020263671875">
        <ele>596.20001220703125</ele>
        <time>2023-09-05T07:13:11.000Z</time>
        <extensions>
          <ns3:TrackPointExtension>
            <ns3:atemp>24.0</ns3:atemp>
            <ns3:hr>154</ns3:hr>
          </ns3:TrackPointExtension>
        </extensions>
      </trkpt>
      <trkpt lat="48.0687795393168926239013671875" lon="11.22959618456661701202392578125">
        <ele>596.5999755859375</ele>
        <time>2023-09-05T07:13:15.000Z</time>
        <extensions>
          <ns3:TrackPointExtension>
            <ns3:atemp>24.0</ns3:atemp>
            <ns3:hr>151</ns3:hr>
          </ns3:TrackPointExtension>
        </extensions>
      </trkpt>
      <trkpt lat="48.06885221041738986968994140625" lon="11.22971369884908199310302734375">
        <ele>596.79998779296875</ele>
        <time>2023-09-05T07:13:19.000Z</time>
        <extensions>
          <ns3:TrackPointExtension>
            <ns3:atemp>24.0</ns3:atemp>
            <ns3:hr>152</ns3:hr>
          </ns3:TrackPointExtension>
        </extensions>
      </trkpt>
      <trkpt lat="48.0689451657235622406005859375" lon="11.2299285270273685455322265625">
        <ele>596.79998779296875</ele>
        <time>2023-09-05T07:13:29.000Z</time>
        <extensions>
          <ns3:TrackPointExtension>
            <ns3:atemp>24.0</ns3:atemp>
            <ns3:hr>151</ns3:hr>
          </ns3:TrackPointExtension>
        </extensions>
      </trkpt>
      <trkpt lat="48.06894022040069103240966796875" lon="11.22992911376059055328369140625">
        <ele>597.20001220703125</ele>
        <time>2023-09-05T07:13:31.000Z</time>
        <extensions>
          <ns3:TrackPointExtension>
            <ns3:atemp>24.0</ns3:atemp>
            <ns3:hr>151</ns3:hr>
          </ns3:TrackPointExtension>
        </extensions>
      </trkpt>
      <trkpt lat="48.068946339190006256103515625" lon="11.22994487173855304718017578125">
        <ele>597</ele>
        <time>2023-09-05T07:13:33.000Z</time>
        <extensions>
          <ns3:TrackPointExtension>
            <ns3:atemp>24.0</ns3:atemp>
            <ns3:hr>151</ns3:hr>
          </ns3:TrackPointExtension>
        </extensions>
      </trkpt>
      <trkpt lat="48.06897349655628204345703125" lon="11.2299868650734424591064453125">
        <ele>597</ele>
        <time>2023-09-05T07:13:36.000Z</time>
        <extensions>
          <ns3:TrackPointExtension>
            <ns3:atemp>24.0</ns3:atemp>
            <ns3:hr>149</ns3:hr>
          </ns3:TrackPointExtension>
        </extensions>
      </trkpt>
      <trkpt lat="48.06899495422840118408203125" lon="11.23002533800899982452392578125">
        <ele>596.79998779296875</ele>
        <time>2023-09-05T07:13:38.000Z</time>
        <extensions>
          <ns3:TrackPointExtension>
            <ns3:atemp>24.0</ns3:atemp>
            <ns3:hr>149</ns3:hr>
          </ns3:TrackPointExtension>
        </extensions>
      </trkpt>
      <trkpt lat="48.0691218562424182891845703125" lon="11.23021979816257953643798828125">
        <ele>596.79998779296875</ele>
        <time>2023-09-05T07:13:45.000Z</time>
        <extensions>
          <ns3:TrackPointExtension>
            <ns3:atemp>24.0</ns3:atemp>
            <ns3:hr>147</ns3:hr>
          </ns3:TrackPointExtension>
        </extensions>
      </trkpt>
      <trkpt lat="48.06923258118331432342529296875" lon="11.230287440121173858642578125">
        <ele>597</ele>
        <time>2023-09-05T07:13:50.000Z</time>
        <extensions>
          <ns3:TrackPointExtension>
            <ns3:atemp>24.0</ns3:atemp>
            <ns3:hr>145</ns3:hr>
          </ns3:TrackPointExtension>
        </extensions>
      </trkpt>
      <trkpt lat="48.0694118700921535491943359375" lon="11.2303560040891170501708984375">
        <ele>596.5999755859375</ele>
        <time>2023-09-05T07:13:56.000Z</time>
        <extensions>
          <ns3:TrackPointExtension>
            <ns3:atemp>24.0</ns3:atemp>
            <ns3:hr>145</ns3:hr>
          </ns3:TrackPointExtension>
        </extensions>
      </trkpt>
      <trkpt lat="48.06949527002871036529541015625" lon="11.23056848533451557159423828125">
        <ele>596.4000244140625</ele>
        <time>2023-09-05T07:14:02.000Z</time>
        <extensions>
          <ns3:TrackPointExtension>
            <ns3:atemp>24.0</ns3:atemp>
            <ns3:hr>146</ns3:hr>
          </ns3:TrackPointExtension>
        </extensions>
      </trkpt>
      <trkpt lat="48.069543801248073577880859375" lon="11.23085397295653820037841796875">
        <ele>596.5999755859375</ele>
        <time>2023-09-05T07:14:10.000Z</time>
        <extensions>
          <ns3:TrackPointExtension>
            <ns3:atemp>24.0</ns3:atemp>
            <ns3:hr>145</ns3:hr>
          </ns3:TrackPointExtension>
        </extensions>
      </trkpt>
      <trkpt lat="48.069577328860759735107421875" lon="11.230999566614627838134765625">
        <ele>596.79998779296875</ele>
        <time>2023-09-05T07:14:14.000Z</time>
        <extensions>
          <ns3:TrackPointExtension>
            <ns3:atemp>24.0</ns3:atemp>
            <ns3:hr>148</ns3:hr>
          </ns3:TrackPointExtension>
        </extensions>
      </trkpt>
      <trkpt lat="48.06960205547511577606201171875" lon="11.23115303926169872283935546875">
        <ele>596.79998779296875</ele>
        <time>2023-09-05T07:14:18.000Z</time>
        <extensions>
          <ns3:TrackPointExtension>
            <ns3:atemp>24.0</ns3:atemp>
            <ns3:hr>149</ns3:hr>
          </ns3:TrackPointExtension>
        </extensions>
      </trkpt>
      <trkpt lat="48.06957506574690341949462890625" lon="11.23140231706202030181884765625">
        <ele>596.5999755859375</ele>
        <time>2023-09-05T07:14:25.000Z</time>
        <extensions>
          <ns3:TrackPointExtension>
            <ns3:atemp>24.0</ns3:atemp>
            <ns3:hr>148</ns3:hr>
          </ns3:TrackPointExtension>
        </extensions>
      </trkpt>
      <trkpt lat="48.0695902369916439056396484375" lon="11.2316511757671833038330078125">
        <ele>596.20001220703125</ele>
        <time>2023-09-05T07:14:32.000Z</time>
        <extensions>
          <ns3:TrackPointExtension>
            <ns3:atemp>24.0</ns3:atemp>
            <ns3:hr>148</ns3:hr>
          </ns3:TrackPointExtension>
        </extensions>
      </trkpt>
      <trkpt lat="48.069626949727535247802734375" lon="11.23178754933178424835205078125">
        <ele>596.20001220703125</ele>
        <time>2023-09-05T07:14:36.000Z</time>
        <extensions>
          <ns3:TrackPointExtension>
            <ns3:atemp>24.0</ns3:atemp>
            <ns3:hr>146</ns3:hr>
          </ns3:TrackPointExtension>
        </extensions>
      </trkpt>
      <trkpt lat="48.06964874267578125" lon="11.23186315409839153289794921875">
        <ele>596</ele>
        <time>2023-09-05T07:14:38.000Z</time>
        <extensions>
          <ns3:TrackPointExtension>
            <ns3:atemp>24.0</ns3:atemp>
            <ns3:hr>147</ns3:hr>
          </ns3:TrackPointExtension>
        </extensions>
      </trkpt>
      <trkpt lat="48.0696760676801204681396484375" lon="11.2319827638566493988037109375">
        <ele>595.20001220703125</ele>
        <time>2023-09-05T07:14:41.000Z</time>
        <extensions>
          <ns3:TrackPointExtension>
            <ns3:atemp>24.0</ns3:atemp>
            <ns3:hr>146</ns3:hr>
          </ns3:TrackPointExtension>
        </extensions>
      </trkpt>
      <trkpt lat="48.06974706239998340606689453125" lon="11.23228006996214389801025390625">
        <ele>595.4000244140625</ele>
        <time>2023-09-05T07:14:49.000Z</time>
        <extensions>
          <ns3:TrackPointExtension>
            <ns3:atemp>24.0</ns3:atemp>
            <ns3:hr>145</ns3:hr>
          </ns3:TrackPointExtension>
        </extensions>
      </trkpt>
      <trkpt lat="48.06981512345373630523681640625" lon="11.23254057951271533966064453125">
        <ele>596</ele>
        <time>2023-09-05T07:14:56.000Z</time>
        <extensions>
          <ns3:TrackPointExtension>
            <ns3:atemp>24.0</ns3:atemp>
            <ns3:hr>148</ns3:hr>
          </ns3:TrackPointExtension>
        </extensions>
      </trkpt>
      <trkpt lat="48.06981881149113178253173828125" lon="11.2325745262205600738525390625">
        <ele>596.4000244140625</ele>
        <time>2023-09-05T07:14:57.000Z</time>
        <extensions>
          <ns3:TrackPointExtension>
            <ns3:atemp>24.0</ns3:atemp>
            <ns3:hr>149</ns3:hr>
          </ns3:TrackPointExtension>
        </extensions>
      </trkpt>
      <trkpt lat="48.06985049508512020111083984375" lon="11.23274811543524265289306640625">
        <ele>595.79998779296875</ele>
        <time>2023-09-05T07:15:02.000Z</time>
        <extensions>
          <ns3:TrackPointExtension>
            <ns3:atemp>24.0</ns3:atemp>
            <ns3:hr>152</ns3:hr>
          </ns3:TrackPointExtension>
        </extensions>
      </trkpt>
      <trkpt lat="48.0698594637215137481689453125" lon="11.2328135780990123748779296875">
        <ele>595.5999755859375</ele>
        <time>2023-09-05T07:15:04.000Z</time>
        <extensions>
          <ns3:TrackPointExtension>
            <ns3:atemp>24.0</ns3:atemp>
            <ns3:hr>152</ns3:hr>
          </ns3:TrackPointExtension>
        </extensions>
      </trkpt>
      <trkpt lat="48.06990447454154491424560546875" lon="11.23323024250566959381103515625">
        <ele>595.79998779296875</ele>
        <time>2023-09-05T07:15:16.000Z</time>
        <extensions>
          <ns3:TrackPointExtension>
            <ns3:atemp>24.0</ns3:atemp>
            <ns3:hr>152</ns3:hr>
          </ns3:TrackPointExtension>
        </extensions>
      </trkpt>
      <trkpt lat="48.06991763412952423095703125" lon="11.23350240290164947509765625">
        <ele>596</ele>
        <time>2023-09-05T07:15:23.000Z</time>
        <extensions>
          <ns3:TrackPointExtension>
            <ns3:atemp>24.0</ns3:atemp>
            <ns3:hr>154</ns3:hr>
          </ns3:TrackPointExtension>
        </extensions>
      </trkpt>
      <trkpt lat="48.06993381120264530181884765625" lon="11.23386056162416934967041015625">
        <ele>595.79998779296875</ele>
        <time>2023-09-05T07:15:32.000Z</time>
        <extensions>
          <ns3:TrackPointExtension>
            <ns3:atemp>24.0</ns3:atemp>
            <ns3:hr>156</ns3:hr>
          </ns3:TrackPointExtension>
        </extensions>
      </trkpt>
      <trkpt lat="48.06997270323336124420166015625" lon="11.23421377502381801605224609375">
        <ele>596.4000244140625</ele>
        <time>2023-09-05T07:15:41.000Z</time>
        <extensions>
          <ns3:TrackPointExtension>
            <ns3:atemp>24.0</ns3:atemp>
            <ns3:hr>157</ns3:hr>
          </ns3:TrackPointExtension>
        </extensions>
      </trkpt>
      <trkpt lat="48.0700237490236759185791015625" lon="11.2345533259212970733642578125">
        <ele>596.4000244140625</ele>
        <time>2023-09-05T07:15:50.000Z</time>
        <extensions>
          <ns3:TrackPointExtension>
            <ns3:atemp>24.0</ns3:atemp>
            <ns3:hr>158</ns3:hr>
          </ns3:TrackPointExtension>
        </extensions>
      </trkpt>
      <trkpt lat="48.07010002434253692626953125" lon="11.2348487041890621185302734375">
        <ele>596.4000244140625</ele>
        <time>2023-09-05T07:15:58.000Z</time>
        <extensions>
          <ns3:TrackPointExtension>
            <ns3:atemp>24.0</ns3:atemp>
            <ns3:hr>158</ns3:hr>
          </ns3:TrackPointExtension>
        </extensions>
      </trkpt>
      <trkpt lat="48.07017588056623935699462890625" lon="11.23522329144179821014404296875">
        <ele>596.79998779296875</ele>
        <time>2023-09-05T07:16:08.000Z</time>
        <extensions>
          <ns3:TrackPointExtension>
            <ns3:atemp>24.0</ns3:atemp>
            <ns3:hr>158</ns3:hr>
          </ns3:TrackPointExtension>
        </extensions>
      </trkpt>
      <trkpt lat="48.07021108455955982208251953125" lon="11.23561774380505084991455078125">
        <ele>596.5999755859375</ele>
        <time>2023-09-05T07:16:18.000Z</time>
        <extensions>
          <ns3:TrackPointExtension>
            <ns3:atemp>24.0</ns3:atemp>
            <ns3:hr>158</ns3:hr>
          </ns3:TrackPointExtension>
        </extensions>
      </trkpt>
      <trkpt lat="48.07021695189177989959716796875" lon="11.23611353337764739990234375">
        <ele>596.5999755859375</ele>
        <time>2023-09-05T07:16:30.000Z</time>
        <extensions>
          <ns3:TrackPointExtension>
            <ns3:atemp>24.0</ns3:atemp>
            <ns3:hr>161</ns3:hr>
          </ns3:TrackPointExtension>
        </extensions>
      </trkpt>
      <trkpt lat="48.07022734545171260833740234375" lon="11.2364023737609386444091796875">
        <ele>596.79998779296875</ele>
        <time>2023-09-05T07:16:37.000Z</time>
        <extensions>
          <ns3:TrackPointExtension>
            <ns3:atemp>25.0</ns3:atemp>
            <ns3:hr>162</ns3:hr>
          </ns3:TrackPointExtension>
        </extensions>
      </trkpt>
      <trkpt lat="48.07022851891815662384033203125" lon="11.23666011728346347808837890625">
        <ele>596.79998779296875</ele>
        <time>2023-09-05T07:16:44.000Z</time>
        <extensions>
          <ns3:TrackPointExtension>
            <ns3:atemp>25.0</ns3:atemp>
            <ns3:hr>163</ns3:hr>
          </ns3:TrackPointExtension>
        </extensions>
      </trkpt>
      <trkpt lat="48.070219047367572784423828125" lon="11.2368719279766082763671875">
        <ele>597.20001220703125</ele>
        <time>2023-09-05T07:16:50.000Z</time>
        <extensions>
          <ns3:TrackPointExtension>
            <ns3:atemp>25.0</ns3:atemp>
            <ns3:hr>163</ns3:hr>
          </ns3:TrackPointExtension>
        </extensions>
      </trkpt>
      <trkpt lat="48.0702160298824310302734375" lon="11.23694837093353271484375">
        <ele>597.20001220703125</ele>
        <time>2023-09-05T07:16:52.000Z</time>
        <extensions>
          <ns3:TrackPointExtension>
            <ns3:atemp>25.0</ns3:atemp>
            <ns3:hr>162</ns3:hr>
          </ns3:TrackPointExtension>
        </extensions>
      </trkpt>
      <trkpt lat="48.07020856998860836029052734375" lon="11.23711802065372467041015625">
        <ele>597</ele>
        <time>2023-09-05T07:16:57.000Z</time>
        <extensions>
          <ns3:TrackPointExtension>
            <ns3:atemp>25.0</ns3:atemp>
            <ns3:hr>159</ns3:hr>
          </ns3:TrackPointExtension>
        </extensions>
      </trkpt>
      <trkpt lat="48.07020354084670543670654296875" lon="11.23720946721732616424560546875">
        <ele>596.79998779296875</ele>
        <time>2023-09-05T07:16:59.000Z</time>
        <extensions>
          <ns3:TrackPointExtension>
            <ns3:atemp>25.0</ns3:atemp>
            <ns3:hr>159</ns3:hr>
          </ns3:TrackPointExtension>
        </extensions>
      </trkpt>
      <trkpt lat="48.070183508098125457763671875" lon="11.2374781072139739990234375">
        <ele>597</ele>
        <time>2023-09-05T07:17:06.000Z</time>
        <extensions>
          <ns3:TrackPointExtension>
            <ns3:atemp>25.0</ns3:atemp>
            <ns3:hr>156</ns3:hr>
          </ns3:TrackPointExtension>
        </extensions>
      </trkpt>
      <trkpt lat="48.070177473127841949462890625" lon="11.23758883215487003326416015625">
        <ele>596.79998779296875</ele>
        <time>2023-09-05T07:17:09.000Z</time>
        <extensions>
          <ns3:TrackPointExtension>
            <ns3:atemp>25.0</ns3:atemp>
            <ns3:hr>156</ns3:hr>
          </ns3:TrackPointExtension>
        </extensions>
      </trkpt>
      <trkpt lat="48.07015358470380306243896484375" lon="11.2379801832139492034912109375">
        <ele>596.5999755859375</ele>
        <time>2023-09-05T07:17:19.000Z</time>
        <extensions>
          <ns3:TrackPointExtension>
            <ns3:atemp>25.0</ns3:atemp>
            <ns3:hr>155</ns3:hr>
          </ns3:TrackPointExtension>
        </extensions>
      </trkpt>
      <trkpt lat="48.0701400898396968841552734375" lon="11.23833842575550079345703125">
        <ele>596</ele>
        <time>2023-09-05T07:17:28.000Z</time>
        <extensions>
          <ns3:TrackPointExtension>
            <ns3:atemp>25.0</ns3:atemp>
            <ns3:hr>157</ns3:hr>
          </ns3:TrackPointExtension>
        </extensions>
      </trkpt>
      <trkpt lat="48.07014352641999721527099609375" lon="11.23868443071842193603515625">
        <ele>596</ele>
        <time>2023-09-05T07:17:37.000Z</time>
        <extensions>
          <ns3:TrackPointExtension>
            <ns3:atemp>25.0</ns3:atemp>
            <ns3:hr>156</ns3:hr>
          </ns3:TrackPointExtension>
        </extensions>
      </trkpt>
      <trkpt lat="48.07014771737158298492431640625" lon="11.2390245683491230010986328125">
        <ele>595.79998779296875</ele>
        <time>2023-09-05T07:17:45.000Z</time>
        <extensions>
          <ns3:TrackPointExtension>
            <ns3:atemp>25.0</ns3:atemp>
            <ns3:hr>157</ns3:hr>
          </ns3:TrackPointExtension>
        </extensions>
      </trkpt>
      <trkpt lat="48.07018459774553775787353515625" lon="11.2393494509160518646240234375">
        <ele>595.5999755859375</ele>
        <time>2023-09-05T07:17:54.000Z</time>
        <extensions>
          <ns3:TrackPointExtension>
            <ns3:atemp>26.0</ns3:atemp>
            <ns3:hr>158</ns3:hr>
          </ns3:TrackPointExtension>
        </extensions>
      </trkpt>
      <trkpt lat="48.07019390165805816650390625" lon="11.2397142313420772552490234375">
        <ele>596.20001220703125</ele>
        <time>2023-09-05T07:18:03.000Z</time>
        <extensions>
          <ns3:TrackPointExtension>
            <ns3:atemp>26.0</ns3:atemp>
            <ns3:hr>160</ns3:hr>
          </ns3:TrackPointExtension>
        </extensions>
      </trkpt>
      <trkpt lat="48.07017571292817592620849609375" lon="11.23997666873037815093994140625">
        <ele>596.4000244140625</ele>
        <time>2023-09-05T07:18:10.000Z</time>
        <extensions>
          <ns3:TrackPointExtension>
            <ns3:atemp>26.0</ns3:atemp>
            <ns3:hr>160</ns3:hr>
          </ns3:TrackPointExtension>
        </extensions>
      </trkpt>
      <trkpt lat="48.07017085142433643341064453125" lon="11.2400515191256999969482421875">
        <ele>596.4000244140625</ele>
        <time>2023-09-05T07:18:12.000Z</time>
        <extensions>
          <ns3:TrackPointExtension>
            <ns3:atemp>26.0</ns3:atemp>
            <ns3:hr>161</ns3:hr>
          </ns3:TrackPointExtension>
        </extensions>
      </trkpt>
      <trkpt lat="48.07014738209545612335205078125" lon="11.24033667147159576416015625">
        <ele>596</ele>
        <time>2023-09-05T07:18:20.000Z</time>
        <extensions>
          <ns3:TrackPointExtension>
            <ns3:atemp>26.0</ns3:atemp>
            <ns3:hr>162</ns3:hr>
          </ns3:TrackPointExtension>
        </extensions>
      </trkpt>
      <trkpt lat="48.0701514892280101776123046875" lon="11.2405393458902835845947265625">
        <ele>596</ele>
        <time>2023-09-05T07:18:26.000Z</time>
        <extensions>
          <ns3:TrackPointExtension>
            <ns3:atemp>26.0</ns3:atemp>
            <ns3:hr>161</ns3:hr>
          </ns3:TrackPointExtension>
        </extensions>
      </trkpt>
      <trkpt lat="48.070151992142200469970703125" lon="11.2407155334949493408203125">
        <ele>595.79998779296875</ele>
        <time>2023-09-05T07:18:30.000Z</time>
        <extensions>
          <ns3:TrackPointExtension>
            <ns3:atemp>26.0</ns3:atemp>
            <ns3:hr>158</ns3:hr>
          </ns3:TrackPointExtension>
        </extensions>
      </trkpt>
      <trkpt lat="48.0701632238924503326416015625" lon="11.2408320419490337371826171875">
        <ele>596</ele>
        <time>2023-09-05T07:18:33.000Z</time>
        <extensions>
          <ns3:TrackPointExtension>
            <ns3:atemp>26.0</ns3:atemp>
            <ns3:hr>158</ns3:hr>
          </ns3:TrackPointExtension>
        </extensions>
      </trkpt>
      <trkpt lat="48.07016381062567234039306640625" lon="11.24111451208591461181640625">
        <ele>596</ele>
        <time>2023-09-05T07:18:40.000Z</time>
        <extensions>
          <ns3:TrackPointExtension>
            <ns3:atemp>26.0</ns3:atemp>
            <ns3:hr>158</ns3:hr>
          </ns3:TrackPointExtension>
        </extensions>
      </trkpt>
      <trkpt lat="48.0701489746570587158203125" lon="11.24132783152163028717041015625">
        <ele>595.79998779296875</ele>
        <time>2023-09-05T07:18:46.000Z</time>
        <extensions>
          <ns3:TrackPointExtension>
            <ns3:atemp>26.0</ns3:atemp>
            <ns3:hr>158</ns3:hr>
          </ns3:TrackPointExtension>
        </extensions>
      </trkpt>
      <trkpt lat="48.0701253376901149749755859375" lon="11.24161466024816036224365234375">
        <ele>596.20001220703125</ele>
        <time>2023-09-05T07:18:53.000Z</time>
        <extensions>
          <ns3:TrackPointExtension>
            <ns3:atemp>26.0</ns3:atemp>
            <ns3:hr>157</ns3:hr>
          </ns3:TrackPointExtension>
        </extensions>
      </trkpt>
      <trkpt lat="48.07012056000530719757080078125" lon="11.241842396557331085205078125">
        <ele>596</ele>
        <time>2023-09-05T07:18:59.000Z</time>
        <extensions>
          <ns3:TrackPointExtension>
            <ns3:atemp>26.0</ns3:atemp>
            <ns3:hr>158</ns3:hr>
          </ns3:TrackPointExtension>
        </extensions>
      </trkpt>
      <trkpt lat="48.0701125971972942352294921875" lon="11.24200793914496898651123046875">
        <ele>595.4000244140625</ele>
        <time>2023-09-05T07:19:03.000Z</time>
        <extensions>
          <ns3:TrackPointExtension>
            <ns3:atemp>26.0</ns3:atemp>
            <ns3:hr>158</ns3:hr>
          </ns3:TrackPointExtension>
        </extensions>
      </trkpt>
      <trkpt lat="48.07008451782166957855224609375" lon="11.242181025445461273193359375">
        <ele>595.20001220703125</ele>
        <time>2023-09-05T07:19:07.000Z</time>
        <extensions>
          <ns3:TrackPointExtension>
            <ns3:atemp>26.0</ns3:atemp>
            <ns3:hr>158</ns3:hr>
          </ns3:TrackPointExtension>
        </extensions>
      </trkpt>
      <trkpt lat="48.0700499005615711212158203125" lon="11.2424611486494541168212890625">
        <ele>594.4000244140625</ele>
        <time>2023-09-05T07:19:13.000Z</time>
        <extensions>
          <ns3:TrackPointExtension>
            <ns3:atemp>26.0</ns3:atemp>
            <ns3:hr>158</ns3:hr>
          </ns3:TrackPointExtension>
        </extensions>
      </trkpt>
      <trkpt lat="48.0700529180467128753662109375" lon="11.24256382696330547332763671875">
        <ele>593.79998779296875</ele>
        <time>2023-09-05T07:19:15.000Z</time>
        <extensions>
          <ns3:TrackPointExtension>
            <ns3:atemp>26.0</ns3:atemp>
            <ns3:hr>158</ns3:hr>
          </ns3:TrackPointExtension>
        </extensions>
      </trkpt>
      <trkpt lat="48.0700556002557277679443359375" lon="11.24262786470353603363037109375">
        <ele>593</ele>
        <time>2023-09-05T07:19:17.000Z</time>
        <extensions>
          <ns3:TrackPointExtension>
            <ns3:atemp>26.0</ns3:atemp>
            <ns3:hr>158</ns3:hr>
          </ns3:TrackPointExtension>
        </extensions>
      </trkpt>
      <trkpt lat="48.070055432617664337158203125" lon="11.24267882667481899261474609375">
        <ele>593</ele>
        <time>2023-09-05T07:19:18.000Z</time>
        <extensions>
          <ns3:TrackPointExtension>
            <ns3:atemp>26.0</ns3:atemp>
            <ns3:hr>158</ns3:hr>
          </ns3:TrackPointExtension>
        </extensions>
      </trkpt>
      <trkpt lat="48.0700519122183322906494140625" lon="11.24284445308148860931396484375">
        <ele>592.79998779296875</ele>
        <time>2023-09-05T07:19:22.000Z</time>
        <extensions>
          <ns3:TrackPointExtension>
            <ns3:atemp>26.0</ns3:atemp>
            <ns3:hr>155</ns3:hr>
          </ns3:TrackPointExtension>
        </extensions>
      </trkpt>
      <trkpt lat="48.070047385990619659423828125" lon="11.24286792241036891937255859375">
        <ele>592.79998779296875</ele>
        <time>2023-09-05T07:19:23.000Z</time>
        <extensions>
          <ns3:TrackPointExtension>
            <ns3:atemp>26.0</ns3:atemp>
            <ns3:hr>154</ns3:hr>
          </ns3:TrackPointExtension>
        </extensions>
      </trkpt>
      <trkpt lat="48.07001645676791667938232421875" lon="11.2430304475128650665283203125">
        <ele>592</ele>
        <time>2023-09-05T07:19:29.000Z</time>
        <extensions>
          <ns3:TrackPointExtension>
            <ns3:atemp>26.0</ns3:atemp>
            <ns3:hr>152</ns3:hr>
          </ns3:TrackPointExtension>
        </extensions>
      </trkpt>
      <trkpt lat="48.0700123496353626251220703125" lon="11.24305768869817256927490234375">
        <ele>591.79998779296875</ele>
        <time>2023-09-05T07:19:30.000Z</time>
        <extensions>
          <ns3:TrackPointExtension>
            <ns3:atemp>26.0</ns3:atemp>
            <ns3:hr>151</ns3:hr>
          </ns3:TrackPointExtension>
        </extensions>
      </trkpt>
      <trkpt lat="48.07000614702701568603515625" lon="11.24308149330317974090576171875">
        <ele>591.79998779296875</ele>
        <time>2023-09-05T07:19:31.000Z</time>
        <extensions>
          <ns3:TrackPointExtension>
            <ns3:atemp>26.0</ns3:atemp>
            <ns3:hr>151</ns3:hr>
          </ns3:TrackPointExtension>
        </extensions>
      </trkpt>
      <trkpt lat="48.07001209817826747894287109375" lon="11.243164725601673126220703125">
        <ele>591.5999755859375</ele>
        <time>2023-09-05T07:19:33.000Z</time>
        <extensions>
          <ns3:TrackPointExtension>
            <ns3:atemp>26.0</ns3:atemp>
            <ns3:hr>149</ns3:hr>
          </ns3:TrackPointExtension>
        </extensions>
      </trkpt>
      <trkpt lat="48.0700391717255115509033203125" lon="11.2434186972677707672119140625">
        <ele>592.4000244140625</ele>
        <time>2023-09-05T07:19:39.000Z</time>
        <extensions>
          <ns3:TrackPointExtension>
            <ns3:atemp>26.0</ns3:atemp>
            <ns3:hr>148</ns3:hr>
          </ns3:TrackPointExtension>
        </extensions>
      </trkpt>
      <trkpt lat="48.07007362134754657745361328125" lon="11.24360351823270320892333984375">
        <ele>593.20001220703125</ele>
        <time>2023-09-05T07:19:44.000Z</time>
        <extensions>
          <ns3:TrackPointExtension>
            <ns3:atemp>26.0</ns3:atemp>
            <ns3:hr>150</ns3:hr>
          </ns3:TrackPointExtension>
        </extensions>
      </trkpt>
      <trkpt lat="48.07008921168744564056396484375" lon="11.24378708191215991973876953125">
        <ele>593.79998779296875</ele>
        <time>2023-09-05T07:19:49.000Z</time>
        <extensions>
          <ns3:TrackPointExtension>
            <ns3:atemp>26.0</ns3:atemp>
            <ns3:hr>153</ns3:hr>
          </ns3:TrackPointExtension>
        </extensions>
      </trkpt>
      <trkpt lat="48.0700961686670780181884765625" lon="11.2438190169632434844970703125">
        <ele>594</ele>
        <time>2023-09-05T07:19:50.000Z</time>
        <extensions>
          <ns3:TrackPointExtension>
            <ns3:atemp>26.0</ns3:atemp>
            <ns3:hr>154</ns3:hr>
          </ns3:TrackPointExtension>
        </extensions>
      </trkpt>
      <trkpt lat="48.07010144926607608795166015625" lon="11.24386453069746494293212890625">
        <ele>594.20001220703125</ele>
        <time>2023-09-05T07:19:51.000Z</time>
        <extensions>
          <ns3:TrackPointExtension>
            <ns3:atemp>26.0</ns3:atemp>
            <ns3:hr>156</ns3:hr>
          </ns3:TrackPointExtension>
        </extensions>
      </trkpt>
      <trkpt lat="48.07013045065104961395263671875" lon="11.24401523731648921966552734375">
        <ele>595</ele>
        <time>2023-09-05T07:19:55.000Z</time>
        <extensions>
          <ns3:TrackPointExtension>
            <ns3:atemp>26.0</ns3:atemp>
            <ns3:hr>159</ns3:hr>
          </ns3:TrackPointExtension>
        </extensions>
      </trkpt>
      <trkpt lat="48.0701390840113162994384765625" lon="11.2440610863268375396728515625">
        <ele>595.4000244140625</ele>
        <time>2023-09-05T07:19:56.000Z</time>
        <extensions>
          <ns3:TrackPointExtension>
            <ns3:atemp>26.0</ns3:atemp>
            <ns3:hr>160</ns3:hr>
          </ns3:TrackPointExtension>
        </extensions>
      </trkpt>
      <trkpt lat="48.07014754973351955413818359375" lon="11.2441257946193218231201171875">
        <ele>595.4000244140625</ele>
        <time>2023-09-05T07:19:58.000Z</time>
        <extensions>
          <ns3:TrackPointExtension>
            <ns3:atemp>26.0</ns3:atemp>
            <ns3:hr>161</ns3:hr>
          </ns3:TrackPointExtension>
        </extensions>
      </trkpt>
      <trkpt lat="48.07018342427909374237060546875" lon="11.244393847882747650146484375">
        <ele>596.20001220703125</ele>
        <time>2023-09-05T07:20:05.000Z</time>
        <extensions>
          <ns3:TrackPointExtension>
            <ns3:atemp>26.0</ns3:atemp>
            <ns3:hr>164</ns3:hr>
          </ns3:TrackPointExtension>
        </extensions>
      </trkpt>
      <trkpt lat="48.07018443010747432708740234375" lon="11.24443165026605129241943359375">
        <ele>596.20001220703125</ele>
        <time>2023-09-05T07:20:06.000Z</time>
        <extensions>
          <ns3:TrackPointExtension>
            <ns3:atemp>26.0</ns3:atemp>
            <ns3:hr>164</ns3:hr>
          </ns3:TrackPointExtension>
        </extensions>
      </trkpt>
      <trkpt lat="48.07018828578293323516845703125" lon="11.24449543654918670654296875">
        <ele>596.4000244140625</ele>
        <time>2023-09-05T07:20:08.000Z</time>
        <extensions>
          <ns3:TrackPointExtension>
            <ns3:atemp>26.0</ns3:atemp>
            <ns3:hr>165</ns3:hr>
          </ns3:TrackPointExtension>
        </extensions>
      </trkpt>
      <trkpt lat="48.070217035710811614990234375" lon="11.24480531550943851470947265625">
        <ele>597.20001220703125</ele>
        <time>2023-09-05T07:20:16.000Z</time>
        <extensions>
          <ns3:TrackPointExtension>
            <ns3:atemp>26.0</ns3:atemp>
            <ns3:hr>166</ns3:hr>
          </ns3:TrackPointExtension>
        </extensions>
      </trkpt>
      <trkpt lat="48.070217706263065338134765625" lon="11.2448452971875667572021484375">
        <ele>597.4000244140625</ele>
        <time>2023-09-05T07:20:17.000Z</time>
        <extensions>
          <ns3:TrackPointExtension>
            <ns3:atemp>26.0</ns3:atemp>
            <ns3:hr>167</ns3:hr>
          </ns3:TrackPointExtension>
        </extensions>
      </trkpt>
      <trkpt lat="48.0702564306557178497314453125" lon="11.2450902163982391357421875">
        <ele>597.5999755859375</ele>
        <time>2023-09-05T07:20:24.000Z</time>
        <extensions>
          <ns3:TrackPointExtension>
            <ns3:atemp>26.0</ns3:atemp>
            <ns3:hr>167</ns3:hr>
          </ns3:TrackPointExtension>
        </extensions>
      </trkpt>
      <trkpt lat="48.0702832527458667755126953125" lon="11.245371513068675994873046875">
        <ele>598.4000244140625</ele>
        <time>2023-09-05T07:20:31.000Z</time>
        <extensions>
          <ns3:TrackPointExtension>
            <ns3:atemp>26.0</ns3:atemp>
            <ns3:hr>168</ns3:hr>
          </ns3:TrackPointExtension>
        </extensions>
      </trkpt>
      <trkpt lat="48.07029339484870433807373046875" lon="11.2454427592456340789794921875">
        <ele>598.4000244140625</ele>
        <time>2023-09-05T07:20:33.000Z</time>
        <extensions>
          <ns3:TrackPointExtension>
            <ns3:atemp>26.0</ns3:atemp>
            <ns3:hr>168</ns3:hr>
          </ns3:TrackPointExtension>
        </extensions>
      </trkpt>
      <trkpt lat="48.07036464102566242218017578125" lon="11.24581080861389636993408203125">
        <ele>598.5999755859375</ele>
        <time>2023-09-05T07:20:43.000Z</time>
        <extensions>
          <ns3:TrackPointExtension>
            <ns3:atemp>26.0</ns3:atemp>
            <ns3:hr>167</ns3:hr>
          </ns3:TrackPointExtension>
        </extensions>
      </trkpt>
      <trkpt lat="48.07042532600462436676025390625" lon="11.246104426681995391845703125">
        <ele>599.20001220703125</ele>
        <time>2023-09-05T07:20:51.000Z</time>
        <extensions>
          <ns3:TrackPointExtension>
            <ns3:atemp>26.0</ns3:atemp>
            <ns3:hr>166</ns3:hr>
          </ns3:TrackPointExtension>
        </extensions>
      </trkpt>
      <trkpt lat="48.0704512260854244232177734375" lon="11.2463483400642871856689453125">
        <ele>599.20001220703125</ele>
        <time>2023-09-05T07:20:57.000Z</time>
        <extensions>
          <ns3:TrackPointExtension>
            <ns3:atemp>26.0</ns3:atemp>
            <ns3:hr>165</ns3:hr>
          </ns3:TrackPointExtension>
        </extensions>
      </trkpt>
      <trkpt lat="48.07049338705837726593017578125" lon="11.2466336600482463836669921875">
        <ele>598.5999755859375</ele>
        <time>2023-09-05T07:21:04.000Z</time>
        <extensions>
          <ns3:TrackPointExtension>
            <ns3:atemp>26.0</ns3:atemp>
            <ns3:hr>163</ns3:hr>
          </ns3:TrackPointExtension>
        </extensions>
      </trkpt>
      <trkpt lat="48.07056941092014312744140625" lon="11.24685301445424556732177734375">
        <ele>597.4000244140625</ele>
        <time>2023-09-05T07:21:10.000Z</time>
        <extensions>
          <ns3:TrackPointExtension>
            <ns3:atemp>26.0</ns3:atemp>
            <ns3:hr>162</ns3:hr>
          </ns3:TrackPointExtension>
        </extensions>
      </trkpt>
      <trkpt lat="48.07062280364334583282470703125" lon="11.2470577843487262725830078125">
        <ele>596.4000244140625</ele>
        <time>2023-09-05T07:21:15.000Z</time>
        <extensions>
          <ns3:TrackPointExtension>
            <ns3:atemp>26.0</ns3:atemp>
            <ns3:hr>162</ns3:hr>
          </ns3:TrackPointExtension>
        </extensions>
      </trkpt>
      <trkpt lat="48.07067477144300937652587890625" lon="11.2471496500074863433837890625">
        <ele>595.79998779296875</ele>
        <time>2023-09-05T07:21:18.000Z</time>
        <extensions>
          <ns3:TrackPointExtension>
            <ns3:atemp>26.0</ns3:atemp>
            <ns3:hr>161</ns3:hr>
          </ns3:TrackPointExtension>
        </extensions>
      </trkpt>
      <trkpt lat="48.070776946842670440673828125" lon="11.24717387370765209197998046875">
        <ele>595.4000244140625</ele>
        <time>2023-09-05T07:21:22.000Z</time>
        <extensions>
          <ns3:TrackPointExtension>
            <ns3:atemp>26.0</ns3:atemp>
            <ns3:hr>158</ns3:hr>
          </ns3:TrackPointExtension>
        </extensions>
      </trkpt>
      <trkpt lat="48.070810474455356597900390625" lon="11.2471850216388702392578125">
        <ele>595.20001220703125</ele>
        <time>2023-09-05T07:21:23.000Z</time>
        <extensions>
          <ns3:TrackPointExtension>
            <ns3:atemp>26.0</ns3:atemp>
            <ns3:hr>157</ns3:hr>
          </ns3:TrackPointExtension>
        </extensions>
      </trkpt>
      <trkpt lat="48.0708371289074420928955078125" lon="11.247204132378101348876953125">
        <ele>595.20001220703125</ele>
        <time>2023-09-05T07:21:24.000Z</time>
        <extensions>
          <ns3:TrackPointExtension>
            <ns3:atemp>26.0</ns3:atemp>
            <ns3:hr>157</ns3:hr>
          </ns3:TrackPointExtension>
        </extensions>
      </trkpt>
      <trkpt lat="48.07093393988907337188720703125" lon="11.2472440302371978759765625">
        <ele>594.20001220703125</ele>
        <time>2023-09-05T07:21:27.000Z</time>
        <extensions>
          <ns3:TrackPointExtension>
            <ns3:atemp>26.0</ns3:atemp>
            <ns3:hr>157</ns3:hr>
          </ns3:TrackPointExtension>
        </extensions>
      </trkpt>
      <trkpt lat="48.0710045993328094482421875" lon="11.24725501053035259246826171875">
        <ele>593.79998779296875</ele>
        <time>2023-09-05T07:21:29.000Z</time>
        <extensions>
          <ns3:TrackPointExtension>
            <ns3:atemp>26.0</ns3:atemp>
            <ns3:hr>157</ns3:hr>
          </ns3:TrackPointExtension>
        </extensions>
      </trkpt>
      <trkpt lat="48.07114851661026477813720703125" lon="11.24723807908594608306884765625">
        <ele>593.4000244140625</ele>
        <time>2023-09-05T07:21:34.000Z</time>
        <extensions>
          <ns3:TrackPointExtension>
            <ns3:atemp>26.0</ns3:atemp>
            <ns3:hr>156</ns3:hr>
          </ns3:TrackPointExtension>
        </extensions>
      </trkpt>
      <trkpt lat="48.07120568118989467620849609375" lon="11.24722366221249103546142578125">
        <ele>593.20001220703125</ele>
        <time>2023-09-05T07:21:36.000Z</time>
        <extensions>
          <ns3:TrackPointExtension>
            <ns3:atemp>26.0</ns3:atemp>
            <ns3:hr>155</ns3:hr>
          </ns3:TrackPointExtension>
        </extensions>
      </trkpt>
      <trkpt lat="48.07132906280457973480224609375" lon="11.2471647374331951141357421875">
        <ele>592.5999755859375</ele>
        <time>2023-09-05T07:21:41.000Z</time>
        <extensions>
          <ns3:TrackPointExtension>
            <ns3:atemp>26.0</ns3:atemp>
            <ns3:hr>155</ns3:hr>
          </ns3:TrackPointExtension>
        </extensions>
      </trkpt>
      <trkpt lat="48.07137868367135524749755859375" lon="11.2471878714859485626220703125">
        <ele>592.5999755859375</ele>
        <time>2023-09-05T07:21:43.000Z</time>
        <extensions>
          <ns3:TrackPointExtension>
            <ns3:atemp>26.0</ns3:atemp>
            <ns3:hr>155</ns3:hr>
          </ns3:TrackPointExtension>
        </extensions>
      </trkpt>
      <trkpt lat="48.071383796632289886474609375" lon="11.2472338043153285980224609375">
        <ele>592.5999755859375</ele>
        <time>2023-09-05T07:21:45.000Z</time>
        <extensions>
          <ns3:TrackPointExtension>
            <ns3:atemp>26.0</ns3:atemp>
            <ns3:hr>155</ns3:hr>
          </ns3:TrackPointExtension>
        </extensions>
      </trkpt>
      <trkpt lat="48.07133124209940433502197265625" lon="11.2473095767199993133544921875">
        <ele>592.5999755859375</ele>
        <time>2023-09-05T07:21:50.000Z</time>
        <extensions>
          <ns3:TrackPointExtension>
            <ns3:atemp>26.0</ns3:atemp>
            <ns3:hr>154</ns3:hr>
          </ns3:TrackPointExtension>
        </extensions>
      </trkpt>
      <trkpt lat="48.0712803639471530914306640625" lon="11.2473620474338531494140625">
        <ele>592.20001220703125</ele>
        <time>2023-09-05T07:21:54.000Z</time>
        <extensions>
          <ns3:TrackPointExtension>
            <ns3:atemp>26.0</ns3:atemp>
            <ns3:hr>150</ns3:hr>
          </ns3:TrackPointExtension>
        </extensions>
      </trkpt>
      <trkpt lat="48.07125513441860675811767578125" lon="11.24739624559879302978515625">
        <ele>592.20001220703125</ele>
        <time>2023-09-05T07:21:56.000Z</time>
        <extensions>
          <ns3:TrackPointExtension>
            <ns3:atemp>26.0</ns3:atemp>
            <ns3:hr>148</ns3:hr>
          </ns3:TrackPointExtension>
        </extensions>
      </trkpt>
      <trkpt lat="48.0712438188493251800537109375" lon="11.24741233885288238525390625">
        <ele>592.20001220703125</ele>
        <time>2023-09-05T07:21:57.000Z</time>
        <extensions>
          <ns3:TrackPointExtension>
            <ns3:atemp>26.0</ns3:atemp>
            <ns3:hr>148</ns3:hr>
          </ns3:TrackPointExtension>
        </extensions>
      </trkpt>
      <trkpt lat="48.07121104560792446136474609375" lon="11.247491128742694854736328125">
        <ele>592.20001220703125</ele>
        <time>2023-09-05T07:22:02.000Z</time>
        <extensions>
          <ns3:TrackPointExtension>
            <ns3:atemp>26.0</ns3:atemp>
            <ns3:hr>147</ns3:hr>
          </ns3:TrackPointExtension>
        </extensions>
      </trkpt>
      <trkpt lat="48.07124842889606952667236328125" lon="11.24749322421848773956298828125">
        <ele>592</ele>
        <time>2023-09-05T07:22:07.000Z</time>
        <extensions>
          <ns3:TrackPointExtension>
            <ns3:atemp>26.0</ns3:atemp>
            <ns3:hr>146</ns3:hr>
          </ns3:TrackPointExtension>
        </extensions>
      </trkpt>
      <trkpt lat="48.07134549133479595184326171875" lon="11.24757201410830020904541015625">
        <ele>591.79998779296875</ele>
        <time>2023-09-05T07:22:13.000Z</time>
        <extensions>
          <ns3:TrackPointExtension>
            <ns3:atemp>26.0</ns3:atemp>
            <ns3:hr>144</ns3:hr>
          </ns3:TrackPointExtension>
        </extensions>
      </trkpt>
      <trkpt lat="48.07136091403663158416748046875" lon="11.24759783037006855010986328125">
        <ele>591.5999755859375</ele>
        <time>2023-09-05T07:22:15.000Z</time>
        <extensions>
          <ns3:TrackPointExtension>
            <ns3:atemp>26.0</ns3:atemp>
            <ns3:hr>141</ns3:hr>
          </ns3:TrackPointExtension>
        </extensions>
      </trkpt>
      <trkpt lat="48.0713568069040775299072265625" lon="11.24762750230729579925537109375">
        <ele>591.79998779296875</ele>
        <time>2023-09-05T07:22:20.000Z</time>
        <extensions>
          <ns3:TrackPointExtension>
            <ns3:atemp>26.0</ns3:atemp>
            <ns3:hr>139</ns3:hr>
          </ns3:TrackPointExtension>
        </extensions>
      </trkpt>
      <trkpt lat="48.071351610124111175537109375" lon="11.2476418353617191314697265625">
        <ele>591.79998779296875</ele>
        <time>2023-09-05T07:22:21.000Z</time>
        <extensions>
          <ns3:TrackPointExtension>
            <ns3:atemp>26.0</ns3:atemp>
            <ns3:hr>138</ns3:hr>
          </ns3:TrackPointExtension>
        </extensions>
      </trkpt>
      <trkpt lat="48.0713413842022418975830078125" lon="11.247656084597110748291015625">
        <ele>591.20001220703125</ele>
        <time>2023-09-05T07:22:32.000Z</time>
        <extensions>
          <ns3:TrackPointExtension>
            <ns3:atemp>26.0</ns3:atemp>
            <ns3:hr>134</ns3:hr>
          </ns3:TrackPointExtension>
        </extensions>
      </trkpt>
      <trkpt lat="48.07133694179356098175048828125" lon="11.24764493666589260101318359375">
        <ele>591</ele>
        <time>2023-09-05T07:22:33.000Z</time>
        <extensions>
          <ns3:TrackPointExtension>
            <ns3:atemp>26.0</ns3:atemp>
            <ns3:hr>134</ns3:hr>
          </ns3:TrackPointExtension>
        </extensions>
      </trkpt>
      <trkpt lat="48.07133928872644901275634765625" lon="11.2476099841296672821044921875">
        <ele>591</ele>
        <time>2023-09-05T07:22:35.000Z</time>
        <extensions>
          <ns3:TrackPointExtension>
            <ns3:atemp>26.0</ns3:atemp>
            <ns3:hr>135</ns3:hr>
          </ns3:TrackPointExtension>
        </extensions>
      </trkpt>
      <trkpt lat="48.071411289274692535400390625" lon="11.24745433218777179718017578125">
        <ele>591</ele>
        <time>2023-09-05T07:22:40.000Z</time>
        <extensions>
          <ns3:TrackPointExtension>
            <ns3:atemp>26.0</ns3:atemp>
            <ns3:hr>136</ns3:hr>
          </ns3:TrackPointExtension>
        </extensions>
      </trkpt>
      <trkpt lat="48.07153877802193164825439453125" lon="11.24735534191131591796875">
        <ele>591.5999755859375</ele>
        <time>2023-09-05T07:22:46.000Z</time>
        <extensions>
          <ns3:TrackPointExtension>
            <ns3:atemp>26.0</ns3:atemp>
            <ns3:hr>138</ns3:hr>
          </ns3:TrackPointExtension>
        </extensions>
      </trkpt>
      <trkpt lat="48.0715593136847019195556640625" lon="11.24734536744654178619384765625">
        <ele>591.5999755859375</ele>
        <time>2023-09-05T07:22:47.000Z</time>
        <extensions>
          <ns3:TrackPointExtension>
            <ns3:atemp>26.0</ns3:atemp>
            <ns3:hr>141</ns3:hr>
          </ns3:TrackPointExtension>
        </extensions>
      </trkpt>
      <trkpt lat="48.07167590595781803131103515625" lon="11.247340254485607147216796875">
        <ele>591.4000244140625</ele>
        <time>2023-09-05T07:22:52.000Z</time>
        <extensions>
          <ns3:TrackPointExtension>
            <ns3:atemp>26.0</ns3:atemp>
            <ns3:hr>137</ns3:hr>
          </ns3:TrackPointExtension>
        </extensions>
      </trkpt>
      <trkpt lat="48.07172334752976894378662109375" lon="11.24732910655438899993896484375">
        <ele>591</ele>
        <time>2023-09-05T07:22:54.000Z</time>
        <extensions>
          <ns3:TrackPointExtension>
            <ns3:atemp>26.0</ns3:atemp>
            <ns3:hr>134</ns3:hr>
          </ns3:TrackPointExtension>
        </extensions>
      </trkpt>
      <trkpt lat="48.0718855373561382293701171875" lon="11.24734268523752689361572265625">
        <ele>591.20001220703125</ele>
        <time>2023-09-05T07:23:00.000Z</time>
        <extensions>
          <ns3:TrackPointExtension>
            <ns3:atemp>26.0</ns3:atemp>
            <ns3:hr>135</ns3:hr>
          </ns3:TrackPointExtension>
        </extensions>
      </trkpt>
      <trkpt lat="48.0720404349267482757568359375" lon="11.247304379940032958984375">
        <ele>591.4000244140625</ele>
        <time>2023-09-05T07:23:06.000Z</time>
        <extensions>
          <ns3:TrackPointExtension>
            <ns3:atemp>26.0</ns3:atemp>
            <ns3:hr>136</ns3:hr>
          </ns3:TrackPointExtension>
        </extensions>
      </trkpt>
      <trkpt lat="48.072174377739429473876953125" lon="11.2473836727440357208251953125">
        <ele>591.4000244140625</ele>
        <time>2023-09-05T07:23:12.000Z</time>
        <extensions>
          <ns3:TrackPointExtension>
            <ns3:atemp>26.0</ns3:atemp>
            <ns3:hr>136</ns3:hr>
          </ns3:TrackPointExtension>
        </extensions>
      </trkpt>
      <trkpt lat="48.07218519039452075958251953125" lon="11.247399263083934783935546875">
        <ele>591.20001220703125</ele>
        <time>2023-09-05T07:23:13.000Z</time>
        <extensions>
          <ns3:TrackPointExtension>
            <ns3:atemp>26.0</ns3:atemp>
            <ns3:hr>137</ns3:hr>
          </ns3:TrackPointExtension>
        </extensions>
      </trkpt>
      <trkpt lat="48.07224486954510211944580078125" lon="11.24746464192867279052734375">
        <ele>591.20001220703125</ele>
        <time>2023-09-05T07:23:18.000Z</time>
        <extensions>
          <ns3:TrackPointExtension>
            <ns3:atemp>26.0</ns3:atemp>
            <ns3:hr>140</ns3:hr>
          </ns3:TrackPointExtension>
        </extensions>
      </trkpt>
      <trkpt lat="48.07225425727665424346923828125" lon="11.2474745325744152069091796875">
        <ele>591.20001220703125</ele>
        <time>2023-09-05T07:23:19.000Z</time>
        <extensions>
          <ns3:TrackPointExtension>
            <ns3:atemp>26.0</ns3:atemp>
            <ns3:hr>141</ns3:hr>
          </ns3:TrackPointExtension>
        </extensions>
      </trkpt>
      <trkpt lat="48.07228694669902324676513671875" lon="11.2475365586578845977783203125">
        <ele>591.4000244140625</ele>
        <time>2023-09-05T07:23:23.000Z</time>
        <extensions>
          <ns3:TrackPointExtension>
            <ns3:atemp>26.0</ns3:atemp>
            <ns3:hr>143</ns3:hr>
          </ns3:TrackPointExtension>
        </extensions>
      </trkpt>
      <trkpt lat="48.07229516096413135528564453125" lon="11.24755910597741603851318359375">
        <ele>591.4000244140625</ele>
        <time>2023-09-05T07:23:26.000Z</time>
        <extensions>
          <ns3:TrackPointExtension>
            <ns3:atemp>26.0</ns3:atemp>
            <ns3:hr>142</ns3:hr>
          </ns3:TrackPointExtension>
        </extensions>
      </trkpt>
      <trkpt lat="48.07228107936680316925048828125" lon="11.24755893833935260772705078125">
        <ele>591.4000244140625</ele>
        <time>2023-09-05T07:23:28.000Z</time>
        <extensions>
          <ns3:TrackPointExtension>
            <ns3:atemp>26.0</ns3:atemp>
            <ns3:hr>141</ns3:hr>
          </ns3:TrackPointExtension>
        </extensions>
      </trkpt>
      <trkpt lat="48.07224436663091182708740234375" lon="11.24755541794002056121826171875">
        <ele>591</ele>
        <time>2023-09-05T07:23:33.000Z</time>
        <extensions>
          <ns3:TrackPointExtension>
            <ns3:atemp>26.0</ns3:atemp>
            <ns3:hr>140</ns3:hr>
          </ns3:TrackPointExtension>
        </extensions>
      </trkpt>
      <trkpt lat="48.0722571909427642822265625" lon="11.24756530858576297760009765625">
        <ele>591</ele>
        <time>2023-09-05T07:23:35.000Z</time>
        <extensions>
          <ns3:TrackPointExtension>
            <ns3:atemp>26.0</ns3:atemp>
            <ns3:hr>139</ns3:hr>
          </ns3:TrackPointExtension>
        </extensions>
      </trkpt>
      <trkpt lat="48.07226121425628662109375" lon="11.24758458696305751800537109375">
        <ele>591.4000244140625</ele>
        <time>2023-09-05T07:23:37.000Z</time>
        <extensions>
          <ns3:TrackPointExtension>
            <ns3:atemp>26.0</ns3:atemp>
            <ns3:hr>138</ns3:hr>
          </ns3:TrackPointExtension>
        </extensions>
      </trkpt>
      <trkpt lat="48.07225191034376621246337890625" lon="11.2476297654211521148681640625">
        <ele>591.4000244140625</ele>
        <time>2023-09-05T07:23:40.000Z</time>
        <extensions>
          <ns3:TrackPointExtension>
            <ns3:atemp>26.0</ns3:atemp>
            <ns3:hr>138</ns3:hr>
          </ns3:TrackPointExtension>
        </extensions>
      </trkpt>
      <trkpt lat="48.0722245015203952789306640625" lon="11.24769807793200016021728515625">
        <ele>592.20001220703125</ele>
        <time>2023-09-05T07:23:46.000Z</time>
        <extensions>
          <ns3:TrackPointExtension>
            <ns3:atemp>26.0</ns3:atemp>
            <ns3:hr>138</ns3:hr>
          </ns3:TrackPointExtension>
        </extensions>
      </trkpt>
      <trkpt lat="48.07222140021622180938720703125" lon="11.24770796857774257659912109375">
        <ele>592.4000244140625</ele>
        <time>2023-09-05T07:23:48.000Z</time>
        <extensions>
          <ns3:TrackPointExtension>
            <ns3:atemp>26.0</ns3:atemp>
            <ns3:hr>137</ns3:hr>
          </ns3:TrackPointExtension>
        </extensions>
      </trkpt>
      <trkpt lat="48.07221905328333377838134765625" lon="11.24771048314869403839111328125">
        <ele>592.5999755859375</ele>
        <time>2023-09-05T07:23:49.000Z</time>
        <extensions>
          <ns3:TrackPointExtension>
            <ns3:atemp>26.0</ns3:atemp>
            <ns3:hr>137</ns3:hr>
          </ns3:TrackPointExtension>
        </extensions>
      </trkpt>
      <trkpt lat="48.072293736040592193603515625" lon="11.24752993695437908172607421875">
        <ele>579.5999755859375</ele>
        <time>2023-09-05T07:26:44.000Z</time>
        <extensions>
          <ns3:TrackPointExtension>
            <ns3:atemp>23.0</ns3:atemp>
            <ns3:hr>135</ns3:hr>
          </ns3:TrackPointExtension>
        </extensions>
      </trkpt>
      <trkpt lat="48.072317540645599365234375" lon="11.247535385191440582275390625">
        <ele>582.20001220703125</ele>
        <time>2023-09-05T07:26:55.000Z</time>
        <extensions>
          <ns3:TrackPointExtension>
            <ns3:atemp>23.0</ns3:atemp>
            <ns3:hr>136</ns3:hr>
          </ns3:TrackPointExtension>
        </extensions>
      </trkpt>
      <trkpt lat="48.07233556173741817474365234375" lon="11.2475761212408542633056640625">
        <ele>582.5999755859375</ele>
        <time>2023-09-05T07:26:57.000Z</time>
        <extensions>
          <ns3:TrackPointExtension>
            <ns3:atemp>23.0</ns3:atemp>
            <ns3:hr>136</ns3:hr>
          </ns3:TrackPointExtension>
        </extensions>
      </trkpt>
      <trkpt lat="48.0723591148853302001953125" lon="11.24764409847557544708251953125">
        <ele>583.4000244140625</ele>
        <time>2023-09-05T07:27:01.000Z</time>
        <extensions>
          <ns3:TrackPointExtension>
            <ns3:atemp>23.0</ns3:atemp>
            <ns3:hr>136</ns3:hr>
          </ns3:TrackPointExtension>
        </extensions>
      </trkpt>
      <trkpt lat="48.072372861206531524658203125" lon="11.24765776097774505615234375">
        <ele>584.5999755859375</ele>
        <time>2023-09-05T07:27:03.000Z</time>
        <extensions>
          <ns3:TrackPointExtension>
            <ns3:atemp>23.0</ns3:atemp>
            <ns3:hr>136</ns3:hr>
          </ns3:TrackPointExtension>
        </extensions>
      </trkpt>
      <trkpt lat="48.07237428613007068634033203125" lon="11.24765834771096706390380859375">
        <ele>585.4000244140625</ele>
        <time>2023-09-05T07:27:04.000Z</time>
        <extensions>
          <ns3:TrackPointExtension>
            <ns3:atemp>23.0</ns3:atemp>
            <ns3:hr>136</ns3:hr>
          </ns3:TrackPointExtension>
        </extensions>
      </trkpt>
      <trkpt lat="48.07240940630435943603515625" lon="11.2476570904254913330078125">
        <ele>585.20001220703125</ele>
        <time>2023-09-05T07:27:17.000Z</time>
        <extensions>
          <ns3:TrackPointExtension>
            <ns3:atemp>23.0</ns3:atemp>
            <ns3:hr>135</ns3:hr>
          </ns3:TrackPointExtension>
        </extensions>
      </trkpt>
      <trkpt lat="48.072441257536411285400390625" lon="11.247712410986423492431640625">
        <ele>585</ele>
        <time>2023-09-05T07:27:21.000Z</time>
        <extensions>
          <ns3:TrackPointExtension>
            <ns3:atemp>23.0</ns3:atemp>
            <ns3:hr>136</ns3:hr>
          </ns3:TrackPointExtension>
        </extensions>
      </trkpt>
      <trkpt lat="48.0724664032459259033203125" lon="11.2477316893637180328369140625">
        <ele>584.79998779296875</ele>
        <time>2023-09-05T07:27:28.000Z</time>
        <extensions>
          <ns3:TrackPointExtension>
            <ns3:atemp>23.0</ns3:atemp>
            <ns3:hr>135</ns3:hr>
          </ns3:TrackPointExtension>
        </extensions>
      </trkpt>
      <trkpt lat="48.0724655650556087493896484375" lon="11.247723810374736785888671875">
        <ele>584.5999755859375</ele>
        <time>2023-09-05T07:27:30.000Z</time>
        <extensions>
          <ns3:TrackPointExtension>
            <ns3:atemp>23.0</ns3:atemp>
            <ns3:hr>135</ns3:hr>
          </ns3:TrackPointExtension>
        </extensions>
      </trkpt>
      <trkpt lat="48.0724467895925045013427734375" lon="11.24774049036204814910888671875">
        <ele>584.5999755859375</ele>
        <time>2023-09-05T07:28:00.000Z</time>
        <extensions>
          <ns3:TrackPointExtension>
            <ns3:atemp>23.0</ns3:atemp>
            <ns3:hr>134</ns3:hr>
          </ns3:TrackPointExtension>
        </extensions>
      </trkpt>
      <trkpt lat="48.07242658920586109161376953125" lon="11.247725151479244232177734375">
        <ele>584.79998779296875</ele>
        <time>2023-09-05T07:28:02.000Z</time>
        <extensions>
          <ns3:TrackPointExtension>
            <ns3:atemp>23.0</ns3:atemp>
            <ns3:hr>134</ns3:hr>
          </ns3:TrackPointExtension>
        </extensions>
      </trkpt>
      <trkpt lat="48.0723348073661327362060546875" lon="11.2476237304508686065673828125">
        <ele>585.20001220703125</ele>
        <time>2023-09-05T07:28:10.000Z</time>
        <extensions>
          <ns3:TrackPointExtension>
            <ns3:atemp>23.0</ns3:atemp>
            <ns3:hr>134</ns3:hr>
          </ns3:TrackPointExtension>
        </extensions>
      </trkpt>
      <trkpt lat="48.07232357561588287353515625" lon="11.2475975789129734039306640625">
        <ele>585.20001220703125</ele>
        <time>2023-09-05T07:28:12.000Z</time>
        <extensions>
          <ns3:TrackPointExtension>
            <ns3:atemp>23.0</ns3:atemp>
            <ns3:hr>134</ns3:hr>
          </ns3:TrackPointExtension>
        </extensions>
      </trkpt>
      <trkpt lat="48.07231150567531585693359375" lon="11.2475707568228244781494140625">
        <ele>585</ele>
        <time>2023-09-05T07:28:14.000Z</time>
        <extensions>
          <ns3:TrackPointExtension>
            <ns3:atemp>23.0</ns3:atemp>
            <ns3:hr>134</ns3:hr>
          </ns3:TrackPointExtension>
        </extensions>
      </trkpt>
      <trkpt lat="48.072292394936084747314453125" lon="11.24756790697574615478515625">
        <ele>584.79998779296875</ele>
        <time>2023-09-05T07:28:16.000Z</time>
        <extensions>
          <ns3:TrackPointExtension>
            <ns3:atemp>23.0</ns3:atemp>
            <ns3:hr>135</ns3:hr>
          </ns3:TrackPointExtension>
        </extensions>
      </trkpt>
      <trkpt lat="48.0722751282155513763427734375" lon="11.24759213067591190338134765625">
        <ele>584.20001220703125</ele>
        <time>2023-09-05T07:28:21.000Z</time>
        <extensions>
          <ns3:TrackPointExtension>
            <ns3:atemp>23.0</ns3:atemp>
            <ns3:hr>135</ns3:hr>
          </ns3:TrackPointExtension>
        </extensions>
      </trkpt>
      <trkpt lat="48.07227688841521739959716796875" lon="11.24760688282549381256103515625">
        <ele>584</ele>
        <time>2023-09-05T07:28:22.000Z</time>
        <extensions>
          <ns3:TrackPointExtension>
            <ns3:atemp>23.0</ns3:atemp>
            <ns3:hr>135</ns3:hr>
          </ns3:TrackPointExtension>
        </extensions>
      </trkpt>
      <trkpt lat="48.0722647346556186676025390625" lon="11.2476448528468608856201171875">
        <ele>583.79998779296875</ele>
        <time>2023-09-05T07:28:24.000Z</time>
        <extensions>
          <ns3:TrackPointExtension>
            <ns3:atemp>23.0</ns3:atemp>
            <ns3:hr>135</ns3:hr>
          </ns3:TrackPointExtension>
        </extensions>
      </trkpt>
      <trkpt lat="48.07222760282456874847412109375" lon="11.2477005086839199066162109375">
        <ele>584.20001220703125</ele>
        <time>2023-09-05T07:28:29.000Z</time>
        <extensions>
          <ns3:TrackPointExtension>
            <ns3:atemp>23.0</ns3:atemp>
            <ns3:hr>136</ns3:hr>
          </ns3:TrackPointExtension>
        </extensions>
      </trkpt>
      <trkpt lat="48.0722285248339176177978515625" lon="11.2477085553109645843505859375">
        <ele>584.20001220703125</ele>
        <time>2023-09-05T07:28:31.000Z</time>
        <extensions>
          <ns3:TrackPointExtension>
            <ns3:atemp>23.0</ns3:atemp>
            <ns3:hr>136</ns3:hr>
          </ns3:TrackPointExtension>
        </extensions>
      </trkpt>
      <trkpt lat="48.0722208134829998016357421875" lon="11.24773747287690639495849609375">
        <ele>581.4000244140625</ele>
        <time>2023-09-05T07:30:25.000Z</time>
        <extensions>
          <ns3:TrackPointExtension>
            <ns3:atemp>24.0</ns3:atemp>
            <ns3:hr>131</ns3:hr>
          </ns3:TrackPointExtension>
        </extensions>
      </trkpt>
      <trkpt lat="48.0722218193113803863525390625" lon="11.24772305600345134735107421875">
        <ele>581.4000244140625</ele>
        <time>2023-09-05T07:30:26.000Z</time>
        <extensions>
          <ns3:TrackPointExtension>
            <ns3:atemp>24.0</ns3:atemp>
            <ns3:hr>131</ns3:hr>
          </ns3:TrackPointExtension>
        </extensions>
      </trkpt>
      <trkpt lat="48.0722312070429325103759765625" lon="11.24768818728625774383544921875">
        <ele>581.5999755859375</ele>
        <time>2023-09-05T07:30:28.000Z</time>
        <extensions>
          <ns3:TrackPointExtension>
            <ns3:atemp>24.0</ns3:atemp>
            <ns3:hr>134</ns3:hr>
          </ns3:TrackPointExtension>
        </extensions>
      </trkpt>
      <trkpt lat="48.0722372420132160186767578125" lon="11.24765633605420589447021484375">
        <ele>581.79998779296875</ele>
        <time>2023-09-05T07:30:30.000Z</time>
        <extensions>
          <ns3:TrackPointExtension>
            <ns3:atemp>24.0</ns3:atemp>
            <ns3:hr>131</ns3:hr>
          </ns3:TrackPointExtension>
        </extensions>
      </trkpt>
      <trkpt lat="48.0722389183938503265380859375" lon="11.24764041043817996978759765625">
        <ele>582</ele>
        <time>2023-09-05T07:30:31.000Z</time>
        <extensions>
          <ns3:TrackPointExtension>
            <ns3:atemp>24.0</ns3:atemp>
            <ns3:hr>134</ns3:hr>
          </ns3:TrackPointExtension>
        </extensions>
      </trkpt>
      <trkpt lat="48.0722385831177234649658203125" lon="11.24762683175504207611083984375">
        <ele>582.20001220703125</ele>
        <time>2023-09-05T07:30:32.000Z</time>
        <extensions>
          <ns3:TrackPointExtension>
            <ns3:atemp>24.0</ns3:atemp>
            <ns3:hr>131</ns3:hr>
          </ns3:TrackPointExtension>
        </extensions>
      </trkpt>
      <trkpt lat="48.07224084623157978057861328125" lon="11.2476180307567119598388671875">
        <ele>582.4000244140625</ele>
        <time>2023-09-05T07:30:33.000Z</time>
        <extensions>
          <ns3:TrackPointExtension>
            <ns3:atemp>24.0</ns3:atemp>
            <ns3:hr>130</ns3:hr>
          </ns3:TrackPointExtension>
        </extensions>
      </trkpt>
      <trkpt lat="48.07225777767598628997802734375" lon="11.24760855920612812042236328125">
        <ele>582.5999755859375</ele>
        <time>2023-09-05T07:30:36.000Z</time>
        <extensions>
          <ns3:TrackPointExtension>
            <ns3:atemp>24.0</ns3:atemp>
            <ns3:hr>132</ns3:hr>
          </ns3:TrackPointExtension>
        </extensions>
      </trkpt>
      <trkpt lat="48.0722737871110439300537109375" lon="11.24763722531497478485107421875">
        <ele>582.20001220703125</ele>
        <time>2023-09-05T07:30:58.000Z</time>
        <extensions>
          <ns3:TrackPointExtension>
            <ns3:atemp>24.0</ns3:atemp>
            <ns3:hr>132</ns3:hr>
          </ns3:TrackPointExtension>
        </extensions>
      </trkpt>
      <trkpt lat="48.07228174991905689239501953125" lon="11.24762834049761295318603515625">
        <ele>582.20001220703125</ele>
        <time>2023-09-05T07:30:59.000Z</time>
        <extensions>
          <ns3:TrackPointExtension>
            <ns3:atemp>24.0</ns3:atemp>
            <ns3:hr>132</ns3:hr>
          </ns3:TrackPointExtension>
        </extensions>
      </trkpt>
      <trkpt lat="48.07234008796513080596923828125" lon="11.2476408295333385467529296875">
        <ele>583.4000244140625</ele>
        <time>2023-09-05T07:31:06.000Z</time>
        <extensions>
          <ns3:TrackPointExtension>
            <ns3:atemp>24.0</ns3:atemp>
            <ns3:hr>133</ns3:hr>
          </ns3:TrackPointExtension>
        </extensions>
      </trkpt>
      <trkpt lat="48.07238669134676456451416015625" lon="11.24768332578241825103759765625">
        <ele>584</ele>
        <time>2023-09-05T07:31:13.000Z</time>
        <extensions>
          <ns3:TrackPointExtension>
            <ns3:atemp>24.0</ns3:atemp>
            <ns3:hr>133</ns3:hr>
          </ns3:TrackPointExtension>
        </extensions>
      </trkpt>
      <trkpt lat="48.072414100170135498046875" lon="11.24768869020044803619384765625">
        <ele>584.20001220703125</ele>
        <time>2023-09-05T07:31:15.000Z</time>
        <extensions>
          <ns3:TrackPointExtension>
            <ns3:atemp>24.0</ns3:atemp>
            <ns3:hr>129</ns3:hr>
          </ns3:TrackPointExtension>
        </extensions>
      </trkpt>
      <trkpt lat="48.07243178598582744598388671875" lon="11.24768584035336971282958984375">
        <ele>584.4000244140625</ele>
        <time>2023-09-05T07:31:16.000Z</time>
        <extensions>
          <ns3:TrackPointExtension>
            <ns3:atemp>24.0</ns3:atemp>
            <ns3:hr>132</ns3:hr>
          </ns3:TrackPointExtension>
        </extensions>
      </trkpt>
      <trkpt lat="48.07244469411671161651611328125" lon="11.24768533743917942047119140625">
        <ele>584.5999755859375</ele>
        <time>2023-09-05T07:31:17.000Z</time>
        <extensions>
          <ns3:TrackPointExtension>
            <ns3:atemp>24.0</ns3:atemp>
            <ns3:hr>132</ns3:hr>
          </ns3:TrackPointExtension>
        </extensions>
      </trkpt>
      <trkpt lat="48.0725014396011829376220703125" lon="11.247680224478244781494140625">
        <ele>584.79998779296875</ele>
        <time>2023-09-05T07:31:21.000Z</time>
        <extensions>
          <ns3:TrackPointExtension>
            <ns3:atemp>24.0</ns3:atemp>
            <ns3:hr>132</ns3:hr>
          </ns3:TrackPointExtension>
        </extensions>
      </trkpt>
      <trkpt lat="48.07251191698014736175537109375" lon="11.24766983091831207275390625">
        <ele>584.5999755859375</ele>
        <time>2023-09-05T07:31:23.000Z</time>
        <extensions>
          <ns3:TrackPointExtension>
            <ns3:atemp>24.0</ns3:atemp>
            <ns3:hr>135</ns3:hr>
          </ns3:TrackPointExtension>
        </extensions>
      </trkpt>
      <trkpt lat="48.072527088224887847900390625" lon="11.24767276458442211151123046875">
        <ele>584.5999755859375</ele>
        <time>2023-09-05T07:31:24.000Z</time>
        <extensions>
          <ns3:TrackPointExtension>
            <ns3:atemp>24.0</ns3:atemp>
            <ns3:hr>131</ns3:hr>
          </ns3:TrackPointExtension>
        </extensions>
      </trkpt>
      <trkpt lat="48.07256841100752353668212890625" lon="11.2477102316915988922119140625">
        <ele>584.5999755859375</ele>
        <time>2023-09-05T07:31:29.000Z</time>
        <extensions>
          <ns3:TrackPointExtension>
            <ns3:atemp>24.0</ns3:atemp>
            <ns3:hr>130</ns3:hr>
          </ns3:TrackPointExtension>
        </extensions>
      </trkpt>
      <trkpt lat="48.07262239046394824981689453125" lon="11.2477429211139678955078125">
        <ele>584.4000244140625</ele>
        <time>2023-09-05T07:31:35.000Z</time>
        <extensions>
          <ns3:TrackPointExtension>
            <ns3:atemp>24.0</ns3:atemp>
            <ns3:hr>127</ns3:hr>
          </ns3:TrackPointExtension>
        </extensions>
      </trkpt>
      <trkpt lat="48.07264233939349651336669921875" lon="11.247754655778408050537109375">
        <ele>584.4000244140625</ele>
        <time>2023-09-05T07:31:38.000Z</time>
        <extensions>
          <ns3:TrackPointExtension>
            <ns3:atemp>24.0</ns3:atemp>
            <ns3:hr>126</ns3:hr>
          </ns3:TrackPointExtension>
        </extensions>
      </trkpt>
      <trkpt lat="48.0726660601794719696044921875" lon="11.2477689050137996673583984375">
        <ele>584.20001220703125</ele>
        <time>2023-09-05T07:31:41.000Z</time>
        <extensions>
          <ns3:TrackPointExtension>
            <ns3:atemp>24.0</ns3:atemp>
            <ns3:hr>123</ns3:hr>
          </ns3:TrackPointExtension>
        </extensions>
      </trkpt>
      <trkpt lat="48.07270268909633159637451171875" lon="11.2477923743426799774169921875">
        <ele>584.20001220703125</ele>
        <time>2023-09-05T07:31:44.000Z</time>
        <extensions>
          <ns3:TrackPointExtension>
            <ns3:atemp>24.0</ns3:atemp>
            <ns3:hr>119</ns3:hr>
          </ns3:TrackPointExtension>
        </extensions>
      </trkpt>
      <trkpt lat="48.07273353450000286102294921875" lon="11.2478061206638813018798828125">
        <ele>584.20001220703125</ele>
        <time>2023-09-05T07:31:47.000Z</time>
        <extensions>
          <ns3:TrackPointExtension>
            <ns3:atemp>24.0</ns3:atemp>
            <ns3:hr>113</ns3:hr>
          </ns3:TrackPointExtension>
        </extensions>
      </trkpt>
      <trkpt lat="48.072742335498332977294921875" lon="11.2478131614625453948974609375">
        <ele>584</ele>
        <time>2023-09-05T07:31:48.000Z</time>
        <extensions>
          <ns3:TrackPointExtension>
            <ns3:atemp>24.0</ns3:atemp>
            <ns3:hr>107</ns3:hr>
          </ns3:TrackPointExtension>
        </extensions>
      </trkpt>
      <trkpt lat="48.07276077568531036376953125" lon="11.247821711003780364990234375">
        <ele>584</ele>
        <time>2023-09-05T07:31:50.000Z</time>
        <extensions>
          <ns3:TrackPointExtension>
            <ns3:atemp>24.0</ns3:atemp>
            <ns3:hr>104</ns3:hr>
          </ns3:TrackPointExtension>
        </extensions>
      </trkpt>
      <trkpt lat="48.0727679841220378875732421875" lon="11.2478252314031124114990234375">
        <ele>583.79998779296875</ele>
        <time>2023-09-05T07:31:51.000Z</time>
        <extensions>
          <ns3:TrackPointExtension>
            <ns3:atemp>24.0</ns3:atemp>
            <ns3:hr>104</ns3:hr>
          </ns3:TrackPointExtension>
        </extensions>
      </trkpt>
      <trkpt lat="48.0728360451757907867431640625" lon="11.247872672975063323974609375">
        <ele>583.79998779296875</ele>
        <time>2023-09-05T07:31:59.000Z</time>
        <extensions>
          <ns3:TrackPointExtension>
            <ns3:atemp>24.0</ns3:atemp>
            <ns3:hr>102</ns3:hr>
          </ns3:TrackPointExtension>
        </extensions>
      </trkpt>
      <trkpt lat="48.0728447623550891876220703125" lon="11.247881390154361724853515625">
        <ele>583.4000244140625</ele>
        <time>2023-09-05T07:32:00.000Z</time>
        <extensions>
          <ns3:TrackPointExtension>
            <ns3:atemp>24.0</ns3:atemp>
            <ns3:hr>103</ns3:hr>
          </ns3:TrackPointExtension>
        </extensions>
      </trkpt>
      <trkpt lat="48.072912991046905517578125" lon="11.24793712981045246124267578125">
        <ele>583.5999755859375</ele>
        <time>2023-09-05T07:32:06.000Z</time>
        <extensions>
          <ns3:TrackPointExtension>
            <ns3:atemp>24.0</ns3:atemp>
            <ns3:hr>102</ns3:hr>
          </ns3:TrackPointExtension>
        </extensions>
      </trkpt>
      <trkpt lat="48.07305389083921909332275390625" lon="11.248048357665538787841796875">
        <ele>583.4000244140625</ele>
        <time>2023-09-05T07:32:13.000Z</time>
        <extensions>
          <ns3:TrackPointExtension>
            <ns3:atemp>24.0</ns3:atemp>
            <ns3:hr>104</ns3:hr>
          </ns3:TrackPointExtension>
        </extensions>
      </trkpt>
      <trkpt lat="48.07307518087327480316162109375" lon="11.2480693124234676361083984375">
        <ele>583.20001220703125</ele>
        <time>2023-09-05T07:32:15.000Z</time>
        <extensions>
          <ns3:TrackPointExtension>
            <ns3:atemp>24.0</ns3:atemp>
            <ns3:hr>105</ns3:hr>
          </ns3:TrackPointExtension>
        </extensions>
      </trkpt>
      <trkpt lat="48.07309739291667938232421875" lon="11.2480900995433330535888671875">
        <ele>583.20001220703125</ele>
        <time>2023-09-05T07:32:17.000Z</time>
        <extensions>
          <ns3:TrackPointExtension>
            <ns3:atemp>24.0</ns3:atemp>
            <ns3:hr>108</ns3:hr>
          </ns3:TrackPointExtension>
        </extensions>
      </trkpt>
      <trkpt lat="48.07311122305691242218017578125" lon="11.24810359440743923187255859375">
        <ele>583.4000244140625</ele>
        <time>2023-09-05T07:32:18.000Z</time>
        <extensions>
          <ns3:TrackPointExtension>
            <ns3:atemp>24.0</ns3:atemp>
            <ns3:hr>109</ns3:hr>
          </ns3:TrackPointExtension>
        </extensions>
      </trkpt>
      <trkpt lat="48.07313770987093448638916015625" lon="11.24811616726219654083251953125">
        <ele>583</ele>
        <time>2023-09-05T07:32:20.000Z</time>
        <extensions>
          <ns3:TrackPointExtension>
            <ns3:atemp>24.0</ns3:atemp>
            <ns3:hr>112</ns3:hr>
          </ns3:TrackPointExtension>
        </extensions>
      </trkpt>
      <trkpt lat="48.07317961938679218292236328125" lon="11.2481581605970859527587890625">
        <ele>583.4000244140625</ele>
        <time>2023-09-05T07:32:23.000Z</time>
        <extensions>
          <ns3:TrackPointExtension>
            <ns3:atemp>23.0</ns3:atemp>
            <ns3:hr>114</ns3:hr>
          </ns3:TrackPointExtension>
        </extensions>
      </trkpt>
      <trkpt lat="48.07319395244121551513671875" lon="11.248168386518955230712890625">
        <ele>583.5999755859375</ele>
        <time>2023-09-05T07:32:24.000Z</time>
        <extensions>
          <ns3:TrackPointExtension>
            <ns3:atemp>24.0</ns3:atemp>
            <ns3:hr>114</ns3:hr>
          </ns3:TrackPointExtension>
        </extensions>
      </trkpt>
      <trkpt lat="48.07327550835907459259033203125" lon="11.24825111590325832366943359375">
        <ele>583.5999755859375</ele>
        <time>2023-09-05T07:32:31.000Z</time>
        <extensions>
          <ns3:TrackPointExtension>
            <ns3:atemp>23.0</ns3:atemp>
            <ns3:hr>112</ns3:hr>
          </ns3:TrackPointExtension>
        </extensions>
      </trkpt>
      <trkpt lat="48.0732817947864532470703125" lon="11.248269975185394287109375">
        <ele>583.5999755859375</ele>
        <time>2023-09-05T07:32:32.000Z</time>
        <extensions>
          <ns3:TrackPointExtension>
            <ns3:atemp>23.0</ns3:atemp>
            <ns3:hr>112</ns3:hr>
          </ns3:TrackPointExtension>
        </extensions>
      </trkpt>
      <trkpt lat="48.07335832156240940093994140625" lon="11.24835488386452198028564453125">
        <ele>584.5999755859375</ele>
        <time>2023-09-05T07:32:38.000Z</time>
        <extensions>
          <ns3:TrackPointExtension>
            <ns3:atemp>23.0</ns3:atemp>
            <ns3:hr>109</ns3:hr>
          </ns3:TrackPointExtension>
        </extensions>
      </trkpt>
      <trkpt lat="48.07338061742484569549560546875" lon="11.24837365932762622833251953125">
        <ele>584.79998779296875</ele>
        <time>2023-09-05T07:32:40.000Z</time>
        <extensions>
          <ns3:TrackPointExtension>
            <ns3:atemp>23.0</ns3:atemp>
            <ns3:hr>109</ns3:hr>
          </ns3:TrackPointExtension>
        </extensions>
      </trkpt>
      <trkpt lat="48.0734640173614025115966796875" lon="11.24844809062778949737548828125">
        <ele>584.5999755859375</ele>
        <time>2023-09-05T07:32:48.000Z</time>
        <extensions>
          <ns3:TrackPointExtension>
            <ns3:atemp>23.0</ns3:atemp>
            <ns3:hr>109</ns3:hr>
          </ns3:TrackPointExtension>
        </extensions>
      </trkpt>
      <trkpt lat="48.07347918860614299774169921875" lon="11.24846820719540119171142578125">
        <ele>584.20001220703125</ele>
        <time>2023-09-05T07:32:50.000Z</time>
        <extensions>
          <ns3:TrackPointExtension>
            <ns3:atemp>23.0</ns3:atemp>
            <ns3:hr>110</ns3:hr>
          </ns3:TrackPointExtension>
        </extensions>
      </trkpt>
      <trkpt lat="48.07349880225956439971923828125" lon="11.2484857253730297088623046875">
        <ele>583.79998779296875</ele>
        <time>2023-09-05T07:32:52.000Z</time>
        <extensions>
          <ns3:TrackPointExtension>
            <ns3:atemp>23.0</ns3:atemp>
            <ns3:hr>109</ns3:hr>
          </ns3:TrackPointExtension>
        </extensions>
      </trkpt>
      <trkpt lat="48.07350684888660907745361328125" lon="11.24849419109523296356201171875">
        <ele>583.5999755859375</ele>
        <time>2023-09-05T07:32:53.000Z</time>
        <extensions>
          <ns3:TrackPointExtension>
            <ns3:atemp>23.0</ns3:atemp>
            <ns3:hr>109</ns3:hr>
          </ns3:TrackPointExtension>
        </extensions>
      </trkpt>
      <trkpt lat="48.07351573370397090911865234375" lon="11.2484993040561676025390625">
        <ele>583.4000244140625</ele>
        <time>2023-09-05T07:32:54.000Z</time>
        <extensions>
          <ns3:TrackPointExtension>
            <ns3:atemp>23.0</ns3:atemp>
            <ns3:hr>109</ns3:hr>
          </ns3:TrackPointExtension>
        </extensions>
      </trkpt>
      <trkpt lat="48.07353115640580654144287109375" lon="11.24851028434932231903076171875">
        <ele>583.4000244140625</ele>
        <time>2023-09-05T07:32:55.000Z</time>
        <extensions>
          <ns3:TrackPointExtension>
            <ns3:atemp>23.0</ns3:atemp>
            <ns3:hr>109</ns3:hr>
          </ns3:TrackPointExtension>
        </extensions>
      </trkpt>
      <trkpt lat="48.07356636039912700653076171875" lon="11.2485309876501560211181640625">
        <ele>584.20001220703125</ele>
        <time>2023-09-05T07:32:58.000Z</time>
        <extensions>
          <ns3:TrackPointExtension>
            <ns3:atemp>23.0</ns3:atemp>
            <ns3:hr>110</ns3:hr>
          </ns3:TrackPointExtension>
        </extensions>
      </trkpt>
      <trkpt lat="48.07358019053936004638671875" lon="11.24853760935366153717041015625">
        <ele>584.4000244140625</ele>
        <time>2023-09-05T07:33:00.000Z</time>
        <extensions>
          <ns3:TrackPointExtension>
            <ns3:atemp>23.0</ns3:atemp>
            <ns3:hr>111</ns3:hr>
          </ns3:TrackPointExtension>
        </extensions>
      </trkpt>
      <trkpt lat="48.0736430548131465911865234375" lon="11.2485541217029094696044921875">
        <ele>584.5999755859375</ele>
        <time>2023-09-05T07:33:06.000Z</time>
        <extensions>
          <ns3:TrackPointExtension>
            <ns3:atemp>23.0</ns3:atemp>
            <ns3:hr>108</ns3:hr>
          </ns3:TrackPointExtension>
        </extensions>
      </trkpt>
      <trkpt lat="48.0736591480672359466552734375" lon="11.248559653759002685546875">
        <ele>584.5999755859375</ele>
        <time>2023-09-05T07:33:07.000Z</time>
        <extensions>
          <ns3:TrackPointExtension>
            <ns3:atemp>23.0</ns3:atemp>
            <ns3:hr>107</ns3:hr>
          </ns3:TrackPointExtension>
        </extensions>
      </trkpt>
      <trkpt lat="48.07367599569261074066162109375" lon="11.24856275506317615509033203125">
        <ele>584.5999755859375</ele>
        <time>2023-09-05T07:33:08.000Z</time>
        <extensions>
          <ns3:TrackPointExtension>
            <ns3:atemp>23.0</ns3:atemp>
            <ns3:hr>106</ns3:hr>
          </ns3:TrackPointExtension>
        </extensions>
      </trkpt>
      <trkpt lat="48.07372025214135646820068359375" lon="11.2485712207853794097900390625">
        <ele>584.79998779296875</ele>
        <time>2023-09-05T07:33:11.000Z</time>
        <extensions>
          <ns3:TrackPointExtension>
            <ns3:atemp>23.0</ns3:atemp>
            <ns3:hr>103</ns3:hr>
          </ns3:TrackPointExtension>
        </extensions>
      </trkpt>
      <trkpt lat="48.07375277392566204071044921875" lon="11.2485977075994014739990234375">
        <ele>584.79998779296875</ele>
        <time>2023-09-05T07:33:14.000Z</time>
        <extensions>
          <ns3:TrackPointExtension>
            <ns3:atemp>23.0</ns3:atemp>
            <ns3:hr>103</ns3:hr>
          </ns3:TrackPointExtension>
        </extensions>
      </trkpt>
      <trkpt lat="48.073840029537677764892578125" lon="11.24868228100240230560302734375">
        <ele>584.5999755859375</ele>
        <time>2023-09-05T07:33:23.000Z</time>
        <extensions>
          <ns3:TrackPointExtension>
            <ns3:atemp>23.0</ns3:atemp>
            <ns3:hr>100</ns3:hr>
          </ns3:TrackPointExtension>
        </extensions>
      </trkpt>
      <trkpt lat="48.0738878063857555389404296875" lon="11.24871698208153247833251953125">
        <ele>584.79998779296875</ele>
        <time>2023-09-05T07:33:28.000Z</time>
        <extensions>
          <ns3:TrackPointExtension>
            <ns3:atemp>23.0</ns3:atemp>
            <ns3:hr>97</ns3:hr>
          </ns3:TrackPointExtension>
        </extensions>
      </trkpt>
      <trkpt lat="48.07398855686187744140625" lon="11.248838603496551513671875">
        <ele>584.79998779296875</ele>
        <time>2023-09-05T07:33:37.000Z</time>
        <extensions>
          <ns3:TrackPointExtension>
            <ns3:atemp>23.0</ns3:atemp>
            <ns3:hr>100</ns3:hr>
          </ns3:TrackPointExtension>
        </extensions>
      </trkpt>
      <trkpt lat="48.0740185640752315521240234375" lon="11.24888361431658267974853515625">
        <ele>584.79998779296875</ele>
        <time>2023-09-05T07:33:42.000Z</time>
        <extensions>
          <ns3:TrackPointExtension>
            <ns3:atemp>23.0</ns3:atemp>
            <ns3:hr>100</ns3:hr>
          </ns3:TrackPointExtension>
        </extensions>
      </trkpt>
      <trkpt lat="48.0740249343216419219970703125" lon="11.24888445250689983367919921875">
        <ele>584.79998779296875</ele>
        <time>2023-09-05T07:33:44.000Z</time>
        <extensions>
          <ns3:TrackPointExtension>
            <ns3:atemp>23.0</ns3:atemp>
            <ns3:hr>101</ns3:hr>
          </ns3:TrackPointExtension>
        </extensions>
      </trkpt>
      <trkpt lat="48.07405703701078891754150390625" lon="11.2488562054932117462158203125">
        <ele>584.5999755859375</ele>
        <time>2023-09-05T07:33:48.000Z</time>
        <extensions>
          <ns3:TrackPointExtension>
            <ns3:atemp>23.0</ns3:atemp>
            <ns3:hr>102</ns3:hr>
          </ns3:TrackPointExtension>
        </extensions>
      </trkpt>
      <trkpt lat="48.0740866251289844512939453125" lon="11.24881672672927379608154296875">
        <ele>585.5999755859375</ele>
        <time>2023-09-05T07:33:51.000Z</time>
        <extensions>
          <ns3:TrackPointExtension>
            <ns3:atemp>23.0</ns3:atemp>
            <ns3:hr>103</ns3:hr>
          </ns3:TrackPointExtension>
        </extensions>
      </trkpt>
      <trkpt lat="48.0740896426141262054443359375" lon="11.248803399503231048583984375">
        <ele>586</ele>
        <time>2023-09-05T07:33:52.000Z</time>
        <extensions>
          <ns3:TrackPointExtension>
            <ns3:atemp>23.0</ns3:atemp>
            <ns3:hr>103</ns3:hr>
          </ns3:TrackPointExtension>
        </extensions>
      </trkpt>
      <trkpt lat="48.07413297705352306365966796875" lon="11.24875746667385101318359375">
        <ele>585.5999755859375</ele>
        <time>2023-09-05T07:33:57.000Z</time>
        <extensions>
          <ns3:TrackPointExtension>
            <ns3:atemp>23.0</ns3:atemp>
            <ns3:hr>105</ns3:hr>
          </ns3:TrackPointExtension>
        </extensions>
      </trkpt>
      <trkpt lat="48.0741620622575283050537109375" lon="11.248698793351650238037109375">
        <ele>585.4000244140625</ele>
        <time>2023-09-05T07:34:01.000Z</time>
        <extensions>
          <ns3:TrackPointExtension>
            <ns3:atemp>23.0</ns3:atemp>
            <ns3:hr>106</ns3:hr>
          </ns3:TrackPointExtension>
        </extensions>
      </trkpt>
      <trkpt lat="48.07419885881245136260986328125" lon="11.24867339618504047393798828125">
        <ele>585.4000244140625</ele>
        <time>2023-09-05T07:34:04.000Z</time>
        <extensions>
          <ns3:TrackPointExtension>
            <ns3:atemp>23.0</ns3:atemp>
            <ns3:hr>107</ns3:hr>
          </ns3:TrackPointExtension>
        </extensions>
      </trkpt>
      <trkpt lat="48.07420606724917888641357421875" lon="11.248659901320934295654296875">
        <ele>585.79998779296875</ele>
        <time>2023-09-05T07:34:05.000Z</time>
        <extensions>
          <ns3:TrackPointExtension>
            <ns3:atemp>23.0</ns3:atemp>
            <ns3:hr>108</ns3:hr>
          </ns3:TrackPointExtension>
        </extensions>
      </trkpt>
      <trkpt lat="48.07424965314567089080810546875" lon="11.24859846197068691253662109375">
        <ele>586.4000244140625</ele>
        <time>2023-09-05T07:34:09.000Z</time>
        <extensions>
          <ns3:TrackPointExtension>
            <ns3:atemp>23.0</ns3:atemp>
            <ns3:hr>109</ns3:hr>
          </ns3:TrackPointExtension>
        </extensions>
      </trkpt>
      <trkpt lat="48.07430027984082698822021484375" lon="11.248487569391727447509765625">
        <ele>587</ele>
        <time>2023-09-05T07:34:15.000Z</time>
        <extensions>
          <ns3:TrackPointExtension>
            <ns3:atemp>23.0</ns3:atemp>
            <ns3:hr>109</ns3:hr>
          </ns3:TrackPointExtension>
        </extensions>
      </trkpt>
      <trkpt lat="48.07433531619608402252197265625" lon="11.24839310534298419952392578125">
        <ele>587.79998779296875</ele>
        <time>2023-09-05T07:34:21.000Z</time>
        <extensions>
          <ns3:TrackPointExtension>
            <ns3:atemp>23.0</ns3:atemp>
            <ns3:hr>112</ns3:hr>
          </ns3:TrackPointExtension>
        </extensions>
      </trkpt>
      <trkpt lat="48.07435962371528148651123046875" lon="11.2483683787286281585693359375">
        <ele>588</ele>
        <time>2023-09-05T07:34:23.000Z</time>
        <extensions>
          <ns3:TrackPointExtension>
            <ns3:atemp>23.0</ns3:atemp>
            <ns3:hr>114</ns3:hr>
          </ns3:TrackPointExtension>
        </extensions>
      </trkpt>
      <trkpt lat="48.07442517019808292388916015625" lon="11.248296461999416351318359375">
        <ele>587.79998779296875</ele>
        <time>2023-09-05T07:34:29.000Z</time>
        <extensions>
          <ns3:TrackPointExtension>
            <ns3:atemp>23.0</ns3:atemp>
            <ns3:hr>114</ns3:hr>
          </ns3:TrackPointExtension>
        </extensions>
      </trkpt>
      <trkpt lat="48.07443916797637939453125" lon="11.24828699044883251190185546875">
        <ele>587.79998779296875</ele>
        <time>2023-09-05T07:34:30.000Z</time>
        <extensions>
          <ns3:TrackPointExtension>
            <ns3:atemp>23.0</ns3:atemp>
            <ns3:hr>114</ns3:hr>
          </ns3:TrackPointExtension>
        </extensions>
      </trkpt>
      <trkpt lat="48.07446942664682865142822265625" lon="11.2482597492635250091552734375">
        <ele>588</ele>
        <time>2023-09-05T07:34:32.000Z</time>
        <extensions>
          <ns3:TrackPointExtension>
            <ns3:atemp>23.0</ns3:atemp>
            <ns3:hr>114</ns3:hr>
          </ns3:TrackPointExtension>
        </extensions>
      </trkpt>
      <trkpt lat="48.07453195564448833465576171875" lon="11.24818422831594944000244140625">
        <ele>588</ele>
        <time>2023-09-05T07:34:37.000Z</time>
        <extensions>
          <ns3:TrackPointExtension>
            <ns3:atemp>23.0</ns3:atemp>
            <ns3:hr>113</ns3:hr>
          </ns3:TrackPointExtension>
        </extensions>
      </trkpt>
      <trkpt lat="48.07456699199974536895751953125" lon="11.2480870820581912994384765625">
        <ele>588.4000244140625</ele>
        <time>2023-09-05T07:34:42.000Z</time>
        <extensions>
          <ns3:TrackPointExtension>
            <ns3:atemp>23.0</ns3:atemp>
            <ns3:hr>112</ns3:hr>
          </ns3:TrackPointExtension>
        </extensions>
      </trkpt>
      <trkpt lat="48.0745727755129337310791015625" lon="11.24806537292897701263427734375">
        <ele>588.4000244140625</ele>
        <time>2023-09-05T07:34:44.000Z</time>
        <extensions>
          <ns3:TrackPointExtension>
            <ns3:atemp>23.0</ns3:atemp>
            <ns3:hr>111</ns3:hr>
          </ns3:TrackPointExtension>
        </extensions>
      </trkpt>
      <trkpt lat="48.07457218877971172332763671875" lon="11.2480465136468410491943359375">
        <ele>588.4000244140625</ele>
        <time>2023-09-05T07:34:47.000Z</time>
        <extensions>
          <ns3:TrackPointExtension>
            <ns3:atemp>23.0</ns3:atemp>
            <ns3:hr>110</ns3:hr>
          </ns3:TrackPointExtension>
        </extensions>
      </trkpt>
      <trkpt lat="48.0745767988264560699462890625" lon="11.2479921989142894744873046875">
        <ele>588.5999755859375</ele>
        <time>2023-09-05T07:34:49.000Z</time>
        <extensions>
          <ns3:TrackPointExtension>
            <ns3:atemp>23.0</ns3:atemp>
            <ns3:hr>111</ns3:hr>
          </ns3:TrackPointExtension>
        </extensions>
      </trkpt>
      <trkpt lat="48.07458744384348392486572265625" lon="11.24794534407556056976318359375">
        <ele>588.79998779296875</ele>
        <time>2023-09-05T07:34:51.000Z</time>
        <extensions>
          <ns3:TrackPointExtension>
            <ns3:atemp>23.0</ns3:atemp>
            <ns3:hr>111</ns3:hr>
          </ns3:TrackPointExtension>
        </extensions>
      </trkpt>
      <trkpt lat="48.074652068316936492919921875" lon="11.247786842286586761474609375">
        <ele>588.79998779296875</ele>
        <time>2023-09-05T07:34:56.000Z</time>
        <extensions>
          <ns3:TrackPointExtension>
            <ns3:atemp>23.0</ns3:atemp>
            <ns3:hr>113</ns3:hr>
          </ns3:TrackPointExtension>
        </extensions>
      </trkpt>
      <trkpt lat="48.07473622262477874755859375" lon="11.24762691557407379150390625">
        <ele>588.5999755859375</ele>
        <time>2023-09-05T07:35:01.000Z</time>
        <extensions>
          <ns3:TrackPointExtension>
            <ns3:atemp>23.0</ns3:atemp>
            <ns3:hr>115</ns3:hr>
          </ns3:TrackPointExtension>
        </extensions>
      </trkpt>
      <trkpt lat="48.0748027749359607696533203125" lon="11.24754938296973705291748046875">
        <ele>589</ele>
        <time>2023-09-05T07:35:06.000Z</time>
        <extensions>
          <ns3:TrackPointExtension>
            <ns3:atemp>23.0</ns3:atemp>
            <ns3:hr>116</ns3:hr>
          </ns3:TrackPointExtension>
        </extensions>
      </trkpt>
      <trkpt lat="48.07487561367452144622802734375" lon="11.24749925918877124786376953125">
        <ele>588.5999755859375</ele>
        <time>2023-09-05T07:35:10.000Z</time>
        <extensions>
          <ns3:TrackPointExtension>
            <ns3:atemp>23.0</ns3:atemp>
            <ns3:hr>119</ns3:hr>
          </ns3:TrackPointExtension>
        </extensions>
      </trkpt>
      <trkpt lat="48.07491065002977848052978515625" lon="11.24744896776974201202392578125">
        <ele>588.4000244140625</ele>
        <time>2023-09-05T07:35:13.000Z</time>
        <extensions>
          <ns3:TrackPointExtension>
            <ns3:atemp>23.0</ns3:atemp>
            <ns3:hr>121</ns3:hr>
          </ns3:TrackPointExtension>
        </extensions>
      </trkpt>
      <trkpt lat="48.0749211274087429046630859375" lon="11.2474302761256694793701171875">
        <ele>588.4000244140625</ele>
        <time>2023-09-05T07:35:14.000Z</time>
        <extensions>
          <ns3:TrackPointExtension>
            <ns3:atemp>23.0</ns3:atemp>
            <ns3:hr>122</ns3:hr>
          </ns3:TrackPointExtension>
        </extensions>
      </trkpt>
      <trkpt lat="48.0749581754207611083984375" lon="11.247420720756053924560546875">
        <ele>588.4000244140625</ele>
        <time>2023-09-05T07:35:17.000Z</time>
        <extensions>
          <ns3:TrackPointExtension>
            <ns3:atemp>23.0</ns3:atemp>
            <ns3:hr>125</ns3:hr>
          </ns3:TrackPointExtension>
        </extensions>
      </trkpt>
      <trkpt lat="48.0749999172985553741455078125" lon="11.247443854808807373046875">
        <ele>588.5999755859375</ele>
        <time>2023-09-05T07:35:19.000Z</time>
        <extensions>
          <ns3:TrackPointExtension>
            <ns3:atemp>23.0</ns3:atemp>
            <ns3:hr>126</ns3:hr>
          </ns3:TrackPointExtension>
        </extensions>
      </trkpt>
      <trkpt lat="48.07502816431224346160888671875" lon="11.2474547512829303741455078125">
        <ele>589</ele>
        <time>2023-09-05T07:35:22.000Z</time>
        <extensions>
          <ns3:TrackPointExtension>
            <ns3:atemp>23.0</ns3:atemp>
            <ns3:hr>126</ns3:hr>
          </ns3:TrackPointExtension>
        </extensions>
      </trkpt>
      <trkpt lat="48.0750917829573154449462890625" lon="11.2474909611046314239501953125">
        <ele>589.5999755859375</ele>
        <time>2023-09-05T07:35:28.000Z</time>
        <extensions>
          <ns3:TrackPointExtension>
            <ns3:atemp>23.0</ns3:atemp>
            <ns3:hr>127</ns3:hr>
          </ns3:TrackPointExtension>
        </extensions>
      </trkpt>
      <trkpt lat="48.0750976502895355224609375" lon="11.2474980019032955169677734375">
        <ele>589.4000244140625</ele>
        <time>2023-09-05T07:35:31.000Z</time>
        <extensions>
          <ns3:TrackPointExtension>
            <ns3:atemp>23.0</ns3:atemp>
            <ns3:hr>127</ns3:hr>
          </ns3:TrackPointExtension>
        </extensions>
      </trkpt>
      <trkpt lat="48.07509069330990314483642578125" lon="11.247594058513641357421875">
        <ele>589.20001220703125</ele>
        <time>2023-09-05T07:37:04.000Z</time>
        <extensions>
          <ns3:TrackPointExtension>
            <ns3:atemp>23.0</ns3:atemp>
            <ns3:hr>101</ns3:hr>
          </ns3:TrackPointExtension>
        </extensions>
      </trkpt>
      <trkpt lat="48.07503998279571533203125" lon="11.24778558500111103057861328125">
        <ele>589.4000244140625</ele>
        <time>2023-09-05T07:37:11.000Z</time>
        <extensions>
          <ns3:TrackPointExtension>
            <ns3:atemp>23.0</ns3:atemp>
            <ns3:hr>102</ns3:hr>
          </ns3:TrackPointExtension>
        </extensions>
      </trkpt>
      <trkpt lat="48.0750896036624908447265625" lon="11.24786370433866977691650390625">
        <ele>588.79998779296875</ele>
        <time>2023-09-05T07:37:19.000Z</time>
        <extensions>
          <ns3:TrackPointExtension>
            <ns3:atemp>23.0</ns3:atemp>
            <ns3:hr>104</ns3:hr>
          </ns3:TrackPointExtension>
        </extensions>
      </trkpt>
      <trkpt lat="48.0751799605786800384521484375" lon="11.24793042428791522979736328125">
        <ele>588.5999755859375</ele>
        <time>2023-09-05T07:37:25.000Z</time>
        <extensions>
          <ns3:TrackPointExtension>
            <ns3:atemp>23.0</ns3:atemp>
            <ns3:hr>107</ns3:hr>
          </ns3:TrackPointExtension>
        </extensions>
      </trkpt>
      <trkpt lat="48.0752201937139034271240234375" lon="11.24797970987856388092041015625">
        <ele>588.5999755859375</ele>
        <time>2023-09-05T07:37:28.000Z</time>
        <extensions>
          <ns3:TrackPointExtension>
            <ns3:atemp>23.0</ns3:atemp>
            <ns3:hr>108</ns3:hr>
          </ns3:TrackPointExtension>
        </extensions>
      </trkpt>
      <trkpt lat="48.07532773353159427642822265625" lon="11.24810292385518550872802734375">
        <ele>588.4000244140625</ele>
        <time>2023-09-05T07:37:35.000Z</time>
        <extensions>
          <ns3:TrackPointExtension>
            <ns3:atemp>23.0</ns3:atemp>
            <ns3:hr>110</ns3:hr>
          </ns3:TrackPointExtension>
        </extensions>
      </trkpt>
      <trkpt lat="48.07550601661205291748046875" lon="11.2483076937496662139892578125">
        <ele>589.20001220703125</ele>
        <time>2023-09-05T07:37:42.000Z</time>
        <extensions>
          <ns3:TrackPointExtension>
            <ns3:atemp>23.0</ns3:atemp>
            <ns3:hr>110</ns3:hr>
          </ns3:TrackPointExtension>
        </extensions>
      </trkpt>
      <trkpt lat="48.07567960582673549652099609375" lon="11.24847340397536754608154296875">
        <ele>590.20001220703125</ele>
        <time>2023-09-05T07:37:49.000Z</time>
        <extensions>
          <ns3:TrackPointExtension>
            <ns3:atemp>23.0</ns3:atemp>
            <ns3:hr>111</ns3:hr>
          </ns3:TrackPointExtension>
        </extensions>
      </trkpt>
      <trkpt lat="48.07573408819735050201416015625" lon="11.2485288083553314208984375">
        <ele>590.4000244140625</ele>
        <time>2023-09-05T07:37:51.000Z</time>
        <extensions>
          <ns3:TrackPointExtension>
            <ns3:atemp>23.0</ns3:atemp>
            <ns3:hr>111</ns3:hr>
          </ns3:TrackPointExtension>
        </extensions>
      </trkpt>
      <trkpt lat="48.07577800936996936798095703125" lon="11.24860600568354129791259765625">
        <ele>591.20001220703125</ele>
        <time>2023-09-05T07:37:56.000Z</time>
        <extensions>
          <ns3:TrackPointExtension>
            <ns3:atemp>23.0</ns3:atemp>
            <ns3:hr>113</ns3:hr>
          </ns3:TrackPointExtension>
        </extensions>
      </trkpt>
      <trkpt lat="48.07577482424676418304443359375" lon="11.2485980428755283355712890625">
        <ele>591.20001220703125</ele>
        <time>2023-09-05T07:37:57.000Z</time>
        <extensions>
          <ns3:TrackPointExtension>
            <ns3:atemp>23.0</ns3:atemp>
            <ns3:hr>114</ns3:hr>
          </ns3:TrackPointExtension>
        </extensions>
      </trkpt>
      <trkpt lat="48.0758086033165454864501953125" lon="11.2486039102077484130859375">
        <ele>590.5999755859375</ele>
        <time>2023-09-05T07:38:05.000Z</time>
        <extensions>
          <ns3:TrackPointExtension>
            <ns3:atemp>23.0</ns3:atemp>
            <ns3:hr>119</ns3:hr>
          </ns3:TrackPointExtension>
        </extensions>
      </trkpt>
      <trkpt lat="48.0758119560778141021728515625" lon="11.24862545169889926910400390625">
        <ele>590.4000244140625</ele>
        <time>2023-09-05T07:38:06.000Z</time>
        <extensions>
          <ns3:TrackPointExtension>
            <ns3:atemp>23.0</ns3:atemp>
            <ns3:hr>118</ns3:hr>
          </ns3:TrackPointExtension>
        </extensions>
      </trkpt>
      <trkpt lat="48.07580885477364063262939453125" lon="11.24864590354263782501220703125">
        <ele>590.20001220703125</ele>
        <time>2023-09-05T07:38:07.000Z</time>
        <extensions>
          <ns3:TrackPointExtension>
            <ns3:atemp>23.0</ns3:atemp>
            <ns3:hr>117</ns3:hr>
          </ns3:TrackPointExtension>
        </extensions>
      </trkpt>
      <trkpt lat="48.07581958360970020294189453125" lon="11.24866266734898090362548828125">
        <ele>590.20001220703125</ele>
        <time>2023-09-05T07:38:08.000Z</time>
        <extensions>
          <ns3:TrackPointExtension>
            <ns3:atemp>23.0</ns3:atemp>
            <ns3:hr>117</ns3:hr>
          </ns3:TrackPointExtension>
        </extensions>
      </trkpt>
      <trkpt lat="48.075883872807025909423828125" lon="11.248724274337291717529296875">
        <ele>590.20001220703125</ele>
        <time>2023-09-05T07:38:12.000Z</time>
        <extensions>
          <ns3:TrackPointExtension>
            <ns3:atemp>23.0</ns3:atemp>
            <ns3:hr>116</ns3:hr>
          </ns3:TrackPointExtension>
        </extensions>
      </trkpt>
      <trkpt lat="48.0759966932237148284912109375" lon="11.24884287826716899871826171875">
        <ele>589.79998779296875</ele>
        <time>2023-09-05T07:38:16.000Z</time>
        <extensions>
          <ns3:TrackPointExtension>
            <ns3:atemp>23.0</ns3:atemp>
            <ns3:hr>114</ns3:hr>
          </ns3:TrackPointExtension>
        </extensions>
      </trkpt>
      <trkpt lat="48.07614572346210479736328125" lon="11.24900984577834606170654296875">
        <ele>589.79998779296875</ele>
        <time>2023-09-05T07:38:21.000Z</time>
        <extensions>
          <ns3:TrackPointExtension>
            <ns3:atemp>23.0</ns3:atemp>
            <ns3:hr>115</ns3:hr>
          </ns3:TrackPointExtension>
        </extensions>
      </trkpt>
      <trkpt lat="48.07627656497061252593994140625" lon="11.2492632307112216949462890625">
        <ele>589.79998779296875</ele>
        <time>2023-09-05T07:38:27.000Z</time>
        <extensions>
          <ns3:TrackPointExtension>
            <ns3:atemp>23.0</ns3:atemp>
            <ns3:hr>117</ns3:hr>
          </ns3:TrackPointExtension>
        </extensions>
      </trkpt>
      <trkpt lat="48.07638175785541534423828125" lon="11.249427013099193572998046875">
        <ele>589.79998779296875</ele>
        <time>2023-09-05T07:38:32.000Z</time>
        <extensions>
          <ns3:TrackPointExtension>
            <ns3:atemp>23.0</ns3:atemp>
            <ns3:hr>118</ns3:hr>
          </ns3:TrackPointExtension>
        </extensions>
      </trkpt>
      <trkpt lat="48.076509498059749603271484375" lon="11.2494675815105438232421875">
        <ele>589.20001220703125</ele>
        <time>2023-09-05T07:38:36.000Z</time>
        <extensions>
          <ns3:TrackPointExtension>
            <ns3:atemp>23.0</ns3:atemp>
            <ns3:hr>120</ns3:hr>
          </ns3:TrackPointExtension>
        </extensions>
      </trkpt>
      <trkpt lat="48.076536655426025390625" lon="11.24947034753859043121337890625">
        <ele>588.79998779296875</ele>
        <time>2023-09-05T07:38:37.000Z</time>
        <extensions>
          <ns3:TrackPointExtension>
            <ns3:atemp>23.0</ns3:atemp>
            <ns3:hr>121</ns3:hr>
          </ns3:TrackPointExtension>
        </extensions>
      </trkpt>
      <trkpt lat="48.07666464708745479583740234375" lon="11.24957344494760036468505859375">
        <ele>588</ele>
        <time>2023-09-05T07:38:41.000Z</time>
        <extensions>
          <ns3:TrackPointExtension>
            <ns3:atemp>23.0</ns3:atemp>
            <ns3:hr>121</ns3:hr>
          </ns3:TrackPointExtension>
        </extensions>
      </trkpt>
      <trkpt lat="48.0767229013144969940185546875" lon="11.24961770139634609222412109375">
        <ele>588</ele>
        <time>2023-09-05T07:38:43.000Z</time>
        <extensions>
          <ns3:TrackPointExtension>
            <ns3:atemp>23.0</ns3:atemp>
            <ns3:hr>122</ns3:hr>
          </ns3:TrackPointExtension>
        </extensions>
      </trkpt>
      <trkpt lat="48.07680780999362468719482421875" lon="11.24973915517330169677734375">
        <ele>587.4000244140625</ele>
        <time>2023-09-05T07:38:47.000Z</time>
        <extensions>
          <ns3:TrackPointExtension>
            <ns3:atemp>23.0</ns3:atemp>
            <ns3:hr>123</ns3:hr>
          </ns3:TrackPointExtension>
        </extensions>
      </trkpt>
      <trkpt lat="48.07682055048644542694091796875" lon="11.249815262854099273681640625">
        <ele>587.20001220703125</ele>
        <time>2023-09-05T07:38:49.000Z</time>
        <extensions>
          <ns3:TrackPointExtension>
            <ns3:atemp>23.0</ns3:atemp>
            <ns3:hr>122</ns3:hr>
          </ns3:TrackPointExtension>
        </extensions>
      </trkpt>
      <trkpt lat="48.07684854604303836822509765625" lon="11.24995373189449310302734375">
        <ele>587.20001220703125</ele>
        <time>2023-09-05T07:38:52.000Z</time>
        <extensions>
          <ns3:TrackPointExtension>
            <ns3:atemp>23.0</ns3:atemp>
            <ns3:hr>125</ns3:hr>
          </ns3:TrackPointExtension>
        </extensions>
      </trkpt>
      <trkpt lat="48.07686849497258663177490234375" lon="11.2500400654971599578857421875">
        <ele>587.4000244140625</ele>
        <time>2023-09-05T07:38:54.000Z</time>
        <extensions>
          <ns3:TrackPointExtension>
            <ns3:atemp>23.0</ns3:atemp>
            <ns3:hr>128</ns3:hr>
          </ns3:TrackPointExtension>
        </extensions>
      </trkpt>
      <trkpt lat="48.07691358961164951324462890625" lon="11.250080130994319915771484375">
        <ele>587.4000244140625</ele>
        <time>2023-09-05T07:38:56.000Z</time>
        <extensions>
          <ns3:TrackPointExtension>
            <ns3:atemp>23.0</ns3:atemp>
            <ns3:hr>130</ns3:hr>
          </ns3:TrackPointExtension>
        </extensions>
      </trkpt>
      <trkpt lat="48.0769632942974567413330078125" lon="11.25014274381101131439208984375">
        <ele>587.5999755859375</ele>
        <time>2023-09-05T07:38:59.000Z</time>
        <extensions>
          <ns3:TrackPointExtension>
            <ns3:atemp>23.0</ns3:atemp>
            <ns3:hr>129</ns3:hr>
          </ns3:TrackPointExtension>
        </extensions>
      </trkpt>
      <trkpt lat="48.07697310112416744232177734375" lon="11.25018716789782047271728515625">
        <ele>587.5999755859375</ele>
        <time>2023-09-05T07:39:01.000Z</time>
        <extensions>
          <ns3:TrackPointExtension>
            <ns3:atemp>23.0</ns3:atemp>
            <ns3:hr>128</ns3:hr>
          </ns3:TrackPointExtension>
        </extensions>
      </trkpt>
      <trkpt lat="48.07699657045304775238037109375" lon="11.250242404639720916748046875">
        <ele>587.5999755859375</ele>
        <time>2023-09-05T07:39:04.000Z</time>
        <extensions>
          <ns3:TrackPointExtension>
            <ns3:atemp>23.0</ns3:atemp>
            <ns3:hr>133</ns3:hr>
          </ns3:TrackPointExtension>
        </extensions>
      </trkpt>
      <trkpt lat="48.07700964622199535369873046875" lon="11.2502871640026569366455078125">
        <ele>586.79998779296875</ele>
        <time>2023-09-05T07:39:06.000Z</time>
        <extensions>
          <ns3:TrackPointExtension>
            <ns3:atemp>23.0</ns3:atemp>
            <ns3:hr>135</ns3:hr>
          </ns3:TrackPointExtension>
        </extensions>
      </trkpt>
      <trkpt lat="48.0770249851047992706298828125" lon="11.25030904076993465423583984375">
        <ele>586.4000244140625</ele>
        <time>2023-09-05T07:39:07.000Z</time>
        <extensions>
          <ns3:TrackPointExtension>
            <ns3:atemp>23.0</ns3:atemp>
            <ns3:hr>135</ns3:hr>
          </ns3:TrackPointExtension>
        </extensions>
      </trkpt>
      <trkpt lat="48.07702817022800445556640625" lon="11.25037190504372119903564453125">
        <ele>585.79998779296875</ele>
        <time>2023-09-05T07:39:10.000Z</time>
        <extensions>
          <ns3:TrackPointExtension>
            <ns3:atemp>23.0</ns3:atemp>
            <ns3:hr>137</ns3:hr>
          </ns3:TrackPointExtension>
        </extensions>
      </trkpt>
      <trkpt lat="48.0770261585712432861328125" lon="11.250423453748226165771484375">
        <ele>585.20001220703125</ele>
        <time>2023-09-05T07:39:13.000Z</time>
        <extensions>
          <ns3:TrackPointExtension>
            <ns3:atemp>23.0</ns3:atemp>
            <ns3:hr>136</ns3:hr>
          </ns3:TrackPointExtension>
        </extensions>
      </trkpt>
      <trkpt lat="48.077027499675750732421875" lon="11.2505044229328632354736328125">
        <ele>584.79998779296875</ele>
        <time>2023-09-05T07:39:16.000Z</time>
        <extensions>
          <ns3:TrackPointExtension>
            <ns3:atemp>23.0</ns3:atemp>
            <ns3:hr>139</ns3:hr>
          </ns3:TrackPointExtension>
        </extensions>
      </trkpt>
      <trkpt lat="48.077032864093780517578125" lon="11.2505352683365345001220703125">
        <ele>584.5999755859375</ele>
        <time>2023-09-05T07:39:17.000Z</time>
        <extensions>
          <ns3:TrackPointExtension>
            <ns3:atemp>23.0</ns3:atemp>
            <ns3:hr>140</ns3:hr>
          </ns3:TrackPointExtension>
        </extensions>
      </trkpt>
      <trkpt lat="48.077058009803295135498046875" lon="11.2506063468754291534423828125">
        <ele>584</ele>
        <time>2023-09-05T07:39:21.000Z</time>
        <extensions>
          <ns3:TrackPointExtension>
            <ns3:atemp>23.0</ns3:atemp>
            <ns3:hr>144</ns3:hr>
          </ns3:TrackPointExtension>
        </extensions>
      </trkpt>
      <trkpt lat="48.07707468979060649871826171875" lon="11.25065102241933345794677734375">
        <ele>583.5999755859375</ele>
        <time>2023-09-05T07:39:23.000Z</time>
        <extensions>
          <ns3:TrackPointExtension>
            <ns3:atemp>23.0</ns3:atemp>
            <ns3:hr>146</ns3:hr>
          </ns3:TrackPointExtension>
        </extensions>
      </trkpt>
      <trkpt lat="48.0770917050540447235107421875" lon="11.25069377012550830841064453125">
        <ele>583.4000244140625</ele>
        <time>2023-09-05T07:39:25.000Z</time>
        <extensions>
          <ns3:TrackPointExtension>
            <ns3:atemp>23.0</ns3:atemp>
            <ns3:hr>148</ns3:hr>
          </ns3:TrackPointExtension>
        </extensions>
      </trkpt>
      <trkpt lat="48.0771064572036266326904296875" lon="11.2507243640720844268798828125">
        <ele>583</ele>
        <time>2023-09-05T07:39:28.000Z</time>
        <extensions>
          <ns3:TrackPointExtension>
            <ns3:atemp>23.0</ns3:atemp>
            <ns3:hr>151</ns3:hr>
          </ns3:TrackPointExtension>
        </extensions>
      </trkpt>
      <trkpt lat="48.07711140252649784088134765625" lon="11.2507309019565582275390625">
        <ele>583</ele>
        <time>2023-09-05T07:39:29.000Z</time>
        <extensions>
          <ns3:TrackPointExtension>
            <ns3:atemp>23.0</ns3:atemp>
            <ns3:hr>151</ns3:hr>
          </ns3:TrackPointExtension>
        </extensions>
      </trkpt>
      <trkpt lat="48.07718901894986629486083984375" lon="11.250774823129177093505859375">
        <ele>588</ele>
        <time>2023-09-05T07:39:52.000Z</time>
        <extensions>
          <ns3:TrackPointExtension>
            <ns3:atemp>23.0</ns3:atemp>
            <ns3:hr>124</ns3:hr>
          </ns3:TrackPointExtension>
        </extensions>
      </trkpt>
      <trkpt lat="48.07721064426004886627197265625" lon="11.250782869756221771240234375">
        <ele>588.20001220703125</ele>
        <time>2023-09-05T07:39:53.000Z</time>
        <extensions>
          <ns3:TrackPointExtension>
            <ns3:atemp>23.0</ns3:atemp>
            <ns3:hr>124</ns3:hr>
          </ns3:TrackPointExtension>
        </extensions>
      </trkpt>
      <trkpt lat="48.07721064426004886627197265625" lon="11.2508279643952846527099609375">
        <ele>588.4000244140625</ele>
        <time>2023-09-05T07:39:55.000Z</time>
        <extensions>
          <ns3:TrackPointExtension>
            <ns3:atemp>23.0</ns3:atemp>
            <ns3:hr>124</ns3:hr>
          </ns3:TrackPointExtension>
        </extensions>
      </trkpt>
      <trkpt lat="48.07723964564502239227294921875" lon="11.250952184200286865234375">
        <ele>587.5999755859375</ele>
        <time>2023-09-05T07:40:02.000Z</time>
        <extensions>
          <ns3:TrackPointExtension>
            <ns3:atemp>23.0</ns3:atemp>
            <ns3:hr>127</ns3:hr>
          </ns3:TrackPointExtension>
        </extensions>
      </trkpt>
      <trkpt lat="48.07724651880562305450439453125" lon="11.25097221694886684417724609375">
        <ele>587.4000244140625</ele>
        <time>2023-09-05T07:40:19.000Z</time>
        <extensions>
          <ns3:TrackPointExtension>
            <ns3:atemp>23.0</ns3:atemp>
            <ns3:hr>129</ns3:hr>
          </ns3:TrackPointExtension>
        </extensions>
      </trkpt>
      <trkpt lat="48.07726512663066387176513671875" lon="11.2510281242430210113525390625">
        <ele>587.4000244140625</ele>
        <time>2023-09-05T07:40:22.000Z</time>
        <extensions>
          <ns3:TrackPointExtension>
            <ns3:atemp>23.0</ns3:atemp>
            <ns3:hr>129</ns3:hr>
          </ns3:TrackPointExtension>
        </extensions>
      </trkpt>
      <trkpt lat="48.077301084995269775390625" lon="11.251172125339508056640625">
        <ele>587.5999755859375</ele>
        <time>2023-09-05T07:40:30.000Z</time>
        <extensions>
          <ns3:TrackPointExtension>
            <ns3:atemp>23.0</ns3:atemp>
            <ns3:hr>130</ns3:hr>
          </ns3:TrackPointExtension>
        </extensions>
      </trkpt>
      <trkpt lat="48.07733905501663684844970703125" lon="11.25134688802063465118408203125">
        <ele>587.4000244140625</ele>
        <time>2023-09-05T07:40:38.000Z</time>
        <extensions>
          <ns3:TrackPointExtension>
            <ns3:atemp>23.0</ns3:atemp>
            <ns3:hr>129</ns3:hr>
          </ns3:TrackPointExtension>
        </extensions>
      </trkpt>
      <trkpt lat="48.07734869420528411865234375" lon="11.2514421902596950531005859375">
        <ele>588</ele>
        <time>2023-09-05T07:40:44.000Z</time>
        <extensions>
          <ns3:TrackPointExtension>
            <ns3:atemp>23.0</ns3:atemp>
            <ns3:hr>128</ns3:hr>
          </ns3:TrackPointExtension>
        </extensions>
      </trkpt>
      <trkpt lat="48.07733670808374881744384765625" lon="11.2514405138790607452392578125">
        <ele>588</ele>
        <time>2023-09-05T07:40:45.000Z</time>
        <extensions>
          <ns3:TrackPointExtension>
            <ns3:atemp>23.0</ns3:atemp>
            <ns3:hr>130</ns3:hr>
          </ns3:TrackPointExtension>
        </extensions>
      </trkpt>
      <trkpt lat="48.07730804197490215301513671875" lon="11.25141947530210018157958984375">
        <ele>588.79998779296875</ele>
        <time>2023-09-05T07:40:49.000Z</time>
        <extensions>
          <ns3:TrackPointExtension>
            <ns3:atemp>23.0</ns3:atemp>
            <ns3:hr>128</ns3:hr>
          </ns3:TrackPointExtension>
        </extensions>
      </trkpt>
      <trkpt lat="48.0772970616817474365234375" lon="11.25141444616019725799560546875">
        <ele>589</ele>
        <time>2023-09-05T07:40:50.000Z</time>
        <extensions>
          <ns3:TrackPointExtension>
            <ns3:atemp>23.0</ns3:atemp>
            <ns3:hr>127</ns3:hr>
          </ns3:TrackPointExtension>
        </extensions>
      </trkpt>
      <trkpt lat="48.07729328982532024383544921875" lon="11.25141897238790988922119140625">
        <ele>589</ele>
        <time>2023-09-05T07:40:51.000Z</time>
        <extensions>
          <ns3:TrackPointExtension>
            <ns3:atemp>23.0</ns3:atemp>
            <ns3:hr>130</ns3:hr>
          </ns3:TrackPointExtension>
        </extensions>
      </trkpt>
      <trkpt lat="48.07727627456188201904296875" lon="11.2514170445501804351806640625">
        <ele>588.4000244140625</ele>
        <time>2023-09-05T07:40:53.000Z</time>
        <extensions>
          <ns3:TrackPointExtension>
            <ns3:atemp>23.0</ns3:atemp>
            <ns3:hr>128</ns3:hr>
          </ns3:TrackPointExtension>
        </extensions>
      </trkpt>
      <trkpt lat="48.07722397148609161376953125" lon="11.25139902345836162567138671875">
        <ele>587.5999755859375</ele>
        <time>2023-09-05T07:41:58.000Z</time>
        <extensions>
          <ns3:TrackPointExtension>
            <ns3:atemp>24.0</ns3:atemp>
            <ns3:hr>115</ns3:hr>
          </ns3:TrackPointExtension>
        </extensions>
      </trkpt>
      <trkpt lat="48.07722170837223529815673828125" lon="11.2514043040573596954345703125">
        <ele>587.5999755859375</ele>
        <time>2023-09-05T07:41:59.000Z</time>
        <extensions>
          <ns3:TrackPointExtension>
            <ns3:atemp>24.0</ns3:atemp>
            <ns3:hr>114</ns3:hr>
          </ns3:TrackPointExtension>
        </extensions>
      </trkpt>
      <trkpt lat="48.07722271420061588287353515625" lon="11.2514049746096134185791015625">
        <ele>587.4000244140625</ele>
        <time>2023-09-05T07:42:00.000Z</time>
        <extensions>
          <ns3:TrackPointExtension>
            <ns3:atemp>24.0</ns3:atemp>
            <ns3:hr>114</ns3:hr>
          </ns3:TrackPointExtension>
        </extensions>
      </trkpt>
      <trkpt lat="48.07725708000361919403076171875" lon="11.25138125382363796234130859375">
        <ele>587.5999755859375</ele>
        <time>2023-09-05T07:43:07.000Z</time>
        <extensions>
          <ns3:TrackPointExtension>
            <ns3:atemp>24.0</ns3:atemp>
            <ns3:hr>111</ns3:hr>
          </ns3:TrackPointExtension>
        </extensions>
      </trkpt>
      <trkpt lat="48.07723813690245151519775390625" lon="11.2514183856546878814697265625">
        <ele>587.5999755859375</ele>
        <time>2023-09-05T07:43:09.000Z</time>
        <extensions>
          <ns3:TrackPointExtension>
            <ns3:atemp>24.0</ns3:atemp>
            <ns3:hr>112</ns3:hr>
          </ns3:TrackPointExtension>
        </extensions>
      </trkpt>
      <trkpt lat="48.077241741120815277099609375" lon="11.25143154524266719818115234375">
        <ele>587.5999755859375</ele>
        <time>2023-09-05T07:43:10.000Z</time>
        <extensions>
          <ns3:TrackPointExtension>
            <ns3:atemp>24.0</ns3:atemp>
            <ns3:hr>111</ns3:hr>
          </ns3:TrackPointExtension>
        </extensions>
      </trkpt>
      <trkpt lat="48.07725976221263408660888671875" lon="11.25145568512380123138427734375">
        <ele>587.4000244140625</ele>
        <time>2023-09-05T07:43:13.000Z</time>
        <extensions>
          <ns3:TrackPointExtension>
            <ns3:atemp>24.0</ns3:atemp>
            <ns3:hr>112</ns3:hr>
          </ns3:TrackPointExtension>
        </extensions>
      </trkpt>
      <trkpt lat="48.07729102671146392822265625" lon="11.25149197876453399658203125">
        <ele>587.4000244140625</ele>
        <time>2023-09-05T07:43:19.000Z</time>
        <extensions>
          <ns3:TrackPointExtension>
            <ns3:atemp>24.0</ns3:atemp>
            <ns3:hr>113</ns3:hr>
          </ns3:TrackPointExtension>
        </extensions>
      </trkpt>
      <trkpt lat="48.07731575332581996917724609375" lon="11.25149457715451717376708984375">
        <ele>587.20001220703125</ele>
        <time>2023-09-05T07:43:23.000Z</time>
        <extensions>
          <ns3:TrackPointExtension>
            <ns3:atemp>25.0</ns3:atemp>
            <ns3:hr>113</ns3:hr>
          </ns3:TrackPointExtension>
        </extensions>
      </trkpt>
      <trkpt lat="48.0773612670600414276123046875" lon="11.25155794434249401092529296875">
        <ele>586.4000244140625</ele>
        <time>2023-09-05T07:44:49.000Z</time>
        <extensions>
          <ns3:TrackPointExtension>
            <ns3:atemp>25.0</ns3:atemp>
            <ns3:hr>110</ns3:hr>
          </ns3:TrackPointExtension>
        </extensions>
      </trkpt>
      <trkpt lat="48.07736436836421489715576171875" lon="11.25159247778356075286865234375">
        <ele>586.4000244140625</ele>
        <time>2023-09-05T07:44:51.000Z</time>
        <extensions>
          <ns3:TrackPointExtension>
            <ns3:atemp>25.0</ns3:atemp>
            <ns3:hr>110</ns3:hr>
          </ns3:TrackPointExtension>
        </extensions>
      </trkpt>
      <trkpt lat="48.07737275026738643646240234375" lon="11.251631118357181549072265625">
        <ele>586.20001220703125</ele>
        <time>2023-09-05T07:44:53.000Z</time>
        <extensions>
          <ns3:TrackPointExtension>
            <ns3:atemp>25.0</ns3:atemp>
            <ns3:hr>111</ns3:hr>
          </ns3:TrackPointExtension>
        </extensions>
      </trkpt>
      <trkpt lat="48.07738498784601688385009765625" lon="11.2517488002777099609375">
        <ele>585.5999755859375</ele>
        <time>2023-09-05T07:45:00.000Z</time>
        <extensions>
          <ns3:TrackPointExtension>
            <ns3:atemp>25.0</ns3:atemp>
            <ns3:hr>110</ns3:hr>
          </ns3:TrackPointExtension>
        </extensions>
      </trkpt>
      <trkpt lat="48.077406696975231170654296875" lon="11.251808144152164459228515625">
        <ele>585.4000244140625</ele>
        <time>2023-09-05T07:45:04.000Z</time>
        <extensions>
          <ns3:TrackPointExtension>
            <ns3:atemp>25.0</ns3:atemp>
            <ns3:hr>107</ns3:hr>
          </ns3:TrackPointExtension>
        </extensions>
      </trkpt>
      <trkpt lat="48.07740074582397937774658203125" lon="11.25184929929673671722412109375">
        <ele>585.4000244140625</ele>
        <time>2023-09-05T07:45:07.000Z</time>
        <extensions>
          <ns3:TrackPointExtension>
            <ns3:atemp>25.0</ns3:atemp>
            <ns3:hr>106</ns3:hr>
          </ns3:TrackPointExtension>
        </extensions>
      </trkpt>
      <trkpt lat="48.07740543968975543975830078125" lon="11.25186254270374774932861328125">
        <ele>585.5999755859375</ele>
        <time>2023-09-05T07:45:08.000Z</time>
        <extensions>
          <ns3:TrackPointExtension>
            <ns3:atemp>25.0</ns3:atemp>
            <ns3:hr>106</ns3:hr>
          </ns3:TrackPointExtension>
        </extensions>
      </trkpt>
      <trkpt lat="48.0774082057178020477294921875" lon="11.25188291072845458984375">
        <ele>585.4000244140625</ele>
        <time>2023-09-05T07:45:12.000Z</time>
        <extensions>
          <ns3:TrackPointExtension>
            <ns3:atemp>25.0</ns3:atemp>
            <ns3:hr>106</ns3:hr>
          </ns3:TrackPointExtension>
        </extensions>
      </trkpt>
      <trkpt lat="48.077294714748859405517578125" lon="11.25180386938154697418212890625">
        <ele>585.79998779296875</ele>
        <time>2023-09-05T07:56:42.000Z</time>
        <extensions>
          <ns3:TrackPointExtension>
            <ns3:atemp>26.0</ns3:atemp>
            <ns3:hr>75</ns3:hr>
          </ns3:TrackPointExtension>
        </extensions>
      </trkpt>
      <trkpt lat="48.077295385301113128662109375" lon="11.251766569912433624267578125">
        <ele>585.79998779296875</ele>
        <time>2023-09-05T07:56:43.000Z</time>
        <extensions>
          <ns3:TrackPointExtension>
            <ns3:atemp>26.0</ns3:atemp>
            <ns3:hr>76</ns3:hr>
          </ns3:TrackPointExtension>
        </extensions>
      </trkpt>
      <trkpt lat="48.07731273584067821502685546875" lon="11.2514938227832317352294921875">
        <ele>585.5999755859375</ele>
        <time>2023-09-05T07:56:51.000Z</time>
        <extensions>
          <ns3:TrackPointExtension>
            <ns3:atemp>26.0</ns3:atemp>
            <ns3:hr>78</ns3:hr>
          </ns3:TrackPointExtension>
        </extensions>
      </trkpt>
      <trkpt lat="48.07731784880161285400390625" lon="11.25148468650877475738525390625">
        <ele>585.79998779296875</ele>
        <time>2023-09-05T07:56:53.000Z</time>
        <extensions>
          <ns3:TrackPointExtension>
            <ns3:atemp>26.0</ns3:atemp>
            <ns3:hr>77</ns3:hr>
          </ns3:TrackPointExtension>
        </extensions>
      </trkpt>
      <trkpt lat="48.0773515440523624420166015625" lon="11.25150941312313079833984375">
        <ele>586.4000244140625</ele>
        <time>2023-09-05T07:58:18.000Z</time>
        <extensions>
          <ns3:TrackPointExtension>
            <ns3:atemp>26.0</ns3:atemp>
            <ns3:hr>78</ns3:hr>
          </ns3:TrackPointExtension>
        </extensions>
      </trkpt>
      <trkpt lat="48.07735045440495014190673828125" lon="11.25149197876453399658203125">
        <ele>586.4000244140625</ele>
        <time>2023-09-05T07:58:20.000Z</time>
        <extensions>
          <ns3:TrackPointExtension>
            <ns3:atemp>26.0</ns3:atemp>
            <ns3:hr>77</ns3:hr>
          </ns3:TrackPointExtension>
        </extensions>
      </trkpt>
      <trkpt lat="48.0773290805518627166748046875" lon="11.25146306119859218597412109375">
        <ele>586.4000244140625</ele>
        <time>2023-09-05T07:58:25.000Z</time>
        <extensions>
          <ns3:TrackPointExtension>
            <ns3:atemp>26.0</ns3:atemp>
            <ns3:hr>80</ns3:hr>
          </ns3:TrackPointExtension>
        </extensions>
      </trkpt>
      <trkpt lat="48.0773290805518627166748046875" lon="11.25146306119859218597412109375">
        <ele>586.4000244140625</ele>
        <time>2023-09-05T07:58:26.000Z</time>
        <extensions>
          <ns3:TrackPointExtension>
            <ns3:atemp>26.0</ns3:atemp>
            <ns3:hr>80</ns3:hr>
          </ns3:TrackPointExtension>
        </extensions>
      </trkpt>
      <trkpt lat="48.07732095010578632354736328125" lon="11.25150748528540134429931640625">
        <ele>584.20001220703125</ele>
        <time>2023-09-05T07:58:45.000Z</time>
        <extensions>
          <ns3:TrackPointExtension>
            <ns3:atemp>26.0</ns3:atemp>
            <ns3:hr>84</ns3:hr>
          </ns3:TrackPointExtension>
        </extensions>
      </trkpt>
      <trkpt lat="48.07732564397156238555908203125" lon="11.251617036759853363037109375">
        <ele>584.4000244140625</ele>
        <time>2023-09-05T07:58:47.000Z</time>
        <extensions>
          <ns3:TrackPointExtension>
            <ns3:atemp>26.0</ns3:atemp>
            <ns3:hr>84</ns3:hr>
          </ns3:TrackPointExtension>
        </extensions>
      </trkpt>
      <trkpt lat="48.0773632787168025970458984375" lon="11.2519870139658451080322265625">
        <ele>584.5999755859375</ele>
        <time>2023-09-05T07:58:51.000Z</time>
        <extensions>
          <ns3:TrackPointExtension>
            <ns3:atemp>27.0</ns3:atemp>
            <ns3:hr>82</ns3:hr>
          </ns3:TrackPointExtension>
        </extensions>
      </trkpt>
      <trkpt lat="48.077440559864044189453125" lon="11.25252152793109416961669921875">
        <ele>584.4000244140625</ele>
        <time>2023-09-05T07:58:55.000Z</time>
        <extensions>
          <ns3:TrackPointExtension>
            <ns3:atemp>27.0</ns3:atemp>
            <ns3:hr>80</ns3:hr>
          </ns3:TrackPointExtension>
        </extensions>
      </trkpt>
      <trkpt lat="48.07756821624934673309326171875" lon="11.25326164998114109039306640625">
        <ele>584.20001220703125</ele>
        <time>2023-09-05T07:58:59.000Z</time>
        <extensions>
          <ns3:TrackPointExtension>
            <ns3:atemp>27.0</ns3:atemp>
            <ns3:hr>80</ns3:hr>
          </ns3:TrackPointExtension>
        </extensions>
      </trkpt>
      <trkpt lat="48.07768992148339748382568359375" lon="11.253874115645885467529296875">
        <ele>584.20001220703125</ele>
        <time>2023-09-05T07:59:02.000Z</time>
        <extensions>
          <ns3:TrackPointExtension>
            <ns3:atemp>27.0</ns3:atemp>
            <ns3:hr>79</ns3:hr>
          </ns3:TrackPointExtension>
        </extensions>
      </trkpt>
      <trkpt lat="48.07774641551077365875244140625" lon="11.25414778478443622589111328125">
        <ele>584</ele>
        <time>2023-09-05T07:59:03.000Z</time>
        <extensions>
          <ns3:TrackPointExtension>
            <ns3:atemp>27.0</ns3:atemp>
            <ns3:hr>81</ns3:hr>
          </ns3:TrackPointExtension>
        </extensions>
      </trkpt>
      <trkpt lat="48.07788052596151828765869140625" lon="11.2548599950969219207763671875">
        <ele>583.4000244140625</ele>
        <time>2023-09-05T07:59:06.000Z</time>
        <extensions>
          <ns3:TrackPointExtension>
            <ns3:atemp>27.0</ns3:atemp>
            <ns3:hr>78</ns3:hr>
          </ns3:TrackPointExtension>
        </extensions>
      </trkpt>
      <trkpt lat="48.0780373513698577880859375" lon="11.25561528839170932769775390625">
        <ele>583.20001220703125</ele>
        <time>2023-09-05T07:59:09.000Z</time>
        <extensions>
          <ns3:TrackPointExtension>
            <ns3:atemp>27.0</ns3:atemp>
            <ns3:hr>77</ns3:hr>
          </ns3:TrackPointExtension>
        </extensions>
      </trkpt>
      <trkpt lat="48.07814438827335834503173828125" lon="11.25611501745879650115966796875">
        <ele>583.20001220703125</ele>
        <time>2023-09-05T07:59:11.000Z</time>
        <extensions>
          <ns3:TrackPointExtension>
            <ns3:atemp>27.0</ns3:atemp>
            <ns3:hr>77</ns3:hr>
          </ns3:TrackPointExtension>
        </extensions>
      </trkpt>
      <trkpt lat="48.078317306935787200927734375" lon="11.2568042613565921783447265625">
        <ele>583.20001220703125</ele>
        <time>2023-09-05T07:59:14.000Z</time>
        <extensions>
          <ns3:TrackPointExtension>
            <ns3:atemp>27.0</ns3:atemp>
            <ns3:hr>76</ns3:hr>
          </ns3:TrackPointExtension>
        </extensions>
      </trkpt>
      <trkpt lat="48.078442029654979705810546875" lon="11.2572578899562358856201171875">
        <ele>583.20001220703125</ele>
        <time>2023-09-05T07:59:16.000Z</time>
        <extensions>
          <ns3:TrackPointExtension>
            <ns3:atemp>27.0</ns3:atemp>
            <ns3:hr>74</ns3:hr>
          </ns3:TrackPointExtension>
        </extensions>
      </trkpt>
      <trkpt lat="48.07861310429871082305908203125" lon="11.25764287076890468597412109375">
        <ele>583</ele>
        <time>2023-09-05T07:59:18.000Z</time>
        <extensions>
          <ns3:TrackPointExtension>
            <ns3:atemp>27.0</ns3:atemp>
            <ns3:hr>72</ns3:hr>
          </ns3:TrackPointExtension>
        </extensions>
      </trkpt>
      <trkpt lat="48.0786918103694915771484375" lon="11.25783246941864490509033203125">
        <ele>582.79998779296875</ele>
        <time>2023-09-05T07:59:19.000Z</time>
        <extensions>
          <ns3:TrackPointExtension>
            <ns3:atemp>27.0</ns3:atemp>
            <ns3:hr>71</ns3:hr>
          </ns3:TrackPointExtension>
        </extensions>
      </trkpt>
      <trkpt lat="48.07898945175111293792724609375" lon="11.258443929255008697509765625">
        <ele>582.5999755859375</ele>
        <time>2023-09-05T07:59:22.000Z</time>
        <extensions>
          <ns3:TrackPointExtension>
            <ns3:atemp>27.0</ns3:atemp>
            <ns3:hr>69</ns3:hr>
          </ns3:TrackPointExtension>
        </extensions>
      </trkpt>
      <trkpt lat="48.07919011451303958892822265625" lon="11.2588139064610004425048828125">
        <ele>582.4000244140625</ele>
        <time>2023-09-05T07:59:24.000Z</time>
        <extensions>
          <ns3:TrackPointExtension>
            <ns3:atemp>27.0</ns3:atemp>
            <ns3:hr>69</ns3:hr>
          </ns3:TrackPointExtension>
        </extensions>
      </trkpt>
      <trkpt lat="48.07949353940784931182861328125" lon="11.25938647426664829254150390625">
        <ele>582.20001220703125</ele>
        <time>2023-09-05T07:59:27.000Z</time>
        <extensions>
          <ns3:TrackPointExtension>
            <ns3:atemp>27.0</ns3:atemp>
            <ns3:hr>68</ns3:hr>
          </ns3:TrackPointExtension>
        </extensions>
      </trkpt>
      <trkpt lat="48.07959177531301975250244140625" lon="11.25957858748733997344970703125">
        <ele>582.20001220703125</ele>
        <time>2023-09-05T07:59:28.000Z</time>
        <extensions>
          <ns3:TrackPointExtension>
            <ns3:atemp>27.0</ns3:atemp>
            <ns3:hr>68</ns3:hr>
          </ns3:TrackPointExtension>
        </extensions>
      </trkpt>
      <trkpt lat="48.0797826312482357025146484375" lon="11.2599860318005084991455078125">
        <ele>582.20001220703125</ele>
        <time>2023-09-05T07:59:30.000Z</time>
        <extensions>
          <ns3:TrackPointExtension>
            <ns3:atemp>27.0</ns3:atemp>
            <ns3:hr>68</ns3:hr>
          </ns3:TrackPointExtension>
        </extensions>
      </trkpt>
      <trkpt lat="48.08009183965623378753662109375" lon="11.26063026487827301025390625">
        <ele>582.20001220703125</ele>
        <time>2023-09-05T07:59:33.000Z</time>
        <extensions>
          <ns3:TrackPointExtension>
            <ns3:atemp>27.0</ns3:atemp>
            <ns3:hr>68</ns3:hr>
          </ns3:TrackPointExtension>
        </extensions>
      </trkpt>
      <trkpt lat="48.08029107749462127685546875" lon="11.2610800378024578094482421875">
        <ele>582</ele>
        <time>2023-09-05T07:59:35.000Z</time>
        <extensions>
          <ns3:TrackPointExtension>
            <ns3:atemp>27.0</ns3:atemp>
            <ns3:hr>69</ns3:hr>
          </ns3:TrackPointExtension>
        </extensions>
      </trkpt>
      <trkpt lat="48.08060280047357082366943359375" lon="11.26177799887955188751220703125">
        <ele>582</ele>
        <time>2023-09-05T07:59:38.000Z</time>
        <extensions>
          <ns3:TrackPointExtension>
            <ns3:atemp>27.0</ns3:atemp>
            <ns3:hr>69</ns3:hr>
          </ns3:TrackPointExtension>
        </extensions>
      </trkpt>
      <trkpt lat="48.080798685550689697265625" lon="11.2622032128274440765380859375">
        <ele>581.79998779296875</ele>
        <time>2023-09-05T07:59:40.000Z</time>
        <extensions>
          <ns3:TrackPointExtension>
            <ns3:atemp>27.0</ns3:atemp>
            <ns3:hr>68</ns3:hr>
          </ns3:TrackPointExtension>
        </extensions>
      </trkpt>
      <trkpt lat="48.08116857893764972686767578125" lon="11.262981891632080078125">
        <ele>581.5999755859375</ele>
        <time>2023-09-05T07:59:43.000Z</time>
        <extensions>
          <ns3:TrackPointExtension>
            <ns3:atemp>27.0</ns3:atemp>
            <ns3:hr>66</ns3:hr>
          </ns3:TrackPointExtension>
        </extensions>
      </trkpt>
      <trkpt lat="48.081398494541645050048828125" lon="11.263524703681468963623046875">
        <ele>581.4000244140625</ele>
        <time>2023-09-05T07:59:45.000Z</time>
        <extensions>
          <ns3:TrackPointExtension>
            <ns3:atemp>27.0</ns3:atemp>
            <ns3:hr>66</ns3:hr>
          </ns3:TrackPointExtension>
        </extensions>
      </trkpt>
      <trkpt lat="48.08176319114863872528076171875" lon="11.26431335695087909698486328125">
        <ele>581</ele>
        <time>2023-09-05T07:59:48.000Z</time>
        <extensions>
          <ns3:TrackPointExtension>
            <ns3:atemp>27.0</ns3:atemp>
            <ns3:hr>65</ns3:hr>
          </ns3:TrackPointExtension>
        </extensions>
      </trkpt>
      <trkpt lat="48.08189528994262218475341796875" lon="11.26457042992115020751953125">
        <ele>581</ele>
        <time>2023-09-05T07:59:49.000Z</time>
        <extensions>
          <ns3:TrackPointExtension>
            <ns3:atemp>27.0</ns3:atemp>
            <ns3:hr>65</ns3:hr>
          </ns3:TrackPointExtension>
        </extensions>
      </trkpt>
      <trkpt lat="48.08203317224979400634765625" lon="11.26482649706304073333740234375">
        <ele>580.79998779296875</ele>
        <time>2023-09-05T07:59:50.000Z</time>
        <extensions>
          <ns3:TrackPointExtension>
            <ns3:atemp>27.0</ns3:atemp>
            <ns3:hr>64</ns3:hr>
          </ns3:TrackPointExtension>
        </extensions>
      </trkpt>
      <trkpt lat="48.082475401461124420166015625" lon="11.2655690498650074005126953125">
        <ele>580.5999755859375</ele>
        <time>2023-09-05T07:59:53.000Z</time>
        <extensions>
          <ns3:TrackPointExtension>
            <ns3:atemp>27.0</ns3:atemp>
            <ns3:hr>63</ns3:hr>
          </ns3:TrackPointExtension>
        </extensions>
      </trkpt>
      <trkpt lat="48.08262987993657588958740234375" lon="11.26580533571541309356689453125">
        <ele>580.5999755859375</ele>
        <time>2023-09-05T07:59:54.000Z</time>
        <extensions>
          <ns3:TrackPointExtension>
            <ns3:atemp>27.0</ns3:atemp>
            <ns3:hr>63</ns3:hr>
          </ns3:TrackPointExtension>
        </extensions>
      </trkpt>
      <trkpt lat="48.0831065587699413299560546875" lon="11.26652031205594539642333984375">
        <ele>580.20001220703125</ele>
        <time>2023-09-05T07:59:57.000Z</time>
        <extensions>
          <ns3:TrackPointExtension>
            <ns3:atemp>27.0</ns3:atemp>
            <ns3:hr>65</ns3:hr>
          </ns3:TrackPointExtension>
        </extensions>
      </trkpt>
      <trkpt lat="48.083263970911502838134765625" lon="11.26675835810601711273193359375">
        <ele>579.79998779296875</ele>
        <time>2023-09-05T07:59:58.000Z</time>
        <extensions>
          <ns3:TrackPointExtension>
            <ns3:atemp>27.0</ns3:atemp>
            <ns3:hr>65</ns3:hr>
          </ns3:TrackPointExtension>
        </extensions>
      </trkpt>
      <trkpt lat="48.083759509027004241943359375" lon="11.2674330174922943115234375">
        <ele>579</ele>
        <time>2023-09-05T08:00:01.000Z</time>
        <extensions>
          <ns3:TrackPointExtension>
            <ns3:atemp>27.0</ns3:atemp>
            <ns3:hr>66</ns3:hr>
          </ns3:TrackPointExtension>
        </extensions>
      </trkpt>
      <trkpt lat="48.0839269794523715972900390625" lon="11.26766293309628963470458984375">
        <ele>578.79998779296875</ele>
        <time>2023-09-05T08:00:02.000Z</time>
        <extensions>
          <ns3:TrackPointExtension>
            <ns3:atemp>27.0</ns3:atemp>
            <ns3:hr>65</ns3:hr>
          </ns3:TrackPointExtension>
        </extensions>
      </trkpt>
      <trkpt lat="48.0842733196914196014404296875" lon="11.26812972128391265869140625">
        <ele>578.20001220703125</ele>
        <time>2023-09-05T08:00:04.000Z</time>
        <extensions>
          <ns3:TrackPointExtension>
            <ns3:atemp>27.0</ns3:atemp>
            <ns3:hr>66</ns3:hr>
          </ns3:TrackPointExtension>
        </extensions>
      </trkpt>
      <trkpt lat="48.08457749895751476287841796875" lon="11.268551833927631378173828125">
        <ele>577.79998779296875</ele>
        <time>2023-09-05T08:00:06.000Z</time>
        <extensions>
          <ns3:TrackPointExtension>
            <ns3:atemp>27.0</ns3:atemp>
            <ns3:hr>70</ns3:hr>
          </ns3:TrackPointExtension>
        </extensions>
      </trkpt>
      <trkpt lat="48.084783442318439483642578125" lon="11.268831454217433929443359375">
        <ele>577.4000244140625</ele>
        <time>2023-09-05T08:00:07.000Z</time>
        <extensions>
          <ns3:TrackPointExtension>
            <ns3:atemp>27.0</ns3:atemp>
            <ns3:hr>71</ns3:hr>
          </ns3:TrackPointExtension>
        </extensions>
      </trkpt>
      <trkpt lat="48.08512165211141109466552734375" lon="11.26930654048919677734375">
        <ele>576.79998779296875</ele>
        <time>2023-09-05T08:00:09.000Z</time>
        <extensions>
          <ns3:TrackPointExtension>
            <ns3:atemp>27.0</ns3:atemp>
            <ns3:hr>73</ns3:hr>
          </ns3:TrackPointExtension>
        </extensions>
      </trkpt>
      <trkpt lat="48.08545189909636974334716796875" lon="11.26979931257665157318115234375">
        <ele>576.4000244140625</ele>
        <time>2023-09-05T08:00:11.000Z</time>
        <extensions>
          <ns3:TrackPointExtension>
            <ns3:atemp>27.0</ns3:atemp>
            <ns3:hr>74</ns3:hr>
          </ns3:TrackPointExtension>
        </extensions>
      </trkpt>
      <trkpt lat="48.0856167711317539215087890625" lon="11.27004523761570453643798828125">
        <ele>576</ele>
        <time>2023-09-05T08:00:12.000Z</time>
        <extensions>
          <ns3:TrackPointExtension>
            <ns3:atemp>27.0</ns3:atemp>
            <ns3:hr>74</ns3:hr>
          </ns3:TrackPointExtension>
        </extensions>
      </trkpt>
      <trkpt lat="48.08594374917447566986083984375" lon="11.2705282866954803466796875">
        <ele>575.5999755859375</ele>
        <time>2023-09-05T08:00:14.000Z</time>
        <extensions>
          <ns3:TrackPointExtension>
            <ns3:atemp>27.0</ns3:atemp>
            <ns3:hr>73</ns3:hr>
          </ns3:TrackPointExtension>
        </extensions>
      </trkpt>
      <trkpt lat="48.0862655304372310638427734375" lon="11.2710164487361907958984375">
        <ele>575.20001220703125</ele>
        <time>2023-09-05T08:00:16.000Z</time>
        <extensions>
          <ns3:TrackPointExtension>
            <ns3:atemp>27.0</ns3:atemp>
            <ns3:hr>72</ns3:hr>
          </ns3:TrackPointExtension>
        </extensions>
      </trkpt>
      <trkpt lat="48.08643308468163013458251953125" lon="11.27125876955687999725341796875">
        <ele>575</ele>
        <time>2023-09-05T08:00:17.000Z</time>
        <extensions>
          <ns3:TrackPointExtension>
            <ns3:atemp>27.0</ns3:atemp>
            <ns3:hr>72</ns3:hr>
          </ns3:TrackPointExtension>
        </extensions>
      </trkpt>
      <trkpt lat="48.0867761559784412384033203125" lon="11.27173318527638912200927734375">
        <ele>574.4000244140625</ele>
        <time>2023-09-05T08:00:19.000Z</time>
        <extensions>
          <ns3:TrackPointExtension>
            <ns3:atemp>27.0</ns3:atemp>
            <ns3:hr>72</ns3:hr>
          </ns3:TrackPointExtension>
        </extensions>
      </trkpt>
      <trkpt lat="48.0871166288852691650390625" lon="11.2722165696322917938232421875">
        <ele>573.5999755859375</ele>
        <time>2023-09-05T08:00:21.000Z</time>
        <extensions>
          <ns3:TrackPointExtension>
            <ns3:atemp>27.0</ns3:atemp>
            <ns3:hr>72</ns3:hr>
          </ns3:TrackPointExtension>
        </extensions>
      </trkpt>
      <trkpt lat="48.08729005046188831329345703125" lon="11.27246417105197906494140625">
        <ele>573.20001220703125</ele>
        <time>2023-09-05T08:00:22.000Z</time>
        <extensions>
          <ns3:TrackPointExtension>
            <ns3:atemp>27.0</ns3:atemp>
            <ns3:hr>72</ns3:hr>
          </ns3:TrackPointExtension>
        </extensions>
      </trkpt>
      <trkpt lat="48.087631948292255401611328125" lon="11.2729565240442752838134765625">
        <ele>573</ele>
        <time>2023-09-05T08:00:24.000Z</time>
        <extensions>
          <ns3:TrackPointExtension>
            <ns3:atemp>27.0</ns3:atemp>
            <ns3:hr>71</ns3:hr>
          </ns3:TrackPointExtension>
        </extensions>
      </trkpt>
      <trkpt lat="48.08796680532395839691162109375" lon="11.273456923663616180419921875">
        <ele>572.79998779296875</ele>
        <time>2023-09-05T08:00:26.000Z</time>
        <extensions>
          <ns3:TrackPointExtension>
            <ns3:atemp>27.0</ns3:atemp>
            <ns3:hr>68</ns3:hr>
          </ns3:TrackPointExtension>
        </extensions>
      </trkpt>
      <trkpt lat="48.08813611976802349090576171875" lon="11.273711062967777252197265625">
        <ele>572.5999755859375</ele>
        <time>2023-09-05T08:00:27.000Z</time>
        <extensions>
          <ns3:TrackPointExtension>
            <ns3:atemp>27.0</ns3:atemp>
            <ns3:hr>68</ns3:hr>
          </ns3:TrackPointExtension>
        </extensions>
      </trkpt>
      <trkpt lat="48.08848095126450061798095703125" lon="11.274217329919338226318359375">
        <ele>572.20001220703125</ele>
        <time>2023-09-05T08:00:29.000Z</time>
        <extensions>
          <ns3:TrackPointExtension>
            <ns3:atemp>27.0</ns3:atemp>
            <ns3:hr>69</ns3:hr>
          </ns3:TrackPointExtension>
        </extensions>
      </trkpt>
      <trkpt lat="48.088827542960643768310546875" lon="11.2747137062251567840576171875">
        <ele>571.79998779296875</ele>
        <time>2023-09-05T08:00:31.000Z</time>
        <extensions>
          <ns3:TrackPointExtension>
            <ns3:atemp>27.0</ns3:atemp>
            <ns3:hr>70</ns3:hr>
          </ns3:TrackPointExtension>
        </extensions>
      </trkpt>
      <trkpt lat="48.08916382491588592529296875" lon="11.27522123046219348907470703125">
        <ele>571.4000244140625</ele>
        <time>2023-09-05T08:00:33.000Z</time>
        <extensions>
          <ns3:TrackPointExtension>
            <ns3:atemp>27.0</ns3:atemp>
            <ns3:hr>69</ns3:hr>
          </ns3:TrackPointExtension>
        </extensions>
      </trkpt>
      <trkpt lat="48.08934244327247142791748046875" lon="11.275458522140979766845703125">
        <ele>571</ele>
        <time>2023-09-05T08:00:34.000Z</time>
        <extensions>
          <ns3:TrackPointExtension>
            <ns3:atemp>27.0</ns3:atemp>
            <ns3:hr>69</ns3:hr>
          </ns3:TrackPointExtension>
        </extensions>
      </trkpt>
      <trkpt lat="48.08970563113689422607421875" lon="11.27593469806015491485595703125">
        <ele>570.20001220703125</ele>
        <time>2023-09-05T08:00:36.000Z</time>
        <extensions>
          <ns3:TrackPointExtension>
            <ns3:atemp>27.0</ns3:atemp>
            <ns3:hr>68</ns3:hr>
          </ns3:TrackPointExtension>
        </extensions>
      </trkpt>
      <trkpt lat="48.09005356393754482269287109375" lon="11.2764291465282440185546875">
        <ele>569.79998779296875</ele>
        <time>2023-09-05T08:00:38.000Z</time>
        <extensions>
          <ns3:TrackPointExtension>
            <ns3:atemp>27.0</ns3:atemp>
            <ns3:hr>68</ns3:hr>
          </ns3:TrackPointExtension>
        </extensions>
      </trkpt>
      <trkpt lat="48.0903996527194976806640625" lon="11.27694086171686649322509765625">
        <ele>569.20001220703125</ele>
        <time>2023-09-05T08:00:40.000Z</time>
        <extensions>
          <ns3:TrackPointExtension>
            <ns3:atemp>27.0</ns3:atemp>
            <ns3:hr>68</ns3:hr>
          </ns3:TrackPointExtension>
        </extensions>
      </trkpt>
      <trkpt lat="48.090573661029338836669921875" lon="11.27720304764807224273681640625">
        <ele>569</ele>
        <time>2023-09-05T08:00:41.000Z</time>
        <extensions>
          <ns3:TrackPointExtension>
            <ns3:atemp>27.0</ns3:atemp>
            <ns3:hr>68</ns3:hr>
          </ns3:TrackPointExtension>
        </extensions>
      </trkpt>
      <trkpt lat="48.09092712588608264923095703125" lon="11.2777125835418701171875">
        <ele>568.5999755859375</ele>
        <time>2023-09-05T08:00:43.000Z</time>
        <extensions>
          <ns3:TrackPointExtension>
            <ns3:atemp>27.0</ns3:atemp>
            <ns3:hr>67</ns3:hr>
          </ns3:TrackPointExtension>
        </extensions>
      </trkpt>
      <trkpt lat="48.09110046364367008209228515625" lon="11.27797418273985385894775390625">
        <ele>568.4000244140625</ele>
        <time>2023-09-05T08:00:44.000Z</time>
        <extensions>
          <ns3:TrackPointExtension>
            <ns3:atemp>27.0</ns3:atemp>
            <ns3:hr>67</ns3:hr>
          </ns3:TrackPointExtension>
        </extensions>
      </trkpt>
      <trkpt lat="48.091442026197910308837890625" lon="11.27849218435585498809814453125">
        <ele>568.20001220703125</ele>
        <time>2023-09-05T08:00:46.000Z</time>
        <extensions>
          <ns3:TrackPointExtension>
            <ns3:atemp>27.0</ns3:atemp>
            <ns3:hr>66</ns3:hr>
          </ns3:TrackPointExtension>
        </extensions>
      </trkpt>
    </trkseg>
  </trk>
</gpx>
