<?xml version="1.0" encoding="UTF-8"?>
<gpx creator="Garmin Connect" version="1.1"
  xsi:schemaLocation="http://www.topografix.com/GPX/1/1 http://www.topografix.com/GPX/11.xsd"
  xmlns:ns3="http://www.garmin.com/xmlschemas/TrackPointExtension/v1"
  xmlns="http://www.topografix.com/GPX/1/1"
  xmlns:xsi="http://www.w3.org/2001/XMLSchema-instance" xmlns:ns2="http://www.garmin.com/xmlschemas/GpxExtensions/v3">
  <metadata>
    <link href="connect.garmin.com">
      <text>Garmin Connect</text>
    </link>
    <time>2023-10-15T05:36:32.000Z</time>
  </metadata>
  <trk>
    <name>Munich Отсл. мест.</name>
    <type>other</type>
    <trkseg>
      <trkpt lat="48.10866809450089931488037109375" lon="11.4722617529332637786865234375">
        <ele>548.79998779296875</ele>
        <time>2023-10-15T05:36:41.000Z</time>
        <extensions>
          <ns3:TrackPointExtension>
            <ns3:atemp>27.0</ns3:atemp>
            <ns3:hr>72</ns3:hr>
          </ns3:TrackPointExtension>
        </extensions>
      </trkpt>
      <trkpt lat="48.10854136012494564056396484375" lon="11.47224021144211292266845703125">
        <ele>548.5999755859375</ele>
        <time>2023-10-15T05:36:44.000Z</time>
        <extensions>
          <ns3:TrackPointExtension>
            <ns3:atemp>27.0</ns3:atemp>
            <ns3:hr>73</ns3:hr>
          </ns3:TrackPointExtension>
        </extensions>
      </trkpt>
      <trkpt lat="48.1084598042070865631103515625" lon="11.47202094085514545440673828125">
        <ele>548.4000244140625</ele>
        <time>2023-10-15T05:36:49.000Z</time>
        <extensions>
          <ns3:TrackPointExtension>
            <ns3:atemp>27.0</ns3:atemp>
            <ns3:hr>76</ns3:hr>
          </ns3:TrackPointExtension>
        </extensions>
      </trkpt>
      <trkpt lat="48.10846005566418170928955078125" lon="11.4719492755830287933349609375">
        <ele>548.20001220703125</ele>
        <time>2023-10-15T05:36:50.000Z</time>
        <extensions>
          <ns3:TrackPointExtension>
            <ns3:atemp>27.0</ns3:atemp>
            <ns3:hr>77</ns3:hr>
          </ns3:TrackPointExtension>
        </extensions>
      </trkpt>
      <trkpt lat="48.1083275377750396728515625" lon="11.47160855121910572052001953125">
        <ele>548.5999755859375</ele>
        <time>2023-10-15T05:36:57.000Z</time>
        <extensions>
          <ns3:TrackPointExtension>
            <ns3:atemp>27.0</ns3:atemp>
            <ns3:hr>77</ns3:hr>
          </ns3:TrackPointExtension>
        </extensions>
      </trkpt>
      <trkpt lat="48.1082613207399845123291015625" lon="11.47126858122646808624267578125">
        <ele>548.5999755859375</ele>
        <time>2023-10-15T05:37:04.000Z</time>
        <extensions>
          <ns3:TrackPointExtension>
            <ns3:atemp>27.0</ns3:atemp>
            <ns3:hr>79</ns3:hr>
          </ns3:TrackPointExtension>
        </extensions>
      </trkpt>
      <trkpt lat="48.1082626618444919586181640625" lon="11.47117671556770801544189453125">
        <ele>548.5999755859375</ele>
        <time>2023-10-15T05:37:06.000Z</time>
        <extensions>
          <ns3:TrackPointExtension>
            <ns3:atemp>27.0</ns3:atemp>
            <ns3:hr>81</ns3:hr>
          </ns3:TrackPointExtension>
        </extensions>
      </trkpt>
      <trkpt lat="48.10827397741377353668212890625" lon="11.47098007611930370330810546875">
        <ele>548.79998779296875</ele>
        <time>2023-10-15T05:37:10.000Z</time>
        <extensions>
          <ns3:TrackPointExtension>
            <ns3:atemp>26.0</ns3:atemp>
            <ns3:hr>80</ns3:hr>
          </ns3:TrackPointExtension>
        </extensions>
      </trkpt>
      <trkpt lat="48.10827146284282207489013671875" lon="11.470828615128993988037109375">
        <ele>549.20001220703125</ele>
        <time>2023-10-15T05:37:13.000Z</time>
        <extensions>
          <ns3:TrackPointExtension>
            <ns3:atemp>26.0</ns3:atemp>
            <ns3:hr>83</ns3:hr>
          </ns3:TrackPointExtension>
        </extensions>
      </trkpt>
      <trkpt lat="48.1082738935947418212890625" lon="11.47078000009059906005859375">
        <ele>549.20001220703125</ele>
        <time>2023-10-15T05:37:14.000Z</time>
        <extensions>
          <ns3:TrackPointExtension>
            <ns3:atemp>26.0</ns3:atemp>
            <ns3:hr>82</ns3:hr>
          </ns3:TrackPointExtension>
        </extensions>
      </trkpt>
      <trkpt lat="48.10827858746051788330078125" lon="11.47051177918910980224609375">
        <ele>549.5999755859375</ele>
        <time>2023-10-15T05:37:20.000Z</time>
        <extensions>
          <ns3:TrackPointExtension>
            <ns3:atemp>26.0</ns3:atemp>
            <ns3:hr>85</ns3:hr>
          </ns3:TrackPointExtension>
        </extensions>
      </trkpt>
      <trkpt lat="48.10827548615634441375732421875" lon="11.470464169979095458984375">
        <ele>549.5999755859375</ele>
        <time>2023-10-15T05:37:21.000Z</time>
        <extensions>
          <ns3:TrackPointExtension>
            <ns3:atemp>26.0</ns3:atemp>
            <ns3:hr>85</ns3:hr>
          </ns3:TrackPointExtension>
        </extensions>
      </trkpt>
      <trkpt lat="48.10824849642813205718994140625" lon="11.47029644809663295745849609375">
        <ele>549.5999755859375</ele>
        <time>2023-10-15T05:37:25.000Z</time>
        <extensions>
          <ns3:TrackPointExtension>
            <ns3:atemp>26.0</ns3:atemp>
            <ns3:hr>87</ns3:hr>
          </ns3:TrackPointExtension>
        </extensions>
      </trkpt>
      <trkpt lat="48.10821153223514556884765625" lon="11.47015345282852649688720703125">
        <ele>549.79998779296875</ele>
        <time>2023-10-15T05:37:28.000Z</time>
        <extensions>
          <ns3:TrackPointExtension>
            <ns3:atemp>26.0</ns3:atemp>
            <ns3:hr>88</ns3:hr>
          </ns3:TrackPointExtension>
        </extensions>
      </trkpt>
      <trkpt lat="48.1081925891339778900146484375" lon="11.47004867903888225555419921875">
        <ele>550</ele>
        <time>2023-10-15T05:37:30.000Z</time>
        <extensions>
          <ns3:TrackPointExtension>
            <ns3:atemp>26.0</ns3:atemp>
            <ns3:hr>92</ns3:hr>
          </ns3:TrackPointExtension>
        </extensions>
      </trkpt>
      <trkpt lat="48.10818429104983806610107421875" lon="11.46995413117110729217529296875">
        <ele>550.20001220703125</ele>
        <time>2023-10-15T05:37:32.000Z</time>
        <extensions>
          <ns3:TrackPointExtension>
            <ns3:atemp>26.0</ns3:atemp>
            <ns3:hr>89</ns3:hr>
          </ns3:TrackPointExtension>
        </extensions>
      </trkpt>
      <trkpt lat="48.108150847256183624267578125" lon="11.469769142568111419677734375">
        <ele>550.5999755859375</ele>
        <time>2023-10-15T05:37:36.000Z</time>
        <extensions>
          <ns3:TrackPointExtension>
            <ns3:atemp>26.0</ns3:atemp>
            <ns3:hr>92</ns3:hr>
          </ns3:TrackPointExtension>
        </extensions>
      </trkpt>
      <trkpt lat="48.108118660748004913330078125" lon="11.4696160890161991119384765625">
        <ele>550.5999755859375</ele>
        <time>2023-10-15T05:37:39.000Z</time>
        <extensions>
          <ns3:TrackPointExtension>
            <ns3:atemp>26.0</ns3:atemp>
            <ns3:hr>93</ns3:hr>
          </ns3:TrackPointExtension>
        </extensions>
      </trkpt>
      <trkpt lat="48.10811790637671947479248046875" lon="11.4694836549460887908935546875">
        <ele>550.5999755859375</ele>
        <time>2023-10-15T05:37:42.000Z</time>
        <extensions>
          <ns3:TrackPointExtension>
            <ns3:atemp>25.0</ns3:atemp>
            <ns3:hr>96</ns3:hr>
          </ns3:TrackPointExtension>
        </extensions>
      </trkpt>
      <trkpt lat="48.10811924748122692108154296875" lon="11.46939069963991641998291015625">
        <ele>550.5999755859375</ele>
        <time>2023-10-15T05:37:44.000Z</time>
        <extensions>
          <ns3:TrackPointExtension>
            <ns3:atemp>25.0</ns3:atemp>
            <ns3:hr>97</ns3:hr>
          </ns3:TrackPointExtension>
        </extensions>
      </trkpt>
      <trkpt lat="48.10811924748122692108154296875" lon="11.46929296664893627166748046875">
        <ele>550.79998779296875</ele>
        <time>2023-10-15T05:37:46.000Z</time>
        <extensions>
          <ns3:TrackPointExtension>
            <ns3:atemp>25.0</ns3:atemp>
            <ns3:hr>101</ns3:hr>
          </ns3:TrackPointExtension>
        </extensions>
      </trkpt>
      <trkpt lat="48.10809887945652008056640625" lon="11.468999348580837249755859375">
        <ele>551.4000244140625</ele>
        <time>2023-10-15T05:37:53.000Z</time>
        <extensions>
          <ns3:TrackPointExtension>
            <ns3:atemp>25.0</ns3:atemp>
            <ns3:hr>105</ns3:hr>
          </ns3:TrackPointExtension>
        </extensions>
      </trkpt>
      <trkpt lat="48.10810550116002559661865234375" lon="11.46895735524594783782958984375">
        <ele>551.5999755859375</ele>
        <time>2023-10-15T05:37:54.000Z</time>
        <extensions>
          <ns3:TrackPointExtension>
            <ns3:atemp>25.0</ns3:atemp>
            <ns3:hr>106</ns3:hr>
          </ns3:TrackPointExtension>
        </extensions>
      </trkpt>
      <trkpt lat="48.108101226389408111572265625" lon="11.468825004994869232177734375">
        <ele>551.79998779296875</ele>
        <time>2023-10-15T05:37:57.000Z</time>
        <extensions>
          <ns3:TrackPointExtension>
            <ns3:atemp>25.0</ns3:atemp>
            <ns3:hr>106</ns3:hr>
          </ns3:TrackPointExtension>
        </extensions>
      </trkpt>
      <trkpt lat="48.10808454640209674835205078125" lon="11.4686209894716739654541015625">
        <ele>552</ele>
        <time>2023-10-15T05:38:02.000Z</time>
        <extensions>
          <ns3:TrackPointExtension>
            <ns3:atemp>25.0</ns3:atemp>
            <ns3:hr>108</ns3:hr>
          </ns3:TrackPointExtension>
        </extensions>
      </trkpt>
      <trkpt lat="48.10807482339441776275634765625" lon="11.468542702496051788330078125">
        <ele>552</ele>
        <time>2023-10-15T05:38:04.000Z</time>
        <extensions>
          <ns3:TrackPointExtension>
            <ns3:atemp>25.0</ns3:atemp>
            <ns3:hr>110</ns3:hr>
          </ns3:TrackPointExtension>
        </extensions>
      </trkpt>
      <trkpt lat="48.10804028995335102081298828125" lon="11.46831312216818332672119140625">
        <ele>552.4000244140625</ele>
        <time>2023-10-15T05:38:09.000Z</time>
        <extensions>
          <ns3:TrackPointExtension>
            <ns3:atemp>25.0</ns3:atemp>
            <ns3:hr>113</ns3:hr>
          </ns3:TrackPointExtension>
        </extensions>
      </trkpt>
      <trkpt lat="48.10803450644016265869140625" lon="11.4681733958423137664794921875">
        <ele>552.4000244140625</ele>
        <time>2023-10-15T05:38:12.000Z</time>
        <extensions>
          <ns3:TrackPointExtension>
            <ns3:atemp>24.0</ns3:atemp>
            <ns3:hr>112</ns3:hr>
          </ns3:TrackPointExtension>
        </extensions>
      </trkpt>
      <trkpt lat="48.10802788473665714263916015625" lon="11.46798756904900074005126953125">
        <ele>552.79998779296875</ele>
        <time>2023-10-15T05:38:16.000Z</time>
        <extensions>
          <ns3:TrackPointExtension>
            <ns3:atemp>24.0</ns3:atemp>
            <ns3:hr>114</ns3:hr>
          </ns3:TrackPointExtension>
        </extensions>
      </trkpt>
      <trkpt lat="48.108042888343334197998046875" lon="11.46784700453281402587890625">
        <ele>553</ele>
        <time>2023-10-15T05:38:19.000Z</time>
        <extensions>
          <ns3:TrackPointExtension>
            <ns3:atemp>24.0</ns3:atemp>
            <ns3:hr>116</ns3:hr>
          </ns3:TrackPointExtension>
        </extensions>
      </trkpt>
      <trkpt lat="48.10804657638072967529296875" lon="11.4678059332072734832763671875">
        <ele>553.20001220703125</ele>
        <time>2023-10-15T05:38:20.000Z</time>
        <extensions>
          <ns3:TrackPointExtension>
            <ns3:atemp>24.0</ns3:atemp>
            <ns3:hr>115</ns3:hr>
          </ns3:TrackPointExtension>
        </extensions>
      </trkpt>
      <trkpt lat="48.10802738182246685028076171875" lon="11.467629410326480865478515625">
        <ele>553.5999755859375</ele>
        <time>2023-10-15T05:38:24.000Z</time>
        <extensions>
          <ns3:TrackPointExtension>
            <ns3:atemp>24.0</ns3:atemp>
            <ns3:hr>118</ns3:hr>
          </ns3:TrackPointExtension>
        </extensions>
      </trkpt>
      <trkpt lat="48.1080306507647037506103515625" lon="11.46754601038992404937744140625">
        <ele>553.5999755859375</ele>
        <time>2023-10-15T05:38:26.000Z</time>
        <extensions>
          <ns3:TrackPointExtension>
            <ns3:atemp>24.0</ns3:atemp>
            <ns3:hr>121</ns3:hr>
          </ns3:TrackPointExtension>
        </extensions>
      </trkpt>
      <trkpt lat="48.10802503488957881927490234375" lon="11.46738071925938129425048828125">
        <ele>553.79998779296875</ele>
        <time>2023-10-15T05:38:30.000Z</time>
        <extensions>
          <ns3:TrackPointExtension>
            <ns3:atemp>24.0</ns3:atemp>
            <ns3:hr>117</ns3:hr>
          </ns3:TrackPointExtension>
        </extensions>
      </trkpt>
      <trkpt lat="48.1079788506031036376953125" lon="11.46723210811614990234375">
        <ele>554.20001220703125</ele>
        <time>2023-10-15T05:38:34.000Z</time>
        <extensions>
          <ns3:TrackPointExtension>
            <ns3:atemp>24.0</ns3:atemp>
            <ns3:hr>117</ns3:hr>
          </ns3:TrackPointExtension>
        </extensions>
      </trkpt>
      <trkpt lat="48.1079475022852420806884765625" lon="11.467037312686443328857421875">
        <ele>554.20001220703125</ele>
        <time>2023-10-15T05:38:38.000Z</time>
        <extensions>
          <ns3:TrackPointExtension>
            <ns3:atemp>24.0</ns3:atemp>
            <ns3:hr>117</ns3:hr>
          </ns3:TrackPointExtension>
        </extensions>
      </trkpt>
      <trkpt lat="48.10794624499976634979248046875" lon="11.46699531935155391693115234375">
        <ele>554.4000244140625</ele>
        <time>2023-10-15T05:38:39.000Z</time>
        <extensions>
          <ns3:TrackPointExtension>
            <ns3:atemp>24.0</ns3:atemp>
            <ns3:hr>117</ns3:hr>
          </ns3:TrackPointExtension>
        </extensions>
      </trkpt>
      <trkpt lat="48.10799636878073215484619140625" lon="11.46675811149179935455322265625">
        <ele>554.4000244140625</ele>
        <time>2023-10-15T05:38:45.000Z</time>
        <extensions>
          <ns3:TrackPointExtension>
            <ns3:atemp>24.0</ns3:atemp>
            <ns3:hr>112</ns3:hr>
          </ns3:TrackPointExtension>
        </extensions>
      </trkpt>
      <trkpt lat="48.10800097882747650146484375" lon="11.46671452559530735015869140625">
        <ele>554.4000244140625</ele>
        <time>2023-10-15T05:38:46.000Z</time>
        <extensions>
          <ns3:TrackPointExtension>
            <ns3:atemp>24.0</ns3:atemp>
            <ns3:hr>112</ns3:hr>
          </ns3:TrackPointExtension>
        </extensions>
      </trkpt>
      <trkpt lat="48.10800592415034770965576171875" lon="11.4664973504841327667236328125">
        <ele>555</ele>
        <time>2023-10-15T05:38:51.000Z</time>
        <extensions>
          <ns3:TrackPointExtension>
            <ns3:atemp>23.0</ns3:atemp>
            <ns3:hr>116</ns3:hr>
          </ns3:TrackPointExtension>
        </extensions>
      </trkpt>
      <trkpt lat="48.1080101989209651947021484375" lon="11.4664212428033351898193359375">
        <ele>555.20001220703125</ele>
        <time>2023-10-15T05:38:53.000Z</time>
        <extensions>
          <ns3:TrackPointExtension>
            <ns3:atemp>23.0</ns3:atemp>
            <ns3:hr>114</ns3:hr>
          </ns3:TrackPointExtension>
        </extensions>
      </trkpt>
      <trkpt lat="48.10802084393799304962158203125" lon="11.4663263596594333648681640625">
        <ele>555.20001220703125</ele>
        <time>2023-10-15T05:38:56.000Z</time>
        <extensions>
          <ns3:TrackPointExtension>
            <ns3:atemp>23.0</ns3:atemp>
            <ns3:hr>114</ns3:hr>
          </ns3:TrackPointExtension>
        </extensions>
      </trkpt>
      <trkpt lat="48.10804079286754131317138671875" lon="11.46622250787913799285888671875">
        <ele>555.20001220703125</ele>
        <time>2023-10-15T05:38:58.000Z</time>
        <extensions>
          <ns3:TrackPointExtension>
            <ns3:atemp>23.0</ns3:atemp>
            <ns3:hr>114</ns3:hr>
          </ns3:TrackPointExtension>
        </extensions>
      </trkpt>
      <trkpt lat="48.10804028995335102081298828125" lon="11.4660695381462574005126953125">
        <ele>555.4000244140625</ele>
        <time>2023-10-15T05:39:01.000Z</time>
        <extensions>
          <ns3:TrackPointExtension>
            <ns3:atemp>23.0</ns3:atemp>
            <ns3:hr>115</ns3:hr>
          </ns3:TrackPointExtension>
        </extensions>
      </trkpt>
      <trkpt lat="48.108079098165035247802734375" lon="11.46577776409685611724853515625">
        <ele>555.79998779296875</ele>
        <time>2023-10-15T05:39:08.000Z</time>
        <extensions>
          <ns3:TrackPointExtension>
            <ns3:atemp>23.0</ns3:atemp>
            <ns3:hr>114</ns3:hr>
          </ns3:TrackPointExtension>
        </extensions>
      </trkpt>
      <trkpt lat="48.1080888211727142333984375" lon="11.46566276438534259796142578125">
        <ele>555.79998779296875</ele>
        <time>2023-10-15T05:39:11.000Z</time>
        <extensions>
          <ns3:TrackPointExtension>
            <ns3:atemp>23.0</ns3:atemp>
            <ns3:hr>110</ns3:hr>
          </ns3:TrackPointExtension>
        </extensions>
      </trkpt>
      <trkpt lat="48.108081109821796417236328125" lon="11.46562102250754833221435546875">
        <ele>556</ele>
        <time>2023-10-15T05:39:12.000Z</time>
        <extensions>
          <ns3:TrackPointExtension>
            <ns3:atemp>23.0</ns3:atemp>
            <ns3:hr>112</ns3:hr>
          </ns3:TrackPointExtension>
        </extensions>
      </trkpt>
      <trkpt lat="48.10808069072663784027099609375" lon="11.4655807055532932281494140625">
        <ele>556</ele>
        <time>2023-10-15T05:39:13.000Z</time>
        <extensions>
          <ns3:TrackPointExtension>
            <ns3:atemp>23.0</ns3:atemp>
            <ns3:hr>112</ns3:hr>
          </ns3:TrackPointExtension>
        </extensions>
      </trkpt>
      <trkpt lat="48.1080725602805614471435546875" lon="11.46536705084145069122314453125">
        <ele>556</ele>
        <time>2023-10-15T05:39:18.000Z</time>
        <extensions>
          <ns3:TrackPointExtension>
            <ns3:atemp>23.0</ns3:atemp>
            <ns3:hr>113</ns3:hr>
          </ns3:TrackPointExtension>
        </extensions>
      </trkpt>
      <trkpt lat="48.10807071626186370849609375" lon="11.46533109247684478759765625">
        <ele>556</ele>
        <time>2023-10-15T05:39:19.000Z</time>
        <extensions>
          <ns3:TrackPointExtension>
            <ns3:atemp>23.0</ns3:atemp>
            <ns3:hr>113</ns3:hr>
          </ns3:TrackPointExtension>
        </extensions>
      </trkpt>
      <trkpt lat="48.1080618314445018768310546875" lon="11.4652973972260951995849609375">
        <ele>556</ele>
        <time>2023-10-15T05:39:20.000Z</time>
        <extensions>
          <ns3:TrackPointExtension>
            <ns3:atemp>23.0</ns3:atemp>
            <ns3:hr>112</ns3:hr>
          </ns3:TrackPointExtension>
        </extensions>
      </trkpt>
      <trkpt lat="48.1080192513763904571533203125" lon="11.465241909027099609375">
        <ele>556</ele>
        <time>2023-10-15T05:39:22.000Z</time>
        <extensions>
          <ns3:TrackPointExtension>
            <ns3:atemp>23.0</ns3:atemp>
            <ns3:hr>113</ns3:hr>
          </ns3:TrackPointExtension>
        </extensions>
      </trkpt>
      <trkpt lat="48.10798899270594120025634765625" lon="11.46523864008486270904541015625">
        <ele>556</ele>
        <time>2023-10-15T05:39:23.000Z</time>
        <extensions>
          <ns3:TrackPointExtension>
            <ns3:atemp>23.0</ns3:atemp>
            <ns3:hr>112</ns3:hr>
          </ns3:TrackPointExtension>
        </extensions>
      </trkpt>
      <trkpt lat="48.10781364329159259796142578125" lon="11.46521902643144130706787109375">
        <ele>555.79998779296875</ele>
        <time>2023-10-15T05:39:28.000Z</time>
        <extensions>
          <ns3:TrackPointExtension>
            <ns3:atemp>22.0</ns3:atemp>
            <ns3:hr>111</ns3:hr>
          </ns3:TrackPointExtension>
        </extensions>
      </trkpt>
      <trkpt lat="48.10767584480345249176025390625" lon="11.46518700756132602691650390625">
        <ele>556</ele>
        <time>2023-10-15T05:39:33.000Z</time>
        <extensions>
          <ns3:TrackPointExtension>
            <ns3:atemp>22.0</ns3:atemp>
            <ns3:hr>112</ns3:hr>
          </ns3:TrackPointExtension>
        </extensions>
      </trkpt>
      <trkpt lat="48.10758917592465877532958984375" lon="11.4651659689843654632568359375">
        <ele>556</ele>
        <time>2023-10-15T05:39:36.000Z</time>
        <extensions>
          <ns3:TrackPointExtension>
            <ns3:atemp>22.0</ns3:atemp>
            <ns3:hr>113</ns3:hr>
          </ns3:TrackPointExtension>
        </extensions>
      </trkpt>
      <trkpt lat="48.10752932913601398468017578125" lon="11.465173177421092987060546875">
        <ele>556.20001220703125</ele>
        <time>2023-10-15T05:39:38.000Z</time>
        <extensions>
          <ns3:TrackPointExtension>
            <ns3:atemp>22.0</ns3:atemp>
            <ns3:hr>113</ns3:hr>
          </ns3:TrackPointExtension>
        </extensions>
      </trkpt>
      <trkpt lat="48.10745674185454845428466796875" lon="11.46516890265047550201416015625">
        <ele>556.4000244140625</ele>
        <time>2023-10-15T05:39:40.000Z</time>
        <extensions>
          <ns3:TrackPointExtension>
            <ns3:atemp>22.0</ns3:atemp>
            <ns3:hr>117</ns3:hr>
          </ns3:TrackPointExtension>
        </extensions>
      </trkpt>
      <trkpt lat="48.1073606014251708984375" lon="11.46516588516533374786376953125">
        <ele>556.4000244140625</ele>
        <time>2023-10-15T05:39:43.000Z</time>
        <extensions>
          <ns3:TrackPointExtension>
            <ns3:atemp>22.0</ns3:atemp>
            <ns3:hr>121</ns3:hr>
          </ns3:TrackPointExtension>
        </extensions>
      </trkpt>
      <trkpt lat="48.10732682235538959503173828125" lon="11.46516370587050914764404296875">
        <ele>556.4000244140625</ele>
        <time>2023-10-15T05:39:44.000Z</time>
        <extensions>
          <ns3:TrackPointExtension>
            <ns3:atemp>22.0</ns3:atemp>
            <ns3:hr>120</ns3:hr>
          </ns3:TrackPointExtension>
        </extensions>
      </trkpt>
      <trkpt lat="48.1072873435914516448974609375" lon="11.46516370587050914764404296875">
        <ele>556.4000244140625</ele>
        <time>2023-10-15T05:39:45.000Z</time>
        <extensions>
          <ns3:TrackPointExtension>
            <ns3:atemp>22.0</ns3:atemp>
            <ns3:hr>124</ns3:hr>
          </ns3:TrackPointExtension>
        </extensions>
      </trkpt>
      <trkpt lat="48.1071958132088184356689453125" lon="11.46520259790122509002685546875">
        <ele>556.5999755859375</ele>
        <time>2023-10-15T05:39:48.000Z</time>
        <extensions>
          <ns3:TrackPointExtension>
            <ns3:atemp>22.0</ns3:atemp>
            <ns3:hr>128</ns3:hr>
          </ns3:TrackPointExtension>
        </extensions>
      </trkpt>
      <trkpt lat="48.10716840438544750213623046875" lon="11.46520494483411312103271484375">
        <ele>556.5999755859375</ele>
        <time>2023-10-15T05:39:49.000Z</time>
        <extensions>
          <ns3:TrackPointExtension>
            <ns3:atemp>22.0</ns3:atemp>
            <ns3:hr>129</ns3:hr>
          </ns3:TrackPointExtension>
        </extensions>
      </trkpt>
      <trkpt lat="48.1071230582892894744873046875" lon="11.46519907750189304351806640625">
        <ele>557</ele>
        <time>2023-10-15T05:39:51.000Z</time>
        <extensions>
          <ns3:TrackPointExtension>
            <ns3:atemp>22.0</ns3:atemp>
            <ns3:hr>130</ns3:hr>
          </ns3:TrackPointExtension>
        </extensions>
      </trkpt>
      <trkpt lat="48.10711425729095935821533203125" lon="11.46518013440072536468505859375">
        <ele>557.20001220703125</ele>
        <time>2023-10-15T05:39:52.000Z</time>
        <extensions>
          <ns3:TrackPointExtension>
            <ns3:atemp>22.0</ns3:atemp>
            <ns3:hr>132</ns3:hr>
          </ns3:TrackPointExtension>
        </extensions>
      </trkpt>
      <trkpt lat="48.10709732584655284881591796875" lon="11.46517015993595123291015625">
        <ele>557.20001220703125</ele>
        <time>2023-10-15T05:39:53.000Z</time>
        <extensions>
          <ns3:TrackPointExtension>
            <ns3:atemp>22.0</ns3:atemp>
            <ns3:hr>131</ns3:hr>
          </ns3:TrackPointExtension>
        </extensions>
      </trkpt>
      <trkpt lat="48.107092045247554779052734375" lon="11.46514526568353176116943359375">
        <ele>557.20001220703125</ele>
        <time>2023-10-15T05:39:54.000Z</time>
        <extensions>
          <ns3:TrackPointExtension>
            <ns3:atemp>22.0</ns3:atemp>
            <ns3:hr>137</ns3:hr>
          </ns3:TrackPointExtension>
        </extensions>
      </trkpt>
      <trkpt lat="48.1070519797503948211669921875" lon="11.46512850187718868255615234375">
        <ele>557.20001220703125</ele>
        <time>2023-10-15T05:39:56.000Z</time>
        <extensions>
          <ns3:TrackPointExtension>
            <ns3:atemp>22.0</ns3:atemp>
            <ns3:hr>141</ns3:hr>
          </ns3:TrackPointExtension>
        </extensions>
      </trkpt>
      <trkpt lat="48.10702188871800899505615234375" lon="11.4651264064013957977294921875">
        <ele>557.20001220703125</ele>
        <time>2023-10-15T05:39:58.000Z</time>
        <extensions>
          <ns3:TrackPointExtension>
            <ns3:atemp>22.0</ns3:atemp>
            <ns3:hr>140</ns3:hr>
          </ns3:TrackPointExtension>
        </extensions>
      </trkpt>
      <trkpt lat="48.10699691064655780792236328125" lon="11.46513772197067737579345703125">
        <ele>557.4000244140625</ele>
        <time>2023-10-15T05:40:00.000Z</time>
        <extensions>
          <ns3:TrackPointExtension>
            <ns3:atemp>22.0</ns3:atemp>
            <ns3:hr>140</ns3:hr>
          </ns3:TrackPointExtension>
        </extensions>
      </trkpt>
      <trkpt lat="48.1069829128682613372802734375" lon="11.465146355330944061279296875">
        <ele>557.5999755859375</ele>
        <time>2023-10-15T05:40:01.000Z</time>
        <extensions>
          <ns3:TrackPointExtension>
            <ns3:atemp>22.0</ns3:atemp>
            <ns3:hr>140</ns3:hr>
          </ns3:TrackPointExtension>
        </extensions>
      </trkpt>
      <trkpt lat="48.106948547065258026123046875" lon="11.46514895372092723846435546875">
        <ele>557.5999755859375</ele>
        <time>2023-10-15T05:40:03.000Z</time>
        <extensions>
          <ns3:TrackPointExtension>
            <ns3:atemp>22.0</ns3:atemp>
            <ns3:hr>140</ns3:hr>
          </ns3:TrackPointExtension>
        </extensions>
      </trkpt>
      <trkpt lat="48.1069423444569110870361328125" lon="11.465139649808406829833984375">
        <ele>557.5999755859375</ele>
        <time>2023-10-15T05:40:04.000Z</time>
        <extensions>
          <ns3:TrackPointExtension>
            <ns3:atemp>21.0</ns3:atemp>
            <ns3:hr>139</ns3:hr>
          </ns3:TrackPointExtension>
        </extensions>
      </trkpt>
      <trkpt lat="48.10693589039146900177001953125" lon="11.4651398174464702606201171875">
        <ele>557.5999755859375</ele>
        <time>2023-10-15T05:40:05.000Z</time>
        <extensions>
          <ns3:TrackPointExtension>
            <ns3:atemp>22.0</ns3:atemp>
            <ns3:hr>139</ns3:hr>
          </ns3:TrackPointExtension>
        </extensions>
      </trkpt>
      <trkpt lat="48.10692683793604373931884765625" lon="11.46514870226383209228515625">
        <ele>557.5999755859375</ele>
        <time>2023-10-15T05:40:08.000Z</time>
        <extensions>
          <ns3:TrackPointExtension>
            <ns3:atemp>21.0</ns3:atemp>
            <ns3:hr>137</ns3:hr>
          </ns3:TrackPointExtension>
        </extensions>
      </trkpt>
      <trkpt lat="48.106912672519683837890625" lon="11.4651421643793582916259765625">
        <ele>557.79998779296875</ele>
        <time>2023-10-15T05:40:10.000Z</time>
        <extensions>
          <ns3:TrackPointExtension>
            <ns3:atemp>21.0</ns3:atemp>
            <ns3:hr>135</ns3:hr>
          </ns3:TrackPointExtension>
        </extensions>
      </trkpt>
      <trkpt lat="48.10689381323754787445068359375" lon="11.46513537503778934478759765625">
        <ele>557.5999755859375</ele>
        <time>2023-10-15T05:40:12.000Z</time>
        <extensions>
          <ns3:TrackPointExtension>
            <ns3:atemp>21.0</ns3:atemp>
            <ns3:hr>133</ns3:hr>
          </ns3:TrackPointExtension>
        </extensions>
      </trkpt>
      <trkpt lat="48.10687151737511157989501953125" lon="11.46515406668186187744140625">
        <ele>557.4000244140625</ele>
        <time>2023-10-15T05:40:16.000Z</time>
        <extensions>
          <ns3:TrackPointExtension>
            <ns3:atemp>21.0</ns3:atemp>
            <ns3:hr>132</ns3:hr>
          </ns3:TrackPointExtension>
        </extensions>
      </trkpt>
      <trkpt lat="48.10687185265123844146728515625" lon="11.4651290886104106903076171875">
        <ele>557.4000244140625</ele>
        <time>2023-10-15T05:40:18.000Z</time>
        <extensions>
          <ns3:TrackPointExtension>
            <ns3:atemp>21.0</ns3:atemp>
            <ns3:hr>133</ns3:hr>
          </ns3:TrackPointExtension>
        </extensions>
      </trkpt>
      <trkpt lat="48.1068550050258636474609375" lon="11.465125568211078643798828125">
        <ele>557.5999755859375</ele>
        <time>2023-10-15T05:40:23.000Z</time>
        <extensions>
          <ns3:TrackPointExtension>
            <ns3:atemp>21.0</ns3:atemp>
            <ns3:hr>133</ns3:hr>
          </ns3:TrackPointExtension>
        </extensions>
      </trkpt>
      <trkpt lat="48.1068528257310390472412109375" lon="11.465126238763332366943359375">
        <ele>557.79998779296875</ele>
        <time>2023-10-15T05:40:24.000Z</time>
        <extensions>
          <ns3:TrackPointExtension>
            <ns3:atemp>21.0</ns3:atemp>
            <ns3:hr>133</ns3:hr>
          </ns3:TrackPointExtension>
        </extensions>
      </trkpt>
      <trkpt lat="48.106845952570438385009765625" lon="11.465142667293548583984375">
        <ele>558</ele>
        <time>2023-10-15T05:40:30.000Z</time>
        <extensions>
          <ns3:TrackPointExtension>
            <ns3:atemp>21.0</ns3:atemp>
            <ns3:hr>131</ns3:hr>
          </ns3:TrackPointExtension>
        </extensions>
      </trkpt>
      <trkpt lat="48.1068576872348785400390625" lon="11.46512296982109546661376953125">
        <ele>558</ele>
        <time>2023-10-15T05:40:32.000Z</time>
        <extensions>
          <ns3:TrackPointExtension>
            <ns3:atemp>21.0</ns3:atemp>
            <ns3:hr>131</ns3:hr>
          </ns3:TrackPointExtension>
        </extensions>
      </trkpt>
      <trkpt lat="48.1068669073283672332763671875" lon="11.4651019312441349029541015625">
        <ele>557.20001220703125</ele>
        <time>2023-10-15T05:40:35.000Z</time>
        <extensions>
          <ns3:TrackPointExtension>
            <ns3:atemp>21.0</ns3:atemp>
            <ns3:hr>130</ns3:hr>
          </ns3:TrackPointExtension>
        </extensions>
      </trkpt>
      <trkpt lat="48.1068424321711063385009765625" lon="11.4651022665202617645263671875">
        <ele>557.20001220703125</ele>
        <time>2023-10-15T05:40:38.000Z</time>
        <extensions>
          <ns3:TrackPointExtension>
            <ns3:atemp>21.0</ns3:atemp>
            <ns3:hr>128</ns3:hr>
          </ns3:TrackPointExtension>
        </extensions>
      </trkpt>
      <trkpt lat="48.1067515723407268524169921875" lon="11.46510981023311614990234375">
        <ele>557.5999755859375</ele>
        <time>2023-10-15T05:40:41.000Z</time>
        <extensions>
          <ns3:TrackPointExtension>
            <ns3:atemp>21.0</ns3:atemp>
            <ns3:hr>128</ns3:hr>
          </ns3:TrackPointExtension>
        </extensions>
      </trkpt>
      <trkpt lat="48.10658066533505916595458984375" lon="11.46513353101909160614013671875">
        <ele>557.5999755859375</ele>
        <time>2023-10-15T05:40:46.000Z</time>
        <extensions>
          <ns3:TrackPointExtension>
            <ns3:atemp>21.0</ns3:atemp>
            <ns3:hr>128</ns3:hr>
          </ns3:TrackPointExtension>
        </extensions>
      </trkpt>
      <trkpt lat="48.1064285337924957275390625" lon="11.4651793800294399261474609375">
        <ele>557.5999755859375</ele>
        <time>2023-10-15T05:40:50.000Z</time>
        <extensions>
          <ns3:TrackPointExtension>
            <ns3:atemp>21.0</ns3:atemp>
            <ns3:hr>130</ns3:hr>
          </ns3:TrackPointExtension>
        </extensions>
      </trkpt>
      <trkpt lat="48.10638922266662120819091796875" lon="11.46519354544579982757568359375">
        <ele>557.5999755859375</ele>
        <time>2023-10-15T05:40:51.000Z</time>
        <extensions>
          <ns3:TrackPointExtension>
            <ns3:atemp>21.0</ns3:atemp>
            <ns3:hr>125</ns3:hr>
          </ns3:TrackPointExtension>
        </extensions>
      </trkpt>
      <trkpt lat="48.10631445609033107757568359375" lon="11.4652082137763500213623046875">
        <ele>557.5999755859375</ele>
        <time>2023-10-15T05:40:53.000Z</time>
        <extensions>
          <ns3:TrackPointExtension>
            <ns3:atemp>21.0</ns3:atemp>
            <ns3:hr>126</ns3:hr>
          </ns3:TrackPointExtension>
        </extensions>
      </trkpt>
      <trkpt lat="48.10628428123891353607177734375" lon="11.4652041904628276824951171875">
        <ele>557.5999755859375</ele>
        <time>2023-10-15T05:40:54.000Z</time>
        <extensions>
          <ns3:TrackPointExtension>
            <ns3:atemp>21.0</ns3:atemp>
            <ns3:hr>126</ns3:hr>
          </ns3:TrackPointExtension>
        </extensions>
      </trkpt>
      <trkpt lat="48.1062198244035243988037109375" lon="11.46520729176700115203857421875">
        <ele>558</ele>
        <time>2023-10-15T05:40:56.000Z</time>
        <extensions>
          <ns3:TrackPointExtension>
            <ns3:atemp>21.0</ns3:atemp>
            <ns3:hr>125</ns3:hr>
          </ns3:TrackPointExtension>
        </extensions>
      </trkpt>
      <trkpt lat="48.1061549484729766845703125" lon="11.46520896814763545989990234375">
        <ele>558</ele>
        <time>2023-10-15T05:40:58.000Z</time>
        <extensions>
          <ns3:TrackPointExtension>
            <ns3:atemp>21.0</ns3:atemp>
            <ns3:hr>124</ns3:hr>
          </ns3:TrackPointExtension>
        </extensions>
      </trkpt>
      <trkpt lat="48.106137178838253021240234375" lon="11.46517024375498294830322265625">
        <ele>558.20001220703125</ele>
        <time>2023-10-15T05:40:59.000Z</time>
        <extensions>
          <ns3:TrackPointExtension>
            <ns3:atemp>21.0</ns3:atemp>
            <ns3:hr>125</ns3:hr>
          </ns3:TrackPointExtension>
        </extensions>
      </trkpt>
      <trkpt lat="48.10606844723224639892578125" lon="11.46512397564947605133056640625">
        <ele>558.20001220703125</ele>
        <time>2023-10-15T05:41:02.000Z</time>
        <extensions>
          <ns3:TrackPointExtension>
            <ns3:atemp>21.0</ns3:atemp>
            <ns3:hr>125</ns3:hr>
          </ns3:TrackPointExtension>
        </extensions>
      </trkpt>
      <trkpt lat="48.106043636798858642578125" lon="11.46510452963411808013916015625">
        <ele>558.20001220703125</ele>
        <time>2023-10-15T05:41:03.000Z</time>
        <extensions>
          <ns3:TrackPointExtension>
            <ns3:atemp>21.0</ns3:atemp>
            <ns3:hr>126</ns3:hr>
          </ns3:TrackPointExtension>
        </extensions>
      </trkpt>
      <trkpt lat="48.105996362864971160888671875" lon="11.4651163481175899505615234375">
        <ele>558.4000244140625</ele>
        <time>2023-10-15T05:41:04.000Z</time>
        <extensions>
          <ns3:TrackPointExtension>
            <ns3:atemp>21.0</ns3:atemp>
            <ns3:hr>127</ns3:hr>
          </ns3:TrackPointExtension>
        </extensions>
      </trkpt>
      <trkpt lat="48.10589066706597805023193359375" lon="11.46513319574296474456787109375">
        <ele>558.5999755859375</ele>
        <time>2023-10-15T05:41:07.000Z</time>
        <extensions>
          <ns3:TrackPointExtension>
            <ns3:atemp>20.0</ns3:atemp>
            <ns3:hr>128</ns3:hr>
          </ns3:TrackPointExtension>
        </extensions>
      </trkpt>
      <trkpt lat="48.1056957878172397613525390625" lon="11.46513403393328189849853515625">
        <ele>558.5999755859375</ele>
        <time>2023-10-15T05:41:13.000Z</time>
        <extensions>
          <ns3:TrackPointExtension>
            <ns3:atemp>20.0</ns3:atemp>
            <ns3:hr>130</ns3:hr>
          </ns3:TrackPointExtension>
        </extensions>
      </trkpt>
      <trkpt lat="48.10566586442291736602783203125" lon="11.46509908139705657958984375">
        <ele>558.5999755859375</ele>
        <time>2023-10-15T05:41:14.000Z</time>
        <extensions>
          <ns3:TrackPointExtension>
            <ns3:atemp>20.0</ns3:atemp>
            <ns3:hr>131</ns3:hr>
          </ns3:TrackPointExtension>
        </extensions>
      </trkpt>
      <trkpt lat="48.1055968813598155975341796875" lon="11.465010233223438262939453125">
        <ele>559</ele>
        <time>2023-10-15T05:41:17.000Z</time>
        <extensions>
          <ns3:TrackPointExtension>
            <ns3:atemp>20.0</ns3:atemp>
            <ns3:hr>133</ns3:hr>
          </ns3:TrackPointExtension>
        </extensions>
      </trkpt>
      <trkpt lat="48.1055714003741741180419921875" lon="11.4649979956448078155517578125">
        <ele>559</ele>
        <time>2023-10-15T05:41:18.000Z</time>
        <extensions>
          <ns3:TrackPointExtension>
            <ns3:atemp>20.0</ns3:atemp>
            <ns3:hr>133</ns3:hr>
          </ns3:TrackPointExtension>
        </extensions>
      </trkpt>
      <trkpt lat="48.10554013587534427642822265625" lon="11.46500847302377223968505859375">
        <ele>559</ele>
        <time>2023-10-15T05:41:19.000Z</time>
        <extensions>
          <ns3:TrackPointExtension>
            <ns3:atemp>20.0</ns3:atemp>
            <ns3:hr>134</ns3:hr>
          </ns3:TrackPointExtension>
        </extensions>
      </trkpt>
      <trkpt lat="48.10550861991941928863525390625" lon="11.46501786075532436370849609375">
        <ele>559.20001220703125</ele>
        <time>2023-10-15T05:41:20.000Z</time>
        <extensions>
          <ns3:TrackPointExtension>
            <ns3:atemp>20.0</ns3:atemp>
            <ns3:hr>135</ns3:hr>
          </ns3:TrackPointExtension>
        </extensions>
      </trkpt>
      <trkpt lat="48.10547827742993831634521484375" lon="11.46498785354197025299072265625">
        <ele>559.20001220703125</ele>
        <time>2023-10-15T05:41:21.000Z</time>
        <extensions>
          <ns3:TrackPointExtension>
            <ns3:atemp>20.0</ns3:atemp>
            <ns3:hr>136</ns3:hr>
          </ns3:TrackPointExtension>
        </extensions>
      </trkpt>
      <trkpt lat="48.10542337596416473388671875" lon="11.46493907086551189422607421875">
        <ele>558.5999755859375</ele>
        <time>2023-10-15T05:41:23.000Z</time>
        <extensions>
          <ns3:TrackPointExtension>
            <ns3:atemp>20.0</ns3:atemp>
            <ns3:hr>137</ns3:hr>
          </ns3:TrackPointExtension>
        </extensions>
      </trkpt>
      <trkpt lat="48.10536243952810764312744140625" lon="11.46488257683813571929931640625">
        <ele>559</ele>
        <time>2023-10-15T05:41:26.000Z</time>
        <extensions>
          <ns3:TrackPointExtension>
            <ns3:atemp>20.0</ns3:atemp>
            <ns3:hr>139</ns3:hr>
          </ns3:TrackPointExtension>
        </extensions>
      </trkpt>
      <trkpt lat="48.105339221656322479248046875" lon="11.46489447914063930511474609375">
        <ele>559</ele>
        <time>2023-10-15T05:41:27.000Z</time>
        <extensions>
          <ns3:TrackPointExtension>
            <ns3:atemp>20.0</ns3:atemp>
            <ns3:hr>140</ns3:hr>
          </ns3:TrackPointExtension>
        </extensions>
      </trkpt>
      <trkpt lat="48.105292618274688720703125" lon="11.4649446867406368255615234375">
        <ele>559</ele>
        <time>2023-10-15T05:41:29.000Z</time>
        <extensions>
          <ns3:TrackPointExtension>
            <ns3:atemp>20.0</ns3:atemp>
            <ns3:hr>141</ns3:hr>
          </ns3:TrackPointExtension>
        </extensions>
      </trkpt>
      <trkpt lat="48.105238974094390869140625" lon="11.46499271504580974578857421875">
        <ele>559.20001220703125</ele>
        <time>2023-10-15T05:41:31.000Z</time>
        <extensions>
          <ns3:TrackPointExtension>
            <ns3:atemp>20.0</ns3:atemp>
            <ns3:hr>143</ns3:hr>
          </ns3:TrackPointExtension>
        </extensions>
      </trkpt>
      <trkpt lat="48.10510461218655109405517578125" lon="11.4651015959680080413818359375">
        <ele>559.4000244140625</ele>
        <time>2023-10-15T05:41:36.000Z</time>
        <extensions>
          <ns3:TrackPointExtension>
            <ns3:atemp>20.0</ns3:atemp>
            <ns3:hr>146</ns3:hr>
          </ns3:TrackPointExtension>
        </extensions>
      </trkpt>
      <trkpt lat="48.10508550144731998443603515625" lon="11.4651089720427989959716796875">
        <ele>559.4000244140625</ele>
        <time>2023-10-15T05:41:37.000Z</time>
        <extensions>
          <ns3:TrackPointExtension>
            <ns3:atemp>20.0</ns3:atemp>
            <ns3:hr>146</ns3:hr>
          </ns3:TrackPointExtension>
        </extensions>
      </trkpt>
      <trkpt lat="48.104982487857341766357421875" lon="11.465184576809406280517578125">
        <ele>559.5999755859375</ele>
        <time>2023-10-15T05:41:41.000Z</time>
        <extensions>
          <ns3:TrackPointExtension>
            <ns3:atemp>20.0</ns3:atemp>
            <ns3:hr>147</ns3:hr>
          </ns3:TrackPointExtension>
        </extensions>
      </trkpt>
      <trkpt lat="48.104958347976207733154296875" lon="11.46519136615097522735595703125">
        <ele>559.5999755859375</ele>
        <time>2023-10-15T05:41:42.000Z</time>
        <extensions>
          <ns3:TrackPointExtension>
            <ns3:atemp>20.0</ns3:atemp>
            <ns3:hr>147</ns3:hr>
          </ns3:TrackPointExtension>
        </extensions>
      </trkpt>
      <trkpt lat="48.10478744097054004669189453125" lon="11.46526336669921875">
        <ele>559.5999755859375</ele>
        <time>2023-10-15T05:41:47.000Z</time>
        <extensions>
          <ns3:TrackPointExtension>
            <ns3:atemp>20.0</ns3:atemp>
            <ns3:hr>148</ns3:hr>
          </ns3:TrackPointExtension>
        </extensions>
      </trkpt>
      <trkpt lat="48.10475760139524936676025390625" lon="11.46527334116399288177490234375">
        <ele>559.79998779296875</ele>
        <time>2023-10-15T05:41:48.000Z</time>
        <extensions>
          <ns3:TrackPointExtension>
            <ns3:atemp>20.0</ns3:atemp>
            <ns3:hr>149</ns3:hr>
          </ns3:TrackPointExtension>
        </extensions>
      </trkpt>
      <trkpt lat="48.1046341359615325927734375" lon="11.465320028364658355712890625">
        <ele>560</ele>
        <time>2023-10-15T05:41:53.000Z</time>
        <extensions>
          <ns3:TrackPointExtension>
            <ns3:atemp>20.0</ns3:atemp>
            <ns3:hr>152</ns3:hr>
          </ns3:TrackPointExtension>
        </extensions>
      </trkpt>
      <trkpt lat="48.1046115048229694366455078125" lon="11.46534710191190242767333984375">
        <ele>560</ele>
        <time>2023-10-15T05:41:54.000Z</time>
        <extensions>
          <ns3:TrackPointExtension>
            <ns3:atemp>20.0</ns3:atemp>
            <ns3:hr>152</ns3:hr>
          </ns3:TrackPointExtension>
        </extensions>
      </trkpt>
      <trkpt lat="48.104565404355525970458984375" lon="11.465392448008060455322265625">
        <ele>560</ele>
        <time>2023-10-15T05:41:56.000Z</time>
        <extensions>
          <ns3:TrackPointExtension>
            <ns3:atemp>20.0</ns3:atemp>
            <ns3:hr>153</ns3:hr>
          </ns3:TrackPointExtension>
        </extensions>
      </trkpt>
      <trkpt lat="48.10452559031546115875244140625" lon="11.4653808809816837310791015625">
        <ele>560</ele>
        <time>2023-10-15T05:41:58.000Z</time>
        <extensions>
          <ns3:TrackPointExtension>
            <ns3:atemp>20.0</ns3:atemp>
            <ns3:hr>153</ns3:hr>
          </ns3:TrackPointExtension>
        </extensions>
      </trkpt>
      <trkpt lat="48.10443992726504802703857421875" lon="11.4653151668608188629150390625">
        <ele>560.20001220703125</ele>
        <time>2023-10-15T05:42:02.000Z</time>
        <extensions>
          <ns3:TrackPointExtension>
            <ns3:atemp>20.0</ns3:atemp>
            <ns3:hr>152</ns3:hr>
          </ns3:TrackPointExtension>
        </extensions>
      </trkpt>
      <trkpt lat="48.10438611544668674468994140625" lon="11.465362943708896636962890625">
        <ele>560.4000244140625</ele>
        <time>2023-10-15T05:42:04.000Z</time>
        <extensions>
          <ns3:TrackPointExtension>
            <ns3:atemp>20.0</ns3:atemp>
            <ns3:hr>150</ns3:hr>
          </ns3:TrackPointExtension>
        </extensions>
      </trkpt>
      <trkpt lat="48.10435258783400058746337890625" lon="11.46533721126616001129150390625">
        <ele>560.4000244140625</ele>
        <time>2023-10-15T05:42:07.000Z</time>
        <extensions>
          <ns3:TrackPointExtension>
            <ns3:atemp>20.0</ns3:atemp>
            <ns3:hr>149</ns3:hr>
          </ns3:TrackPointExtension>
        </extensions>
      </trkpt>
      <trkpt lat="48.104327023029327392578125" lon="11.4652873389422893524169921875">
        <ele>560.4000244140625</ele>
        <time>2023-10-15T05:42:08.000Z</time>
        <extensions>
          <ns3:TrackPointExtension>
            <ns3:atemp>20.0</ns3:atemp>
            <ns3:hr>148</ns3:hr>
          </ns3:TrackPointExtension>
        </extensions>
      </trkpt>
      <trkpt lat="48.10425619594752788543701171875" lon="11.46517150104045867919921875">
        <ele>560.5999755859375</ele>
        <time>2023-10-15T05:42:12.000Z</time>
        <extensions>
          <ns3:TrackPointExtension>
            <ns3:atemp>19.0</ns3:atemp>
            <ns3:hr>149</ns3:hr>
          </ns3:TrackPointExtension>
        </extensions>
      </trkpt>
      <trkpt lat="48.1042453832924365997314453125" lon="11.4650724269449710845947265625">
        <ele>560.5999755859375</ele>
        <time>2023-10-15T05:42:14.000Z</time>
        <extensions>
          <ns3:TrackPointExtension>
            <ns3:atemp>19.0</ns3:atemp>
            <ns3:hr>150</ns3:hr>
          </ns3:TrackPointExtension>
        </extensions>
      </trkpt>
      <trkpt lat="48.1041716225445270538330078125" lon="11.46509296260774135589599609375">
        <ele>560.5999755859375</ele>
        <time>2023-10-15T05:42:16.000Z</time>
        <extensions>
          <ns3:TrackPointExtension>
            <ns3:atemp>19.0</ns3:atemp>
            <ns3:hr>151</ns3:hr>
          </ns3:TrackPointExtension>
        </extensions>
      </trkpt>
      <trkpt lat="48.10409660451114177703857421875" lon="11.46509237587451934814453125">
        <ele>560.5999755859375</ele>
        <time>2023-10-15T05:42:19.000Z</time>
        <extensions>
          <ns3:TrackPointExtension>
            <ns3:atemp>19.0</ns3:atemp>
            <ns3:hr>153</ns3:hr>
          </ns3:TrackPointExtension>
        </extensions>
      </trkpt>
      <trkpt lat="48.104015551507472991943359375" lon="11.465155072510242462158203125">
        <ele>560.79998779296875</ele>
        <time>2023-10-15T05:42:22.000Z</time>
        <extensions>
          <ns3:TrackPointExtension>
            <ns3:atemp>19.0</ns3:atemp>
            <ns3:hr>152</ns3:hr>
          </ns3:TrackPointExtension>
        </extensions>
      </trkpt>
      <trkpt lat="48.10398629866540431976318359375" lon="11.46518566645681858062744140625">
        <ele>560.79998779296875</ele>
        <time>2023-10-15T05:42:23.000Z</time>
        <extensions>
          <ns3:TrackPointExtension>
            <ns3:atemp>19.0</ns3:atemp>
            <ns3:hr>151</ns3:hr>
          </ns3:TrackPointExtension>
        </extensions>
      </trkpt>
      <trkpt lat="48.1038712151348590850830078125" lon="11.46525330841541290283203125">
        <ele>561</ele>
        <time>2023-10-15T05:42:27.000Z</time>
        <extensions>
          <ns3:TrackPointExtension>
            <ns3:atemp>19.0</ns3:atemp>
            <ns3:hr>152</ns3:hr>
          </ns3:TrackPointExtension>
        </extensions>
      </trkpt>
      <trkpt lat="48.1038098596036434173583984375" lon="11.4653024263679981231689453125">
        <ele>561.20001220703125</ele>
        <time>2023-10-15T05:42:29.000Z</time>
        <extensions>
          <ns3:TrackPointExtension>
            <ns3:atemp>19.0</ns3:atemp>
            <ns3:hr>152</ns3:hr>
          </ns3:TrackPointExtension>
        </extensions>
      </trkpt>
      <trkpt lat="48.1037679500877857208251953125" lon="11.46531005389988422393798828125">
        <ele>561.20001220703125</ele>
        <time>2023-10-15T05:42:31.000Z</time>
        <extensions>
          <ns3:TrackPointExtension>
            <ns3:atemp>19.0</ns3:atemp>
            <ns3:hr>151</ns3:hr>
          </ns3:TrackPointExtension>
        </extensions>
      </trkpt>
      <trkpt lat="48.10367097146809101104736328125" lon="11.4653322659432888031005859375">
        <ele>561.5999755859375</ele>
        <time>2023-10-15T05:42:35.000Z</time>
        <extensions>
          <ns3:TrackPointExtension>
            <ns3:atemp>19.0</ns3:atemp>
            <ns3:hr>151</ns3:hr>
          </ns3:TrackPointExtension>
        </extensions>
      </trkpt>
      <trkpt lat="48.10363023541867733001708984375" lon="11.465355567634105682373046875">
        <ele>561.5999755859375</ele>
        <time>2023-10-15T05:42:36.000Z</time>
        <extensions>
          <ns3:TrackPointExtension>
            <ns3:atemp>19.0</ns3:atemp>
            <ns3:hr>151</ns3:hr>
          </ns3:TrackPointExtension>
        </extensions>
      </trkpt>
      <trkpt lat="48.10355387628078460693359375" lon="11.46540208719670772552490234375">
        <ele>561.5999755859375</ele>
        <time>2023-10-15T05:42:38.000Z</time>
        <extensions>
          <ns3:TrackPointExtension>
            <ns3:atemp>19.0</ns3:atemp>
            <ns3:hr>151</ns3:hr>
          </ns3:TrackPointExtension>
        </extensions>
      </trkpt>
      <trkpt lat="48.10341364704072475433349609375" lon="11.465528570115566253662109375">
        <ele>561.79998779296875</ele>
        <time>2023-10-15T05:42:42.000Z</time>
        <extensions>
          <ns3:TrackPointExtension>
            <ns3:atemp>19.0</ns3:atemp>
            <ns3:hr>148</ns3:hr>
          </ns3:TrackPointExtension>
        </extensions>
      </trkpt>
      <trkpt lat="48.103382550179958343505859375" lon="11.46555614657700061798095703125">
        <ele>561.79998779296875</ele>
        <time>2023-10-15T05:42:43.000Z</time>
        <extensions>
          <ns3:TrackPointExtension>
            <ns3:atemp>19.0</ns3:atemp>
            <ns3:hr>148</ns3:hr>
          </ns3:TrackPointExtension>
        </extensions>
      </trkpt>
      <trkpt lat="48.10334810055792331695556640625" lon="11.46561280824244022369384765625">
        <ele>561.79998779296875</ele>
        <time>2023-10-15T05:42:44.000Z</time>
        <extensions>
          <ns3:TrackPointExtension>
            <ns3:atemp>19.0</ns3:atemp>
            <ns3:hr>147</ns3:hr>
          </ns3:TrackPointExtension>
        </extensions>
      </trkpt>
      <trkpt lat="48.10325455851852893829345703125" lon="11.4657288976013660430908203125">
        <ele>561.79998779296875</ele>
        <time>2023-10-15T05:42:47.000Z</time>
        <extensions>
          <ns3:TrackPointExtension>
            <ns3:atemp>19.0</ns3:atemp>
            <ns3:hr>147</ns3:hr>
          </ns3:TrackPointExtension>
        </extensions>
      </trkpt>
      <trkpt lat="48.10319437645375728607177734375" lon="11.4657510258257389068603515625">
        <ele>561.79998779296875</ele>
        <time>2023-10-15T05:42:49.000Z</time>
        <extensions>
          <ns3:TrackPointExtension>
            <ns3:atemp>19.0</ns3:atemp>
            <ns3:hr>147</ns3:hr>
          </ns3:TrackPointExtension>
        </extensions>
      </trkpt>
      <trkpt lat="48.10313402675092220306396484375" lon="11.46581347100436687469482421875">
        <ele>561.79998779296875</ele>
        <time>2023-10-15T05:42:51.000Z</time>
        <extensions>
          <ns3:TrackPointExtension>
            <ns3:atemp>19.0</ns3:atemp>
            <ns3:hr>148</ns3:hr>
          </ns3:TrackPointExtension>
        </extensions>
      </trkpt>
      <trkpt lat="48.10297845862805843353271484375" lon="11.46592562086880207061767578125">
        <ele>561.79998779296875</ele>
        <time>2023-10-15T05:42:56.000Z</time>
        <extensions>
          <ns3:TrackPointExtension>
            <ns3:atemp>19.0</ns3:atemp>
            <ns3:hr>146</ns3:hr>
          </ns3:TrackPointExtension>
        </extensions>
      </trkpt>
      <trkpt lat="48.10291551053524017333984375" lon="11.4659367688000202178955078125">
        <ele>561.79998779296875</ele>
        <time>2023-10-15T05:42:58.000Z</time>
        <extensions>
          <ns3:TrackPointExtension>
            <ns3:atemp>19.0</ns3:atemp>
            <ns3:hr>144</ns3:hr>
          </ns3:TrackPointExtension>
        </extensions>
      </trkpt>
      <trkpt lat="48.10288609005510807037353515625" lon="11.4659404568374156951904296875">
        <ele>561.79998779296875</ele>
        <time>2023-10-15T05:42:59.000Z</time>
        <extensions>
          <ns3:TrackPointExtension>
            <ns3:atemp>19.0</ns3:atemp>
            <ns3:hr>143</ns3:hr>
          </ns3:TrackPointExtension>
        </extensions>
      </trkpt>
      <trkpt lat="48.10286379419267177581787109375" lon="11.46589930169284343719482421875">
        <ele>561.79998779296875</ele>
        <time>2023-10-15T05:43:00.000Z</time>
        <extensions>
          <ns3:TrackPointExtension>
            <ns3:atemp>19.0</ns3:atemp>
            <ns3:hr>143</ns3:hr>
          </ns3:TrackPointExtension>
        </extensions>
      </trkpt>
      <trkpt lat="48.1028010137379169464111328125" lon="11.4658076874911785125732421875">
        <ele>562</ele>
        <time>2023-10-15T05:43:02.000Z</time>
        <extensions>
          <ns3:TrackPointExtension>
            <ns3:atemp>19.0</ns3:atemp>
            <ns3:hr>142</ns3:hr>
          </ns3:TrackPointExtension>
        </extensions>
      </trkpt>
      <trkpt lat="48.10277603566646575927734375" lon="11.4657904207706451416015625">
        <ele>562</ele>
        <time>2023-10-15T05:43:03.000Z</time>
        <extensions>
          <ns3:TrackPointExtension>
            <ns3:atemp>19.0</ns3:atemp>
            <ns3:hr>141</ns3:hr>
          </ns3:TrackPointExtension>
        </extensions>
      </trkpt>
      <trkpt lat="48.10273437760770320892333984375" lon="11.4657540433108806610107421875">
        <ele>562.20001220703125</ele>
        <time>2023-10-15T05:43:05.000Z</time>
        <extensions>
          <ns3:TrackPointExtension>
            <ns3:atemp>19.0</ns3:atemp>
            <ns3:hr>142</ns3:hr>
          </ns3:TrackPointExtension>
        </extensions>
      </trkpt>
      <trkpt lat="48.1026756204664707183837890625" lon="11.46576695144176483154296875">
        <ele>562.4000244140625</ele>
        <time>2023-10-15T05:43:08.000Z</time>
        <extensions>
          <ns3:TrackPointExtension>
            <ns3:atemp>19.0</ns3:atemp>
            <ns3:hr>143</ns3:hr>
          </ns3:TrackPointExtension>
        </extensions>
      </trkpt>
      <trkpt lat="48.10264703817665576934814453125" lon="11.46575463004410266876220703125">
        <ele>562.4000244140625</ele>
        <time>2023-10-15T05:43:09.000Z</time>
        <extensions>
          <ns3:TrackPointExtension>
            <ns3:atemp>19.0</ns3:atemp>
            <ns3:hr>143</ns3:hr>
          </ns3:TrackPointExtension>
        </extensions>
      </trkpt>
      <trkpt lat="48.10261049307882785797119140625" lon="11.46577541716396808624267578125">
        <ele>562.4000244140625</ele>
        <time>2023-10-15T05:43:10.000Z</time>
        <extensions>
          <ns3:TrackPointExtension>
            <ns3:atemp>19.0</ns3:atemp>
            <ns3:hr>143</ns3:hr>
          </ns3:TrackPointExtension>
        </extensions>
      </trkpt>
      <trkpt lat="48.1025425158441066741943359375" lon="11.46583157591521739959716796875">
        <ele>562.5999755859375</ele>
        <time>2023-10-15T05:43:12.000Z</time>
        <extensions>
          <ns3:TrackPointExtension>
            <ns3:atemp>19.0</ns3:atemp>
            <ns3:hr>142</ns3:hr>
          </ns3:TrackPointExtension>
        </extensions>
      </trkpt>
      <trkpt lat="48.102500773966312408447265625" lon="11.46588086150586605072021484375">
        <ele>562.5999755859375</ele>
        <time>2023-10-15T05:43:13.000Z</time>
        <extensions>
          <ns3:TrackPointExtension>
            <ns3:atemp>19.0</ns3:atemp>
            <ns3:hr>142</ns3:hr>
          </ns3:TrackPointExtension>
        </extensions>
      </trkpt>
      <trkpt lat="48.102459199726581573486328125" lon="11.4659354276955127716064453125">
        <ele>562.5999755859375</ele>
        <time>2023-10-15T05:43:14.000Z</time>
        <extensions>
          <ns3:TrackPointExtension>
            <ns3:atemp>19.0</ns3:atemp>
            <ns3:hr>143</ns3:hr>
          </ns3:TrackPointExtension>
        </extensions>
      </trkpt>
      <trkpt lat="48.10229483060538768768310546875" lon="11.46612628363072872161865234375">
        <ele>562.79998779296875</ele>
        <time>2023-10-15T05:43:17.000Z</time>
        <extensions>
          <ns3:TrackPointExtension>
            <ns3:atemp>19.0</ns3:atemp>
            <ns3:hr>143</ns3:hr>
          </ns3:TrackPointExtension>
        </extensions>
      </trkpt>
      <trkpt lat="48.102243952453136444091796875" lon="11.4661587215960025787353515625">
        <ele>563</ele>
        <time>2023-10-15T05:43:19.000Z</time>
        <extensions>
          <ns3:TrackPointExtension>
            <ns3:atemp>19.0</ns3:atemp>
            <ns3:hr>143</ns3:hr>
          </ns3:TrackPointExtension>
        </extensions>
      </trkpt>
      <trkpt lat="48.10217522084712982177734375" lon="11.4661717973649501800537109375">
        <ele>563</ele>
        <time>2023-10-15T05:43:21.000Z</time>
        <extensions>
          <ns3:TrackPointExtension>
            <ns3:atemp>19.0</ns3:atemp>
            <ns3:hr>143</ns3:hr>
          </ns3:TrackPointExtension>
        </extensions>
      </trkpt>
      <trkpt lat="48.10216021724045276641845703125" lon="11.4661255292594432830810546875">
        <ele>563</ele>
        <time>2023-10-15T05:43:22.000Z</time>
        <extensions>
          <ns3:TrackPointExtension>
            <ns3:atemp>18.0</ns3:atemp>
            <ns3:hr>143</ns3:hr>
          </ns3:TrackPointExtension>
        </extensions>
      </trkpt>
      <trkpt lat="48.102165497839450836181640625" lon="11.4660894870758056640625">
        <ele>563.20001220703125</ele>
        <time>2023-10-15T05:43:23.000Z</time>
        <extensions>
          <ns3:TrackPointExtension>
            <ns3:atemp>19.0</ns3:atemp>
            <ns3:hr>143</ns3:hr>
          </ns3:TrackPointExtension>
        </extensions>
      </trkpt>
      <trkpt lat="48.10216180980205535888671875" lon="11.46606543101370334625244140625">
        <ele>563.20001220703125</ele>
        <time>2023-10-15T05:43:24.000Z</time>
        <extensions>
          <ns3:TrackPointExtension>
            <ns3:atemp>18.0</ns3:atemp>
            <ns3:hr>143</ns3:hr>
          </ns3:TrackPointExtension>
        </extensions>
      </trkpt>
      <trkpt lat="48.10217279009521007537841796875" lon="11.4660316519439220428466796875">
        <ele>563</ele>
        <time>2023-10-15T05:43:26.000Z</time>
        <extensions>
          <ns3:TrackPointExtension>
            <ns3:atemp>18.0</ns3:atemp>
            <ns3:hr>142</ns3:hr>
          </ns3:TrackPointExtension>
        </extensions>
      </trkpt>
      <trkpt lat="48.102179579436779022216796875" lon="11.466016732156276702880859375">
        <ele>563</ele>
        <time>2023-10-15T05:43:27.000Z</time>
        <extensions>
          <ns3:TrackPointExtension>
            <ns3:atemp>18.0</ns3:atemp>
            <ns3:hr>142</ns3:hr>
          </ns3:TrackPointExtension>
        </extensions>
      </trkpt>
      <trkpt lat="48.1022290326654911041259765625" lon="11.46593785844743251800537109375">
        <ele>563</ele>
        <time>2023-10-15T05:43:32.000Z</time>
        <extensions>
          <ns3:TrackPointExtension>
            <ns3:atemp>18.0</ns3:atemp>
            <ns3:hr>141</ns3:hr>
          </ns3:TrackPointExtension>
        </extensions>
      </trkpt>
      <trkpt lat="48.1022508256137371063232421875" lon="11.4658552967011928558349609375">
        <ele>563.20001220703125</ele>
        <time>2023-10-15T05:43:36.000Z</time>
        <extensions>
          <ns3:TrackPointExtension>
            <ns3:atemp>18.0</ns3:atemp>
            <ns3:hr>142</ns3:hr>
          </ns3:TrackPointExtension>
        </extensions>
      </trkpt>
      <trkpt lat="48.10224571265280246734619140625" lon="11.46582721732556819915771484375">
        <ele>563.20001220703125</ele>
        <time>2023-10-15T05:43:37.000Z</time>
        <extensions>
          <ns3:TrackPointExtension>
            <ns3:atemp>18.0</ns3:atemp>
            <ns3:hr>142</ns3:hr>
          </ns3:TrackPointExtension>
        </extensions>
      </trkpt>
      <trkpt lat="48.10223758220672607421875" lon="11.4657902531325817108154296875">
        <ele>563.20001220703125</ele>
        <time>2023-10-15T05:43:39.000Z</time>
        <extensions>
          <ns3:TrackPointExtension>
            <ns3:atemp>18.0</ns3:atemp>
            <ns3:hr>142</ns3:hr>
          </ns3:TrackPointExtension>
        </extensions>
      </trkpt>
      <trkpt lat="48.102263398468494415283203125" lon="11.465753875672817230224609375">
        <ele>563</ele>
        <time>2023-10-15T05:43:42.000Z</time>
        <extensions>
          <ns3:TrackPointExtension>
            <ns3:atemp>18.0</ns3:atemp>
            <ns3:hr>142</ns3:hr>
          </ns3:TrackPointExtension>
        </extensions>
      </trkpt>
      <trkpt lat="48.10228778980672359466552734375" lon="11.4657045900821685791015625">
        <ele>563</ele>
        <time>2023-10-15T05:43:45.000Z</time>
        <extensions>
          <ns3:TrackPointExtension>
            <ns3:atemp>18.0</ns3:atemp>
            <ns3:hr>144</ns3:hr>
          </ns3:TrackPointExtension>
        </extensions>
      </trkpt>
      <trkpt lat="48.10229097492992877960205078125" lon="11.46566024981439113616943359375">
        <ele>563.20001220703125</ele>
        <time>2023-10-15T05:43:46.000Z</time>
        <extensions>
          <ns3:TrackPointExtension>
            <ns3:atemp>18.0</ns3:atemp>
            <ns3:hr>144</ns3:hr>
          </ns3:TrackPointExtension>
        </extensions>
      </trkpt>
      <trkpt lat="48.10229684226214885711669921875" lon="11.4656172506511211395263671875">
        <ele>563.20001220703125</ele>
        <time>2023-10-15T05:43:47.000Z</time>
        <extensions>
          <ns3:TrackPointExtension>
            <ns3:atemp>18.0</ns3:atemp>
            <ns3:hr>145</ns3:hr>
          </ns3:TrackPointExtension>
        </extensions>
      </trkpt>
      <trkpt lat="48.10230840928852558135986328125" lon="11.46559068001806735992431640625">
        <ele>563.20001220703125</ele>
        <time>2023-10-15T05:43:48.000Z</time>
        <extensions>
          <ns3:TrackPointExtension>
            <ns3:atemp>18.0</ns3:atemp>
            <ns3:hr>146</ns3:hr>
          </ns3:TrackPointExtension>
        </extensions>
      </trkpt>
      <trkpt lat="48.1023473851382732391357421875" lon="11.46554005332291126251220703125">
        <ele>563.20001220703125</ele>
        <time>2023-10-15T05:43:50.000Z</time>
        <extensions>
          <ns3:TrackPointExtension>
            <ns3:atemp>18.0</ns3:atemp>
            <ns3:hr>147</ns3:hr>
          </ns3:TrackPointExtension>
        </extensions>
      </trkpt>
      <trkpt lat="48.10243430547416210174560546875" lon="11.46537275053560733795166015625">
        <ele>563.4000244140625</ele>
        <time>2023-10-15T05:43:55.000Z</time>
        <extensions>
          <ns3:TrackPointExtension>
            <ns3:atemp>18.0</ns3:atemp>
            <ns3:hr>146</ns3:hr>
          </ns3:TrackPointExtension>
        </extensions>
      </trkpt>
      <trkpt lat="48.10246733017265796661376953125" lon="11.46513252519071102142333984375">
        <ele>563.20001220703125</ele>
        <time>2023-10-15T05:44:01.000Z</time>
        <extensions>
          <ns3:TrackPointExtension>
            <ns3:atemp>18.0</ns3:atemp>
            <ns3:hr>146</ns3:hr>
          </ns3:TrackPointExtension>
        </extensions>
      </trkpt>
      <trkpt lat="48.102477975189685821533203125" lon="11.46493219770491123199462890625">
        <ele>563</ele>
        <time>2023-10-15T05:44:06.000Z</time>
        <extensions>
          <ns3:TrackPointExtension>
            <ns3:atemp>18.0</ns3:atemp>
            <ns3:hr>147</ns3:hr>
          </ns3:TrackPointExtension>
        </extensions>
      </trkpt>
      <trkpt lat="48.102473951876163482666015625" lon="11.46463849581778049468994140625">
        <ele>563.20001220703125</ele>
        <time>2023-10-15T05:44:13.000Z</time>
        <extensions>
          <ns3:TrackPointExtension>
            <ns3:atemp>18.0</ns3:atemp>
            <ns3:hr>150</ns3:hr>
          </ns3:TrackPointExtension>
        </extensions>
      </trkpt>
      <trkpt lat="48.1024908833205699920654296875" lon="11.46436491049826145172119140625">
        <ele>563.20001220703125</ele>
        <time>2023-10-15T05:44:19.000Z</time>
        <extensions>
          <ns3:TrackPointExtension>
            <ns3:atemp>18.0</ns3:atemp>
            <ns3:hr>151</ns3:hr>
          </ns3:TrackPointExtension>
        </extensions>
      </trkpt>
      <trkpt lat="48.10249934904277324676513671875" lon="11.46415452472865581512451171875">
        <ele>563.4000244140625</ele>
        <time>2023-10-15T05:44:25.000Z</time>
        <extensions>
          <ns3:TrackPointExtension>
            <ns3:atemp>18.0</ns3:atemp>
            <ns3:hr>152</ns3:hr>
          </ns3:TrackPointExtension>
        </extensions>
      </trkpt>
      <trkpt lat="48.10250915586948394775390625" lon="11.46408260799944400787353515625">
        <ele>563.4000244140625</ele>
        <time>2023-10-15T05:44:27.000Z</time>
        <extensions>
          <ns3:TrackPointExtension>
            <ns3:atemp>18.0</ns3:atemp>
            <ns3:hr>152</ns3:hr>
          </ns3:TrackPointExtension>
        </extensions>
      </trkpt>
      <trkpt lat="48.10249214060604572296142578125" lon="11.46404019556939601898193359375">
        <ele>563.20001220703125</ele>
        <time>2023-10-15T05:44:28.000Z</time>
        <extensions>
          <ns3:TrackPointExtension>
            <ns3:atemp>18.0</ns3:atemp>
            <ns3:hr>152</ns3:hr>
          </ns3:TrackPointExtension>
        </extensions>
      </trkpt>
      <trkpt lat="48.10251988470554351806640625" lon="11.46393894217908382415771484375">
        <ele>563.4000244140625</ele>
        <time>2023-10-15T05:44:30.000Z</time>
        <extensions>
          <ns3:TrackPointExtension>
            <ns3:atemp>18.0</ns3:atemp>
            <ns3:hr>151</ns3:hr>
          </ns3:TrackPointExtension>
        </extensions>
      </trkpt>
      <trkpt lat="48.1025220640003681182861328125" lon="11.46388395689427852630615234375">
        <ele>563.4000244140625</ele>
        <time>2023-10-15T05:44:31.000Z</time>
        <extensions>
          <ns3:TrackPointExtension>
            <ns3:atemp>18.0</ns3:atemp>
            <ns3:hr>151</ns3:hr>
          </ns3:TrackPointExtension>
        </extensions>
      </trkpt>
      <trkpt lat="48.10251980088651180267333984375" lon="11.46382930688560009002685546875">
        <ele>563.4000244140625</ele>
        <time>2023-10-15T05:44:32.000Z</time>
        <extensions>
          <ns3:TrackPointExtension>
            <ns3:atemp>17.0</ns3:atemp>
            <ns3:hr>149</ns3:hr>
          </ns3:TrackPointExtension>
        </extensions>
      </trkpt>
      <trkpt lat="48.1025317870080471038818359375" lon="11.46371967159211635589599609375">
        <ele>563.5999755859375</ele>
        <time>2023-10-15T05:44:34.000Z</time>
        <extensions>
          <ns3:TrackPointExtension>
            <ns3:atemp>17.0</ns3:atemp>
            <ns3:hr>146</ns3:hr>
          </ns3:TrackPointExtension>
        </extensions>
      </trkpt>
      <trkpt lat="48.10254896990954875946044921875" lon="11.46353091113269329071044921875">
        <ele>563.4000244140625</ele>
        <time>2023-10-15T05:44:38.000Z</time>
        <extensions>
          <ns3:TrackPointExtension>
            <ns3:atemp>17.0</ns3:atemp>
            <ns3:hr>149</ns3:hr>
          </ns3:TrackPointExtension>
        </extensions>
      </trkpt>
      <trkpt lat="48.10249247588217258453369140625" lon="11.46330870687961578369140625">
        <ele>563.4000244140625</ele>
        <time>2023-10-15T05:44:43.000Z</time>
        <extensions>
          <ns3:TrackPointExtension>
            <ns3:atemp>17.0</ns3:atemp>
            <ns3:hr>150</ns3:hr>
          </ns3:TrackPointExtension>
        </extensions>
      </trkpt>
      <trkpt lat="48.1024540029466152191162109375" lon="11.46326788701117038726806640625">
        <ele>563.4000244140625</ele>
        <time>2023-10-15T05:44:46.000Z</time>
        <extensions>
          <ns3:TrackPointExtension>
            <ns3:atemp>17.0</ns3:atemp>
            <ns3:hr>150</ns3:hr>
          </ns3:TrackPointExtension>
        </extensions>
      </trkpt>
      <trkpt lat="48.10243137180805206298828125" lon="11.46321927197277545928955078125">
        <ele>563.5999755859375</ele>
        <time>2023-10-15T05:44:48.000Z</time>
        <extensions>
          <ns3:TrackPointExtension>
            <ns3:atemp>17.0</ns3:atemp>
            <ns3:hr>149</ns3:hr>
          </ns3:TrackPointExtension>
        </extensions>
      </trkpt>
      <trkpt lat="48.10241351835429668426513671875" lon="11.46316043101251125335693359375">
        <ele>563.79998779296875</ele>
        <time>2023-10-15T05:44:50.000Z</time>
        <extensions>
          <ns3:TrackPointExtension>
            <ns3:atemp>17.0</ns3:atemp>
            <ns3:hr>150</ns3:hr>
          </ns3:TrackPointExtension>
        </extensions>
      </trkpt>
      <trkpt lat="48.1023618020117282867431640625" lon="11.46289698779582977294921875">
        <ele>563.79998779296875</ele>
        <time>2023-10-15T05:44:56.000Z</time>
        <extensions>
          <ns3:TrackPointExtension>
            <ns3:atemp>17.0</ns3:atemp>
            <ns3:hr>150</ns3:hr>
          </ns3:TrackPointExtension>
        </extensions>
      </trkpt>
      <trkpt lat="48.10234277509152889251708984375" lon="11.4627144299447536468505859375">
        <ele>563.5999755859375</ele>
        <time>2023-10-15T05:45:01.000Z</time>
        <extensions>
          <ns3:TrackPointExtension>
            <ns3:atemp>17.0</ns3:atemp>
            <ns3:hr>149</ns3:hr>
          </ns3:TrackPointExtension>
        </extensions>
      </trkpt>
      <trkpt lat="48.10237160883843898773193359375" lon="11.46256950683891773223876953125">
        <ele>563.5999755859375</ele>
        <time>2023-10-15T05:45:03.000Z</time>
        <extensions>
          <ns3:TrackPointExtension>
            <ns3:atemp>17.0</ns3:atemp>
            <ns3:hr>149</ns3:hr>
          </ns3:TrackPointExtension>
        </extensions>
      </trkpt>
      <trkpt lat="48.1023799069225788116455078125" lon="11.46251686848700046539306640625">
        <ele>563.5999755859375</ele>
        <time>2023-10-15T05:45:04.000Z</time>
        <extensions>
          <ns3:TrackPointExtension>
            <ns3:atemp>17.0</ns3:atemp>
            <ns3:hr>149</ns3:hr>
          </ns3:TrackPointExtension>
        </extensions>
      </trkpt>
      <trkpt lat="48.10236833989620208740234375" lon="11.46247319877147674560546875">
        <ele>563.79998779296875</ele>
        <time>2023-10-15T05:45:05.000Z</time>
        <extensions>
          <ns3:TrackPointExtension>
            <ns3:atemp>17.0</ns3:atemp>
            <ns3:hr>148</ns3:hr>
          </ns3:TrackPointExtension>
        </extensions>
      </trkpt>
      <trkpt lat="48.102360628545284271240234375" lon="11.4624160341918468475341796875">
        <ele>563.79998779296875</ele>
        <time>2023-10-15T05:45:06.000Z</time>
        <extensions>
          <ns3:TrackPointExtension>
            <ns3:atemp>17.0</ns3:atemp>
            <ns3:hr>149</ns3:hr>
          </ns3:TrackPointExtension>
        </extensions>
      </trkpt>
      <trkpt lat="48.10231980867683887481689453125" lon="11.462167762219905853271484375">
        <ele>564</ele>
        <time>2023-10-15T05:45:10.000Z</time>
        <extensions>
          <ns3:TrackPointExtension>
            <ns3:atemp>17.0</ns3:atemp>
            <ns3:hr>151</ns3:hr>
          </ns3:TrackPointExtension>
        </extensions>
      </trkpt>
      <trkpt lat="48.10229315422475337982177734375" lon="11.46201931871473789215087890625">
        <ele>564</ele>
        <time>2023-10-15T05:45:13.000Z</time>
        <extensions>
          <ns3:TrackPointExtension>
            <ns3:atemp>17.0</ns3:atemp>
            <ns3:hr>154</ns3:hr>
          </ns3:TrackPointExtension>
        </extensions>
      </trkpt>
      <trkpt lat="48.10226633213460445404052734375" lon="11.46196114830672740936279296875">
        <ele>563.79998779296875</ele>
        <time>2023-10-15T05:45:14.000Z</time>
        <extensions>
          <ns3:TrackPointExtension>
            <ns3:atemp>17.0</ns3:atemp>
            <ns3:hr>155</ns3:hr>
          </ns3:TrackPointExtension>
        </extensions>
      </trkpt>
      <trkpt lat="48.1022263504564762115478515625" lon="11.461912281811237335205078125">
        <ele>563.79998779296875</ele>
        <time>2023-10-15T05:45:15.000Z</time>
        <extensions>
          <ns3:TrackPointExtension>
            <ns3:atemp>17.0</ns3:atemp>
            <ns3:hr>154</ns3:hr>
          </ns3:TrackPointExtension>
        </extensions>
      </trkpt>
      <trkpt lat="48.10211545787751674652099609375" lon="11.46184497512876987457275390625">
        <ele>563.5999755859375</ele>
        <time>2023-10-15T05:45:18.000Z</time>
        <extensions>
          <ns3:TrackPointExtension>
            <ns3:atemp>17.0</ns3:atemp>
            <ns3:hr>154</ns3:hr>
          </ns3:TrackPointExtension>
        </extensions>
      </trkpt>
      <trkpt lat="48.10201965272426605224609375" lon="11.46181530319154262542724609375">
        <ele>564</ele>
        <time>2023-10-15T05:45:20.000Z</time>
        <extensions>
          <ns3:TrackPointExtension>
            <ns3:atemp>17.0</ns3:atemp>
            <ns3:hr>153</ns3:hr>
          </ns3:TrackPointExtension>
        </extensions>
      </trkpt>
      <trkpt lat="48.101926110684871673583984375" lon="11.46177322603762149810791015625">
        <ele>564</ele>
        <time>2023-10-15T05:45:22.000Z</time>
        <extensions>
          <ns3:TrackPointExtension>
            <ns3:atemp>17.0</ns3:atemp>
            <ns3:hr>152</ns3:hr>
          </ns3:TrackPointExtension>
        </extensions>
      </trkpt>
      <trkpt lat="48.10188151895999908447265625" lon="11.46176031790673732757568359375">
        <ele>564.20001220703125</ele>
        <time>2023-10-15T05:45:23.000Z</time>
        <extensions>
          <ns3:TrackPointExtension>
            <ns3:atemp>17.0</ns3:atemp>
            <ns3:hr>152</ns3:hr>
          </ns3:TrackPointExtension>
        </extensions>
      </trkpt>
      <trkpt lat="48.10183483175933361053466796875" lon="11.46174020133912563323974609375">
        <ele>564.20001220703125</ele>
        <time>2023-10-15T05:45:24.000Z</time>
        <extensions>
          <ns3:TrackPointExtension>
            <ns3:atemp>17.0</ns3:atemp>
            <ns3:hr>152</ns3:hr>
          </ns3:TrackPointExtension>
        </extensions>
      </trkpt>
      <trkpt lat="48.10175822116434574127197265625" lon="11.4616666920483112335205078125">
        <ele>564</ele>
        <time>2023-10-15T05:45:26.000Z</time>
        <extensions>
          <ns3:TrackPointExtension>
            <ns3:atemp>17.0</ns3:atemp>
            <ns3:hr>151</ns3:hr>
          </ns3:TrackPointExtension>
        </extensions>
      </trkpt>
      <trkpt lat="48.101722933351993560791015625" lon="11.46159770898520946502685546875">
        <ele>564</ele>
        <time>2023-10-15T05:45:27.000Z</time>
        <extensions>
          <ns3:TrackPointExtension>
            <ns3:atemp>17.0</ns3:atemp>
            <ns3:hr>150</ns3:hr>
          </ns3:TrackPointExtension>
        </extensions>
      </trkpt>
      <trkpt lat="48.10152168385684490203857421875" lon="11.46127936430275440216064453125">
        <ele>564.4000244140625</ele>
        <time>2023-10-15T05:45:34.000Z</time>
        <extensions>
          <ns3:TrackPointExtension>
            <ns3:atemp>17.0</ns3:atemp>
            <ns3:hr>149</ns3:hr>
          </ns3:TrackPointExtension>
        </extensions>
      </trkpt>
      <trkpt lat="48.10143887065351009368896484375" lon="11.4612301625311374664306640625">
        <ele>564.4000244140625</ele>
        <time>2023-10-15T05:45:37.000Z</time>
        <extensions>
          <ns3:TrackPointExtension>
            <ns3:atemp>17.0</ns3:atemp>
            <ns3:hr>146</ns3:hr>
          </ns3:TrackPointExtension>
        </extensions>
      </trkpt>
      <trkpt lat="48.1014156527817249298095703125" lon="11.46119252778589725494384765625">
        <ele>564.4000244140625</ele>
        <time>2023-10-15T05:45:38.000Z</time>
        <extensions>
          <ns3:TrackPointExtension>
            <ns3:atemp>17.0</ns3:atemp>
            <ns3:hr>145</ns3:hr>
          </ns3:TrackPointExtension>
        </extensions>
      </trkpt>
      <trkpt lat="48.101301491260528564453125" lon="11.46112538874149322509765625">
        <ele>564.4000244140625</ele>
        <time>2023-10-15T05:45:42.000Z</time>
        <extensions>
          <ns3:TrackPointExtension>
            <ns3:atemp>17.0</ns3:atemp>
            <ns3:hr>142</ns3:hr>
          </ns3:TrackPointExtension>
        </extensions>
      </trkpt>
      <trkpt lat="48.10125346295535564422607421875" lon="11.46107585169374942779541015625">
        <ele>564.4000244140625</ele>
        <time>2023-10-15T05:45:44.000Z</time>
        <extensions>
          <ns3:TrackPointExtension>
            <ns3:atemp>17.0</ns3:atemp>
            <ns3:hr>142</ns3:hr>
          </ns3:TrackPointExtension>
        </extensions>
      </trkpt>
      <trkpt lat="48.10115170665085315704345703125" lon="11.46096403710544109344482421875">
        <ele>564.4000244140625</ele>
        <time>2023-10-15T05:45:47.000Z</time>
        <extensions>
          <ns3:TrackPointExtension>
            <ns3:atemp>17.0</ns3:atemp>
            <ns3:hr>141</ns3:hr>
          </ns3:TrackPointExtension>
        </extensions>
      </trkpt>
      <trkpt lat="48.10111013241112232208251953125" lon="11.4609478600323200225830078125">
        <ele>564.4000244140625</ele>
        <time>2023-10-15T05:45:48.000Z</time>
        <extensions>
          <ns3:TrackPointExtension>
            <ns3:atemp>17.0</ns3:atemp>
            <ns3:hr>140</ns3:hr>
          </ns3:TrackPointExtension>
        </extensions>
      </trkpt>
      <trkpt lat="48.10104693286120891571044921875" lon="11.4609478600323200225830078125">
        <ele>564.79998779296875</ele>
        <time>2023-10-15T05:45:50.000Z</time>
        <extensions>
          <ns3:TrackPointExtension>
            <ns3:atemp>16.0</ns3:atemp>
            <ns3:hr>140</ns3:hr>
          </ns3:TrackPointExtension>
        </extensions>
      </trkpt>
      <trkpt lat="48.1009362079203128814697265625" lon="11.4609337784349918365478515625">
        <ele>565.20001220703125</ele>
        <time>2023-10-15T05:45:54.000Z</time>
        <extensions>
          <ns3:TrackPointExtension>
            <ns3:atemp>16.0</ns3:atemp>
            <ns3:hr>141</ns3:hr>
          </ns3:TrackPointExtension>
        </extensions>
      </trkpt>
      <trkpt lat="48.1009113974869251251220703125" lon="11.46092799492180347442626953125">
        <ele>565.20001220703125</ele>
        <time>2023-10-15T05:45:55.000Z</time>
        <extensions>
          <ns3:TrackPointExtension>
            <ns3:atemp>16.0</ns3:atemp>
            <ns3:hr>141</ns3:hr>
          </ns3:TrackPointExtension>
        </extensions>
      </trkpt>
      <trkpt lat="48.10078877024352550506591796875" lon="11.46091827191412448883056640625">
        <ele>565</ele>
        <time>2023-10-15T05:46:00.000Z</time>
        <extensions>
          <ns3:TrackPointExtension>
            <ns3:atemp>16.0</ns3:atemp>
            <ns3:hr>142</ns3:hr>
          </ns3:TrackPointExtension>
        </extensions>
      </trkpt>
      <trkpt lat="48.100548125803470611572265625" lon="11.46092749200761318206787109375">
        <ele>565.20001220703125</ele>
        <time>2023-10-15T05:46:06.000Z</time>
        <extensions>
          <ns3:TrackPointExtension>
            <ns3:atemp>16.0</ns3:atemp>
            <ns3:hr>144</ns3:hr>
          </ns3:TrackPointExtension>
        </extensions>
      </trkpt>
      <trkpt lat="48.10050831176340579986572265625" lon="11.460962109267711639404296875">
        <ele>564.79998779296875</ele>
        <time>2023-10-15T05:46:07.000Z</time>
        <extensions>
          <ns3:TrackPointExtension>
            <ns3:atemp>16.0</ns3:atemp>
            <ns3:hr>145</ns3:hr>
          </ns3:TrackPointExtension>
        </extensions>
      </trkpt>
      <trkpt lat="48.10042365454137325286865234375" lon="11.46096940152347087860107421875">
        <ele>565.20001220703125</ele>
        <time>2023-10-15T05:46:10.000Z</time>
        <extensions>
          <ns3:TrackPointExtension>
            <ns3:atemp>16.0</ns3:atemp>
            <ns3:hr>145</ns3:hr>
          </ns3:TrackPointExtension>
        </extensions>
      </trkpt>
      <trkpt lat="48.10029096901416778564453125" lon="11.46085993386805057525634765625">
        <ele>565.20001220703125</ele>
        <time>2023-10-15T05:46:16.000Z</time>
        <extensions>
          <ns3:TrackPointExtension>
            <ns3:atemp>16.0</ns3:atemp>
            <ns3:hr>144</ns3:hr>
          </ns3:TrackPointExtension>
        </extensions>
      </trkpt>
      <trkpt lat="48.1001602113246917724609375" lon="11.4607842452824115753173828125">
        <ele>565.20001220703125</ele>
        <time>2023-10-15T05:46:21.000Z</time>
        <extensions>
          <ns3:TrackPointExtension>
            <ns3:atemp>16.0</ns3:atemp>
            <ns3:hr>143</ns3:hr>
          </ns3:TrackPointExtension>
        </extensions>
      </trkpt>
      <trkpt lat="48.10007505118846893310546875" lon="11.4607735164463520050048828125">
        <ele>565.4000244140625</ele>
        <time>2023-10-15T05:46:24.000Z</time>
        <extensions>
          <ns3:TrackPointExtension>
            <ns3:atemp>16.0</ns3:atemp>
            <ns3:hr>143</ns3:hr>
          </ns3:TrackPointExtension>
        </extensions>
      </trkpt>
      <trkpt lat="48.10002098791301250457763671875" lon="11.46075013093650341033935546875">
        <ele>565.4000244140625</ele>
        <time>2023-10-15T05:46:26.000Z</time>
        <extensions>
          <ns3:TrackPointExtension>
            <ns3:atemp>16.0</ns3:atemp>
            <ns3:hr>142</ns3:hr>
          </ns3:TrackPointExtension>
        </extensions>
      </trkpt>
      <trkpt lat="48.099916465580463409423828125" lon="11.46072196774184703826904296875">
        <ele>565.4000244140625</ele>
        <time>2023-10-15T05:46:30.000Z</time>
        <extensions>
          <ns3:TrackPointExtension>
            <ns3:atemp>16.0</ns3:atemp>
            <ns3:hr>141</ns3:hr>
          </ns3:TrackPointExtension>
        </extensions>
      </trkpt>
      <trkpt lat="48.09971672482788562774658203125" lon="11.46072573959827423095703125">
        <ele>565.79998779296875</ele>
        <time>2023-10-15T05:46:36.000Z</time>
        <extensions>
          <ns3:TrackPointExtension>
            <ns3:atemp>16.0</ns3:atemp>
            <ns3:hr>140</ns3:hr>
          </ns3:TrackPointExtension>
        </extensions>
      </trkpt>
      <trkpt lat="48.09966308064758777618408203125" lon="11.46070671267807483673095703125">
        <ele>565.79998779296875</ele>
        <time>2023-10-15T05:46:38.000Z</time>
        <extensions>
          <ns3:TrackPointExtension>
            <ns3:atemp>16.0</ns3:atemp>
            <ns3:hr>140</ns3:hr>
          </ns3:TrackPointExtension>
        </extensions>
      </trkpt>
      <trkpt lat="48.09961765073239803314208984375" lon="11.46067142486572265625">
        <ele>565.5999755859375</ele>
        <time>2023-10-15T05:46:40.000Z</time>
        <extensions>
          <ns3:TrackPointExtension>
            <ns3:atemp>16.0</ns3:atemp>
            <ns3:hr>140</ns3:hr>
          </ns3:TrackPointExtension>
        </extensions>
      </trkpt>
      <trkpt lat="48.09947096742689609527587890625" lon="11.4606390707194805145263671875">
        <ele>565.79998779296875</ele>
        <time>2023-10-15T05:46:45.000Z</time>
        <extensions>
          <ns3:TrackPointExtension>
            <ns3:atemp>16.0</ns3:atemp>
            <ns3:hr>141</ns3:hr>
          </ns3:TrackPointExtension>
        </extensions>
      </trkpt>
      <trkpt lat="48.09931841678917407989501953125" lon="11.46063588559627532958984375">
        <ele>566</ele>
        <time>2023-10-15T05:46:50.000Z</time>
        <extensions>
          <ns3:TrackPointExtension>
            <ns3:atemp>16.0</ns3:atemp>
            <ns3:hr>140</ns3:hr>
          </ns3:TrackPointExtension>
        </extensions>
      </trkpt>
      <trkpt lat="48.0991543829441070556640625" lon="11.460583247244358062744140625">
        <ele>565.79998779296875</ele>
        <time>2023-10-15T05:46:56.000Z</time>
        <extensions>
          <ns3:TrackPointExtension>
            <ns3:atemp>16.0</ns3:atemp>
            <ns3:hr>139</ns3:hr>
          </ns3:TrackPointExtension>
        </extensions>
      </trkpt>
      <trkpt lat="48.0991280637681484222412109375" lon="11.46056874655187129974365234375">
        <ele>565.79998779296875</ele>
        <time>2023-10-15T05:46:57.000Z</time>
        <extensions>
          <ns3:TrackPointExtension>
            <ns3:atemp>16.0</ns3:atemp>
            <ns3:hr>139</ns3:hr>
          </ns3:TrackPointExtension>
        </extensions>
      </trkpt>
      <trkpt lat="48.0990063585340976715087890625" lon="11.4605284295976161956787109375">
        <ele>565.79998779296875</ele>
        <time>2023-10-15T05:47:01.000Z</time>
        <extensions>
          <ns3:TrackPointExtension>
            <ns3:atemp>16.0</ns3:atemp>
            <ns3:hr>139</ns3:hr>
          </ns3:TrackPointExtension>
        </extensions>
      </trkpt>
      <trkpt lat="48.0989855714142322540283203125" lon="11.46051040850579738616943359375">
        <ele>565.79998779296875</ele>
        <time>2023-10-15T05:47:02.000Z</time>
        <extensions>
          <ns3:TrackPointExtension>
            <ns3:atemp>16.0</ns3:atemp>
            <ns3:hr>139</ns3:hr>
          </ns3:TrackPointExtension>
        </extensions>
      </trkpt>
      <trkpt lat="48.09884794056415557861328125" lon="11.46049699746072292327880859375">
        <ele>566.20001220703125</ele>
        <time>2023-10-15T05:47:07.000Z</time>
        <extensions>
          <ns3:TrackPointExtension>
            <ns3:atemp>16.0</ns3:atemp>
            <ns3:hr>141</ns3:hr>
          </ns3:TrackPointExtension>
        </extensions>
      </trkpt>
      <trkpt lat="48.098818771541118621826171875" lon="11.46049481816589832305908203125">
        <ele>566.4000244140625</ele>
        <time>2023-10-15T05:47:08.000Z</time>
        <extensions>
          <ns3:TrackPointExtension>
            <ns3:atemp>16.0</ns3:atemp>
            <ns3:hr>142</ns3:hr>
          </ns3:TrackPointExtension>
        </extensions>
      </trkpt>
      <trkpt lat="48.09864132665097713470458984375" lon="11.460501439869403839111328125">
        <ele>566.4000244140625</ele>
        <time>2023-10-15T05:47:13.000Z</time>
        <extensions>
          <ns3:TrackPointExtension>
            <ns3:atemp>16.0</ns3:atemp>
            <ns3:hr>143</ns3:hr>
          </ns3:TrackPointExtension>
        </extensions>
      </trkpt>
      <trkpt lat="48.09843462891876697540283203125" lon="11.46045944653451442718505859375">
        <ele>566.4000244140625</ele>
        <time>2023-10-15T05:47:19.000Z</time>
        <extensions>
          <ns3:TrackPointExtension>
            <ns3:atemp>16.0</ns3:atemp>
            <ns3:hr>143</ns3:hr>
          </ns3:TrackPointExtension>
        </extensions>
      </trkpt>
      <trkpt lat="48.0982949025928974151611328125" lon="11.46040328778326511383056640625">
        <ele>566.79998779296875</ele>
        <time>2023-10-15T05:47:24.000Z</time>
        <extensions>
          <ns3:TrackPointExtension>
            <ns3:atemp>16.0</ns3:atemp>
            <ns3:hr>145</ns3:hr>
          </ns3:TrackPointExtension>
        </extensions>
      </trkpt>
      <trkpt lat="48.09823899529874324798583984375" lon="11.460404209792613983154296875">
        <ele>567</ele>
        <time>2023-10-15T05:47:26.000Z</time>
        <extensions>
          <ns3:TrackPointExtension>
            <ns3:atemp>16.0</ns3:atemp>
            <ns3:hr>145</ns3:hr>
          </ns3:TrackPointExtension>
        </extensions>
      </trkpt>
      <trkpt lat="48.098192475736141204833984375" lon="11.46038233302533626556396484375">
        <ele>567</ele>
        <time>2023-10-15T05:47:28.000Z</time>
        <extensions>
          <ns3:TrackPointExtension>
            <ns3:atemp>16.0</ns3:atemp>
            <ns3:hr>145</ns3:hr>
          </ns3:TrackPointExtension>
        </extensions>
      </trkpt>
      <trkpt lat="48.0981748737394809722900390625" lon="11.46028744988143444061279296875">
        <ele>567</ele>
        <time>2023-10-15T05:47:32.000Z</time>
        <extensions>
          <ns3:TrackPointExtension>
            <ns3:atemp>16.0</ns3:atemp>
            <ns3:hr>145</ns3:hr>
          </ns3:TrackPointExtension>
        </extensions>
      </trkpt>
      <trkpt lat="48.09817629866302013397216796875" lon="11.46025308407843112945556640625">
        <ele>567</ele>
        <time>2023-10-15T05:47:33.000Z</time>
        <extensions>
          <ns3:TrackPointExtension>
            <ns3:atemp>16.0</ns3:atemp>
            <ns3:hr>144</ns3:hr>
          </ns3:TrackPointExtension>
        </extensions>
      </trkpt>
      <trkpt lat="48.09816657565534114837646484375" lon="11.4602012000977993011474609375">
        <ele>567</ele>
        <time>2023-10-15T05:47:35.000Z</time>
        <extensions>
          <ns3:TrackPointExtension>
            <ns3:atemp>16.0</ns3:atemp>
            <ns3:hr>142</ns3:hr>
          </ns3:TrackPointExtension>
        </extensions>
      </trkpt>
      <trkpt lat="48.09814830310642719268798828125" lon="11.46017161197960376739501953125">
        <ele>567</ele>
        <time>2023-10-15T05:47:36.000Z</time>
        <extensions>
          <ns3:TrackPointExtension>
            <ns3:atemp>16.0</ns3:atemp>
            <ns3:hr>142</ns3:hr>
          </ns3:TrackPointExtension>
        </extensions>
      </trkpt>
      <trkpt lat="48.0981359817087650299072265625" lon="11.460038758814334869384765625">
        <ele>567.20001220703125</ele>
        <time>2023-10-15T05:47:40.000Z</time>
        <extensions>
          <ns3:TrackPointExtension>
            <ns3:atemp>16.0</ns3:atemp>
            <ns3:hr>143</ns3:hr>
          </ns3:TrackPointExtension>
        </extensions>
      </trkpt>
      <trkpt lat="48.09814964421093463897705078125" lon="11.45998813211917877197265625">
        <ele>567.20001220703125</ele>
        <time>2023-10-15T05:47:41.000Z</time>
        <extensions>
          <ns3:TrackPointExtension>
            <ns3:atemp>16.0</ns3:atemp>
            <ns3:hr>144</ns3:hr>
          </ns3:TrackPointExtension>
        </extensions>
      </trkpt>
      <trkpt lat="48.09816255234181880950927734375" lon="11.45995602943003177642822265625">
        <ele>567.20001220703125</ele>
        <time>2023-10-15T05:47:42.000Z</time>
        <extensions>
          <ns3:TrackPointExtension>
            <ns3:atemp>15.0</ns3:atemp>
            <ns3:hr>143</ns3:hr>
          </ns3:TrackPointExtension>
        </extensions>
      </trkpt>
      <trkpt lat="48.09817428700625896453857421875" lon="11.45989920012652873992919921875">
        <ele>567.20001220703125</ele>
        <time>2023-10-15T05:47:44.000Z</time>
        <extensions>
          <ns3:TrackPointExtension>
            <ns3:atemp>15.0</ns3:atemp>
            <ns3:hr>143</ns3:hr>
          </ns3:TrackPointExtension>
        </extensions>
      </trkpt>
      <trkpt lat="48.09817135334014892578125" lon="11.4598619006574153900146484375">
        <ele>567.4000244140625</ele>
        <time>2023-10-15T05:47:46.000Z</time>
        <extensions>
          <ns3:TrackPointExtension>
            <ns3:atemp>15.0</ns3:atemp>
            <ns3:hr>143</ns3:hr>
          </ns3:TrackPointExtension>
        </extensions>
      </trkpt>
      <trkpt lat="48.0981530807912349700927734375" lon="11.45979962311685085296630859375">
        <ele>567.4000244140625</ele>
        <time>2023-10-15T05:47:48.000Z</time>
        <extensions>
          <ns3:TrackPointExtension>
            <ns3:atemp>15.0</ns3:atemp>
            <ns3:hr>143</ns3:hr>
          </ns3:TrackPointExtension>
        </extensions>
      </trkpt>
      <trkpt lat="48.09814360924065113067626953125" lon="11.45975067280232906341552734375">
        <ele>567.4000244140625</ele>
        <time>2023-10-15T05:47:50.000Z</time>
        <extensions>
          <ns3:TrackPointExtension>
            <ns3:atemp>15.0</ns3:atemp>
            <ns3:hr>142</ns3:hr>
          </ns3:TrackPointExtension>
        </extensions>
      </trkpt>
      <trkpt lat="48.09814008884131908416748046875" lon="11.4597194083034992218017578125">
        <ele>567.5999755859375</ele>
        <time>2023-10-15T05:47:52.000Z</time>
        <extensions>
          <ns3:TrackPointExtension>
            <ns3:atemp>15.0</ns3:atemp>
            <ns3:hr>143</ns3:hr>
          </ns3:TrackPointExtension>
        </extensions>
      </trkpt>
      <trkpt lat="48.09810672886669635772705078125" lon="11.459629051387310028076171875">
        <ele>567.5999755859375</ele>
        <time>2023-10-15T05:47:56.000Z</time>
        <extensions>
          <ns3:TrackPointExtension>
            <ns3:atemp>15.0</ns3:atemp>
            <ns3:hr>142</ns3:hr>
          </ns3:TrackPointExtension>
        </extensions>
      </trkpt>
      <trkpt lat="48.09807320125401020050048828125" lon="11.45959787070751190185546875">
        <ele>567.5999755859375</ele>
        <time>2023-10-15T05:47:58.000Z</time>
        <extensions>
          <ns3:TrackPointExtension>
            <ns3:atemp>15.0</ns3:atemp>
            <ns3:hr>142</ns3:hr>
          </ns3:TrackPointExtension>
        </extensions>
      </trkpt>
      <trkpt lat="48.09805124066770076751708984375" lon="11.45958621986210346221923828125">
        <ele>567.5999755859375</ele>
        <time>2023-10-15T05:48:00.000Z</time>
        <extensions>
          <ns3:TrackPointExtension>
            <ns3:atemp>15.0</ns3:atemp>
            <ns3:hr>142</ns3:hr>
          </ns3:TrackPointExtension>
        </extensions>
      </trkpt>
      <trkpt lat="48.09801285155117511749267578125" lon="11.4595192484557628631591796875">
        <ele>567.5999755859375</ele>
        <time>2023-10-15T05:48:04.000Z</time>
        <extensions>
          <ns3:TrackPointExtension>
            <ns3:atemp>15.0</ns3:atemp>
            <ns3:hr>143</ns3:hr>
          </ns3:TrackPointExtension>
        </extensions>
      </trkpt>
      <trkpt lat="48.09799072332680225372314453125" lon="11.45952369086444377899169921875">
        <ele>567.4000244140625</ele>
        <time>2023-10-15T05:48:06.000Z</time>
        <extensions>
          <ns3:TrackPointExtension>
            <ns3:atemp>15.0</ns3:atemp>
            <ns3:hr>143</ns3:hr>
          </ns3:TrackPointExtension>
        </extensions>
      </trkpt>
      <trkpt lat="48.09796775691211223602294921875" lon="11.45949016325175762176513671875">
        <ele>567.4000244140625</ele>
        <time>2023-10-15T05:48:08.000Z</time>
        <extensions>
          <ns3:TrackPointExtension>
            <ns3:atemp>15.0</ns3:atemp>
            <ns3:hr>143</ns3:hr>
          </ns3:TrackPointExtension>
        </extensions>
      </trkpt>
      <trkpt lat="48.0979592911899089813232421875" lon="11.45941338501870632171630859375">
        <ele>567.4000244140625</ele>
        <time>2023-10-15T05:48:10.000Z</time>
        <extensions>
          <ns3:TrackPointExtension>
            <ns3:atemp>15.0</ns3:atemp>
            <ns3:hr>146</ns3:hr>
          </ns3:TrackPointExtension>
        </extensions>
      </trkpt>
      <trkpt lat="48.09795334003865718841552734375" lon="11.459327302873134613037109375">
        <ele>567.5999755859375</ele>
        <time>2023-10-15T05:48:12.000Z</time>
        <extensions>
          <ns3:TrackPointExtension>
            <ns3:atemp>15.0</ns3:atemp>
            <ns3:hr>146</ns3:hr>
          </ns3:TrackPointExtension>
        </extensions>
      </trkpt>
      <trkpt lat="48.097916878759860992431640625" lon="11.4591715671122074127197265625">
        <ele>567.79998779296875</ele>
        <time>2023-10-15T05:48:16.000Z</time>
        <extensions>
          <ns3:TrackPointExtension>
            <ns3:atemp>15.0</ns3:atemp>
            <ns3:hr>147</ns3:hr>
          </ns3:TrackPointExtension>
        </extensions>
      </trkpt>
      <trkpt lat="48.09788108803331851959228515625" lon="11.45905715413391590118408203125">
        <ele>567.79998779296875</ele>
        <time>2023-10-15T05:48:19.000Z</time>
        <extensions>
          <ns3:TrackPointExtension>
            <ns3:atemp>15.0</ns3:atemp>
            <ns3:hr>147</ns3:hr>
          </ns3:TrackPointExtension>
        </extensions>
      </trkpt>
      <trkpt lat="48.09787035919725894927978515625" lon="11.4589898474514484405517578125">
        <ele>567.5999755859375</ele>
        <time>2023-10-15T05:48:20.000Z</time>
        <extensions>
          <ns3:TrackPointExtension>
            <ns3:atemp>15.0</ns3:atemp>
            <ns3:hr>146</ns3:hr>
          </ns3:TrackPointExtension>
        </extensions>
      </trkpt>
      <trkpt lat="48.0978171341121196746826171875" lon="11.458530016243457794189453125">
        <ele>567.79998779296875</ele>
        <time>2023-10-15T05:48:27.000Z</time>
        <extensions>
          <ns3:TrackPointExtension>
            <ns3:atemp>15.0</ns3:atemp>
            <ns3:hr>145</ns3:hr>
          </ns3:TrackPointExtension>
        </extensions>
      </trkpt>
      <trkpt lat="48.09782928787171840667724609375" lon="11.4583384059369564056396484375">
        <ele>568</ele>
        <time>2023-10-15T05:48:31.000Z</time>
        <extensions>
          <ns3:TrackPointExtension>
            <ns3:atemp>15.0</ns3:atemp>
            <ns3:hr>145</ns3:hr>
          </ns3:TrackPointExtension>
        </extensions>
      </trkpt>
      <trkpt lat="48.0978245101869106292724609375" lon="11.45825802348554134368896484375">
        <ele>568</ele>
        <time>2023-10-15T05:48:33.000Z</time>
        <extensions>
          <ns3:TrackPointExtension>
            <ns3:atemp>15.0</ns3:atemp>
            <ns3:hr>145</ns3:hr>
          </ns3:TrackPointExtension>
        </extensions>
      </trkpt>
      <trkpt lat="48.0978053994476795196533203125" lon="11.45817956887185573577880859375">
        <ele>568</ele>
        <time>2023-10-15T05:48:35.000Z</time>
        <extensions>
          <ns3:TrackPointExtension>
            <ns3:atemp>15.0</ns3:atemp>
            <ns3:hr>145</ns3:hr>
          </ns3:TrackPointExtension>
        </extensions>
      </trkpt>
      <trkpt lat="48.09775955043733119964599609375" lon="11.45789525471627712249755859375">
        <ele>567.79998779296875</ele>
        <time>2023-10-15T05:48:40.000Z</time>
        <extensions>
          <ns3:TrackPointExtension>
            <ns3:atemp>15.0</ns3:atemp>
            <ns3:hr>144</ns3:hr>
          </ns3:TrackPointExtension>
        </extensions>
      </trkpt>
      <trkpt lat="48.09772954322397708892822265625" lon="11.45771495997905731201171875">
        <ele>568</ele>
        <time>2023-10-15T05:48:43.000Z</time>
        <extensions>
          <ns3:TrackPointExtension>
            <ns3:atemp>15.0</ns3:atemp>
            <ns3:hr>143</ns3:hr>
          </ns3:TrackPointExtension>
        </extensions>
      </trkpt>
      <trkpt lat="48.0977269448339939117431640625" lon="11.457636170089244842529296875">
        <ele>567.79998779296875</ele>
        <time>2023-10-15T05:48:44.000Z</time>
        <extensions>
          <ns3:TrackPointExtension>
            <ns3:atemp>15.0</ns3:atemp>
            <ns3:hr>143</ns3:hr>
          </ns3:TrackPointExtension>
        </extensions>
      </trkpt>
      <trkpt lat="48.097694255411624908447265625" lon="11.45737876184284687042236328125">
        <ele>568</ele>
        <time>2023-10-15T05:48:49.000Z</time>
        <extensions>
          <ns3:TrackPointExtension>
            <ns3:atemp>15.0</ns3:atemp>
            <ns3:hr>142</ns3:hr>
          </ns3:TrackPointExtension>
        </extensions>
      </trkpt>
      <trkpt lat="48.09769065119326114654541015625" lon="11.45725588314235210418701171875">
        <ele>568</ele>
        <time>2023-10-15T05:48:53.000Z</time>
        <extensions>
          <ns3:TrackPointExtension>
            <ns3:atemp>15.0</ns3:atemp>
            <ns3:hr>141</ns3:hr>
          </ns3:TrackPointExtension>
        </extensions>
      </trkpt>
      <trkpt lat="48.0976898968219757080078125" lon="11.45724498666822910308837890625">
        <ele>568</ele>
        <time>2023-10-15T05:48:54.000Z</time>
        <extensions>
          <ns3:TrackPointExtension>
            <ns3:atemp>15.0</ns3:atemp>
            <ns3:hr>140</ns3:hr>
          </ns3:TrackPointExtension>
        </extensions>
      </trkpt>
      <trkpt lat="48.09768511913716793060302734375" lon="11.4571404643356800079345703125">
        <ele>567.79998779296875</ele>
        <time>2023-10-15T05:48:58.000Z</time>
        <extensions>
          <ns3:TrackPointExtension>
            <ns3:atemp>15.0</ns3:atemp>
            <ns3:hr>141</ns3:hr>
          </ns3:TrackPointExtension>
        </extensions>
      </trkpt>
      <trkpt lat="48.0976736359298229217529296875" lon="11.45706226117908954620361328125">
        <ele>567.79998779296875</ele>
        <time>2023-10-15T05:49:00.000Z</time>
        <extensions>
          <ns3:TrackPointExtension>
            <ns3:atemp>15.0</ns3:atemp>
            <ns3:hr>140</ns3:hr>
          </ns3:TrackPointExtension>
        </extensions>
      </trkpt>
      <trkpt lat="48.09763667173683643341064453125" lon="11.45692161284387111663818359375">
        <ele>567.5999755859375</ele>
        <time>2023-10-15T05:49:06.000Z</time>
        <extensions>
          <ns3:TrackPointExtension>
            <ns3:atemp>15.0</ns3:atemp>
            <ns3:hr>140</ns3:hr>
          </ns3:TrackPointExtension>
        </extensions>
      </trkpt>
      <trkpt lat="48.09762091375887393951416015625" lon="11.45689127035439014434814453125">
        <ele>567.5999755859375</ele>
        <time>2023-10-15T05:49:07.000Z</time>
        <extensions>
          <ns3:TrackPointExtension>
            <ns3:atemp>15.0</ns3:atemp>
            <ns3:hr>140</ns3:hr>
          </ns3:TrackPointExtension>
        </extensions>
      </trkpt>
      <trkpt lat="48.097589313983917236328125" lon="11.4566601812839508056640625">
        <ele>567.5999755859375</ele>
        <time>2023-10-15T05:49:11.000Z</time>
        <extensions>
          <ns3:TrackPointExtension>
            <ns3:atemp>15.0</ns3:atemp>
            <ns3:hr>141</ns3:hr>
          </ns3:TrackPointExtension>
        </extensions>
      </trkpt>
      <trkpt lat="48.09761504642665386199951171875" lon="11.4564886875450611114501953125">
        <ele>567.5999755859375</ele>
        <time>2023-10-15T05:49:14.000Z</time>
        <extensions>
          <ns3:TrackPointExtension>
            <ns3:atemp>15.0</ns3:atemp>
            <ns3:hr>142</ns3:hr>
          </ns3:TrackPointExtension>
        </extensions>
      </trkpt>
      <trkpt lat="48.09762627817690372467041015625" lon="11.45643797703087329864501953125">
        <ele>567.5999755859375</ele>
        <time>2023-10-15T05:49:15.000Z</time>
        <extensions>
          <ns3:TrackPointExtension>
            <ns3:atemp>15.0</ns3:atemp>
            <ns3:hr>143</ns3:hr>
          </ns3:TrackPointExtension>
        </extensions>
      </trkpt>
      <trkpt lat="48.09760213829576969146728515625" lon="11.45629783160984516143798828125">
        <ele>567.79998779296875</ele>
        <time>2023-10-15T05:49:19.000Z</time>
        <extensions>
          <ns3:TrackPointExtension>
            <ns3:atemp>15.0</ns3:atemp>
            <ns3:hr>143</ns3:hr>
          </ns3:TrackPointExtension>
        </extensions>
      </trkpt>
      <trkpt lat="48.0975713767111301422119140625" lon="11.45608627237379550933837890625">
        <ele>567.79998779296875</ele>
        <time>2023-10-15T05:49:23.000Z</time>
        <extensions>
          <ns3:TrackPointExtension>
            <ns3:atemp>15.0</ns3:atemp>
            <ns3:hr>144</ns3:hr>
          </ns3:TrackPointExtension>
        </extensions>
      </trkpt>
      <trkpt lat="48.09753424488008022308349609375" lon="11.45596423186361789703369140625">
        <ele>567.79998779296875</ele>
        <time>2023-10-15T05:49:26.000Z</time>
        <extensions>
          <ns3:TrackPointExtension>
            <ns3:atemp>15.0</ns3:atemp>
            <ns3:hr>143</ns3:hr>
          </ns3:TrackPointExtension>
        </extensions>
      </trkpt>
      <trkpt lat="48.09752100147306919097900390625" lon="11.45593657158315181732177734375">
        <ele>567.79998779296875</ele>
        <time>2023-10-15T05:49:27.000Z</time>
        <extensions>
          <ns3:TrackPointExtension>
            <ns3:atemp>15.0</ns3:atemp>
            <ns3:hr>143</ns3:hr>
          </ns3:TrackPointExtension>
        </extensions>
      </trkpt>
      <trkpt lat="48.0975235998630523681640625" lon="11.45586783997714519500732421875">
        <ele>567.79998779296875</ele>
        <time>2023-10-15T05:49:28.000Z</time>
        <extensions>
          <ns3:TrackPointExtension>
            <ns3:atemp>15.0</ns3:atemp>
            <ns3:hr>142</ns3:hr>
          </ns3:TrackPointExtension>
        </extensions>
      </trkpt>
      <trkpt lat="48.097519576549530029296875" lon="11.455755271017551422119140625">
        <ele>567.79998779296875</ele>
        <time>2023-10-15T05:49:30.000Z</time>
        <extensions>
          <ns3:TrackPointExtension>
            <ns3:atemp>15.0</ns3:atemp>
            <ns3:hr>142</ns3:hr>
          </ns3:TrackPointExtension>
        </extensions>
      </trkpt>
      <trkpt lat="48.09747523628175258636474609375" lon="11.45553139038383960723876953125">
        <ele>568</ele>
        <time>2023-10-15T05:49:34.000Z</time>
        <extensions>
          <ns3:TrackPointExtension>
            <ns3:atemp>15.0</ns3:atemp>
            <ns3:hr>142</ns3:hr>
          </ns3:TrackPointExtension>
        </extensions>
      </trkpt>
      <trkpt lat="48.0974738113582134246826171875" lon="11.45530776120722293853759765625">
        <ele>568</ele>
        <time>2023-10-15T05:49:37.000Z</time>
        <extensions>
          <ns3:TrackPointExtension>
            <ns3:atemp>15.0</ns3:atemp>
            <ns3:hr>142</ns3:hr>
          </ns3:TrackPointExtension>
        </extensions>
      </trkpt>
      <trkpt lat="48.0974473245441913604736328125" lon="11.45507893525063991546630859375">
        <ele>568.20001220703125</ele>
        <time>2023-10-15T05:49:41.000Z</time>
        <extensions>
          <ns3:TrackPointExtension>
            <ns3:atemp>15.0</ns3:atemp>
            <ns3:hr>141</ns3:hr>
          </ns3:TrackPointExtension>
        </extensions>
      </trkpt>
      <trkpt lat="48.09738689102232456207275390625" lon="11.4547975547611713409423828125">
        <ele>568.20001220703125</ele>
        <time>2023-10-15T05:49:47.000Z</time>
        <extensions>
          <ns3:TrackPointExtension>
            <ns3:atemp>15.0</ns3:atemp>
            <ns3:hr>140</ns3:hr>
          </ns3:TrackPointExtension>
        </extensions>
      </trkpt>
      <trkpt lat="48.09736065566539764404296875" lon="11.4545678906142711639404296875">
        <ele>568.20001220703125</ele>
        <time>2023-10-15T05:49:52.000Z</time>
        <extensions>
          <ns3:TrackPointExtension>
            <ns3:atemp>15.0</ns3:atemp>
            <ns3:hr>140</ns3:hr>
          </ns3:TrackPointExtension>
        </extensions>
      </trkpt>
      <trkpt lat="48.0973599851131439208984375" lon="11.45452774129807949066162109375">
        <ele>568.4000244140625</ele>
        <time>2023-10-15T05:49:53.000Z</time>
        <extensions>
          <ns3:TrackPointExtension>
            <ns3:atemp>15.0</ns3:atemp>
            <ns3:hr>139</ns3:hr>
          </ns3:TrackPointExtension>
        </extensions>
      </trkpt>
      <trkpt lat="48.097338192164897918701171875" lon="11.45435750484466552734375">
        <ele>568.4000244140625</ele>
        <time>2023-10-15T05:49:58.000Z</time>
        <extensions>
          <ns3:TrackPointExtension>
            <ns3:atemp>15.0</ns3:atemp>
            <ns3:hr>139</ns3:hr>
          </ns3:TrackPointExtension>
        </extensions>
      </trkpt>
      <trkpt lat="48.0973135493695735931396484375" lon="11.45432741381227970123291015625">
        <ele>568.4000244140625</ele>
        <time>2023-10-15T05:49:59.000Z</time>
        <extensions>
          <ns3:TrackPointExtension>
            <ns3:atemp>15.0</ns3:atemp>
            <ns3:hr>138</ns3:hr>
          </ns3:TrackPointExtension>
        </extensions>
      </trkpt>
      <trkpt lat="48.097285218536853790283203125" lon="11.45427259616553783416748046875">
        <ele>568.4000244140625</ele>
        <time>2023-10-15T05:50:01.000Z</time>
        <extensions>
          <ns3:TrackPointExtension>
            <ns3:atemp>15.0</ns3:atemp>
            <ns3:hr>138</ns3:hr>
          </ns3:TrackPointExtension>
        </extensions>
      </trkpt>
      <trkpt lat="48.097279183566570281982421875" lon="11.45424426533281803131103515625">
        <ele>568.5999755859375</ele>
        <time>2023-10-15T05:50:02.000Z</time>
        <extensions>
          <ns3:TrackPointExtension>
            <ns3:atemp>15.0</ns3:atemp>
            <ns3:hr>138</ns3:hr>
          </ns3:TrackPointExtension>
        </extensions>
      </trkpt>
      <trkpt lat="48.0972538702189922332763671875" lon="11.45413647405803203582763671875">
        <ele>568.5999755859375</ele>
        <time>2023-10-15T05:50:05.000Z</time>
        <extensions>
          <ns3:TrackPointExtension>
            <ns3:atemp>15.0</ns3:atemp>
            <ns3:hr>137</ns3:hr>
          </ns3:TrackPointExtension>
        </extensions>
      </trkpt>
      <trkpt lat="48.09723417274653911590576171875" lon="11.45411853678524494171142578125">
        <ele>568.79998779296875</ele>
        <time>2023-10-15T05:50:06.000Z</time>
        <extensions>
          <ns3:TrackPointExtension>
            <ns3:atemp>15.0</ns3:atemp>
            <ns3:hr>137</ns3:hr>
          </ns3:TrackPointExtension>
        </extensions>
      </trkpt>
      <trkpt lat="48.09709570370614528656005859375" lon="11.45404703915119171142578125">
        <ele>569</ele>
        <time>2023-10-15T05:50:11.000Z</time>
        <extensions>
          <ns3:TrackPointExtension>
            <ns3:atemp>15.0</ns3:atemp>
            <ns3:hr>134</ns3:hr>
          </ns3:TrackPointExtension>
        </extensions>
      </trkpt>
      <trkpt lat="48.09706686995923519134521484375" lon="11.45401795394718647003173828125">
        <ele>569</ele>
        <time>2023-10-15T05:50:12.000Z</time>
        <extensions>
          <ns3:TrackPointExtension>
            <ns3:atemp>15.0</ns3:atemp>
            <ns3:hr>134</ns3:hr>
          </ns3:TrackPointExtension>
        </extensions>
      </trkpt>
      <trkpt lat="48.09701825492084026336669921875" lon="11.45385283045470714569091796875">
        <ele>569</ele>
        <time>2023-10-15T05:50:15.000Z</time>
        <extensions>
          <ns3:TrackPointExtension>
            <ns3:atemp>15.0</ns3:atemp>
            <ns3:hr>134</ns3:hr>
          </ns3:TrackPointExtension>
        </extensions>
      </trkpt>
      <trkpt lat="48.09692722745239734649658203125" lon="11.4538886211812496185302734375">
        <ele>568.79998779296875</ele>
        <time>2023-10-15T05:50:17.000Z</time>
        <extensions>
          <ns3:TrackPointExtension>
            <ns3:atemp>15.0</ns3:atemp>
            <ns3:hr>134</ns3:hr>
          </ns3:TrackPointExtension>
        </extensions>
      </trkpt>
      <trkpt lat="48.09684164822101593017578125" lon="11.45383908413350582122802734375">
        <ele>567.79998779296875</ele>
        <time>2023-10-15T05:50:20.000Z</time>
        <extensions>
          <ns3:TrackPointExtension>
            <ns3:atemp>14.0</ns3:atemp>
            <ns3:hr>134</ns3:hr>
          </ns3:TrackPointExtension>
        </extensions>
      </trkpt>
      <trkpt lat="48.09680636040866374969482421875" lon="11.45383791066706180572509765625">
        <ele>567.79998779296875</ele>
        <time>2023-10-15T05:50:21.000Z</time>
        <extensions>
          <ns3:TrackPointExtension>
            <ns3:atemp>15.0</ns3:atemp>
            <ns3:hr>134</ns3:hr>
          </ns3:TrackPointExtension>
        </extensions>
      </trkpt>
      <trkpt lat="48.096725307404994964599609375" lon="11.45379231311380863189697265625">
        <ele>567.5999755859375</ele>
        <time>2023-10-15T05:50:24.000Z</time>
        <extensions>
          <ns3:TrackPointExtension>
            <ns3:atemp>14.0</ns3:atemp>
            <ns3:hr>134</ns3:hr>
          </ns3:TrackPointExtension>
        </extensions>
      </trkpt>
      <trkpt lat="48.09670326299965381622314453125" lon="11.4537555165588855743408203125">
        <ele>567.5999755859375</ele>
        <time>2023-10-15T05:50:25.000Z</time>
        <extensions>
          <ns3:TrackPointExtension>
            <ns3:atemp>15.0</ns3:atemp>
            <ns3:hr>134</ns3:hr>
          </ns3:TrackPointExtension>
        </extensions>
      </trkpt>
      <trkpt lat="48.096586503088474273681640625" lon="11.45354948937892913818359375">
        <ele>567.5999755859375</ele>
        <time>2023-10-15T05:50:30.000Z</time>
        <extensions>
          <ns3:TrackPointExtension>
            <ns3:atemp>14.0</ns3:atemp>
            <ns3:hr>136</ns3:hr>
          </ns3:TrackPointExtension>
        </extensions>
      </trkpt>
      <trkpt lat="48.09655171819031238555908203125" lon="11.45345829427242279052734375">
        <ele>567.5999755859375</ele>
        <time>2023-10-15T05:50:32.000Z</time>
        <extensions>
          <ns3:TrackPointExtension>
            <ns3:atemp>14.0</ns3:atemp>
            <ns3:hr>136</ns3:hr>
          </ns3:TrackPointExtension>
        </extensions>
      </trkpt>
      <trkpt lat="48.0965001694858074188232421875" lon="11.45338428206741809844970703125">
        <ele>567.5999755859375</ele>
        <time>2023-10-15T05:50:34.000Z</time>
        <extensions>
          <ns3:TrackPointExtension>
            <ns3:atemp>14.0</ns3:atemp>
            <ns3:hr>137</ns3:hr>
          </ns3:TrackPointExtension>
        </extensions>
      </trkpt>
      <trkpt lat="48.09638240374624729156494140625" lon="11.45313399843871593475341796875">
        <ele>567.79998779296875</ele>
        <time>2023-10-15T05:50:39.000Z</time>
        <extensions>
          <ns3:TrackPointExtension>
            <ns3:atemp>14.0</ns3:atemp>
            <ns3:hr>140</ns3:hr>
          </ns3:TrackPointExtension>
        </extensions>
      </trkpt>
      <trkpt lat="48.09636111371219158172607421875" lon="11.45308504812419414520263671875">
        <ele>567.79998779296875</ele>
        <time>2023-10-15T05:50:40.000Z</time>
        <extensions>
          <ns3:TrackPointExtension>
            <ns3:atemp>14.0</ns3:atemp>
            <ns3:hr>140</ns3:hr>
          </ns3:TrackPointExtension>
        </extensions>
      </trkpt>
      <trkpt lat="48.09625156223773956298828125" lon="11.4529089443385601043701171875">
        <ele>567.79998779296875</ele>
        <time>2023-10-15T05:50:45.000Z</time>
        <extensions>
          <ns3:TrackPointExtension>
            <ns3:atemp>14.0</ns3:atemp>
            <ns3:hr>142</ns3:hr>
          </ns3:TrackPointExtension>
        </extensions>
      </trkpt>
      <trkpt lat="48.0961826629936695098876953125" lon="11.452879272401332855224609375">
        <ele>567.79998779296875</ele>
        <time>2023-10-15T05:50:47.000Z</time>
        <extensions>
          <ns3:TrackPointExtension>
            <ns3:atemp>14.0</ns3:atemp>
            <ns3:hr>143</ns3:hr>
          </ns3:TrackPointExtension>
        </extensions>
      </trkpt>
      <trkpt lat="48.09609758667647838592529296875" lon="11.45283962599933147430419921875">
        <ele>567.79998779296875</ele>
        <time>2023-10-15T05:50:49.000Z</time>
        <extensions>
          <ns3:TrackPointExtension>
            <ns3:atemp>14.0</ns3:atemp>
            <ns3:hr>143</ns3:hr>
          </ns3:TrackPointExtension>
        </extensions>
      </trkpt>
      <trkpt lat="48.0960814096033573150634765625" lon="11.45275413058698177337646484375">
        <ele>568</ele>
        <time>2023-10-15T05:50:51.000Z</time>
        <extensions>
          <ns3:TrackPointExtension>
            <ns3:atemp>14.0</ns3:atemp>
            <ns3:hr>143</ns3:hr>
          </ns3:TrackPointExtension>
        </extensions>
      </trkpt>
      <trkpt lat="48.09606514871120452880859375" lon="11.45272747613489627838134765625">
        <ele>568</ele>
        <time>2023-10-15T05:50:52.000Z</time>
        <extensions>
          <ns3:TrackPointExtension>
            <ns3:atemp>14.0</ns3:atemp>
            <ns3:hr>143</ns3:hr>
          </ns3:TrackPointExtension>
        </extensions>
      </trkpt>
      <trkpt lat="48.0960663221776485443115234375" lon="11.45266477949917316436767578125">
        <ele>568</ele>
        <time>2023-10-15T05:50:53.000Z</time>
        <extensions>
          <ns3:TrackPointExtension>
            <ns3:atemp>14.0</ns3:atemp>
            <ns3:hr>143</ns3:hr>
          </ns3:TrackPointExtension>
        </extensions>
      </trkpt>
      <trkpt lat="48.09608283452689647674560546875" lon="11.45255112089216709136962890625">
        <ele>568</ele>
        <time>2023-10-15T05:50:55.000Z</time>
        <extensions>
          <ns3:TrackPointExtension>
            <ns3:atemp>14.0</ns3:atemp>
            <ns3:hr>143</ns3:hr>
          </ns3:TrackPointExtension>
        </extensions>
      </trkpt>
      <trkpt lat="48.09605886228382587432861328125" lon="11.4524509571492671966552734375">
        <ele>568.4000244140625</ele>
        <time>2023-10-15T05:50:57.000Z</time>
        <extensions>
          <ns3:TrackPointExtension>
            <ns3:atemp>14.0</ns3:atemp>
            <ns3:hr>143</ns3:hr>
          </ns3:TrackPointExtension>
        </extensions>
      </trkpt>
      <trkpt lat="48.09601745568215847015380859375" lon="11.45242656581103801727294921875">
        <ele>568.4000244140625</ele>
        <time>2023-10-15T05:50:58.000Z</time>
        <extensions>
          <ns3:TrackPointExtension>
            <ns3:atemp>14.0</ns3:atemp>
            <ns3:hr>143</ns3:hr>
          </ns3:TrackPointExtension>
        </extensions>
      </trkpt>
      <trkpt lat="48.095974959433078765869140625" lon="11.4523875899612903594970703125">
        <ele>568.5999755859375</ele>
        <time>2023-10-15T05:51:00.000Z</time>
        <extensions>
          <ns3:TrackPointExtension>
            <ns3:atemp>14.0</ns3:atemp>
            <ns3:hr>143</ns3:hr>
          </ns3:TrackPointExtension>
        </extensions>
      </trkpt>
      <trkpt lat="48.09581494890153408050537109375" lon="11.45236185751855373382568359375">
        <ele>568.4000244140625</ele>
        <time>2023-10-15T05:51:05.000Z</time>
        <extensions>
          <ns3:TrackPointExtension>
            <ns3:atemp>14.0</ns3:atemp>
            <ns3:hr>142</ns3:hr>
          </ns3:TrackPointExtension>
        </extensions>
      </trkpt>
      <trkpt lat="48.0957404337823390960693359375" lon="11.4523262344300746917724609375">
        <ele>568.79998779296875</ele>
        <time>2023-10-15T05:51:08.000Z</time>
        <extensions>
          <ns3:TrackPointExtension>
            <ns3:atemp>14.0</ns3:atemp>
            <ns3:hr>141</ns3:hr>
          </ns3:TrackPointExtension>
        </extensions>
      </trkpt>
      <trkpt lat="48.0956421978771686553955078125" lon="11.4522373862564563751220703125">
        <ele>569.20001220703125</ele>
        <time>2023-10-15T05:51:13.000Z</time>
        <extensions>
          <ns3:TrackPointExtension>
            <ns3:atemp>14.0</ns3:atemp>
            <ns3:hr>139</ns3:hr>
          </ns3:TrackPointExtension>
        </extensions>
      </trkpt>
      <trkpt lat="48.09562333859503269195556640625" lon="11.45220058970153331756591796875">
        <ele>569.20001220703125</ele>
        <time>2023-10-15T05:51:14.000Z</time>
        <extensions>
          <ns3:TrackPointExtension>
            <ns3:atemp>14.0</ns3:atemp>
            <ns3:hr>139</ns3:hr>
          </ns3:TrackPointExtension>
        </extensions>
      </trkpt>
      <trkpt lat="48.09560322202742099761962890625" lon="11.45209330134093761444091796875">
        <ele>568.79998779296875</ele>
        <time>2023-10-15T05:51:17.000Z</time>
        <extensions>
          <ns3:TrackPointExtension>
            <ns3:atemp>14.0</ns3:atemp>
            <ns3:hr>137</ns3:hr>
          </ns3:TrackPointExtension>
        </extensions>
      </trkpt>
      <trkpt lat="48.0956499092280864715576171875" lon="11.45187444984912872314453125">
        <ele>568.5999755859375</ele>
        <time>2023-10-15T05:51:22.000Z</time>
        <extensions>
          <ns3:TrackPointExtension>
            <ns3:atemp>14.0</ns3:atemp>
            <ns3:hr>136</ns3:hr>
          </ns3:TrackPointExtension>
        </extensions>
      </trkpt>
      <trkpt lat="48.09565250761806964874267578125" lon="11.451852321624755859375">
        <ele>568.5999755859375</ele>
        <time>2023-10-15T05:51:23.000Z</time>
        <extensions>
          <ns3:TrackPointExtension>
            <ns3:atemp>14.0</ns3:atemp>
            <ns3:hr>135</ns3:hr>
          </ns3:TrackPointExtension>
        </extensions>
      </trkpt>
      <trkpt lat="48.09567153453826904296875" lon="11.45182390697300434112548828125">
        <ele>568.5999755859375</ele>
        <time>2023-10-15T05:51:25.000Z</time>
        <extensions>
          <ns3:TrackPointExtension>
            <ns3:atemp>14.0</ns3:atemp>
            <ns3:hr>135</ns3:hr>
          </ns3:TrackPointExtension>
        </extensions>
      </trkpt>
      <trkpt lat="48.09571319259703159332275390625" lon="11.451725251972675323486328125">
        <ele>568.5999755859375</ele>
        <time>2023-10-15T05:51:30.000Z</time>
        <extensions>
          <ns3:TrackPointExtension>
            <ns3:atemp>14.0</ns3:atemp>
            <ns3:hr>135</ns3:hr>
          </ns3:TrackPointExtension>
        </extensions>
      </trkpt>
      <trkpt lat="48.09575996361672878265380859375" lon="11.45156775601208209991455078125">
        <ele>568.4000244140625</ele>
        <time>2023-10-15T05:51:36.000Z</time>
        <extensions>
          <ns3:TrackPointExtension>
            <ns3:atemp>14.0</ns3:atemp>
            <ns3:hr>136</ns3:hr>
          </ns3:TrackPointExtension>
        </extensions>
      </trkpt>
      <trkpt lat="48.095755688846111297607421875" lon="11.45150070078670978546142578125">
        <ele>568.20001220703125</ele>
        <time>2023-10-15T05:51:38.000Z</time>
        <extensions>
          <ns3:TrackPointExtension>
            <ns3:atemp>14.0</ns3:atemp>
            <ns3:hr>136</ns3:hr>
          </ns3:TrackPointExtension>
        </extensions>
      </trkpt>
      <trkpt lat="48.09577681124210357666015625" lon="11.4514628984034061431884765625">
        <ele>568.20001220703125</ele>
        <time>2023-10-15T05:51:40.000Z</time>
        <extensions>
          <ns3:TrackPointExtension>
            <ns3:atemp>14.0</ns3:atemp>
            <ns3:hr>136</ns3:hr>
          </ns3:TrackPointExtension>
        </extensions>
      </trkpt>
      <trkpt lat="48.0957937426865100860595703125" lon="11.4514206536114215850830078125">
        <ele>568.20001220703125</ele>
        <time>2023-10-15T05:51:41.000Z</time>
        <extensions>
          <ns3:TrackPointExtension>
            <ns3:atemp>14.0</ns3:atemp>
            <ns3:hr>135</ns3:hr>
          </ns3:TrackPointExtension>
        </extensions>
      </trkpt>
      <trkpt lat="48.09584411792457103729248046875" lon="11.45128377713263034820556640625">
        <ele>568.4000244140625</ele>
        <time>2023-10-15T05:51:46.000Z</time>
        <extensions>
          <ns3:TrackPointExtension>
            <ns3:atemp>14.0</ns3:atemp>
            <ns3:hr>135</ns3:hr>
          </ns3:TrackPointExtension>
        </extensions>
      </trkpt>
      <trkpt lat="48.0958664976060390472412109375" lon="11.45126349292695522308349609375">
        <ele>568.4000244140625</ele>
        <time>2023-10-15T05:51:48.000Z</time>
        <extensions>
          <ns3:TrackPointExtension>
            <ns3:atemp>14.0</ns3:atemp>
            <ns3:hr>135</ns3:hr>
          </ns3:TrackPointExtension>
        </extensions>
      </trkpt>
      <trkpt lat="48.09590178541839122772216796875" lon="11.45122912712395191192626953125">
        <ele>568.4000244140625</ele>
        <time>2023-10-15T05:51:50.000Z</time>
        <extensions>
          <ns3:TrackPointExtension>
            <ns3:atemp>14.0</ns3:atemp>
            <ns3:hr>135</ns3:hr>
          </ns3:TrackPointExtension>
        </extensions>
      </trkpt>
      <trkpt lat="48.0959885381162166595458984375" lon="11.45104967057704925537109375">
        <ele>568.20001220703125</ele>
        <time>2023-10-15T05:51:56.000Z</time>
        <extensions>
          <ns3:TrackPointExtension>
            <ns3:atemp>14.0</ns3:atemp>
            <ns3:hr>136</ns3:hr>
          </ns3:TrackPointExtension>
        </extensions>
      </trkpt>
      <trkpt lat="48.09603489004075527191162109375" lon="11.4509358443319797515869140625">
        <ele>568.4000244140625</ele>
        <time>2023-10-15T05:52:00.000Z</time>
        <extensions>
          <ns3:TrackPointExtension>
            <ns3:atemp>14.0</ns3:atemp>
            <ns3:hr>138</ns3:hr>
          </ns3:TrackPointExtension>
        </extensions>
      </trkpt>
      <trkpt lat="48.09603572823107242584228515625" lon="11.45091329701244831085205078125">
        <ele>568.20001220703125</ele>
        <time>2023-10-15T05:52:01.000Z</time>
        <extensions>
          <ns3:TrackPointExtension>
            <ns3:atemp>14.0</ns3:atemp>
            <ns3:hr>139</ns3:hr>
          </ns3:TrackPointExtension>
        </extensions>
      </trkpt>
      <trkpt lat="48.09606187976896762847900390625" lon="11.45079075358808040618896484375">
        <ele>568.20001220703125</ele>
        <time>2023-10-15T05:52:04.000Z</time>
        <extensions>
          <ns3:TrackPointExtension>
            <ns3:atemp>14.0</ns3:atemp>
            <ns3:hr>141</ns3:hr>
          </ns3:TrackPointExtension>
        </extensions>
      </trkpt>
      <trkpt lat="48.09611367993056774139404296875" lon="11.45073048770427703857421875">
        <ele>568.20001220703125</ele>
        <time>2023-10-15T05:52:05.000Z</time>
        <extensions>
          <ns3:TrackPointExtension>
            <ns3:atemp>14.0</ns3:atemp>
            <ns3:hr>141</ns3:hr>
          </ns3:TrackPointExtension>
        </extensions>
      </trkpt>
      <trkpt lat="48.09615475125610828399658203125" lon="11.45068748854100704193115234375">
        <ele>568.20001220703125</ele>
        <time>2023-10-15T05:52:06.000Z</time>
        <extensions>
          <ns3:TrackPointExtension>
            <ns3:atemp>14.0</ns3:atemp>
            <ns3:hr>141</ns3:hr>
          </ns3:TrackPointExtension>
        </extensions>
      </trkpt>
      <trkpt lat="48.09618308208882808685302734375" lon="11.450565867125988006591796875">
        <ele>568.20001220703125</ele>
        <time>2023-10-15T05:52:08.000Z</time>
        <extensions>
          <ns3:TrackPointExtension>
            <ns3:atemp>14.0</ns3:atemp>
            <ns3:hr>141</ns3:hr>
          </ns3:TrackPointExtension>
        </extensions>
      </trkpt>
      <trkpt lat="48.0962111614644527435302734375" lon="11.4504929445683956146240234375">
        <ele>568.4000244140625</ele>
        <time>2023-10-15T05:52:10.000Z</time>
        <extensions>
          <ns3:TrackPointExtension>
            <ns3:atemp>14.0</ns3:atemp>
            <ns3:hr>142</ns3:hr>
          </ns3:TrackPointExtension>
        </extensions>
      </trkpt>
      <trkpt lat="48.09622800908982753753662109375" lon="11.45042915828526020050048828125">
        <ele>568.4000244140625</ele>
        <time>2023-10-15T05:52:12.000Z</time>
        <extensions>
          <ns3:TrackPointExtension>
            <ns3:atemp>14.0</ns3:atemp>
            <ns3:hr>142</ns3:hr>
          </ns3:TrackPointExtension>
        </extensions>
      </trkpt>
      <trkpt lat="48.09622884728014469146728515625" lon="11.45036478526890277862548828125">
        <ele>568.4000244140625</ele>
        <time>2023-10-15T05:52:14.000Z</time>
        <extensions>
          <ns3:TrackPointExtension>
            <ns3:atemp>14.0</ns3:atemp>
            <ns3:hr>142</ns3:hr>
          </ns3:TrackPointExtension>
        </extensions>
      </trkpt>
      <trkpt lat="48.09628064744174480438232421875" lon="11.4502201974391937255859375">
        <ele>568.20001220703125</ele>
        <time>2023-10-15T05:52:19.000Z</time>
        <extensions>
          <ns3:TrackPointExtension>
            <ns3:atemp>14.0</ns3:atemp>
            <ns3:hr>142</ns3:hr>
          </ns3:TrackPointExtension>
        </extensions>
      </trkpt>
      <trkpt lat="48.09632842428982257843017578125" lon="11.450058929622173309326171875">
        <ele>568.20001220703125</ele>
        <time>2023-10-15T05:52:24.000Z</time>
        <extensions>
          <ns3:TrackPointExtension>
            <ns3:atemp>14.0</ns3:atemp>
            <ns3:hr>142</ns3:hr>
          </ns3:TrackPointExtension>
        </extensions>
      </trkpt>
      <trkpt lat="48.09630386531352996826171875" lon="11.449972428381443023681640625">
        <ele>568.4000244140625</ele>
        <time>2023-10-15T05:52:27.000Z</time>
        <extensions>
          <ns3:TrackPointExtension>
            <ns3:atemp>14.0</ns3:atemp>
            <ns3:hr>142</ns3:hr>
          </ns3:TrackPointExtension>
        </extensions>
      </trkpt>
      <trkpt lat="48.0962587706744670867919921875" lon="11.44988534040749073028564453125">
        <ele>568.20001220703125</ele>
        <time>2023-10-15T05:52:29.000Z</time>
        <extensions>
          <ns3:TrackPointExtension>
            <ns3:atemp>14.0</ns3:atemp>
            <ns3:hr>141</ns3:hr>
          </ns3:TrackPointExtension>
        </extensions>
      </trkpt>
      <trkpt lat="48.09613949619233608245849609375" lon="11.4496483840048313140869140625">
        <ele>568.20001220703125</ele>
        <time>2023-10-15T05:52:34.000Z</time>
        <extensions>
          <ns3:TrackPointExtension>
            <ns3:atemp>14.0</ns3:atemp>
            <ns3:hr>141</ns3:hr>
          </ns3:TrackPointExtension>
        </extensions>
      </trkpt>
      <trkpt lat="48.09602625668048858642578125" lon="11.4494767226278781890869140625">
        <ele>568.4000244140625</ele>
        <time>2023-10-15T05:52:38.000Z</time>
        <extensions>
          <ns3:TrackPointExtension>
            <ns3:atemp>14.0</ns3:atemp>
            <ns3:hr>142</ns3:hr>
          </ns3:TrackPointExtension>
        </extensions>
      </trkpt>
      <trkpt lat="48.0958577804267406463623046875" lon="11.44930028356611728668212890625">
        <ele>568.79998779296875</ele>
        <time>2023-10-15T05:52:43.000Z</time>
        <extensions>
          <ns3:TrackPointExtension>
            <ns3:atemp>14.0</ns3:atemp>
            <ns3:hr>142</ns3:hr>
          </ns3:TrackPointExtension>
        </extensions>
      </trkpt>
      <trkpt lat="48.0957354046404361724853515625" lon="11.44916541874408721923828125">
        <ele>568.5999755859375</ele>
        <time>2023-10-15T05:52:47.000Z</time>
        <extensions>
          <ns3:TrackPointExtension>
            <ns3:atemp>14.0</ns3:atemp>
            <ns3:hr>141</ns3:hr>
          </ns3:TrackPointExtension>
        </extensions>
      </trkpt>
      <trkpt lat="48.09570313431322574615478515625" lon="11.44914270378649234771728515625">
        <ele>568.5999755859375</ele>
        <time>2023-10-15T05:52:48.000Z</time>
        <extensions>
          <ns3:TrackPointExtension>
            <ns3:atemp>14.0</ns3:atemp>
            <ns3:hr>141</ns3:hr>
          </ns3:TrackPointExtension>
        </extensions>
      </trkpt>
      <trkpt lat="48.09561051428318023681640625" lon="11.449057795107364654541015625">
        <ele>568.5999755859375</ele>
        <time>2023-10-15T05:52:51.000Z</time>
        <extensions>
          <ns3:TrackPointExtension>
            <ns3:atemp>14.0</ns3:atemp>
            <ns3:hr>141</ns3:hr>
          </ns3:TrackPointExtension>
        </extensions>
      </trkpt>
      <trkpt lat="48.0955466441810131072998046875" lon="11.44898093305528163909912109375">
        <ele>568.79998779296875</ele>
        <time>2023-10-15T05:52:53.000Z</time>
        <extensions>
          <ns3:TrackPointExtension>
            <ns3:atemp>14.0</ns3:atemp>
            <ns3:hr>140</ns3:hr>
          </ns3:TrackPointExtension>
        </extensions>
      </trkpt>
      <trkpt lat="48.095380850136280059814453125" lon="11.44875847734510898590087890625">
        <ele>568.79998779296875</ele>
        <time>2023-10-15T05:52:58.000Z</time>
        <extensions>
          <ns3:TrackPointExtension>
            <ns3:atemp>14.0</ns3:atemp>
            <ns3:hr>141</ns3:hr>
          </ns3:TrackPointExtension>
        </extensions>
      </trkpt>
      <trkpt lat="48.0951738171279430389404296875" lon="11.44849478267133235931396484375">
        <ele>569</ele>
        <time>2023-10-15T05:53:05.000Z</time>
        <extensions>
          <ns3:TrackPointExtension>
            <ns3:atemp>14.0</ns3:atemp>
            <ns3:hr>143</ns3:hr>
          </ns3:TrackPointExtension>
        </extensions>
      </trkpt>
      <trkpt lat="48.095026127994060516357421875" lon="11.44828439690172672271728515625">
        <ele>569</ele>
        <time>2023-10-15T05:53:11.000Z</time>
        <extensions>
          <ns3:TrackPointExtension>
            <ns3:atemp>14.0</ns3:atemp>
            <ns3:hr>144</ns3:hr>
          </ns3:TrackPointExtension>
        </extensions>
      </trkpt>
      <trkpt lat="48.094832338392734527587890625" lon="11.44807116128504276275634765625">
        <ele>569.20001220703125</ele>
        <time>2023-10-15T05:53:18.000Z</time>
        <extensions>
          <ns3:TrackPointExtension>
            <ns3:atemp>14.0</ns3:atemp>
            <ns3:hr>146</ns3:hr>
          </ns3:TrackPointExtension>
        </extensions>
      </trkpt>
      <trkpt lat="48.0948043428361415863037109375" lon="11.44801877439022064208984375">
        <ele>569.20001220703125</ele>
        <time>2023-10-15T05:53:19.000Z</time>
        <extensions>
          <ns3:TrackPointExtension>
            <ns3:atemp>14.0</ns3:atemp>
            <ns3:hr>146</ns3:hr>
          </ns3:TrackPointExtension>
        </extensions>
      </trkpt>
      <trkpt lat="48.09473133645951747894287109375" lon="11.447917856276035308837890625">
        <ele>569.20001220703125</ele>
        <time>2023-10-15T05:53:22.000Z</time>
        <extensions>
          <ns3:TrackPointExtension>
            <ns3:atemp>14.0</ns3:atemp>
            <ns3:hr>146</ns3:hr>
          </ns3:TrackPointExtension>
        </extensions>
      </trkpt>
      <trkpt lat="48.09456369839608669281005859375" lon="11.44781760871410369873046875">
        <ele>569.4000244140625</ele>
        <time>2023-10-15T05:53:29.000Z</time>
        <extensions>
          <ns3:TrackPointExtension>
            <ns3:atemp>14.0</ns3:atemp>
            <ns3:hr>147</ns3:hr>
          </ns3:TrackPointExtension>
        </extensions>
      </trkpt>
      <trkpt lat="48.0945384688675403594970703125" lon="11.44780327565968036651611328125">
        <ele>569.20001220703125</ele>
        <time>2023-10-15T05:53:30.000Z</time>
        <extensions>
          <ns3:TrackPointExtension>
            <ns3:atemp>14.0</ns3:atemp>
            <ns3:hr>148</ns3:hr>
          </ns3:TrackPointExtension>
        </extensions>
      </trkpt>
      <trkpt lat="48.0944432504475116729736328125" lon="11.44776170141994953155517578125">
        <ele>569.20001220703125</ele>
        <time>2023-10-15T05:53:33.000Z</time>
        <extensions>
          <ns3:TrackPointExtension>
            <ns3:atemp>14.0</ns3:atemp>
            <ns3:hr>149</ns3:hr>
          </ns3:TrackPointExtension>
        </extensions>
      </trkpt>
      <trkpt lat="48.09437544085085391998291015625" lon="11.44770897924900054931640625">
        <ele>569.20001220703125</ele>
        <time>2023-10-15T05:53:35.000Z</time>
        <extensions>
          <ns3:TrackPointExtension>
            <ns3:atemp>14.0</ns3:atemp>
            <ns3:hr>149</ns3:hr>
          </ns3:TrackPointExtension>
        </extensions>
      </trkpt>
      <trkpt lat="48.09432037174701690673828125" lon="11.447657682001590728759765625">
        <ele>569.4000244140625</ele>
        <time>2023-10-15T05:53:37.000Z</time>
        <extensions>
          <ns3:TrackPointExtension>
            <ns3:atemp>14.0</ns3:atemp>
            <ns3:hr>149</ns3:hr>
          </ns3:TrackPointExtension>
        </extensions>
      </trkpt>
      <trkpt lat="48.09422607533633708953857421875" lon="11.44754393957555294036865234375">
        <ele>570</ele>
        <time>2023-10-15T05:53:41.000Z</time>
        <extensions>
          <ns3:TrackPointExtension>
            <ns3:atemp>14.0</ns3:atemp>
            <ns3:hr>150</ns3:hr>
          </ns3:TrackPointExtension>
        </extensions>
      </trkpt>
      <trkpt lat="48.0941059626638889312744140625" lon="11.4474439434707164764404296875">
        <ele>569.79998779296875</ele>
        <time>2023-10-15T05:53:46.000Z</time>
        <extensions>
          <ns3:TrackPointExtension>
            <ns3:atemp>14.0</ns3:atemp>
            <ns3:hr>149</ns3:hr>
          </ns3:TrackPointExtension>
        </extensions>
      </trkpt>
      <trkpt lat="48.09397830627858638763427734375" lon="11.4472402632236480712890625">
        <ele>569.79998779296875</ele>
        <time>2023-10-15T05:53:52.000Z</time>
        <extensions>
          <ns3:TrackPointExtension>
            <ns3:atemp>14.0</ns3:atemp>
            <ns3:hr>149</ns3:hr>
          </ns3:TrackPointExtension>
        </extensions>
      </trkpt>
      <trkpt lat="48.0938581936061382293701171875" lon="11.44718955270946025848388671875">
        <ele>569.79998779296875</ele>
        <time>2023-10-15T05:53:57.000Z</time>
        <extensions>
          <ns3:TrackPointExtension>
            <ns3:atemp>14.0</ns3:atemp>
            <ns3:hr>149</ns3:hr>
          </ns3:TrackPointExtension>
        </extensions>
      </trkpt>
      <trkpt lat="48.0937157012522220611572265625" lon="11.44710020162165164947509765625">
        <ele>569.79998779296875</ele>
        <time>2023-10-15T05:54:02.000Z</time>
        <extensions>
          <ns3:TrackPointExtension>
            <ns3:atemp>14.0</ns3:atemp>
            <ns3:hr>151</ns3:hr>
          </ns3:TrackPointExtension>
        </extensions>
      </trkpt>
      <trkpt lat="48.09363515116274356842041015625" lon="11.44699190743267536163330078125">
        <ele>570</ele>
        <time>2023-10-15T05:54:05.000Z</time>
        <extensions>
          <ns3:TrackPointExtension>
            <ns3:atemp>14.0</ns3:atemp>
            <ns3:hr>147</ns3:hr>
          </ns3:TrackPointExtension>
        </extensions>
      </trkpt>
      <trkpt lat="48.09355937875807285308837890625" lon="11.446928121149539947509765625">
        <ele>569.79998779296875</ele>
        <time>2023-10-15T05:54:07.000Z</time>
        <extensions>
          <ns3:TrackPointExtension>
            <ns3:atemp>14.0</ns3:atemp>
            <ns3:hr>144</ns3:hr>
          </ns3:TrackPointExtension>
        </extensions>
      </trkpt>
      <trkpt lat="48.093527443706989288330078125" lon="11.44690071232616901397705078125">
        <ele>570</ele>
        <time>2023-10-15T05:54:08.000Z</time>
        <extensions>
          <ns3:TrackPointExtension>
            <ns3:atemp>14.0</ns3:atemp>
            <ns3:hr>143</ns3:hr>
          </ns3:TrackPointExtension>
        </extensions>
      </trkpt>
      <trkpt lat="48.09335343539714813232421875" lon="11.44681069068610668182373046875">
        <ele>570</ele>
        <time>2023-10-15T05:54:14.000Z</time>
        <extensions>
          <ns3:TrackPointExtension>
            <ns3:atemp>14.0</ns3:atemp>
            <ns3:hr>141</ns3:hr>
          </ns3:TrackPointExtension>
        </extensions>
      </trkpt>
      <trkpt lat="48.093174733221530914306640625" lon="11.44668973982334136962890625">
        <ele>570</ele>
        <time>2023-10-15T05:54:20.000Z</time>
        <extensions>
          <ns3:TrackPointExtension>
            <ns3:atemp>14.0</ns3:atemp>
            <ns3:hr>140</ns3:hr>
          </ns3:TrackPointExtension>
        </extensions>
      </trkpt>
      <trkpt lat="48.093104325234889984130859375" lon="11.44661170430481433868408203125">
        <ele>570</ele>
        <time>2023-10-15T05:54:24.000Z</time>
        <extensions>
          <ns3:TrackPointExtension>
            <ns3:atemp>14.0</ns3:atemp>
            <ns3:hr>139</ns3:hr>
          </ns3:TrackPointExtension>
        </extensions>
      </trkpt>
      <trkpt lat="48.09308110736310482025146484375" lon="11.4466010592877864837646484375">
        <ele>569.79998779296875</ele>
        <time>2023-10-15T05:54:25.000Z</time>
        <extensions>
          <ns3:TrackPointExtension>
            <ns3:atemp>14.0</ns3:atemp>
            <ns3:hr>139</ns3:hr>
          </ns3:TrackPointExtension>
        </extensions>
      </trkpt>
      <trkpt lat="48.09296862222254276275634765625" lon="11.4464780129492282867431640625">
        <ele>570.4000244140625</ele>
        <time>2023-10-15T05:54:30.000Z</time>
        <extensions>
          <ns3:TrackPointExtension>
            <ns3:atemp>14.0</ns3:atemp>
            <ns3:hr>139</ns3:hr>
          </ns3:TrackPointExtension>
        </extensions>
      </trkpt>
      <trkpt lat="48.09281456284224987030029296875" lon="11.44636787474155426025390625">
        <ele>570.4000244140625</ele>
        <time>2023-10-15T05:54:36.000Z</time>
        <extensions>
          <ns3:TrackPointExtension>
            <ns3:atemp>14.0</ns3:atemp>
            <ns3:hr>139</ns3:hr>
          </ns3:TrackPointExtension>
        </extensions>
      </trkpt>
      <trkpt lat="48.0927977152168750762939453125" lon="11.44633912481367588043212890625">
        <ele>570.20001220703125</ele>
        <time>2023-10-15T05:54:37.000Z</time>
        <extensions>
          <ns3:TrackPointExtension>
            <ns3:atemp>14.0</ns3:atemp>
            <ns3:hr>139</ns3:hr>
          </ns3:TrackPointExtension>
        </extensions>
      </trkpt>
      <trkpt lat="48.09277533553540706634521484375" lon="11.446319259703159332275390625">
        <ele>570.4000244140625</ele>
        <time>2023-10-15T05:54:38.000Z</time>
        <extensions>
          <ns3:TrackPointExtension>
            <ns3:atemp>14.0</ns3:atemp>
            <ns3:hr>139</ns3:hr>
          </ns3:TrackPointExtension>
        </extensions>
      </trkpt>
      <trkpt lat="48.0927159078419208526611328125" lon="11.4463283121585845947265625">
        <ele>570.4000244140625</ele>
        <time>2023-10-15T05:54:40.000Z</time>
        <extensions>
          <ns3:TrackPointExtension>
            <ns3:atemp>14.0</ns3:atemp>
            <ns3:hr>139</ns3:hr>
          </ns3:TrackPointExtension>
        </extensions>
      </trkpt>
      <trkpt lat="48.0926924385130405426025390625" lon="11.44631951116025447845458984375">
        <ele>570.4000244140625</ele>
        <time>2023-10-15T05:54:41.000Z</time>
        <extensions>
          <ns3:TrackPointExtension>
            <ns3:atemp>14.0</ns3:atemp>
            <ns3:hr>139</ns3:hr>
          </ns3:TrackPointExtension>
        </extensions>
      </trkpt>
      <trkpt lat="48.09262865222990512847900390625" lon="11.44624608568847179412841796875">
        <ele>570.4000244140625</ele>
        <time>2023-10-15T05:54:44.000Z</time>
        <extensions>
          <ns3:TrackPointExtension>
            <ns3:atemp>14.0</ns3:atemp>
            <ns3:hr>137</ns3:hr>
          </ns3:TrackPointExtension>
        </extensions>
      </trkpt>
      <trkpt lat="48.09256461448967456817626953125" lon="11.446175761520862579345703125">
        <ele>570.5999755859375</ele>
        <time>2023-10-15T05:54:48.000Z</time>
        <extensions>
          <ns3:TrackPointExtension>
            <ns3:atemp>14.0</ns3:atemp>
            <ns3:hr>136</ns3:hr>
          </ns3:TrackPointExtension>
        </extensions>
      </trkpt>
      <trkpt lat="48.0925274826586246490478515625" lon="11.4461430720984935760498046875">
        <ele>570.5999755859375</ele>
        <time>2023-10-15T05:54:50.000Z</time>
        <extensions>
          <ns3:TrackPointExtension>
            <ns3:atemp>14.0</ns3:atemp>
            <ns3:hr>135</ns3:hr>
          </ns3:TrackPointExtension>
        </extensions>
      </trkpt>
      <trkpt lat="48.0924993194639682769775390625" lon="11.44607241265475749969482421875">
        <ele>570.79998779296875</ele>
        <time>2023-10-15T05:54:53.000Z</time>
        <extensions>
          <ns3:TrackPointExtension>
            <ns3:atemp>14.0</ns3:atemp>
            <ns3:hr>135</ns3:hr>
          </ns3:TrackPointExtension>
        </extensions>
      </trkpt>
      <trkpt lat="48.09249378740787506103515625" lon="11.4459849894046783447265625">
        <ele>570.79998779296875</ele>
        <time>2023-10-15T05:54:55.000Z</time>
        <extensions>
          <ns3:TrackPointExtension>
            <ns3:atemp>14.0</ns3:atemp>
            <ns3:hr>134</ns3:hr>
          </ns3:TrackPointExtension>
        </extensions>
      </trkpt>
      <trkpt lat="48.09247124008834362030029296875" lon="11.4457762800157070159912109375">
        <ele>570.4000244140625</ele>
        <time>2023-10-15T05:54:59.000Z</time>
        <extensions>
          <ns3:TrackPointExtension>
            <ns3:atemp>14.0</ns3:atemp>
            <ns3:hr>134</ns3:hr>
          </ns3:TrackPointExtension>
        </extensions>
      </trkpt>
      <trkpt lat="48.0924691446125507354736328125" lon="11.44574870355427265167236328125">
        <ele>570.4000244140625</ele>
        <time>2023-10-15T05:55:00.000Z</time>
        <extensions>
          <ns3:TrackPointExtension>
            <ns3:atemp>14.0</ns3:atemp>
            <ns3:hr>134</ns3:hr>
          </ns3:TrackPointExtension>
        </extensions>
      </trkpt>
      <trkpt lat="48.0924550630152225494384765625" lon="11.445562206208705902099609375">
        <ele>570.4000244140625</ele>
        <time>2023-10-15T05:55:04.000Z</time>
        <extensions>
          <ns3:TrackPointExtension>
            <ns3:atemp>14.0</ns3:atemp>
            <ns3:hr>134</ns3:hr>
          </ns3:TrackPointExtension>
        </extensions>
      </trkpt>
      <trkpt lat="48.0924730002880096435546875" lon="11.44512224011123180389404296875">
        <ele>570.4000244140625</ele>
        <time>2023-10-15T05:55:12.000Z</time>
        <extensions>
          <ns3:TrackPointExtension>
            <ns3:atemp>14.0</ns3:atemp>
            <ns3:hr>136</ns3:hr>
          </ns3:TrackPointExtension>
        </extensions>
      </trkpt>
      <trkpt lat="48.09242681600153446197509765625" lon="11.4448110200464725494384765625">
        <ele>570.4000244140625</ele>
        <time>2023-10-15T05:55:18.000Z</time>
        <extensions>
          <ns3:TrackPointExtension>
            <ns3:atemp>14.0</ns3:atemp>
            <ns3:hr>137</ns3:hr>
          </ns3:TrackPointExtension>
        </extensions>
      </trkpt>
      <trkpt lat="48.09235808439552783966064453125" lon="11.44454640336334705352783203125">
        <ele>570.5999755859375</ele>
        <time>2023-10-15T05:55:25.000Z</time>
        <extensions>
          <ns3:TrackPointExtension>
            <ns3:atemp>14.0</ns3:atemp>
            <ns3:hr>138</ns3:hr>
          </ns3:TrackPointExtension>
        </extensions>
      </trkpt>
      <trkpt lat="48.09227921068668365478515625" lon="11.444207690656185150146484375">
        <ele>570.5999755859375</ele>
        <time>2023-10-15T05:55:33.000Z</time>
        <extensions>
          <ns3:TrackPointExtension>
            <ns3:atemp>14.0</ns3:atemp>
            <ns3:hr>140</ns3:hr>
          </ns3:TrackPointExtension>
        </extensions>
      </trkpt>
      <trkpt lat="48.09221425093710422515869140625" lon="11.443952880799770355224609375">
        <ele>570.4000244140625</ele>
        <time>2023-10-15T05:55:39.000Z</time>
        <extensions>
          <ns3:TrackPointExtension>
            <ns3:atemp>14.0</ns3:atemp>
            <ns3:hr>143</ns3:hr>
          </ns3:TrackPointExtension>
        </extensions>
      </trkpt>
      <trkpt lat="48.09218692593276500701904296875" lon="11.4438688941299915313720703125">
        <ele>570.4000244140625</ele>
        <time>2023-10-15T05:55:41.000Z</time>
        <extensions>
          <ns3:TrackPointExtension>
            <ns3:atemp>14.0</ns3:atemp>
            <ns3:hr>144</ns3:hr>
          </ns3:TrackPointExtension>
        </extensions>
      </trkpt>
      <trkpt lat="48.09210428036749362945556640625" lon="11.44349656999111175537109375">
        <ele>570.5999755859375</ele>
        <time>2023-10-15T05:55:49.000Z</time>
        <extensions>
          <ns3:TrackPointExtension>
            <ns3:atemp>14.0</ns3:atemp>
            <ns3:hr>146</ns3:hr>
          </ns3:TrackPointExtension>
        </extensions>
      </trkpt>
      <trkpt lat="48.0920326150953769683837890625" lon="11.443150229752063751220703125">
        <ele>570.5999755859375</ele>
        <time>2023-10-15T05:55:57.000Z</time>
        <extensions>
          <ns3:TrackPointExtension>
            <ns3:atemp>14.0</ns3:atemp>
            <ns3:hr>146</ns3:hr>
          </ns3:TrackPointExtension>
        </extensions>
      </trkpt>
      <trkpt lat="48.0919612012803554534912109375" lon="11.44269266165792942047119140625">
        <ele>570.79998779296875</ele>
        <time>2023-10-15T05:56:07.000Z</time>
        <extensions>
          <ns3:TrackPointExtension>
            <ns3:atemp>14.0</ns3:atemp>
            <ns3:hr>146</ns3:hr>
          </ns3:TrackPointExtension>
        </extensions>
      </trkpt>
      <trkpt lat="48.091889284551143646240234375" lon="11.442426033318042755126953125">
        <ele>570.79998779296875</ele>
        <time>2023-10-15T05:56:14.000Z</time>
        <extensions>
          <ns3:TrackPointExtension>
            <ns3:atemp>14.0</ns3:atemp>
            <ns3:hr>145</ns3:hr>
          </ns3:TrackPointExtension>
        </extensions>
      </trkpt>
      <trkpt lat="48.0918431840837001800537109375" lon="11.44217449240386486053466796875">
        <ele>570.79998779296875</ele>
        <time>2023-10-15T05:56:20.000Z</time>
        <extensions>
          <ns3:TrackPointExtension>
            <ns3:atemp>14.0</ns3:atemp>
            <ns3:hr>144</ns3:hr>
          </ns3:TrackPointExtension>
        </extensions>
      </trkpt>
      <trkpt lat="48.0917640589177608489990234375" lon="11.44183636642992496490478515625">
        <ele>570.79998779296875</ele>
        <time>2023-10-15T05:56:28.000Z</time>
        <extensions>
          <ns3:TrackPointExtension>
            <ns3:atemp>14.0</ns3:atemp>
            <ns3:hr>145</ns3:hr>
          </ns3:TrackPointExtension>
        </extensions>
      </trkpt>
      <trkpt lat="48.09171636588871479034423828125" lon="11.441434286534786224365234375">
        <ele>570.79998779296875</ele>
        <time>2023-10-15T05:56:38.000Z</time>
        <extensions>
          <ns3:TrackPointExtension>
            <ns3:atemp>14.0</ns3:atemp>
            <ns3:hr>143</ns3:hr>
          </ns3:TrackPointExtension>
        </extensions>
      </trkpt>
      <trkpt lat="48.09163749217987060546875" lon="11.4410113357007503509521484375">
        <ele>570.5999755859375</ele>
        <time>2023-10-15T05:56:48.000Z</time>
        <extensions>
          <ns3:TrackPointExtension>
            <ns3:atemp>14.0</ns3:atemp>
            <ns3:hr>142</ns3:hr>
          </ns3:TrackPointExtension>
        </extensions>
      </trkpt>
      <trkpt lat="48.09164780192077159881591796875" lon="11.4409865252673625946044921875">
        <ele>570.79998779296875</ele>
        <time>2023-10-15T05:56:49.000Z</time>
        <extensions>
          <ns3:TrackPointExtension>
            <ns3:atemp>14.0</ns3:atemp>
            <ns3:hr>142</ns3:hr>
          </ns3:TrackPointExtension>
        </extensions>
      </trkpt>
      <trkpt lat="48.09165450744330883026123046875" lon="11.4408405125141143798828125">
        <ele>570.79998779296875</ele>
        <time>2023-10-15T05:56:53.000Z</time>
        <extensions>
          <ns3:TrackPointExtension>
            <ns3:atemp>14.0</ns3:atemp>
            <ns3:hr>141</ns3:hr>
          </ns3:TrackPointExtension>
        </extensions>
      </trkpt>
      <trkpt lat="48.09161779470741748809814453125" lon="11.44071335904300212860107421875">
        <ele>570.5999755859375</ele>
        <time>2023-10-15T05:56:58.000Z</time>
        <extensions>
          <ns3:TrackPointExtension>
            <ns3:atemp>14.0</ns3:atemp>
            <ns3:hr>142</ns3:hr>
          </ns3:TrackPointExtension>
        </extensions>
      </trkpt>
      <trkpt lat="48.09159616939723491668701171875" lon="11.44061327911913394927978515625">
        <ele>570.79998779296875</ele>
        <time>2023-10-15T05:57:05.000Z</time>
        <extensions>
          <ns3:TrackPointExtension>
            <ns3:atemp>14.0</ns3:atemp>
            <ns3:hr>141</ns3:hr>
          </ns3:TrackPointExtension>
        </extensions>
      </trkpt>
      <trkpt lat="48.09156146831810474395751953125" lon="11.4405506663024425506591796875">
        <ele>570.5999755859375</ele>
        <time>2023-10-15T05:57:12.000Z</time>
        <extensions>
          <ns3:TrackPointExtension>
            <ns3:atemp>14.0</ns3:atemp>
            <ns3:hr>139</ns3:hr>
          </ns3:TrackPointExtension>
        </extensions>
      </trkpt>
      <trkpt lat="48.0915313772857189178466796875" lon="11.44037087447941303253173828125">
        <ele>570.79998779296875</ele>
        <time>2023-10-15T05:57:22.000Z</time>
        <extensions>
          <ns3:TrackPointExtension>
            <ns3:atemp>14.0</ns3:atemp>
            <ns3:hr>138</ns3:hr>
          </ns3:TrackPointExtension>
        </extensions>
      </trkpt>
      <trkpt lat="48.0915074050426483154296875" lon="11.440219581127166748046875">
        <ele>570.4000244140625</ele>
        <time>2023-10-15T05:57:30.000Z</time>
        <extensions>
          <ns3:TrackPointExtension>
            <ns3:atemp>14.0</ns3:atemp>
            <ns3:hr>137</ns3:hr>
          </ns3:TrackPointExtension>
        </extensions>
      </trkpt>
      <trkpt lat="48.09148184023797512054443359375" lon="11.44007599912583827972412109375">
        <ele>570.4000244140625</ele>
        <time>2023-10-15T05:57:38.000Z</time>
        <extensions>
          <ns3:TrackPointExtension>
            <ns3:atemp>14.0</ns3:atemp>
            <ns3:hr>136</ns3:hr>
          </ns3:TrackPointExtension>
        </extensions>
      </trkpt>
      <trkpt lat="48.09143054299056529998779296875" lon="11.43988388590514659881591796875">
        <ele>570.4000244140625</ele>
        <time>2023-10-15T05:57:44.000Z</time>
        <extensions>
          <ns3:TrackPointExtension>
            <ns3:atemp>14.0</ns3:atemp>
            <ns3:hr>136</ns3:hr>
          </ns3:TrackPointExtension>
        </extensions>
      </trkpt>
      <trkpt lat="48.09136164374649524688720703125" lon="11.4396524615585803985595703125">
        <ele>570.20001220703125</ele>
        <time>2023-10-15T05:57:49.000Z</time>
        <extensions>
          <ns3:TrackPointExtension>
            <ns3:atemp>14.0</ns3:atemp>
            <ns3:hr>136</ns3:hr>
          </ns3:TrackPointExtension>
        </extensions>
      </trkpt>
      <trkpt lat="48.09124111197888851165771484375" lon="11.43932967446744441986083984375">
        <ele>570.4000244140625</ele>
        <time>2023-10-15T05:57:56.000Z</time>
        <extensions>
          <ns3:TrackPointExtension>
            <ns3:atemp>14.0</ns3:atemp>
            <ns3:hr>136</ns3:hr>
          </ns3:TrackPointExtension>
        </extensions>
      </trkpt>
      <trkpt lat="48.0912043154239654541015625" lon="11.43924635834991931915283203125">
        <ele>570.4000244140625</ele>
        <time>2023-10-15T05:57:58.000Z</time>
        <extensions>
          <ns3:TrackPointExtension>
            <ns3:atemp>14.0</ns3:atemp>
            <ns3:hr>133</ns3:hr>
          </ns3:TrackPointExtension>
        </extensions>
      </trkpt>
      <trkpt lat="48.09115268290042877197265625" lon="11.43909372389316558837890625">
        <ele>570.4000244140625</ele>
        <time>2023-10-15T05:58:02.000Z</time>
        <extensions>
          <ns3:TrackPointExtension>
            <ns3:atemp>14.0</ns3:atemp>
            <ns3:hr>126</ns3:hr>
          </ns3:TrackPointExtension>
        </extensions>
      </trkpt>
      <trkpt lat="48.09112158603966236114501953125" lon="11.4390140958130359649658203125">
        <ele>570.4000244140625</ele>
        <time>2023-10-15T05:58:04.000Z</time>
        <extensions>
          <ns3:TrackPointExtension>
            <ns3:atemp>14.0</ns3:atemp>
            <ns3:hr>124</ns3:hr>
          </ns3:TrackPointExtension>
        </extensions>
      </trkpt>
      <trkpt lat="48.09105536900460720062255859375" lon="11.43871863372623920440673828125">
        <ele>570.79998779296875</ele>
        <time>2023-10-15T05:58:11.000Z</time>
        <extensions>
          <ns3:TrackPointExtension>
            <ns3:atemp>14.0</ns3:atemp>
            <ns3:hr>125</ns3:hr>
          </ns3:TrackPointExtension>
        </extensions>
      </trkpt>
      <trkpt lat="48.0910006351768970489501953125" lon="11.43843817524611949920654296875">
        <ele>570.5999755859375</ele>
        <time>2023-10-15T05:58:18.000Z</time>
        <extensions>
          <ns3:TrackPointExtension>
            <ns3:atemp>14.0</ns3:atemp>
            <ns3:hr>126</ns3:hr>
          </ns3:TrackPointExtension>
        </extensions>
      </trkpt>
      <trkpt lat="48.09095461852848529815673828125" lon="11.43829174339771270751953125">
        <ele>570.4000244140625</ele>
        <time>2023-10-15T05:58:22.000Z</time>
        <extensions>
          <ns3:TrackPointExtension>
            <ns3:atemp>14.0</ns3:atemp>
            <ns3:hr>129</ns3:hr>
          </ns3:TrackPointExtension>
        </extensions>
      </trkpt>
      <trkpt lat="48.09089544229209423065185546875" lon="11.438082866370677947998046875">
        <ele>570.79998779296875</ele>
        <time>2023-10-15T05:58:27.000Z</time>
        <extensions>
          <ns3:TrackPointExtension>
            <ns3:atemp>14.0</ns3:atemp>
            <ns3:hr>132</ns3:hr>
          </ns3:TrackPointExtension>
        </extensions>
      </trkpt>
      <trkpt lat="48.090809695422649383544921875" lon="11.4378449879586696624755859375">
        <ele>570.79998779296875</ele>
        <time>2023-10-15T05:58:33.000Z</time>
        <extensions>
          <ns3:TrackPointExtension>
            <ns3:atemp>14.0</ns3:atemp>
            <ns3:hr>135</ns3:hr>
          </ns3:TrackPointExtension>
        </extensions>
      </trkpt>
      <trkpt lat="48.09080005623400211334228515625" lon="11.43780936487019062042236328125">
        <ele>570.79998779296875</ele>
        <time>2023-10-15T05:58:34.000Z</time>
        <extensions>
          <ns3:TrackPointExtension>
            <ns3:atemp>14.0</ns3:atemp>
            <ns3:hr>135</ns3:hr>
          </ns3:TrackPointExtension>
        </extensions>
      </trkpt>
      <trkpt lat="48.09076686389744281768798828125" lon="11.43768154084682464599609375">
        <ele>570.4000244140625</ele>
        <time>2023-10-15T05:58:38.000Z</time>
        <extensions>
          <ns3:TrackPointExtension>
            <ns3:atemp>14.0</ns3:atemp>
            <ns3:hr>138</ns3:hr>
          </ns3:TrackPointExtension>
        </extensions>
      </trkpt>
      <trkpt lat="48.09072059579193592071533203125" lon="11.437531672418117523193359375">
        <ele>570.4000244140625</ele>
        <time>2023-10-15T05:58:42.000Z</time>
        <extensions>
          <ns3:TrackPointExtension>
            <ns3:atemp>14.0</ns3:atemp>
            <ns3:hr>137</ns3:hr>
          </ns3:TrackPointExtension>
        </extensions>
      </trkpt>
      <trkpt lat="48.09061045758426189422607421875" lon="11.4371952228248119354248046875">
        <ele>570.4000244140625</ele>
        <time>2023-10-15T05:58:50.000Z</time>
        <extensions>
          <ns3:TrackPointExtension>
            <ns3:atemp>14.0</ns3:atemp>
            <ns3:hr>135</ns3:hr>
          </ns3:TrackPointExtension>
        </extensions>
      </trkpt>
      <trkpt lat="48.09055178426206111907958984375" lon="11.43689087592065334320068359375">
        <ele>570.20001220703125</ele>
        <time>2023-10-15T05:58:58.000Z</time>
        <extensions>
          <ns3:TrackPointExtension>
            <ns3:atemp>14.0</ns3:atemp>
            <ns3:hr>134</ns3:hr>
          </ns3:TrackPointExtension>
        </extensions>
      </trkpt>
      <trkpt lat="48.090473078191280364990234375" lon="11.43661829642951488494873046875">
        <ele>570.20001220703125</ele>
        <time>2023-10-15T05:59:06.000Z</time>
        <extensions>
          <ns3:TrackPointExtension>
            <ns3:atemp>14.0</ns3:atemp>
            <ns3:hr>134</ns3:hr>
          </ns3:TrackPointExtension>
        </extensions>
      </trkpt>
      <trkpt lat="48.09038984589278697967529296875" lon="11.4363302104175090789794921875">
        <ele>570.5999755859375</ele>
        <time>2023-10-15T05:59:13.000Z</time>
        <extensions>
          <ns3:TrackPointExtension>
            <ns3:atemp>14.0</ns3:atemp>
            <ns3:hr>135</ns3:hr>
          </ns3:TrackPointExtension>
        </extensions>
      </trkpt>
      <trkpt lat="48.09030233882367610931396484375" lon="11.4361090958118438720703125">
        <ele>570.5999755859375</ele>
        <time>2023-10-15T05:59:20.000Z</time>
        <extensions>
          <ns3:TrackPointExtension>
            <ns3:atemp>14.0</ns3:atemp>
            <ns3:hr>133</ns3:hr>
          </ns3:TrackPointExtension>
        </extensions>
      </trkpt>
      <trkpt lat="48.09019739739596843719482421875" lon="11.43594053573906421661376953125">
        <ele>570.5999755859375</ele>
        <time>2023-10-15T05:59:26.000Z</time>
        <extensions>
          <ns3:TrackPointExtension>
            <ns3:atemp>14.0</ns3:atemp>
            <ns3:hr>133</ns3:hr>
          </ns3:TrackPointExtension>
        </extensions>
      </trkpt>
      <trkpt lat="48.09013604186475276947021484375" lon="11.43573383800685405731201171875">
        <ele>570.4000244140625</ele>
        <time>2023-10-15T05:59:32.000Z</time>
        <extensions>
          <ns3:TrackPointExtension>
            <ns3:atemp>14.0</ns3:atemp>
            <ns3:hr>133</ns3:hr>
          </ns3:TrackPointExtension>
        </extensions>
      </trkpt>
      <trkpt lat="48.09006546624004840850830078125" lon="11.43557064235210418701171875">
        <ele>570.4000244140625</ele>
        <time>2023-10-15T05:59:37.000Z</time>
        <extensions>
          <ns3:TrackPointExtension>
            <ns3:atemp>14.0</ns3:atemp>
            <ns3:hr>135</ns3:hr>
          </ns3:TrackPointExtension>
        </extensions>
      </trkpt>
      <trkpt lat="48.08994946070015430450439453125" lon="11.43534257076680660247802734375">
        <ele>570.4000244140625</ele>
        <time>2023-10-15T05:59:44.000Z</time>
        <extensions>
          <ns3:TrackPointExtension>
            <ns3:atemp>14.0</ns3:atemp>
            <ns3:hr>135</ns3:hr>
          </ns3:TrackPointExtension>
        </extensions>
      </trkpt>
      <trkpt lat="48.08988994918763637542724609375" lon="11.4352734200656414031982421875">
        <ele>571.20001220703125</ele>
        <time>2023-10-15T05:59:48.000Z</time>
        <extensions>
          <ns3:TrackPointExtension>
            <ns3:atemp>14.0</ns3:atemp>
            <ns3:hr>138</ns3:hr>
          </ns3:TrackPointExtension>
        </extensions>
      </trkpt>
      <trkpt lat="48.089885674417018890380859375" lon="11.435263194143772125244140625">
        <ele>571.4000244140625</ele>
        <time>2023-10-15T05:59:49.000Z</time>
        <extensions>
          <ns3:TrackPointExtension>
            <ns3:atemp>14.0</ns3:atemp>
            <ns3:hr>139</ns3:hr>
          </ns3:TrackPointExtension>
        </extensions>
      </trkpt>
      <trkpt lat="48.0898838303983211517333984375" lon="11.4352539740502834320068359375">
        <ele>572</ele>
        <time>2023-10-15T05:59:50.000Z</time>
        <extensions>
          <ns3:TrackPointExtension>
            <ns3:atemp>14.0</ns3:atemp>
            <ns3:hr>140</ns3:hr>
          </ns3:TrackPointExtension>
        </extensions>
      </trkpt>
      <trkpt lat="48.0898798070847988128662109375" lon="11.43520510755479335784912109375">
        <ele>572.4000244140625</ele>
        <time>2023-10-15T05:59:52.000Z</time>
        <extensions>
          <ns3:TrackPointExtension>
            <ns3:atemp>14.0</ns3:atemp>
            <ns3:hr>140</ns3:hr>
          </ns3:TrackPointExtension>
        </extensions>
      </trkpt>
      <trkpt lat="48.08989263139665126800537109375" lon="11.4351822249591350555419921875">
        <ele>573</ele>
        <time>2023-10-15T05:59:55.000Z</time>
        <extensions>
          <ns3:TrackPointExtension>
            <ns3:atemp>14.0</ns3:atemp>
            <ns3:hr>139</ns3:hr>
          </ns3:TrackPointExtension>
        </extensions>
      </trkpt>
      <trkpt lat="48.0898948945105075836181640625" lon="11.4351810514926910400390625">
        <ele>573</ele>
        <time>2023-10-15T05:59:56.000Z</time>
        <extensions>
          <ns3:TrackPointExtension>
            <ns3:atemp>14.0</ns3:atemp>
            <ns3:hr>138</ns3:hr>
          </ns3:TrackPointExtension>
        </extensions>
      </trkpt>
      <trkpt lat="48.08988139964640140533447265625" lon="11.43522086553275585174560546875">
        <ele>572.20001220703125</ele>
        <time>2023-10-15T06:00:08.000Z</time>
        <extensions>
          <ns3:TrackPointExtension>
            <ns3:atemp>14.0</ns3:atemp>
            <ns3:hr>138</ns3:hr>
          </ns3:TrackPointExtension>
        </extensions>
      </trkpt>
      <trkpt lat="48.089879639446735382080078125" lon="11.43523980863392353057861328125">
        <ele>572</ele>
        <time>2023-10-15T06:00:09.000Z</time>
        <extensions>
          <ns3:TrackPointExtension>
            <ns3:atemp>14.0</ns3:atemp>
            <ns3:hr>138</ns3:hr>
          </ns3:TrackPointExtension>
        </extensions>
      </trkpt>
      <trkpt lat="48.08986279182136058807373046875" lon="11.4352683909237384796142578125">
        <ele>571.5999755859375</ele>
        <time>2023-10-15T06:00:11.000Z</time>
        <extensions>
          <ns3:TrackPointExtension>
            <ns3:atemp>14.0</ns3:atemp>
            <ns3:hr>141</ns3:hr>
          </ns3:TrackPointExtension>
        </extensions>
      </trkpt>
      <trkpt lat="48.089853487908840179443359375" lon="11.43526696600019931793212890625">
        <ele>571</ele>
        <time>2023-10-15T06:00:12.000Z</time>
        <extensions>
          <ns3:TrackPointExtension>
            <ns3:atemp>14.0</ns3:atemp>
            <ns3:hr>142</ns3:hr>
          </ns3:TrackPointExtension>
        </extensions>
      </trkpt>
      <trkpt lat="48.0898449383676052093505859375" lon="11.43527182750403881072998046875">
        <ele>570.20001220703125</ele>
        <time>2023-10-15T06:00:15.000Z</time>
        <extensions>
          <ns3:TrackPointExtension>
            <ns3:atemp>14.0</ns3:atemp>
            <ns3:hr>143</ns3:hr>
          </ns3:TrackPointExtension>
        </extensions>
      </trkpt>
      <trkpt lat="48.08982406742870807647705078125" lon="11.435244418680667877197265625">
        <ele>570</ele>
        <time>2023-10-15T06:00:44.000Z</time>
        <extensions>
          <ns3:TrackPointExtension>
            <ns3:atemp>14.0</ns3:atemp>
            <ns3:hr>132</ns3:hr>
          </ns3:TrackPointExtension>
        </extensions>
      </trkpt>
      <trkpt lat="48.08980763889849185943603515625" lon="11.4352073706686496734619140625">
        <ele>570</ele>
        <time>2023-10-15T06:00:45.000Z</time>
        <extensions>
          <ns3:TrackPointExtension>
            <ns3:atemp>14.0</ns3:atemp>
            <ns3:hr>132</ns3:hr>
          </ns3:TrackPointExtension>
        </extensions>
      </trkpt>
      <trkpt lat="48.0897946469485759735107421875" lon="11.4351741783320903778076171875">
        <ele>570.20001220703125</ele>
        <time>2023-10-15T06:00:46.000Z</time>
        <extensions>
          <ns3:TrackPointExtension>
            <ns3:atemp>14.0</ns3:atemp>
            <ns3:hr>131</ns3:hr>
          </ns3:TrackPointExtension>
        </extensions>
      </trkpt>
      <trkpt lat="48.0897024460136890411376953125" lon="11.434921883046627044677734375">
        <ele>570</ele>
        <time>2023-10-15T06:00:52.000Z</time>
        <extensions>
          <ns3:TrackPointExtension>
            <ns3:atemp>14.0</ns3:atemp>
            <ns3:hr>131</ns3:hr>
          </ns3:TrackPointExtension>
        </extensions>
      </trkpt>
      <trkpt lat="48.0895386636257171630859375" lon="11.43465827219188213348388671875">
        <ele>569.79998779296875</ele>
        <time>2023-10-15T06:00:59.000Z</time>
        <extensions>
          <ns3:TrackPointExtension>
            <ns3:atemp>15.0</ns3:atemp>
            <ns3:hr>130</ns3:hr>
          </ns3:TrackPointExtension>
        </extensions>
      </trkpt>
      <trkpt lat="48.08938384987413883209228515625" lon="11.43431226722896099090576171875">
        <ele>570</ele>
        <time>2023-10-15T06:01:07.000Z</time>
        <extensions>
          <ns3:TrackPointExtension>
            <ns3:atemp>15.0</ns3:atemp>
            <ns3:hr>132</ns3:hr>
          </ns3:TrackPointExtension>
        </extensions>
      </trkpt>
      <trkpt lat="48.089318387210369110107421875" lon="11.43412769772112369537353515625">
        <ele>570</ele>
        <time>2023-10-15T06:01:12.000Z</time>
        <extensions>
          <ns3:TrackPointExtension>
            <ns3:atemp>15.0</ns3:atemp>
            <ns3:hr>135</ns3:hr>
          </ns3:TrackPointExtension>
        </extensions>
      </trkpt>
      <trkpt lat="48.0892699398100376129150390625" lon="11.43401588313281536102294921875">
        <ele>570.20001220703125</ele>
        <time>2023-10-15T06:01:15.000Z</time>
        <extensions>
          <ns3:TrackPointExtension>
            <ns3:atemp>15.0</ns3:atemp>
            <ns3:hr>136</ns3:hr>
          </ns3:TrackPointExtension>
        </extensions>
      </trkpt>
      <trkpt lat="48.0891676805913448333740234375" lon="11.43372670747339725494384765625">
        <ele>570.4000244140625</ele>
        <time>2023-10-15T06:01:22.000Z</time>
        <extensions>
          <ns3:TrackPointExtension>
            <ns3:atemp>15.0</ns3:atemp>
            <ns3:hr>137</ns3:hr>
          </ns3:TrackPointExtension>
        </extensions>
      </trkpt>
      <trkpt lat="48.0891391821205615997314453125" lon="11.433714888989925384521484375">
        <ele>570.4000244140625</ele>
        <time>2023-10-15T06:01:23.000Z</time>
        <extensions>
          <ns3:TrackPointExtension>
            <ns3:atemp>15.0</ns3:atemp>
            <ns3:hr>137</ns3:hr>
          </ns3:TrackPointExtension>
        </extensions>
      </trkpt>
      <trkpt lat="48.08908201754093170166015625" lon="11.43363081850111484527587890625">
        <ele>570.20001220703125</ele>
        <time>2023-10-15T06:01:26.000Z</time>
        <extensions>
          <ns3:TrackPointExtension>
            <ns3:atemp>15.0</ns3:atemp>
            <ns3:hr>137</ns3:hr>
          </ns3:TrackPointExtension>
        </extensions>
      </trkpt>
      <trkpt lat="48.08897011913359165191650390625" lon="11.43346309661865234375">
        <ele>569.4000244140625</ele>
        <time>2023-10-15T06:01:32.000Z</time>
        <extensions>
          <ns3:TrackPointExtension>
            <ns3:atemp>15.0</ns3:atemp>
            <ns3:hr>137</ns3:hr>
          </ns3:TrackPointExtension>
        </extensions>
      </trkpt>
      <trkpt lat="48.0889470688998699188232421875" lon="11.43344365060329437255859375">
        <ele>569.4000244140625</ele>
        <time>2023-10-15T06:01:33.000Z</time>
        <extensions>
          <ns3:TrackPointExtension>
            <ns3:atemp>15.0</ns3:atemp>
            <ns3:hr>138</ns3:hr>
          </ns3:TrackPointExtension>
        </extensions>
      </trkpt>
      <trkpt lat="48.0888723023235797882080078125" lon="11.4333603344857692718505859375">
        <ele>569.20001220703125</ele>
        <time>2023-10-15T06:01:37.000Z</time>
        <extensions>
          <ns3:TrackPointExtension>
            <ns3:atemp>15.0</ns3:atemp>
            <ns3:hr>139</ns3:hr>
          </ns3:TrackPointExtension>
        </extensions>
      </trkpt>
      <trkpt lat="48.08884254656732082366943359375" lon="11.433304846286773681640625">
        <ele>569.4000244140625</ele>
        <time>2023-10-15T06:01:39.000Z</time>
        <extensions>
          <ns3:TrackPointExtension>
            <ns3:atemp>15.0</ns3:atemp>
            <ns3:hr>139</ns3:hr>
          </ns3:TrackPointExtension>
        </extensions>
      </trkpt>
      <trkpt lat="48.0887854658067226409912109375" lon="11.43323636613786220550537109375">
        <ele>569.4000244140625</ele>
        <time>2023-10-15T06:01:42.000Z</time>
        <extensions>
          <ns3:TrackPointExtension>
            <ns3:atemp>15.0</ns3:atemp>
            <ns3:hr>139</ns3:hr>
          </ns3:TrackPointExtension>
        </extensions>
      </trkpt>
      <trkpt lat="48.08875403366982936859130859375" lon="11.433155648410320281982421875">
        <ele>569.5999755859375</ele>
        <time>2023-10-15T06:01:44.000Z</time>
        <extensions>
          <ns3:TrackPointExtension>
            <ns3:atemp>15.0</ns3:atemp>
            <ns3:hr>140</ns3:hr>
          </ns3:TrackPointExtension>
        </extensions>
      </trkpt>
      <trkpt lat="48.08861338533461093902587890625" lon="11.4330156706273555755615234375">
        <ele>569.79998779296875</ele>
        <time>2023-10-15T06:01:49.000Z</time>
        <extensions>
          <ns3:TrackPointExtension>
            <ns3:atemp>15.0</ns3:atemp>
            <ns3:hr>140</ns3:hr>
          </ns3:TrackPointExtension>
        </extensions>
      </trkpt>
      <trkpt lat="48.088470809161663055419921875" lon="11.43282649107277393341064453125">
        <ele>570.4000244140625</ele>
        <time>2023-10-15T06:01:55.000Z</time>
        <extensions>
          <ns3:TrackPointExtension>
            <ns3:atemp>15.0</ns3:atemp>
            <ns3:hr>140</ns3:hr>
          </ns3:TrackPointExtension>
        </extensions>
      </trkpt>
      <trkpt lat="48.08834147639572620391845703125" lon="11.4326736889779567718505859375">
        <ele>570.5999755859375</ele>
        <time>2023-10-15T06:02:00.000Z</time>
        <extensions>
          <ns3:TrackPointExtension>
            <ns3:atemp>15.0</ns3:atemp>
            <ns3:hr>142</ns3:hr>
          </ns3:TrackPointExtension>
        </extensions>
      </trkpt>
      <trkpt lat="48.0882191844284534454345703125" lon="11.43252407200634479522705078125">
        <ele>571</ele>
        <time>2023-10-15T06:02:05.000Z</time>
        <extensions>
          <ns3:TrackPointExtension>
            <ns3:atemp>15.0</ns3:atemp>
            <ns3:hr>143</ns3:hr>
          </ns3:TrackPointExtension>
        </extensions>
      </trkpt>
      <trkpt lat="48.088155649602413177490234375" lon="11.432483084499835968017578125">
        <ele>571</ele>
        <time>2023-10-15T06:02:07.000Z</time>
        <extensions>
          <ns3:TrackPointExtension>
            <ns3:atemp>15.0</ns3:atemp>
            <ns3:hr>142</ns3:hr>
          </ns3:TrackPointExtension>
        </extensions>
      </trkpt>
      <trkpt lat="48.08808264322578907012939453125" lon="11.43234654329717159271240234375">
        <ele>571.20001220703125</ele>
        <time>2023-10-15T06:02:12.000Z</time>
        <extensions>
          <ns3:TrackPointExtension>
            <ns3:atemp>15.0</ns3:atemp>
            <ns3:hr>140</ns3:hr>
          </ns3:TrackPointExtension>
        </extensions>
      </trkpt>
      <trkpt lat="48.08796714060008525848388671875" lon="11.432212851941585540771484375">
        <ele>571.20001220703125</ele>
        <time>2023-10-15T06:02:18.000Z</time>
        <extensions>
          <ns3:TrackPointExtension>
            <ns3:atemp>15.0</ns3:atemp>
            <ns3:hr>139</ns3:hr>
          </ns3:TrackPointExtension>
        </extensions>
      </trkpt>
      <trkpt lat="48.08794752694666385650634765625" lon="11.4322153665125370025634765625">
        <ele>571.20001220703125</ele>
        <time>2023-10-15T06:02:19.000Z</time>
        <extensions>
          <ns3:TrackPointExtension>
            <ns3:atemp>15.0</ns3:atemp>
            <ns3:hr>139</ns3:hr>
          </ns3:TrackPointExtension>
        </extensions>
      </trkpt>
      <trkpt lat="48.0878577567636966705322265625" lon="11.432137750089168548583984375">
        <ele>571.20001220703125</ele>
        <time>2023-10-15T06:02:23.000Z</time>
        <extensions>
          <ns3:TrackPointExtension>
            <ns3:atemp>15.0</ns3:atemp>
            <ns3:hr>140</ns3:hr>
          </ns3:TrackPointExtension>
        </extensions>
      </trkpt>
      <trkpt lat="48.087717108428478240966796875" lon="11.43203280866146087646484375">
        <ele>571.4000244140625</ele>
        <time>2023-10-15T06:02:29.000Z</time>
        <extensions>
          <ns3:TrackPointExtension>
            <ns3:atemp>15.0</ns3:atemp>
            <ns3:hr>141</ns3:hr>
          </ns3:TrackPointExtension>
        </extensions>
      </trkpt>
      <trkpt lat="48.087580986320972442626953125" lon="11.43196265213191509246826171875">
        <ele>571.5999755859375</ele>
        <time>2023-10-15T06:02:34.000Z</time>
        <extensions>
          <ns3:TrackPointExtension>
            <ns3:atemp>15.0</ns3:atemp>
            <ns3:hr>142</ns3:hr>
          </ns3:TrackPointExtension>
        </extensions>
      </trkpt>
      <trkpt lat="48.08756229467689990997314453125" lon="11.43196466378867626190185546875">
        <ele>571.5999755859375</ele>
        <time>2023-10-15T06:02:35.000Z</time>
        <extensions>
          <ns3:TrackPointExtension>
            <ns3:atemp>15.0</ns3:atemp>
            <ns3:hr>142</ns3:hr>
          </ns3:TrackPointExtension>
        </extensions>
      </trkpt>
      <trkpt lat="48.08754284866154193878173828125" lon="11.4319458045065402984619140625">
        <ele>571.5999755859375</ele>
        <time>2023-10-15T06:02:36.000Z</time>
        <extensions>
          <ns3:TrackPointExtension>
            <ns3:atemp>15.0</ns3:atemp>
            <ns3:hr>142</ns3:hr>
          </ns3:TrackPointExtension>
        </extensions>
      </trkpt>
      <trkpt lat="48.08747964911162853240966796875" lon="11.4318764023482799530029296875">
        <ele>571.5999755859375</ele>
        <time>2023-10-15T06:02:39.000Z</time>
        <extensions>
          <ns3:TrackPointExtension>
            <ns3:atemp>15.0</ns3:atemp>
            <ns3:hr>143</ns3:hr>
          </ns3:TrackPointExtension>
        </extensions>
      </trkpt>
      <trkpt lat="48.08739264495670795440673828125" lon="11.4316510967910289764404296875">
        <ele>571.79998779296875</ele>
        <time>2023-10-15T06:02:44.000Z</time>
        <extensions>
          <ns3:TrackPointExtension>
            <ns3:atemp>15.0</ns3:atemp>
            <ns3:hr>144</ns3:hr>
          </ns3:TrackPointExtension>
        </extensions>
      </trkpt>
      <trkpt lat="48.087320812046527862548828125" lon="11.43141648732125759124755859375">
        <ele>572</ele>
        <time>2023-10-15T06:02:48.000Z</time>
        <extensions>
          <ns3:TrackPointExtension>
            <ns3:atemp>15.0</ns3:atemp>
            <ns3:hr>143</ns3:hr>
          </ns3:TrackPointExtension>
        </extensions>
      </trkpt>
      <trkpt lat="48.08726188726723194122314453125" lon="11.4312811195850372314453125">
        <ele>571.79998779296875</ele>
        <time>2023-10-15T06:02:52.000Z</time>
        <extensions>
          <ns3:TrackPointExtension>
            <ns3:atemp>15.0</ns3:atemp>
            <ns3:hr>142</ns3:hr>
          </ns3:TrackPointExtension>
        </extensions>
      </trkpt>
      <trkpt lat="48.0871918983757495880126953125" lon="11.431074924767017364501953125">
        <ele>572</ele>
        <time>2023-10-15T06:02:56.000Z</time>
        <extensions>
          <ns3:TrackPointExtension>
            <ns3:atemp>15.0</ns3:atemp>
            <ns3:hr>142</ns3:hr>
          </ns3:TrackPointExtension>
        </extensions>
      </trkpt>
      <trkpt lat="48.08707932941615581512451171875" lon="11.43095246516168117523193359375">
        <ele>571.79998779296875</ele>
        <time>2023-10-15T06:03:00.000Z</time>
        <extensions>
          <ns3:TrackPointExtension>
            <ns3:atemp>15.0</ns3:atemp>
            <ns3:hr>142</ns3:hr>
          </ns3:TrackPointExtension>
        </extensions>
      </trkpt>
      <trkpt lat="48.086959384381771087646484375" lon="11.430802680552005767822265625">
        <ele>572</ele>
        <time>2023-10-15T06:03:05.000Z</time>
        <extensions>
          <ns3:TrackPointExtension>
            <ns3:atemp>15.0</ns3:atemp>
            <ns3:hr>141</ns3:hr>
          </ns3:TrackPointExtension>
        </extensions>
      </trkpt>
      <trkpt lat="48.08693356812000274658203125" lon="11.43078482709825038909912109375">
        <ele>572</ele>
        <time>2023-10-15T06:03:06.000Z</time>
        <extensions>
          <ns3:TrackPointExtension>
            <ns3:atemp>15.0</ns3:atemp>
            <ns3:hr>141</ns3:hr>
          </ns3:TrackPointExtension>
        </extensions>
      </trkpt>
      <trkpt lat="48.086874224245548248291015625" lon="11.4307741820812225341796875">
        <ele>572</ele>
        <time>2023-10-15T06:03:08.000Z</time>
        <extensions>
          <ns3:TrackPointExtension>
            <ns3:atemp>15.0</ns3:atemp>
            <ns3:hr>142</ns3:hr>
          </ns3:TrackPointExtension>
        </extensions>
      </trkpt>
      <trkpt lat="48.0868376791477203369140625" lon="11.430787257850170135498046875">
        <ele>572</ele>
        <time>2023-10-15T06:03:09.000Z</time>
        <extensions>
          <ns3:TrackPointExtension>
            <ns3:atemp>15.0</ns3:atemp>
            <ns3:hr>142</ns3:hr>
          </ns3:TrackPointExtension>
        </extensions>
      </trkpt>
      <trkpt lat="48.086772970855236053466796875" lon="11.4307629503309726715087890625">
        <ele>572</ele>
        <time>2023-10-15T06:03:11.000Z</time>
        <extensions>
          <ns3:TrackPointExtension>
            <ns3:atemp>15.0</ns3:atemp>
            <ns3:hr>141</ns3:hr>
          </ns3:TrackPointExtension>
        </extensions>
      </trkpt>
      <trkpt lat="48.08675176464021205902099609375" lon="11.43071810714900493621826171875">
        <ele>572</ele>
        <time>2023-10-15T06:03:12.000Z</time>
        <extensions>
          <ns3:TrackPointExtension>
            <ns3:atemp>15.0</ns3:atemp>
            <ns3:hr>142</ns3:hr>
          </ns3:TrackPointExtension>
        </extensions>
      </trkpt>
      <trkpt lat="48.086661659181118011474609375" lon="11.4305922947824001312255859375">
        <ele>572.20001220703125</ele>
        <time>2023-10-15T06:03:16.000Z</time>
        <extensions>
          <ns3:TrackPointExtension>
            <ns3:atemp>15.0</ns3:atemp>
            <ns3:hr>141</ns3:hr>
          </ns3:TrackPointExtension>
        </extensions>
      </trkpt>
      <trkpt lat="48.08658865280449390411376953125" lon="11.4304796420037746429443359375">
        <ele>572.4000244140625</ele>
        <time>2023-10-15T06:03:20.000Z</time>
        <extensions>
          <ns3:TrackPointExtension>
            <ns3:atemp>15.0</ns3:atemp>
            <ns3:hr>139</ns3:hr>
          </ns3:TrackPointExtension>
        </extensions>
      </trkpt>
      <trkpt lat="48.08654791675508022308349609375" lon="11.43043261952698230743408203125">
        <ele>572.4000244140625</ele>
        <time>2023-10-15T06:03:22.000Z</time>
        <extensions>
          <ns3:TrackPointExtension>
            <ns3:atemp>15.0</ns3:atemp>
            <ns3:hr>138</ns3:hr>
          </ns3:TrackPointExtension>
        </extensions>
      </trkpt>
      <trkpt lat="48.0864958651363849639892578125" lon="11.43037092871963977813720703125">
        <ele>572.4000244140625</ele>
        <time>2023-10-15T06:03:24.000Z</time>
        <extensions>
          <ns3:TrackPointExtension>
            <ns3:atemp>15.0</ns3:atemp>
            <ns3:hr>138</ns3:hr>
          </ns3:TrackPointExtension>
        </extensions>
      </trkpt>
      <trkpt lat="48.0863674543797969818115234375" lon="11.4301939867436885833740234375">
        <ele>572.20001220703125</ele>
        <time>2023-10-15T06:03:30.000Z</time>
        <extensions>
          <ns3:TrackPointExtension>
            <ns3:atemp>15.0</ns3:atemp>
            <ns3:hr>137</ns3:hr>
          </ns3:TrackPointExtension>
        </extensions>
      </trkpt>
      <trkpt lat="48.0862906761467456817626953125" lon="11.43007068894803524017333984375">
        <ele>572</ele>
        <time>2023-10-15T06:03:34.000Z</time>
        <extensions>
          <ns3:TrackPointExtension>
            <ns3:atemp>15.0</ns3:atemp>
            <ns3:hr>138</ns3:hr>
          </ns3:TrackPointExtension>
        </extensions>
      </trkpt>
      <trkpt lat="48.086137287318706512451171875" lon="11.4298432879149913787841796875">
        <ele>572</ele>
        <time>2023-10-15T06:03:41.000Z</time>
        <extensions>
          <ns3:TrackPointExtension>
            <ns3:atemp>15.0</ns3:atemp>
            <ns3:hr>137</ns3:hr>
          </ns3:TrackPointExtension>
        </extensions>
      </trkpt>
      <trkpt lat="48.0859527178108692169189453125" lon="11.4296114444732666015625">
        <ele>572.5999755859375</ele>
        <time>2023-10-15T06:03:49.000Z</time>
        <extensions>
          <ns3:TrackPointExtension>
            <ns3:atemp>15.0</ns3:atemp>
            <ns3:hr>137</ns3:hr>
          </ns3:TrackPointExtension>
        </extensions>
      </trkpt>
      <trkpt lat="48.0857964791357517242431640625" lon="11.4294171519577503204345703125">
        <ele>572.5999755859375</ele>
        <time>2023-10-15T06:03:56.000Z</time>
        <extensions>
          <ns3:TrackPointExtension>
            <ns3:atemp>15.0</ns3:atemp>
            <ns3:hr>137</ns3:hr>
          </ns3:TrackPointExtension>
        </extensions>
      </trkpt>
      <trkpt lat="48.08564920909702777862548828125" lon="11.4292578957974910736083984375">
        <ele>572.5999755859375</ele>
        <time>2023-10-15T06:04:03.000Z</time>
        <extensions>
          <ns3:TrackPointExtension>
            <ns3:atemp>15.0</ns3:atemp>
            <ns3:hr>137</ns3:hr>
          </ns3:TrackPointExtension>
        </extensions>
      </trkpt>
      <trkpt lat="48.08548693545162677764892578125" lon="11.4290557242929935455322265625">
        <ele>572.79998779296875</ele>
        <time>2023-10-15T06:04:10.000Z</time>
        <extensions>
          <ns3:TrackPointExtension>
            <ns3:atemp>15.0</ns3:atemp>
            <ns3:hr>137</ns3:hr>
          </ns3:TrackPointExtension>
        </extensions>
      </trkpt>
      <trkpt lat="48.08535039424896240234375" lon="11.4289088733494281768798828125">
        <ele>572.5999755859375</ele>
        <time>2023-10-15T06:04:17.000Z</time>
        <extensions>
          <ns3:TrackPointExtension>
            <ns3:atemp>15.0</ns3:atemp>
            <ns3:hr>137</ns3:hr>
          </ns3:TrackPointExtension>
        </extensions>
      </trkpt>
      <trkpt lat="48.08521829545497894287109375" lon="11.4287402294576168060302734375">
        <ele>572.20001220703125</ele>
        <time>2023-10-15T06:04:22.000Z</time>
        <extensions>
          <ns3:TrackPointExtension>
            <ns3:atemp>14.0</ns3:atemp>
            <ns3:hr>137</ns3:hr>
          </ns3:TrackPointExtension>
        </extensions>
      </trkpt>
      <trkpt lat="48.08506230823695659637451171875" lon="11.42861567437648773193359375">
        <ele>571.20001220703125</ele>
        <time>2023-10-15T06:04:28.000Z</time>
        <extensions>
          <ns3:TrackPointExtension>
            <ns3:atemp>14.0</ns3:atemp>
            <ns3:hr>137</ns3:hr>
          </ns3:TrackPointExtension>
        </extensions>
      </trkpt>
      <trkpt lat="48.08504789136350154876708984375" lon="11.42861793749034404754638671875">
        <ele>571</ele>
        <time>2023-10-15T06:04:30.000Z</time>
        <extensions>
          <ns3:TrackPointExtension>
            <ns3:atemp>14.0</ns3:atemp>
            <ns3:hr>137</ns3:hr>
          </ns3:TrackPointExtension>
        </extensions>
      </trkpt>
      <trkpt lat="48.08504906482994556427001953125" lon="11.42861433327198028564453125">
        <ele>570.5999755859375</ele>
        <time>2023-10-15T06:04:32.000Z</time>
        <extensions>
          <ns3:TrackPointExtension>
            <ns3:atemp>14.0</ns3:atemp>
            <ns3:hr>137</ns3:hr>
          </ns3:TrackPointExtension>
        </extensions>
      </trkpt>
      <trkpt lat="48.0850290320813655853271484375" lon="11.42856010235846042633056640625">
        <ele>570.5999755859375</ele>
        <time>2023-10-15T06:04:36.000Z</time>
        <extensions>
          <ns3:TrackPointExtension>
            <ns3:atemp>14.0</ns3:atemp>
            <ns3:hr>139</ns3:hr>
          </ns3:TrackPointExtension>
        </extensions>
      </trkpt>
      <trkpt lat="48.08501520194113254547119140625" lon="11.42854996025562286376953125">
        <ele>570.79998779296875</ele>
        <time>2023-10-15T06:04:42.000Z</time>
        <extensions>
          <ns3:TrackPointExtension>
            <ns3:atemp>14.0</ns3:atemp>
            <ns3:hr>139</ns3:hr>
          </ns3:TrackPointExtension>
        </extensions>
      </trkpt>
      <trkpt lat="48.0849991925060749053955078125" lon="11.42853328026831150054931640625">
        <ele>570.5999755859375</ele>
        <time>2023-10-15T06:04:44.000Z</time>
        <extensions>
          <ns3:TrackPointExtension>
            <ns3:atemp>14.0</ns3:atemp>
            <ns3:hr>140</ns3:hr>
          </ns3:TrackPointExtension>
        </extensions>
      </trkpt>
      <trkpt lat="48.0849579535424709320068359375" lon="11.428507380187511444091796875">
        <ele>570.5999755859375</ele>
        <time>2023-10-15T06:04:46.000Z</time>
        <extensions>
          <ns3:TrackPointExtension>
            <ns3:atemp>14.0</ns3:atemp>
            <ns3:hr>140</ns3:hr>
          </ns3:TrackPointExtension>
        </extensions>
      </trkpt>
      <trkpt lat="48.0848992802202701568603515625" lon="11.42837251536548137664794921875">
        <ele>571</ele>
        <time>2023-10-15T06:04:49.000Z</time>
        <extensions>
          <ns3:TrackPointExtension>
            <ns3:atemp>15.0</ns3:atemp>
            <ns3:hr>140</ns3:hr>
          </ns3:TrackPointExtension>
        </extensions>
      </trkpt>
      <trkpt lat="48.0848751403391361236572265625" lon="11.42832691781222820281982421875">
        <ele>571.20001220703125</ele>
        <time>2023-10-15T06:04:50.000Z</time>
        <extensions>
          <ns3:TrackPointExtension>
            <ns3:atemp>14.0</ns3:atemp>
            <ns3:hr>140</ns3:hr>
          </ns3:TrackPointExtension>
        </extensions>
      </trkpt>
      <trkpt lat="48.08478469960391521453857421875" lon="11.42824058420956134796142578125">
        <ele>571.20001220703125</ele>
        <time>2023-10-15T06:04:53.000Z</time>
        <extensions>
          <ns3:TrackPointExtension>
            <ns3:atemp>15.0</ns3:atemp>
            <ns3:hr>140</ns3:hr>
          </ns3:TrackPointExtension>
        </extensions>
      </trkpt>
      <trkpt lat="48.0846981145441532135009765625" lon="11.4280529133975505828857421875">
        <ele>571.20001220703125</ele>
        <time>2023-10-15T06:04:57.000Z</time>
        <extensions>
          <ns3:TrackPointExtension>
            <ns3:atemp>15.0</ns3:atemp>
            <ns3:hr>140</ns3:hr>
          </ns3:TrackPointExtension>
        </extensions>
      </trkpt>
      <trkpt lat="48.08460180647671222686767578125" lon="11.427879072725772857666015625">
        <ele>571.5999755859375</ele>
        <time>2023-10-15T06:05:02.000Z</time>
        <extensions>
          <ns3:TrackPointExtension>
            <ns3:atemp>14.0</ns3:atemp>
            <ns3:hr>138</ns3:hr>
          </ns3:TrackPointExtension>
        </extensions>
      </trkpt>
      <trkpt lat="48.08455017395317554473876953125" lon="11.42783406190574169158935546875">
        <ele>571.79998779296875</ele>
        <time>2023-10-15T06:05:04.000Z</time>
        <extensions>
          <ns3:TrackPointExtension>
            <ns3:atemp>14.0</ns3:atemp>
            <ns3:hr>134</ns3:hr>
          </ns3:TrackPointExtension>
        </extensions>
      </trkpt>
      <trkpt lat="48.084458895027637481689453125" lon="11.427755020558834075927734375">
        <ele>571.79998779296875</ele>
        <time>2023-10-15T06:05:08.000Z</time>
        <extensions>
          <ns3:TrackPointExtension>
            <ns3:atemp>14.0</ns3:atemp>
            <ns3:hr>131</ns3:hr>
          </ns3:TrackPointExtension>
        </extensions>
      </trkpt>
      <trkpt lat="48.08445520699024200439453125" lon="11.4277300424873828887939453125">
        <ele>572</ele>
        <time>2023-10-15T06:05:09.000Z</time>
        <extensions>
          <ns3:TrackPointExtension>
            <ns3:atemp>15.0</ns3:atemp>
            <ns3:hr>131</ns3:hr>
          </ns3:TrackPointExtension>
        </extensions>
      </trkpt>
      <trkpt lat="48.08438169769942760467529296875" lon="11.42760171554982662200927734375">
        <ele>572.4000244140625</ele>
        <time>2023-10-15T06:05:13.000Z</time>
        <extensions>
          <ns3:TrackPointExtension>
            <ns3:atemp>15.0</ns3:atemp>
            <ns3:hr>132</ns3:hr>
          </ns3:TrackPointExtension>
        </extensions>
      </trkpt>
      <trkpt lat="48.084296621382236480712890625" lon="11.427539773285388946533203125">
        <ele>573</ele>
        <time>2023-10-15T06:05:17.000Z</time>
        <extensions>
          <ns3:TrackPointExtension>
            <ns3:atemp>14.0</ns3:atemp>
            <ns3:hr>135</ns3:hr>
          </ns3:TrackPointExtension>
        </extensions>
      </trkpt>
      <trkpt lat="48.08419813401997089385986328125" lon="11.42738521099090576171875">
        <ele>573.20001220703125</ele>
        <time>2023-10-15T06:05:21.000Z</time>
        <extensions>
          <ns3:TrackPointExtension>
            <ns3:atemp>15.0</ns3:atemp>
            <ns3:hr>138</ns3:hr>
          </ns3:TrackPointExtension>
        </extensions>
      </trkpt>
      <trkpt lat="48.08417399413883686065673828125" lon="11.42736149020493030548095703125">
        <ele>573.4000244140625</ele>
        <time>2023-10-15T06:05:22.000Z</time>
        <extensions>
          <ns3:TrackPointExtension>
            <ns3:atemp>14.0</ns3:atemp>
            <ns3:hr>138</ns3:hr>
          </ns3:TrackPointExtension>
        </extensions>
      </trkpt>
      <trkpt lat="48.08411247096955776214599609375" lon="11.42727264203131198883056640625">
        <ele>573.4000244140625</ele>
        <time>2023-10-15T06:05:25.000Z</time>
        <extensions>
          <ns3:TrackPointExtension>
            <ns3:atemp>14.0</ns3:atemp>
            <ns3:hr>140</ns3:hr>
          </ns3:TrackPointExtension>
        </extensions>
      </trkpt>
      <trkpt lat="48.08402898721396923065185546875" lon="11.4271174930036067962646484375">
        <ele>573.4000244140625</ele>
        <time>2023-10-15T06:05:29.000Z</time>
        <extensions>
          <ns3:TrackPointExtension>
            <ns3:atemp>14.0</ns3:atemp>
            <ns3:hr>143</ns3:hr>
          </ns3:TrackPointExtension>
        </extensions>
      </trkpt>
      <trkpt lat="48.08400048874318599700927734375" lon="11.42708958126604557037353515625">
        <ele>573.79998779296875</ele>
        <time>2023-10-15T06:05:30.000Z</time>
        <extensions>
          <ns3:TrackPointExtension>
            <ns3:atemp>14.0</ns3:atemp>
            <ns3:hr>144</ns3:hr>
          </ns3:TrackPointExtension>
        </extensions>
      </trkpt>
      <trkpt lat="48.083929829299449920654296875" lon="11.427026130259037017822265625">
        <ele>573.79998779296875</ele>
        <time>2023-10-15T06:05:33.000Z</time>
        <extensions>
          <ns3:TrackPointExtension>
            <ns3:atemp>14.0</ns3:atemp>
            <ns3:hr>145</ns3:hr>
          </ns3:TrackPointExtension>
        </extensions>
      </trkpt>
      <trkpt lat="48.08388783596456050872802734375" lon="11.4270085282623767852783203125">
        <ele>574</ele>
        <time>2023-10-15T06:05:35.000Z</time>
        <extensions>
          <ns3:TrackPointExtension>
            <ns3:atemp>14.0</ns3:atemp>
            <ns3:hr>145</ns3:hr>
          </ns3:TrackPointExtension>
        </extensions>
      </trkpt>
      <trkpt lat="48.08386185206472873687744140625" lon="11.4270004816353321075439453125">
        <ele>574</ele>
        <time>2023-10-15T06:05:36.000Z</time>
        <extensions>
          <ns3:TrackPointExtension>
            <ns3:atemp>14.0</ns3:atemp>
            <ns3:hr>146</ns3:hr>
          </ns3:TrackPointExtension>
        </extensions>
      </trkpt>
      <trkpt lat="48.0837596766650676727294921875" lon="11.426926217973232269287109375">
        <ele>574</ele>
        <time>2023-10-15T06:05:40.000Z</time>
        <extensions>
          <ns3:TrackPointExtension>
            <ns3:atemp>14.0</ns3:atemp>
            <ns3:hr>148</ns3:hr>
          </ns3:TrackPointExtension>
        </extensions>
      </trkpt>
      <trkpt lat="48.083663284778594970703125" lon="11.42683200538158416748046875">
        <ele>574.20001220703125</ele>
        <time>2023-10-15T06:05:44.000Z</time>
        <extensions>
          <ns3:TrackPointExtension>
            <ns3:atemp>14.0</ns3:atemp>
            <ns3:hr>150</ns3:hr>
          </ns3:TrackPointExtension>
        </extensions>
      </trkpt>
      <trkpt lat="48.08361642993986606597900390625" lon="11.42683544196188449859619140625">
        <ele>574.4000244140625</ele>
        <time>2023-10-15T06:05:46.000Z</time>
        <extensions>
          <ns3:TrackPointExtension>
            <ns3:atemp>14.0</ns3:atemp>
            <ns3:hr>153</ns3:hr>
          </ns3:TrackPointExtension>
        </extensions>
      </trkpt>
      <trkpt lat="48.08358625508844852447509765625" lon="11.42681582830846309661865234375">
        <ele>574.20001220703125</ele>
        <time>2023-10-15T06:05:47.000Z</time>
        <extensions>
          <ns3:TrackPointExtension>
            <ns3:atemp>14.0</ns3:atemp>
            <ns3:hr>154</ns3:hr>
          </ns3:TrackPointExtension>
        </extensions>
      </trkpt>
      <trkpt lat="48.08350461535155773162841796875" lon="11.42673678696155548095703125">
        <ele>574.4000244140625</ele>
        <time>2023-10-15T06:05:50.000Z</time>
        <extensions>
          <ns3:TrackPointExtension>
            <ns3:atemp>14.0</ns3:atemp>
            <ns3:hr>154</ns3:hr>
          </ns3:TrackPointExtension>
        </extensions>
      </trkpt>
      <trkpt lat="48.0834190361201763153076171875" lon="11.42658113501965999603271484375">
        <ele>574.5999755859375</ele>
        <time>2023-10-15T06:05:55.000Z</time>
        <extensions>
          <ns3:TrackPointExtension>
            <ns3:atemp>14.0</ns3:atemp>
            <ns3:hr>153</ns3:hr>
          </ns3:TrackPointExtension>
        </extensions>
      </trkpt>
      <trkpt lat="48.083300851285457611083984375" lon="11.426464878022670745849609375">
        <ele>575</ele>
        <time>2023-10-15T06:06:00.000Z</time>
        <extensions>
          <ns3:TrackPointExtension>
            <ns3:atemp>14.0</ns3:atemp>
            <ns3:hr>151</ns3:hr>
          </ns3:TrackPointExtension>
        </extensions>
      </trkpt>
      <trkpt lat="48.08318358846008777618408203125" lon="11.4264164306223392486572265625">
        <ele>575</ele>
        <time>2023-10-15T06:06:05.000Z</time>
        <extensions>
          <ns3:TrackPointExtension>
            <ns3:atemp>14.0</ns3:atemp>
            <ns3:hr>150</ns3:hr>
          </ns3:TrackPointExtension>
        </extensions>
      </trkpt>
      <trkpt lat="48.08307546190917491912841796875" lon="11.42624166794121265411376953125">
        <ele>575</ele>
        <time>2023-10-15T06:06:11.000Z</time>
        <extensions>
          <ns3:TrackPointExtension>
            <ns3:atemp>14.0</ns3:atemp>
            <ns3:hr>149</ns3:hr>
          </ns3:TrackPointExtension>
        </extensions>
      </trkpt>
      <trkpt lat="48.083035312592983245849609375" lon="11.4261887781322002410888671875">
        <ele>575</ele>
        <time>2023-10-15T06:06:13.000Z</time>
        <extensions>
          <ns3:TrackPointExtension>
            <ns3:atemp>14.0</ns3:atemp>
            <ns3:hr>150</ns3:hr>
          </ns3:TrackPointExtension>
        </extensions>
      </trkpt>
      <trkpt lat="48.08300673030316829681396484375" lon="11.42615877091884613037109375">
        <ele>575</ele>
        <time>2023-10-15T06:06:14.000Z</time>
        <extensions>
          <ns3:TrackPointExtension>
            <ns3:atemp>14.0</ns3:atemp>
            <ns3:hr>151</ns3:hr>
          </ns3:TrackPointExtension>
        </extensions>
      </trkpt>
      <trkpt lat="48.082984350621700286865234375" lon="11.42613270319998264312744140625">
        <ele>575</ele>
        <time>2023-10-15T06:06:15.000Z</time>
        <extensions>
          <ns3:TrackPointExtension>
            <ns3:atemp>14.0</ns3:atemp>
            <ns3:hr>151</ns3:hr>
          </ns3:TrackPointExtension>
        </extensions>
      </trkpt>
      <trkpt lat="48.08281109668314456939697265625" lon="11.42593924887478351593017578125">
        <ele>575.20001220703125</ele>
        <time>2023-10-15T06:06:22.000Z</time>
        <extensions>
          <ns3:TrackPointExtension>
            <ns3:atemp>14.0</ns3:atemp>
            <ns3:hr>152</ns3:hr>
          </ns3:TrackPointExtension>
        </extensions>
      </trkpt>
      <trkpt lat="48.0826740525662899017333984375" lon="11.4257472194731235504150390625">
        <ele>575.4000244140625</ele>
        <time>2023-10-15T06:06:28.000Z</time>
        <extensions>
          <ns3:TrackPointExtension>
            <ns3:atemp>14.0</ns3:atemp>
            <ns3:hr>149</ns3:hr>
          </ns3:TrackPointExtension>
        </extensions>
      </trkpt>
      <trkpt lat="48.08263105340301990509033203125" lon="11.42568293027579784393310546875">
        <ele>575.4000244140625</ele>
        <time>2023-10-15T06:06:30.000Z</time>
        <extensions>
          <ns3:TrackPointExtension>
            <ns3:atemp>14.0</ns3:atemp>
            <ns3:hr>147</ns3:hr>
          </ns3:TrackPointExtension>
        </extensions>
      </trkpt>
      <trkpt lat="48.08245385996997356414794921875" lon="11.42551294527947902679443359375">
        <ele>575.4000244140625</ele>
        <time>2023-10-15T06:06:37.000Z</time>
        <extensions>
          <ns3:TrackPointExtension>
            <ns3:atemp>14.0</ns3:atemp>
            <ns3:hr>148</ns3:hr>
          </ns3:TrackPointExtension>
        </extensions>
      </trkpt>
      <trkpt lat="48.08225487358868122100830078125" lon="11.4252697862684726715087890625">
        <ele>575.5999755859375</ele>
        <time>2023-10-15T06:06:43.000Z</time>
        <extensions>
          <ns3:TrackPointExtension>
            <ns3:atemp>14.0</ns3:atemp>
            <ns3:hr>147</ns3:hr>
          </ns3:TrackPointExtension>
        </extensions>
      </trkpt>
      <trkpt lat="48.08210265822708606719970703125" lon="11.42503567971289157867431640625">
        <ele>575.5999755859375</ele>
        <time>2023-10-15T06:06:50.000Z</time>
        <extensions>
          <ns3:TrackPointExtension>
            <ns3:atemp>14.0</ns3:atemp>
            <ns3:hr>146</ns3:hr>
          </ns3:TrackPointExtension>
        </extensions>
      </trkpt>
      <trkpt lat="48.08193334378302097320556640625" lon="11.42479998059570789337158203125">
        <ele>576</ele>
        <time>2023-10-15T06:06:57.000Z</time>
        <extensions>
          <ns3:TrackPointExtension>
            <ns3:atemp>14.0</ns3:atemp>
            <ns3:hr>145</ns3:hr>
          </ns3:TrackPointExtension>
        </extensions>
      </trkpt>
      <trkpt lat="48.0818246304988861083984375" lon="11.42467374913394451141357421875">
        <ele>576</ele>
        <time>2023-10-15T06:07:02.000Z</time>
        <extensions>
          <ns3:TrackPointExtension>
            <ns3:atemp>14.0</ns3:atemp>
            <ns3:hr>143</ns3:hr>
          </ns3:TrackPointExtension>
        </extensions>
      </trkpt>
      <trkpt lat="48.08178775012493133544921875" lon="11.42459110356867313385009765625">
        <ele>576.20001220703125</ele>
        <time>2023-10-15T06:07:05.000Z</time>
        <extensions>
          <ns3:TrackPointExtension>
            <ns3:atemp>14.0</ns3:atemp>
            <ns3:hr>142</ns3:hr>
          </ns3:TrackPointExtension>
        </extensions>
      </trkpt>
      <trkpt lat="48.081775009632110595703125" lon="11.42458054237067699432373046875">
        <ele>576.20001220703125</ele>
        <time>2023-10-15T06:07:06.000Z</time>
        <extensions>
          <ns3:TrackPointExtension>
            <ns3:atemp>14.0</ns3:atemp>
            <ns3:hr>141</ns3:hr>
          </ns3:TrackPointExtension>
        </extensions>
      </trkpt>
      <trkpt lat="48.08169010095298290252685546875" lon="11.42445154488086700439453125">
        <ele>576.20001220703125</ele>
        <time>2023-10-15T06:07:11.000Z</time>
        <extensions>
          <ns3:TrackPointExtension>
            <ns3:atemp>14.0</ns3:atemp>
            <ns3:hr>140</ns3:hr>
          </ns3:TrackPointExtension>
        </extensions>
      </trkpt>
      <trkpt lat="48.0815827287733554840087890625" lon="11.4242921210825443267822265625">
        <ele>576.5999755859375</ele>
        <time>2023-10-15T06:07:16.000Z</time>
        <extensions>
          <ns3:TrackPointExtension>
            <ns3:atemp>14.0</ns3:atemp>
            <ns3:hr>140</ns3:hr>
          </ns3:TrackPointExtension>
        </extensions>
      </trkpt>
      <trkpt lat="48.08148541487753391265869140625" lon="11.42407360486686229705810546875">
        <ele>576.5999755859375</ele>
        <time>2023-10-15T06:07:21.000Z</time>
        <extensions>
          <ns3:TrackPointExtension>
            <ns3:atemp>14.0</ns3:atemp>
            <ns3:hr>139</ns3:hr>
          </ns3:TrackPointExtension>
        </extensions>
      </trkpt>
      <trkpt lat="48.0814305134117603302001953125" lon="11.4239793084561824798583984375">
        <ele>576.5999755859375</ele>
        <time>2023-10-15T06:07:24.000Z</time>
        <extensions>
          <ns3:TrackPointExtension>
            <ns3:atemp>14.0</ns3:atemp>
            <ns3:hr>139</ns3:hr>
          </ns3:TrackPointExtension>
        </extensions>
      </trkpt>
      <trkpt lat="48.0814016796648502349853515625" lon="11.42396564595401287078857421875">
        <ele>576.5999755859375</ele>
        <time>2023-10-15T06:07:25.000Z</time>
        <extensions>
          <ns3:TrackPointExtension>
            <ns3:atemp>14.0</ns3:atemp>
            <ns3:hr>139</ns3:hr>
          </ns3:TrackPointExtension>
        </extensions>
      </trkpt>
      <trkpt lat="48.0813188664615154266357421875" lon="11.4238207228481769561767578125">
        <ele>576.5999755859375</ele>
        <time>2023-10-15T06:07:30.000Z</time>
        <extensions>
          <ns3:TrackPointExtension>
            <ns3:atemp>14.0</ns3:atemp>
            <ns3:hr>138</ns3:hr>
          </ns3:TrackPointExtension>
        </extensions>
      </trkpt>
      <trkpt lat="48.0811565928161144256591796875" lon="11.4236242510378360748291015625">
        <ele>576.5999755859375</ele>
        <time>2023-10-15T06:07:36.000Z</time>
        <extensions>
          <ns3:TrackPointExtension>
            <ns3:atemp>14.0</ns3:atemp>
            <ns3:hr>138</ns3:hr>
          </ns3:TrackPointExtension>
        </extensions>
      </trkpt>
      <trkpt lat="48.08099976740777492523193359375" lon="11.423450075089931488037109375">
        <ele>577</ele>
        <time>2023-10-15T06:07:43.000Z</time>
        <extensions>
          <ns3:TrackPointExtension>
            <ns3:atemp>14.0</ns3:atemp>
            <ns3:hr>139</ns3:hr>
          </ns3:TrackPointExtension>
        </extensions>
      </trkpt>
      <trkpt lat="48.0808719433844089508056640625" lon="11.423352174460887908935546875">
        <ele>577.20001220703125</ele>
        <time>2023-10-15T06:07:48.000Z</time>
        <extensions>
          <ns3:TrackPointExtension>
            <ns3:atemp>14.0</ns3:atemp>
            <ns3:hr>139</ns3:hr>
          </ns3:TrackPointExtension>
        </extensions>
      </trkpt>
      <trkpt lat="48.0807931534945964813232421875" lon="11.42323918640613555908203125">
        <ele>577.20001220703125</ele>
        <time>2023-10-15T06:07:52.000Z</time>
        <extensions>
          <ns3:TrackPointExtension>
            <ns3:atemp>14.0</ns3:atemp>
            <ns3:hr>139</ns3:hr>
          </ns3:TrackPointExtension>
        </extensions>
      </trkpt>
      <trkpt lat="48.08077563531696796417236328125" lon="11.42317187972366809844970703125">
        <ele>577.20001220703125</ele>
        <time>2023-10-15T06:07:54.000Z</time>
        <extensions>
          <ns3:TrackPointExtension>
            <ns3:atemp>14.0</ns3:atemp>
            <ns3:hr>139</ns3:hr>
          </ns3:TrackPointExtension>
        </extensions>
      </trkpt>
      <trkpt lat="48.08060732670128345489501953125" lon="11.42301698215305805206298828125">
        <ele>577.20001220703125</ele>
        <time>2023-10-15T06:08:01.000Z</time>
        <extensions>
          <ns3:TrackPointExtension>
            <ns3:atemp>14.0</ns3:atemp>
            <ns3:hr>140</ns3:hr>
          </ns3:TrackPointExtension>
        </extensions>
      </trkpt>
      <trkpt lat="48.08051747269928455352783203125" lon="11.42284917645156383514404296875">
        <ele>577.4000244140625</ele>
        <time>2023-10-15T06:08:05.000Z</time>
        <extensions>
          <ns3:TrackPointExtension>
            <ns3:atemp>14.0</ns3:atemp>
            <ns3:hr>140</ns3:hr>
          </ns3:TrackPointExtension>
        </extensions>
      </trkpt>
      <trkpt lat="48.080458380281925201416015625" lon="11.42277625389397144317626953125">
        <ele>577.79998779296875</ele>
        <time>2023-10-15T06:08:10.000Z</time>
        <extensions>
          <ns3:TrackPointExtension>
            <ns3:atemp>14.0</ns3:atemp>
            <ns3:hr>139</ns3:hr>
          </ns3:TrackPointExtension>
        </extensions>
      </trkpt>
      <trkpt lat="48.08045863173902034759521484375" lon="11.42272864468395709991455078125">
        <ele>577.4000244140625</ele>
        <time>2023-10-15T06:08:14.000Z</time>
        <extensions>
          <ns3:TrackPointExtension>
            <ns3:atemp>14.0</ns3:atemp>
            <ns3:hr>137</ns3:hr>
          </ns3:TrackPointExtension>
        </extensions>
      </trkpt>
      <trkpt lat="48.08046785183250904083251953125" lon="11.4227089472115039825439453125">
        <ele>577</ele>
        <time>2023-10-15T06:08:18.000Z</time>
        <extensions>
          <ns3:TrackPointExtension>
            <ns3:atemp>14.0</ns3:atemp>
            <ns3:hr>134</ns3:hr>
          </ns3:TrackPointExtension>
        </extensions>
      </trkpt>
      <trkpt lat="48.08045427314937114715576171875" lon="11.42266108654439449310302734375">
        <ele>576.79998779296875</ele>
        <time>2023-10-15T06:08:34.000Z</time>
        <extensions>
          <ns3:TrackPointExtension>
            <ns3:atemp>14.0</ns3:atemp>
            <ns3:hr>132</ns3:hr>
          </ns3:TrackPointExtension>
        </extensions>
      </trkpt>
      <trkpt lat="48.08045645244419574737548828125" lon="11.42265002243220806121826171875">
        <ele>576.79998779296875</ele>
        <time>2023-10-15T06:08:35.000Z</time>
        <extensions>
          <ns3:TrackPointExtension>
            <ns3:atemp>14.0</ns3:atemp>
            <ns3:hr>133</ns3:hr>
          </ns3:TrackPointExtension>
        </extensions>
      </trkpt>
      <trkpt lat="48.0804471485316753387451171875" lon="11.42261783592402935028076171875">
        <ele>577.20001220703125</ele>
        <time>2023-10-15T06:08:37.000Z</time>
        <extensions>
          <ns3:TrackPointExtension>
            <ns3:atemp>14.0</ns3:atemp>
            <ns3:hr>133</ns3:hr>
          </ns3:TrackPointExtension>
        </extensions>
      </trkpt>
      <trkpt lat="48.080391995608806610107421875" lon="11.42257391475141048431396484375">
        <ele>577.5999755859375</ele>
        <time>2023-10-15T06:08:40.000Z</time>
        <extensions>
          <ns3:TrackPointExtension>
            <ns3:atemp>14.0</ns3:atemp>
            <ns3:hr>134</ns3:hr>
          </ns3:TrackPointExtension>
        </extensions>
      </trkpt>
      <trkpt lat="48.08024271391332149505615234375" lon="11.42241382040083408355712890625">
        <ele>577.4000244140625</ele>
        <time>2023-10-15T06:08:46.000Z</time>
        <extensions>
          <ns3:TrackPointExtension>
            <ns3:atemp>14.0</ns3:atemp>
            <ns3:hr>137</ns3:hr>
          </ns3:TrackPointExtension>
        </extensions>
      </trkpt>
      <trkpt lat="48.08008111082017421722412109375" lon="11.4222479425370693206787109375">
        <ele>577.4000244140625</ele>
        <time>2023-10-15T06:08:52.000Z</time>
        <extensions>
          <ns3:TrackPointExtension>
            <ns3:atemp>14.0</ns3:atemp>
            <ns3:hr>138</ns3:hr>
          </ns3:TrackPointExtension>
        </extensions>
      </trkpt>
      <trkpt lat="48.07985748164355754852294921875" lon="11.42199271358549594879150390625">
        <ele>577.5999755859375</ele>
        <time>2023-10-15T06:09:00.000Z</time>
        <extensions>
          <ns3:TrackPointExtension>
            <ns3:atemp>14.0</ns3:atemp>
            <ns3:hr>137</ns3:hr>
          </ns3:TrackPointExtension>
        </extensions>
      </trkpt>
      <trkpt lat="48.0797564797103404998779296875" lon="11.4219041168689727783203125">
        <ele>577.79998779296875</ele>
        <time>2023-10-15T06:09:04.000Z</time>
        <extensions>
          <ns3:TrackPointExtension>
            <ns3:atemp>14.0</ns3:atemp>
            <ns3:hr>140</ns3:hr>
          </ns3:TrackPointExtension>
        </extensions>
      </trkpt>
      <trkpt lat="48.0796444974839687347412109375" lon="11.42179506830871105194091796875">
        <ele>577.5999755859375</ele>
        <time>2023-10-15T06:09:08.000Z</time>
        <extensions>
          <ns3:TrackPointExtension>
            <ns3:atemp>14.0</ns3:atemp>
            <ns3:hr>142</ns3:hr>
          </ns3:TrackPointExtension>
        </extensions>
      </trkpt>
      <trkpt lat="48.07947794906795024871826171875" lon="11.42158652655780315399169921875">
        <ele>577.5999755859375</ele>
        <time>2023-10-15T06:09:15.000Z</time>
        <extensions>
          <ns3:TrackPointExtension>
            <ns3:atemp>15.0</ns3:atemp>
            <ns3:hr>143</ns3:hr>
          </ns3:TrackPointExtension>
        </extensions>
      </trkpt>
      <trkpt lat="48.07926219888031482696533203125" lon="11.4213113486766815185546875">
        <ele>577.4000244140625</ele>
        <time>2023-10-15T06:09:24.000Z</time>
        <extensions>
          <ns3:TrackPointExtension>
            <ns3:atemp>15.0</ns3:atemp>
            <ns3:hr>144</ns3:hr>
          </ns3:TrackPointExtension>
        </extensions>
      </trkpt>
      <trkpt lat="48.07904493995010852813720703125" lon="11.42100624740123748779296875">
        <ele>577</ele>
        <time>2023-10-15T06:09:34.000Z</time>
        <extensions>
          <ns3:TrackPointExtension>
            <ns3:atemp>15.0</ns3:atemp>
            <ns3:hr>145</ns3:hr>
          </ns3:TrackPointExtension>
        </extensions>
      </trkpt>
      <trkpt lat="48.0788881145417690277099609375" lon="11.42078739590942859649658203125">
        <ele>576.79998779296875</ele>
        <time>2023-10-15T06:09:42.000Z</time>
        <extensions>
          <ns3:TrackPointExtension>
            <ns3:atemp>15.0</ns3:atemp>
            <ns3:hr>145</ns3:hr>
          </ns3:TrackPointExtension>
        </extensions>
      </trkpt>
      <trkpt lat="48.0787818320095539093017578125" lon="11.420687399804592132568359375">
        <ele>576.5999755859375</ele>
        <time>2023-10-15T06:09:47.000Z</time>
        <extensions>
          <ns3:TrackPointExtension>
            <ns3:atemp>15.0</ns3:atemp>
            <ns3:hr>145</ns3:hr>
          </ns3:TrackPointExtension>
        </extensions>
      </trkpt>
      <trkpt lat="48.07864964939653873443603515625" lon="11.42053878866136074066162109375">
        <ele>576.5999755859375</ele>
        <time>2023-10-15T06:09:53.000Z</time>
        <extensions>
          <ns3:TrackPointExtension>
            <ns3:atemp>15.0</ns3:atemp>
            <ns3:hr>142</ns3:hr>
          </ns3:TrackPointExtension>
        </extensions>
      </trkpt>
      <trkpt lat="48.0786111764609813690185546875" lon="11.420495621860027313232421875">
        <ele>576.5999755859375</ele>
        <time>2023-10-15T06:09:55.000Z</time>
        <extensions>
          <ns3:TrackPointExtension>
            <ns3:atemp>15.0</ns3:atemp>
            <ns3:hr>141</ns3:hr>
          </ns3:TrackPointExtension>
        </extensions>
      </trkpt>
      <trkpt lat="48.078511767089366912841796875" lon="11.42023150809109210968017578125">
        <ele>577.4000244140625</ele>
        <time>2023-10-15T06:10:02.000Z</time>
        <extensions>
          <ns3:TrackPointExtension>
            <ns3:atemp>15.0</ns3:atemp>
            <ns3:hr>140</ns3:hr>
          </ns3:TrackPointExtension>
        </extensions>
      </trkpt>
      <trkpt lat="48.07857840321958065032958984375" lon="11.419942416250705718994140625">
        <ele>577.20001220703125</ele>
        <time>2023-10-15T06:10:08.000Z</time>
        <extensions>
          <ns3:TrackPointExtension>
            <ns3:atemp>15.0</ns3:atemp>
            <ns3:hr>138</ns3:hr>
          </ns3:TrackPointExtension>
        </extensions>
      </trkpt>
      <trkpt lat="48.07870589196681976318359375" lon="11.419639997184276580810546875">
        <ele>577</ele>
        <time>2023-10-15T06:10:16.000Z</time>
        <extensions>
          <ns3:TrackPointExtension>
            <ns3:atemp>15.0</ns3:atemp>
            <ns3:hr>139</ns3:hr>
          </ns3:TrackPointExtension>
        </extensions>
      </trkpt>
      <trkpt lat="48.0787731148302555084228515625" lon="11.4194364845752716064453125">
        <ele>577.4000244140625</ele>
        <time>2023-10-15T06:10:21.000Z</time>
        <extensions>
          <ns3:TrackPointExtension>
            <ns3:atemp>15.0</ns3:atemp>
            <ns3:hr>142</ns3:hr>
          </ns3:TrackPointExtension>
        </extensions>
      </trkpt>
      <trkpt lat="48.07881963439285755157470703125" lon="11.4192941598594188690185546875">
        <ele>577.79998779296875</ele>
        <time>2023-10-15T06:10:25.000Z</time>
        <extensions>
          <ns3:TrackPointExtension>
            <ns3:atemp>15.0</ns3:atemp>
            <ns3:hr>143</ns3:hr>
          </ns3:TrackPointExtension>
        </extensions>
      </trkpt>
      <trkpt lat="48.0788998492062091827392578125" lon="11.4190554432570934295654296875">
        <ele>578.20001220703125</ele>
        <time>2023-10-15T06:10:31.000Z</time>
        <extensions>
          <ns3:TrackPointExtension>
            <ns3:atemp>15.0</ns3:atemp>
            <ns3:hr>146</ns3:hr>
          </ns3:TrackPointExtension>
        </extensions>
      </trkpt>
      <trkpt lat="48.07894066907465457916259765625" lon="11.41893348656594753265380859375">
        <ele>578.20001220703125</ele>
        <time>2023-10-15T06:10:34.000Z</time>
        <extensions>
          <ns3:TrackPointExtension>
            <ns3:atemp>15.0</ns3:atemp>
            <ns3:hr>147</ns3:hr>
          </ns3:TrackPointExtension>
        </extensions>
      </trkpt>
      <trkpt lat="48.07900101877748966217041015625" lon="11.41869812272489070892333984375">
        <ele>578.5999755859375</ele>
        <time>2023-10-15T06:10:40.000Z</time>
        <extensions>
          <ns3:TrackPointExtension>
            <ns3:atemp>15.0</ns3:atemp>
            <ns3:hr>148</ns3:hr>
          </ns3:TrackPointExtension>
        </extensions>
      </trkpt>
      <trkpt lat="48.07909489609301090240478515625" lon="11.4183332584798336029052734375">
        <ele>578.79998779296875</ele>
        <time>2023-10-15T06:10:48.000Z</time>
        <extensions>
          <ns3:TrackPointExtension>
            <ns3:atemp>15.0</ns3:atemp>
            <ns3:hr>149</ns3:hr>
          </ns3:TrackPointExtension>
        </extensions>
      </trkpt>
      <trkpt lat="48.07920469902455806732177734375" lon="11.4180476032197475433349609375">
        <ele>579</ele>
        <time>2023-10-15T06:10:55.000Z</time>
        <extensions>
          <ns3:TrackPointExtension>
            <ns3:atemp>15.0</ns3:atemp>
            <ns3:hr>151</ns3:hr>
          </ns3:TrackPointExtension>
        </extensions>
      </trkpt>
      <trkpt lat="48.07933361269533634185791015625" lon="11.4177653007209300994873046875">
        <ele>579.20001220703125</ele>
        <time>2023-10-15T06:11:02.000Z</time>
        <extensions>
          <ns3:TrackPointExtension>
            <ns3:atemp>15.0</ns3:atemp>
            <ns3:hr>153</ns3:hr>
          </ns3:TrackPointExtension>
        </extensions>
      </trkpt>
      <trkpt lat="48.07939714752137660980224609375" lon="11.41748090274631977081298828125">
        <ele>579.20001220703125</ele>
        <time>2023-10-15T06:11:09.000Z</time>
        <extensions>
          <ns3:TrackPointExtension>
            <ns3:atemp>15.0</ns3:atemp>
            <ns3:hr>152</ns3:hr>
          </ns3:TrackPointExtension>
        </extensions>
      </trkpt>
      <trkpt lat="48.07942329905927181243896484375" lon="11.41719885170459747314453125">
        <ele>579</ele>
        <time>2023-10-15T06:11:14.000Z</time>
        <extensions>
          <ns3:TrackPointExtension>
            <ns3:atemp>15.0</ns3:atemp>
            <ns3:hr>152</ns3:hr>
          </ns3:TrackPointExtension>
        </extensions>
      </trkpt>
      <trkpt lat="48.0795284919440746307373046875" lon="11.416980922222137451171875">
        <ele>579</ele>
        <time>2023-10-15T06:11:20.000Z</time>
        <extensions>
          <ns3:TrackPointExtension>
            <ns3:atemp>15.0</ns3:atemp>
            <ns3:hr>152</ns3:hr>
          </ns3:TrackPointExtension>
        </extensions>
      </trkpt>
      <trkpt lat="48.079614825546741485595703125" lon="11.416755281388759613037109375">
        <ele>579</ele>
        <time>2023-10-15T06:11:27.000Z</time>
        <extensions>
          <ns3:TrackPointExtension>
            <ns3:atemp>15.0</ns3:atemp>
            <ns3:hr>153</ns3:hr>
          </ns3:TrackPointExtension>
        </extensions>
      </trkpt>
      <trkpt lat="48.0796693079173564910888671875" lon="11.41655436716973781585693359375">
        <ele>579.20001220703125</ele>
        <time>2023-10-15T06:11:32.000Z</time>
        <extensions>
          <ns3:TrackPointExtension>
            <ns3:atemp>15.0</ns3:atemp>
            <ns3:hr>153</ns3:hr>
          </ns3:TrackPointExtension>
        </extensions>
      </trkpt>
      <trkpt lat="48.0798037536442279815673828125" lon="11.41629000194370746612548828125">
        <ele>579</ele>
        <time>2023-10-15T06:11:40.000Z</time>
        <extensions>
          <ns3:TrackPointExtension>
            <ns3:atemp>15.0</ns3:atemp>
            <ns3:hr>152</ns3:hr>
          </ns3:TrackPointExtension>
        </extensions>
      </trkpt>
      <trkpt lat="48.079903833568096160888671875" lon="11.4160191826522350311279296875">
        <ele>579</ele>
        <time>2023-10-15T06:11:47.000Z</time>
        <extensions>
          <ns3:TrackPointExtension>
            <ns3:atemp>15.0</ns3:atemp>
            <ns3:hr>150</ns3:hr>
          </ns3:TrackPointExtension>
        </extensions>
      </trkpt>
      <trkpt lat="48.0799465812742710113525390625" lon="11.4157968945801258087158203125">
        <ele>578.79998779296875</ele>
        <time>2023-10-15T06:11:52.000Z</time>
        <extensions>
          <ns3:TrackPointExtension>
            <ns3:atemp>15.0</ns3:atemp>
            <ns3:hr>148</ns3:hr>
          </ns3:TrackPointExtension>
        </extensions>
      </trkpt>
      <trkpt lat="48.08004272170364856719970703125" lon="11.4154904522001743316650390625">
        <ele>579.20001220703125</ele>
        <time>2023-10-15T06:12:00.000Z</time>
        <extensions>
          <ns3:TrackPointExtension>
            <ns3:atemp>15.0</ns3:atemp>
            <ns3:hr>148</ns3:hr>
          </ns3:TrackPointExtension>
        </extensions>
      </trkpt>
      <trkpt lat="48.0801246128976345062255859375" lon="11.41523815691471099853515625">
        <ele>579</ele>
        <time>2023-10-15T06:12:06.000Z</time>
        <extensions>
          <ns3:TrackPointExtension>
            <ns3:atemp>15.0</ns3:atemp>
            <ns3:hr>146</ns3:hr>
          </ns3:TrackPointExtension>
        </extensions>
      </trkpt>
      <trkpt lat="48.08019627816975116729736328125" lon="11.41506113111972808837890625">
        <ele>579.20001220703125</ele>
        <time>2023-10-15T06:12:11.000Z</time>
        <extensions>
          <ns3:TrackPointExtension>
            <ns3:atemp>15.0</ns3:atemp>
            <ns3:hr>146</ns3:hr>
          </ns3:TrackPointExtension>
        </extensions>
      </trkpt>
      <trkpt lat="48.0802379362285137176513671875" lon="11.41495191492140293121337890625">
        <ele>579.20001220703125</ele>
        <time>2023-10-15T06:12:13.000Z</time>
        <extensions>
          <ns3:TrackPointExtension>
            <ns3:atemp>15.0</ns3:atemp>
            <ns3:hr>146</ns3:hr>
          </ns3:TrackPointExtension>
        </extensions>
      </trkpt>
      <trkpt lat="48.08033575303852558135986328125" lon="11.414730548858642578125">
        <ele>579.4000244140625</ele>
        <time>2023-10-15T06:12:18.000Z</time>
        <extensions>
          <ns3:TrackPointExtension>
            <ns3:atemp>15.0</ns3:atemp>
            <ns3:hr>146</ns3:hr>
          </ns3:TrackPointExtension>
        </extensions>
      </trkpt>
      <trkpt lat="48.08038218878209590911865234375" lon="11.4145027287304401397705078125">
        <ele>579.20001220703125</ele>
        <time>2023-10-15T06:12:24.000Z</time>
        <extensions>
          <ns3:TrackPointExtension>
            <ns3:atemp>15.0</ns3:atemp>
            <ns3:hr>145</ns3:hr>
          </ns3:TrackPointExtension>
        </extensions>
      </trkpt>
      <trkpt lat="48.0805091746151447296142578125" lon="11.41419704072177410125732421875">
        <ele>579</ele>
        <time>2023-10-15T06:12:33.000Z</time>
        <extensions>
          <ns3:TrackPointExtension>
            <ns3:atemp>15.0</ns3:atemp>
            <ns3:hr>146</ns3:hr>
          </ns3:TrackPointExtension>
        </extensions>
      </trkpt>
      <trkpt lat="48.08063171803951263427734375" lon="11.41384634189307689666748046875">
        <ele>579.20001220703125</ele>
        <time>2023-10-15T06:12:40.000Z</time>
        <extensions>
          <ns3:TrackPointExtension>
            <ns3:atemp>15.0</ns3:atemp>
            <ns3:hr>147</ns3:hr>
          </ns3:TrackPointExtension>
        </extensions>
      </trkpt>
      <trkpt lat="48.08075618930160999298095703125" lon="11.4135076291859149932861328125">
        <ele>579</ele>
        <time>2023-10-15T06:12:48.000Z</time>
        <extensions>
          <ns3:TrackPointExtension>
            <ns3:atemp>15.0</ns3:atemp>
            <ns3:hr>149</ns3:hr>
          </ns3:TrackPointExtension>
        </extensions>
      </trkpt>
      <trkpt lat="48.08083615265786647796630859375" lon="11.41324703581631183624267578125">
        <ele>579</ele>
        <time>2023-10-15T06:12:56.000Z</time>
        <extensions>
          <ns3:TrackPointExtension>
            <ns3:atemp>14.0</ns3:atemp>
            <ns3:hr>150</ns3:hr>
          </ns3:TrackPointExtension>
        </extensions>
      </trkpt>
      <trkpt lat="48.08094947598874568939208984375" lon="11.41295291483402252197265625">
        <ele>579</ele>
        <time>2023-10-15T06:13:04.000Z</time>
        <extensions>
          <ns3:TrackPointExtension>
            <ns3:atemp>15.0</ns3:atemp>
            <ns3:hr>147</ns3:hr>
          </ns3:TrackPointExtension>
        </extensions>
      </trkpt>
      <trkpt lat="48.080991469323635101318359375" lon="11.41267958097159862518310546875">
        <ele>579</ele>
        <time>2023-10-15T06:13:11.000Z</time>
        <extensions>
          <ns3:TrackPointExtension>
            <ns3:atemp>15.0</ns3:atemp>
            <ns3:hr>145</ns3:hr>
          </ns3:TrackPointExtension>
        </extensions>
      </trkpt>
      <trkpt lat="48.08108459226787090301513671875" lon="11.41244597733020782470703125">
        <ele>579.20001220703125</ele>
        <time>2023-10-15T06:13:17.000Z</time>
        <extensions>
          <ns3:TrackPointExtension>
            <ns3:atemp>15.0</ns3:atemp>
            <ns3:hr>143</ns3:hr>
          </ns3:TrackPointExtension>
        </extensions>
      </trkpt>
      <trkpt lat="48.08113454841077327728271484375" lon="11.412212960422039031982421875">
        <ele>579.20001220703125</ele>
        <time>2023-10-15T06:13:23.000Z</time>
        <extensions>
          <ns3:TrackPointExtension>
            <ns3:atemp>15.0</ns3:atemp>
            <ns3:hr>142</ns3:hr>
          </ns3:TrackPointExtension>
        </extensions>
      </trkpt>
      <trkpt lat="48.08122121728956699371337890625" lon="11.4119625091552734375">
        <ele>579.20001220703125</ele>
        <time>2023-10-15T06:13:30.000Z</time>
        <extensions>
          <ns3:TrackPointExtension>
            <ns3:atemp>15.0</ns3:atemp>
            <ns3:hr>141</ns3:hr>
          </ns3:TrackPointExtension>
        </extensions>
      </trkpt>
      <trkpt lat="48.08128349483013153076171875" lon="11.41166470013558864593505859375">
        <ele>579.4000244140625</ele>
        <time>2023-10-15T06:13:37.000Z</time>
        <extensions>
          <ns3:TrackPointExtension>
            <ns3:atemp>15.0</ns3:atemp>
            <ns3:hr>140</ns3:hr>
          </ns3:TrackPointExtension>
        </extensions>
      </trkpt>
      <trkpt lat="48.08132582344114780426025390625" lon="11.41156277619302272796630859375">
        <ele>579.5999755859375</ele>
        <time>2023-10-15T06:13:40.000Z</time>
        <extensions>
          <ns3:TrackPointExtension>
            <ns3:atemp>15.0</ns3:atemp>
            <ns3:hr>140</ns3:hr>
          </ns3:TrackPointExtension>
        </extensions>
      </trkpt>
      <trkpt lat="48.081335127353668212890625" lon="11.4115382172167301177978515625">
        <ele>580</ele>
        <time>2023-10-15T06:13:42.000Z</time>
        <extensions>
          <ns3:TrackPointExtension>
            <ns3:atemp>15.0</ns3:atemp>
            <ns3:hr>139</ns3:hr>
          </ns3:TrackPointExtension>
        </extensions>
      </trkpt>
      <trkpt lat="48.08134107850492000579833984375" lon="11.4115469343960285186767578125">
        <ele>580</ele>
        <time>2023-10-15T06:13:46.000Z</time>
        <extensions>
          <ns3:TrackPointExtension>
            <ns3:atemp>15.0</ns3:atemp>
            <ns3:hr>136</ns3:hr>
          </ns3:TrackPointExtension>
        </extensions>
      </trkpt>
      <trkpt lat="48.08133973740041255950927734375" lon="11.411549113690853118896484375">
        <ele>580</ele>
        <time>2023-10-15T06:13:47.000Z</time>
        <extensions>
          <ns3:TrackPointExtension>
            <ns3:atemp>15.0</ns3:atemp>
            <ns3:hr>135</ns3:hr>
          </ns3:TrackPointExtension>
        </extensions>
      </trkpt>
      <trkpt lat="48.081350214779376983642578125" lon="11.411568224430084228515625">
        <ele>579.5999755859375</ele>
        <time>2023-10-15T06:13:50.000Z</time>
        <extensions>
          <ns3:TrackPointExtension>
            <ns3:atemp>15.0</ns3:atemp>
            <ns3:hr>132</ns3:hr>
          </ns3:TrackPointExtension>
        </extensions>
      </trkpt>
      <trkpt lat="48.08133990503847599029541015625" lon="11.41158440150320529937744140625">
        <ele>579.79998779296875</ele>
        <time>2023-10-15T06:13:52.000Z</time>
        <extensions>
          <ns3:TrackPointExtension>
            <ns3:atemp>15.0</ns3:atemp>
            <ns3:hr>131</ns3:hr>
          </ns3:TrackPointExtension>
        </extensions>
      </trkpt>
      <trkpt lat="48.0813453532755374908447265625" lon="11.4115937054157257080078125">
        <ele>580</ele>
        <time>2023-10-15T06:13:54.000Z</time>
        <extensions>
          <ns3:TrackPointExtension>
            <ns3:atemp>15.0</ns3:atemp>
            <ns3:hr>133</ns3:hr>
          </ns3:TrackPointExtension>
        </extensions>
      </trkpt>
      <trkpt lat="48.08135180734097957611083984375" lon="11.411623544991016387939453125">
        <ele>579.5999755859375</ele>
        <time>2023-10-15T06:14:02.000Z</time>
        <extensions>
          <ns3:TrackPointExtension>
            <ns3:atemp>15.0</ns3:atemp>
            <ns3:hr>129</ns3:hr>
          </ns3:TrackPointExtension>
        </extensions>
      </trkpt>
      <trkpt lat="48.08134946040809154510498046875" lon="11.41162681393325328826904296875">
        <ele>579.4000244140625</ele>
        <time>2023-10-15T06:14:04.000Z</time>
        <extensions>
          <ns3:TrackPointExtension>
            <ns3:atemp>15.0</ns3:atemp>
            <ns3:hr>129</ns3:hr>
          </ns3:TrackPointExtension>
        </extensions>
      </trkpt>
      <trkpt lat="48.08137242682278156280517578125" lon="11.41156713478267192840576171875">
        <ele>579.4000244140625</ele>
        <time>2023-10-15T06:14:08.000Z</time>
        <extensions>
          <ns3:TrackPointExtension>
            <ns3:atemp>15.0</ns3:atemp>
            <ns3:hr>133</ns3:hr>
          </ns3:TrackPointExtension>
        </extensions>
      </trkpt>
      <trkpt lat="48.08137929998338222503662109375" lon="11.4115355350077152252197265625">
        <ele>579.20001220703125</ele>
        <time>2023-10-15T06:14:09.000Z</time>
        <extensions>
          <ns3:TrackPointExtension>
            <ns3:atemp>15.0</ns3:atemp>
            <ns3:hr>134</ns3:hr>
          </ns3:TrackPointExtension>
        </extensions>
      </trkpt>
      <trkpt lat="48.08139740489423274993896484375" lon="11.41145984642207622528076171875">
        <ele>579</ele>
        <time>2023-10-15T06:14:11.000Z</time>
        <extensions>
          <ns3:TrackPointExtension>
            <ns3:atemp>15.0</ns3:atemp>
            <ns3:hr>136</ns3:hr>
          </ns3:TrackPointExtension>
        </extensions>
      </trkpt>
      <trkpt lat="48.08143797330558300018310546875" lon="11.41135842539370059967041015625">
        <ele>579</ele>
        <time>2023-10-15T06:14:13.000Z</time>
        <extensions>
          <ns3:TrackPointExtension>
            <ns3:atemp>15.0</ns3:atemp>
            <ns3:hr>137</ns3:hr>
          </ns3:TrackPointExtension>
        </extensions>
      </trkpt>
      <trkpt lat="48.0814888514578342437744140625" lon="11.4111218042671680450439453125">
        <ele>578.79998779296875</ele>
        <time>2023-10-15T06:14:18.000Z</time>
        <extensions>
          <ns3:TrackPointExtension>
            <ns3:atemp>15.0</ns3:atemp>
            <ns3:hr>140</ns3:hr>
          </ns3:TrackPointExtension>
        </extensions>
      </trkpt>
      <trkpt lat="48.08156646788120269775390625" lon="11.4109923876821994781494140625">
        <ele>578.79998779296875</ele>
        <time>2023-10-15T06:14:22.000Z</time>
        <extensions>
          <ns3:TrackPointExtension>
            <ns3:atemp>15.0</ns3:atemp>
            <ns3:hr>142</ns3:hr>
          </ns3:TrackPointExtension>
        </extensions>
      </trkpt>
      <trkpt lat="48.08166931383311748504638671875" lon="11.41071871854364871978759765625">
        <ele>579</ele>
        <time>2023-10-15T06:14:29.000Z</time>
        <extensions>
          <ns3:TrackPointExtension>
            <ns3:atemp>15.0</ns3:atemp>
            <ns3:hr>143</ns3:hr>
          </ns3:TrackPointExtension>
        </extensions>
      </trkpt>
      <trkpt lat="48.08175581507384777069091796875" lon="11.410413868725299835205078125">
        <ele>579.4000244140625</ele>
        <time>2023-10-15T06:14:36.000Z</time>
        <extensions>
          <ns3:TrackPointExtension>
            <ns3:atemp>15.0</ns3:atemp>
            <ns3:hr>143</ns3:hr>
          </ns3:TrackPointExtension>
        </extensions>
      </trkpt>
      <trkpt lat="48.0818112194538116455078125" lon="11.41010516323149204254150390625">
        <ele>579.4000244140625</ele>
        <time>2023-10-15T06:14:43.000Z</time>
        <extensions>
          <ns3:TrackPointExtension>
            <ns3:atemp>15.0</ns3:atemp>
            <ns3:hr>145</ns3:hr>
          </ns3:TrackPointExtension>
        </extensions>
      </trkpt>
      <trkpt lat="48.081969805061817169189453125" lon="11.40973602421581745147705078125">
        <ele>579.4000244140625</ele>
        <time>2023-10-15T06:14:51.000Z</time>
        <extensions>
          <ns3:TrackPointExtension>
            <ns3:atemp>15.0</ns3:atemp>
            <ns3:hr>147</ns3:hr>
          </ns3:TrackPointExtension>
        </extensions>
      </trkpt>
      <trkpt lat="48.08205806650221347808837890625" lon="11.40945221297442913055419921875">
        <ele>579.20001220703125</ele>
        <time>2023-10-15T06:14:57.000Z</time>
        <extensions>
          <ns3:TrackPointExtension>
            <ns3:atemp>15.0</ns3:atemp>
            <ns3:hr>148</ns3:hr>
          </ns3:TrackPointExtension>
        </extensions>
      </trkpt>
      <trkpt lat="48.08212227188050746917724609375" lon="11.4092593453824520111083984375">
        <ele>579.20001220703125</ele>
        <time>2023-10-15T06:15:03.000Z</time>
        <extensions>
          <ns3:TrackPointExtension>
            <ns3:atemp>15.0</ns3:atemp>
            <ns3:hr>150</ns3:hr>
          </ns3:TrackPointExtension>
        </extensions>
      </trkpt>
      <trkpt lat="48.08219050057232379913330078125" lon="11.40904267318546772003173828125">
        <ele>579.20001220703125</ele>
        <time>2023-10-15T06:15:09.000Z</time>
        <extensions>
          <ns3:TrackPointExtension>
            <ns3:atemp>15.0</ns3:atemp>
            <ns3:hr>149</ns3:hr>
          </ns3:TrackPointExtension>
        </extensions>
      </trkpt>
      <trkpt lat="48.08224850334227085113525390625" lon="11.40884888358414173126220703125">
        <ele>579.20001220703125</ele>
        <time>2023-10-15T06:15:15.000Z</time>
        <extensions>
          <ns3:TrackPointExtension>
            <ns3:atemp>15.0</ns3:atemp>
            <ns3:hr>150</ns3:hr>
          </ns3:TrackPointExtension>
        </extensions>
      </trkpt>
      <trkpt lat="48.08231522329151630401611328125" lon="11.40866884030401706695556640625">
        <ele>579.20001220703125</ele>
        <time>2023-10-15T06:15:20.000Z</time>
        <extensions>
          <ns3:TrackPointExtension>
            <ns3:atemp>15.0</ns3:atemp>
            <ns3:hr>151</ns3:hr>
          </ns3:TrackPointExtension>
        </extensions>
      </trkpt>
      <trkpt lat="48.0823662690818309783935546875" lon="11.40853506512939929962158203125">
        <ele>579.20001220703125</ele>
        <time>2023-10-15T06:15:23.000Z</time>
        <extensions>
          <ns3:TrackPointExtension>
            <ns3:atemp>15.0</ns3:atemp>
            <ns3:hr>150</ns3:hr>
          </ns3:TrackPointExtension>
        </extensions>
      </trkpt>
      <trkpt lat="48.0823759920895099639892578125" lon="11.40843632631003856658935546875">
        <ele>579.20001220703125</ele>
        <time>2023-10-15T06:15:25.000Z</time>
        <extensions>
          <ns3:TrackPointExtension>
            <ns3:atemp>15.0</ns3:atemp>
            <ns3:hr>150</ns3:hr>
          </ns3:TrackPointExtension>
        </extensions>
      </trkpt>
      <trkpt lat="48.08238998986780643463134765625" lon="11.40838922001421451568603515625">
        <ele>579</ele>
        <time>2023-10-15T06:15:26.000Z</time>
        <extensions>
          <ns3:TrackPointExtension>
            <ns3:atemp>15.0</ns3:atemp>
            <ns3:hr>149</ns3:hr>
          </ns3:TrackPointExtension>
        </extensions>
      </trkpt>
      <trkpt lat="48.08245964348316192626953125" lon="11.4082065783441066741943359375">
        <ele>579</ele>
        <time>2023-10-15T06:15:30.000Z</time>
        <extensions>
          <ns3:TrackPointExtension>
            <ns3:atemp>15.0</ns3:atemp>
            <ns3:hr>148</ns3:hr>
          </ns3:TrackPointExtension>
        </extensions>
      </trkpt>
      <trkpt lat="48.08255829848349094390869140625" lon="11.4079175703227519989013671875">
        <ele>578.79998779296875</ele>
        <time>2023-10-15T06:15:37.000Z</time>
        <extensions>
          <ns3:TrackPointExtension>
            <ns3:atemp>15.0</ns3:atemp>
            <ns3:hr>147</ns3:hr>
          </ns3:TrackPointExtension>
        </extensions>
      </trkpt>
      <trkpt lat="48.08259065262973308563232421875" lon="11.407759822905063629150390625">
        <ele>578.79998779296875</ele>
        <time>2023-10-15T06:15:41.000Z</time>
        <extensions>
          <ns3:TrackPointExtension>
            <ns3:atemp>15.0</ns3:atemp>
            <ns3:hr>147</ns3:hr>
          </ns3:TrackPointExtension>
        </extensions>
      </trkpt>
      <trkpt lat="48.0825836956501007080078125" lon="11.4076714776456356048583984375">
        <ele>578.5999755859375</ele>
        <time>2023-10-15T06:15:44.000Z</time>
        <extensions>
          <ns3:TrackPointExtension>
            <ns3:atemp>15.0</ns3:atemp>
            <ns3:hr>145</ns3:hr>
          </ns3:TrackPointExtension>
        </extensions>
      </trkpt>
      <trkpt lat="48.08251722715795040130615234375" lon="11.407623700797557830810546875">
        <ele>578.5999755859375</ele>
        <time>2023-10-15T06:15:46.000Z</time>
        <extensions>
          <ns3:TrackPointExtension>
            <ns3:atemp>15.0</ns3:atemp>
            <ns3:hr>145</ns3:hr>
          </ns3:TrackPointExtension>
        </extensions>
      </trkpt>
      <trkpt lat="48.08233936317265033721923828125" lon="11.40741440467536449432373046875">
        <ele>579</ele>
        <time>2023-10-15T06:15:54.000Z</time>
        <extensions>
          <ns3:TrackPointExtension>
            <ns3:atemp>15.0</ns3:atemp>
            <ns3:hr>142</ns3:hr>
          </ns3:TrackPointExtension>
        </extensions>
      </trkpt>
      <trkpt lat="48.08232042007148265838623046875" lon="11.4073938690125942230224609375">
        <ele>579</ele>
        <time>2023-10-15T06:15:55.000Z</time>
        <extensions>
          <ns3:TrackPointExtension>
            <ns3:atemp>15.0</ns3:atemp>
            <ns3:hr>142</ns3:hr>
          </ns3:TrackPointExtension>
        </extensions>
      </trkpt>
      <trkpt lat="48.082201480865478515625" lon="11.40720427036285400390625">
        <ele>579.20001220703125</ele>
        <time>2023-10-15T06:16:01.000Z</time>
        <extensions>
          <ns3:TrackPointExtension>
            <ns3:atemp>15.0</ns3:atemp>
            <ns3:hr>141</ns3:hr>
          </ns3:TrackPointExtension>
        </extensions>
      </trkpt>
      <trkpt lat="48.08219586499035358428955078125" lon="11.40722103416919708251953125">
        <ele>579.20001220703125</ele>
        <time>2023-10-15T06:16:04.000Z</time>
        <extensions>
          <ns3:TrackPointExtension>
            <ns3:atemp>15.0</ns3:atemp>
            <ns3:hr>140</ns3:hr>
          </ns3:TrackPointExtension>
        </extensions>
      </trkpt>
      <trkpt lat="48.08217859826982021331787109375" lon="11.40724919736385345458984375">
        <ele>579.20001220703125</ele>
        <time>2023-10-15T06:16:09.000Z</time>
        <extensions>
          <ns3:TrackPointExtension>
            <ns3:atemp>15.0</ns3:atemp>
            <ns3:hr>139</ns3:hr>
          </ns3:TrackPointExtension>
        </extensions>
      </trkpt>
      <trkpt lat="48.0821681208908557891845703125" lon="11.40721994452178478240966796875">
        <ele>578.5999755859375</ele>
        <time>2023-10-15T06:16:40.000Z</time>
        <extensions>
          <ns3:TrackPointExtension>
            <ns3:atemp>15.0</ns3:atemp>
            <ns3:hr>144</ns3:hr>
          </ns3:TrackPointExtension>
        </extensions>
      </trkpt>
      <trkpt lat="48.08216384612023830413818359375" lon="11.40719882212579250335693359375">
        <ele>578.79998779296875</ele>
        <time>2023-10-15T06:16:41.000Z</time>
        <extensions>
          <ns3:TrackPointExtension>
            <ns3:atemp>15.0</ns3:atemp>
            <ns3:hr>144</ns3:hr>
          </ns3:TrackPointExtension>
        </extensions>
      </trkpt>
      <trkpt lat="48.08212394826114177703857421875" lon="11.407146267592906951904296875">
        <ele>578.79998779296875</ele>
        <time>2023-10-15T06:16:45.000Z</time>
        <extensions>
          <ns3:TrackPointExtension>
            <ns3:atemp>15.0</ns3:atemp>
            <ns3:hr>144</ns3:hr>
          </ns3:TrackPointExtension>
        </extensions>
      </trkpt>
      <trkpt lat="48.0821037478744983673095703125" lon="11.40712707303464412689208984375">
        <ele>578.79998779296875</ele>
        <time>2023-10-15T06:16:47.000Z</time>
        <extensions>
          <ns3:TrackPointExtension>
            <ns3:atemp>15.0</ns3:atemp>
            <ns3:hr>144</ns3:hr>
          </ns3:TrackPointExtension>
        </extensions>
      </trkpt>
      <trkpt lat="48.082028813660144805908203125" lon="11.407029926776885986328125">
        <ele>579.20001220703125</ele>
        <time>2023-10-15T06:16:53.000Z</time>
        <extensions>
          <ns3:TrackPointExtension>
            <ns3:atemp>15.0</ns3:atemp>
            <ns3:hr>141</ns3:hr>
          </ns3:TrackPointExtension>
        </extensions>
      </trkpt>
      <trkpt lat="48.08201028965413570404052734375" lon="11.40701458789408206939697265625">
        <ele>579.20001220703125</ele>
        <time>2023-10-15T06:16:54.000Z</time>
        <extensions>
          <ns3:TrackPointExtension>
            <ns3:atemp>15.0</ns3:atemp>
            <ns3:hr>140</ns3:hr>
          </ns3:TrackPointExtension>
        </extensions>
      </trkpt>
      <trkpt lat="48.08188405819237232208251953125" lon="11.4069147594273090362548828125">
        <ele>578.5999755859375</ele>
        <time>2023-10-15T06:17:00.000Z</time>
        <extensions>
          <ns3:TrackPointExtension>
            <ns3:atemp>15.0</ns3:atemp>
            <ns3:hr>143</ns3:hr>
          </ns3:TrackPointExtension>
        </extensions>
      </trkpt>
      <trkpt lat="48.08167031966149806976318359375" lon="11.4067508094012737274169921875">
        <ele>579</ele>
        <time>2023-10-15T06:17:08.000Z</time>
        <extensions>
          <ns3:TrackPointExtension>
            <ns3:atemp>15.0</ns3:atemp>
            <ns3:hr>141</ns3:hr>
          </ns3:TrackPointExtension>
        </extensions>
      </trkpt>
      <trkpt lat="48.0815032683312892913818359375" lon="11.4065833389759063720703125">
        <ele>578.79998779296875</ele>
        <time>2023-10-15T06:17:14.000Z</time>
        <extensions>
          <ns3:TrackPointExtension>
            <ns3:atemp>15.0</ns3:atemp>
            <ns3:hr>138</ns3:hr>
          </ns3:TrackPointExtension>
        </extensions>
      </trkpt>
      <trkpt lat="48.0813319422304630279541015625" lon="11.4063957519829273223876953125">
        <ele>579</ele>
        <time>2023-10-15T06:17:21.000Z</time>
        <extensions>
          <ns3:TrackPointExtension>
            <ns3:atemp>15.0</ns3:atemp>
            <ns3:hr>138</ns3:hr>
          </ns3:TrackPointExtension>
        </extensions>
      </trkpt>
      <trkpt lat="48.0812216363847255706787109375" lon="11.4062261022627353668212890625">
        <ele>579</ele>
        <time>2023-10-15T06:17:27.000Z</time>
        <extensions>
          <ns3:TrackPointExtension>
            <ns3:atemp>15.0</ns3:atemp>
            <ns3:hr>136</ns3:hr>
          </ns3:TrackPointExtension>
        </extensions>
      </trkpt>
      <trkpt lat="48.08118316344916820526123046875" lon="11.40615393407642841339111328125">
        <ele>579.20001220703125</ele>
        <time>2023-10-15T06:17:29.000Z</time>
        <extensions>
          <ns3:TrackPointExtension>
            <ns3:atemp>15.0</ns3:atemp>
            <ns3:hr>133</ns3:hr>
          </ns3:TrackPointExtension>
        </extensions>
      </trkpt>
      <trkpt lat="48.0811433494091033935546875" lon="11.40610028989613056182861328125">
        <ele>579.4000244140625</ele>
        <time>2023-10-15T06:17:31.000Z</time>
        <extensions>
          <ns3:TrackPointExtension>
            <ns3:atemp>15.0</ns3:atemp>
            <ns3:hr>128</ns3:hr>
          </ns3:TrackPointExtension>
        </extensions>
      </trkpt>
      <trkpt lat="48.0811254121363162994384765625" lon="11.40607397072017192840576171875">
        <ele>579.4000244140625</ele>
        <time>2023-10-15T06:17:32.000Z</time>
        <extensions>
          <ns3:TrackPointExtension>
            <ns3:atemp>15.0</ns3:atemp>
            <ns3:hr>128</ns3:hr>
          </ns3:TrackPointExtension>
        </extensions>
      </trkpt>
      <trkpt lat="48.08107771910727024078369140625" lon="11.406001634895801544189453125">
        <ele>579.5999755859375</ele>
        <time>2023-10-15T06:17:34.000Z</time>
        <extensions>
          <ns3:TrackPointExtension>
            <ns3:atemp>15.0</ns3:atemp>
            <ns3:hr>128</ns3:hr>
          </ns3:TrackPointExtension>
        </extensions>
      </trkpt>
      <trkpt lat="48.08087185956537723541259765625" lon="11.4057013951241970062255859375">
        <ele>579.4000244140625</ele>
        <time>2023-10-15T06:17:44.000Z</time>
        <extensions>
          <ns3:TrackPointExtension>
            <ns3:atemp>15.0</ns3:atemp>
            <ns3:hr>130</ns3:hr>
          </ns3:TrackPointExtension>
        </extensions>
      </trkpt>
      <trkpt lat="48.080715201795101165771484375" lon="11.40549276955425739288330078125">
        <ele>579.5999755859375</ele>
        <time>2023-10-15T06:17:52.000Z</time>
        <extensions>
          <ns3:TrackPointExtension>
            <ns3:atemp>15.0</ns3:atemp>
            <ns3:hr>132</ns3:hr>
          </ns3:TrackPointExtension>
        </extensions>
      </trkpt>
      <trkpt lat="48.08068930171430110931396484375" lon="11.40546762384474277496337890625">
        <ele>579.5999755859375</ele>
        <time>2023-10-15T06:17:53.000Z</time>
        <extensions>
          <ns3:TrackPointExtension>
            <ns3:atemp>16.0</ns3:atemp>
            <ns3:hr>132</ns3:hr>
          </ns3:TrackPointExtension>
        </extensions>
      </trkpt>
      <trkpt lat="48.08051579631865024566650390625" lon="11.40528045594692230224609375">
        <ele>579.79998779296875</ele>
        <time>2023-10-15T06:18:00.000Z</time>
        <extensions>
          <ns3:TrackPointExtension>
            <ns3:atemp>15.0</ns3:atemp>
            <ns3:hr>133</ns3:hr>
          </ns3:TrackPointExtension>
        </extensions>
      </trkpt>
      <trkpt lat="48.0803039856255054473876953125" lon="11.40498650260269641876220703125">
        <ele>580</ele>
        <time>2023-10-15T06:18:10.000Z</time>
        <extensions>
          <ns3:TrackPointExtension>
            <ns3:atemp>16.0</ns3:atemp>
            <ns3:hr>133</ns3:hr>
          </ns3:TrackPointExtension>
        </extensions>
      </trkpt>
      <trkpt lat="48.08011983521282672882080078125" lon="11.40476907603442668914794921875">
        <ele>580.20001220703125</ele>
        <time>2023-10-15T06:18:19.000Z</time>
        <extensions>
          <ns3:TrackPointExtension>
            <ns3:atemp>16.0</ns3:atemp>
            <ns3:hr>135</ns3:hr>
          </ns3:TrackPointExtension>
        </extensions>
      </trkpt>
      <trkpt lat="48.07996041141450405120849609375" lon="11.40459808520972728729248046875">
        <ele>580.4000244140625</ele>
        <time>2023-10-15T06:18:26.000Z</time>
        <extensions>
          <ns3:TrackPointExtension>
            <ns3:atemp>16.0</ns3:atemp>
            <ns3:hr>136</ns3:hr>
          </ns3:TrackPointExtension>
        </extensions>
      </trkpt>
      <trkpt lat="48.07979998178780078887939453125" lon="11.40441284514963626861572265625">
        <ele>580.5999755859375</ele>
        <time>2023-10-15T06:18:33.000Z</time>
        <extensions>
          <ns3:TrackPointExtension>
            <ns3:atemp>16.0</ns3:atemp>
            <ns3:hr>137</ns3:hr>
          </ns3:TrackPointExtension>
        </extensions>
      </trkpt>
      <trkpt lat="48.079722784459590911865234375" lon="11.40426079742610454559326171875">
        <ele>580.5999755859375</ele>
        <time>2023-10-15T06:18:38.000Z</time>
        <extensions>
          <ns3:TrackPointExtension>
            <ns3:atemp>16.0</ns3:atemp>
            <ns3:hr>137</ns3:hr>
          </ns3:TrackPointExtension>
        </extensions>
      </trkpt>
      <trkpt lat="48.079639971256256103515625" lon="11.403927616775035858154296875">
        <ele>580.79998779296875</ele>
        <time>2023-10-15T06:18:46.000Z</time>
        <extensions>
          <ns3:TrackPointExtension>
            <ns3:atemp>16.0</ns3:atemp>
            <ns3:hr>137</ns3:hr>
          </ns3:TrackPointExtension>
        </extensions>
      </trkpt>
      <trkpt lat="48.07955204509198665618896484375" lon="11.40367113053798675537109375">
        <ele>581</ele>
        <time>2023-10-15T06:18:53.000Z</time>
        <extensions>
          <ns3:TrackPointExtension>
            <ns3:atemp>16.0</ns3:atemp>
            <ns3:hr>138</ns3:hr>
          </ns3:TrackPointExtension>
        </extensions>
      </trkpt>
      <trkpt lat="48.0794812180101871490478515625" lon="11.40349117107689380645751953125">
        <ele>581</ele>
        <time>2023-10-15T06:18:58.000Z</time>
        <extensions>
          <ns3:TrackPointExtension>
            <ns3:atemp>16.0</ns3:atemp>
            <ns3:hr>139</ns3:hr>
          </ns3:TrackPointExtension>
        </extensions>
      </trkpt>
      <trkpt lat="48.0794614367187023162841796875" lon="11.4034369401633739471435546875">
        <ele>581.20001220703125</ele>
        <time>2023-10-15T06:19:00.000Z</time>
        <extensions>
          <ns3:TrackPointExtension>
            <ns3:atemp>16.0</ns3:atemp>
            <ns3:hr>139</ns3:hr>
          </ns3:TrackPointExtension>
        </extensions>
      </trkpt>
      <trkpt lat="48.079354651272296905517578125" lon="11.40323954634368419647216796875">
        <ele>581.4000244140625</ele>
        <time>2023-10-15T06:19:06.000Z</time>
        <extensions>
          <ns3:TrackPointExtension>
            <ns3:atemp>16.0</ns3:atemp>
            <ns3:hr>140</ns3:hr>
          </ns3:TrackPointExtension>
        </extensions>
      </trkpt>
      <trkpt lat="48.07918793521821498870849609375" lon="11.4029165916144847869873046875">
        <ele>581.20001220703125</ele>
        <time>2023-10-15T06:19:15.000Z</time>
        <extensions>
          <ns3:TrackPointExtension>
            <ns3:atemp>16.0</ns3:atemp>
            <ns3:hr>140</ns3:hr>
          </ns3:TrackPointExtension>
        </extensions>
      </trkpt>
      <trkpt lat="48.07904577814042568206787109375" lon="11.402741409838199615478515625">
        <ele>580.79998779296875</ele>
        <time>2023-10-15T06:19:22.000Z</time>
        <extensions>
          <ns3:TrackPointExtension>
            <ns3:atemp>16.0</ns3:atemp>
            <ns3:hr>139</ns3:hr>
          </ns3:TrackPointExtension>
        </extensions>
      </trkpt>
      <trkpt lat="48.07887981645762920379638671875" lon="11.40249791555106639862060546875">
        <ele>581.20001220703125</ele>
        <time>2023-10-15T06:19:31.000Z</time>
        <extensions>
          <ns3:TrackPointExtension>
            <ns3:atemp>16.0</ns3:atemp>
            <ns3:hr>137</ns3:hr>
          </ns3:TrackPointExtension>
        </extensions>
      </trkpt>
      <trkpt lat="48.07874143123626708984375" lon="11.40229641459882259368896484375">
        <ele>581.5999755859375</ele>
        <time>2023-10-15T06:19:38.000Z</time>
        <extensions>
          <ns3:TrackPointExtension>
            <ns3:atemp>16.0</ns3:atemp>
            <ns3:hr>137</ns3:hr>
          </ns3:TrackPointExtension>
        </extensions>
      </trkpt>
      <trkpt lat="48.078509755432605743408203125" lon="11.402024589478969573974609375">
        <ele>582.4000244140625</ele>
        <time>2023-10-15T06:19:48.000Z</time>
        <extensions>
          <ns3:TrackPointExtension>
            <ns3:atemp>16.0</ns3:atemp>
            <ns3:hr>138</ns3:hr>
          </ns3:TrackPointExtension>
        </extensions>
      </trkpt>
      <trkpt lat="48.07835712097585201263427734375" lon="11.4018494077026844024658203125">
        <ele>582.20001220703125</ele>
        <time>2023-10-15T06:19:54.000Z</time>
        <extensions>
          <ns3:TrackPointExtension>
            <ns3:atemp>16.0</ns3:atemp>
            <ns3:hr>138</ns3:hr>
          </ns3:TrackPointExtension>
        </extensions>
      </trkpt>
      <trkpt lat="48.07824882678687572479248046875" lon="11.40168051235377788543701171875">
        <ele>582.20001220703125</ele>
        <time>2023-10-15T06:19:59.000Z</time>
        <extensions>
          <ns3:TrackPointExtension>
            <ns3:atemp>16.0</ns3:atemp>
            <ns3:hr>137</ns3:hr>
          </ns3:TrackPointExtension>
        </extensions>
      </trkpt>
      <trkpt lat="48.0781996250152587890625" lon="11.40150658786296844482421875">
        <ele>582</ele>
        <time>2023-10-15T06:20:03.000Z</time>
        <extensions>
          <ns3:TrackPointExtension>
            <ns3:atemp>16.0</ns3:atemp>
            <ns3:hr>140</ns3:hr>
          </ns3:TrackPointExtension>
        </extensions>
      </trkpt>
      <trkpt lat="48.0781947635114192962646484375" lon="11.4014641754329204559326171875">
        <ele>582</ele>
        <time>2023-10-15T06:20:04.000Z</time>
        <extensions>
          <ns3:TrackPointExtension>
            <ns3:atemp>16.0</ns3:atemp>
            <ns3:hr>141</ns3:hr>
          </ns3:TrackPointExtension>
        </extensions>
      </trkpt>
      <trkpt lat="48.078218735754489898681640625" lon="11.40111741609871387481689453125">
        <ele>582</ele>
        <time>2023-10-15T06:20:12.000Z</time>
        <extensions>
          <ns3:TrackPointExtension>
            <ns3:atemp>16.0</ns3:atemp>
            <ns3:hr>139</ns3:hr>
          </ns3:TrackPointExtension>
        </extensions>
      </trkpt>
      <trkpt lat="48.078325688838958740234375" lon="11.4009802043437957763671875">
        <ele>581.79998779296875</ele>
        <time>2023-10-15T06:20:17.000Z</time>
        <extensions>
          <ns3:TrackPointExtension>
            <ns3:atemp>16.0</ns3:atemp>
            <ns3:hr>139</ns3:hr>
          </ns3:TrackPointExtension>
        </extensions>
      </trkpt>
      <trkpt lat="48.0784820951521396636962890625" lon="11.4010169170796871185302734375">
        <ele>581.4000244140625</ele>
        <time>2023-10-15T06:20:23.000Z</time>
        <extensions>
          <ns3:TrackPointExtension>
            <ns3:atemp>16.0</ns3:atemp>
            <ns3:hr>138</ns3:hr>
          </ns3:TrackPointExtension>
        </extensions>
      </trkpt>
      <trkpt lat="48.07850950397551059722900390625" lon="11.40102169476449489593505859375">
        <ele>581.4000244140625</ele>
        <time>2023-10-15T06:20:24.000Z</time>
        <extensions>
          <ns3:TrackPointExtension>
            <ns3:atemp>16.0</ns3:atemp>
            <ns3:hr>138</ns3:hr>
          </ns3:TrackPointExtension>
        </extensions>
      </trkpt>
      <trkpt lat="48.07874076068401336669921875" lon="11.40105086378753185272216796875">
        <ele>580.20001220703125</ele>
        <time>2023-10-15T06:20:31.000Z</time>
        <extensions>
          <ns3:TrackPointExtension>
            <ns3:atemp>16.0</ns3:atemp>
            <ns3:hr>137</ns3:hr>
          </ns3:TrackPointExtension>
        </extensions>
      </trkpt>
      <trkpt lat="48.07876917533576488494873046875" lon="11.40105555765330791473388671875">
        <ele>580.20001220703125</ele>
        <time>2023-10-15T06:20:32.000Z</time>
        <extensions>
          <ns3:TrackPointExtension>
            <ns3:atemp>16.0</ns3:atemp>
            <ns3:hr>137</ns3:hr>
          </ns3:TrackPointExtension>
        </extensions>
      </trkpt>
      <trkpt lat="48.07889138348400592803955078125" lon="11.40107500366866588592529296875">
        <ele>579.20001220703125</ele>
        <time>2023-10-15T06:20:36.000Z</time>
        <extensions>
          <ns3:TrackPointExtension>
            <ns3:atemp>16.0</ns3:atemp>
            <ns3:hr>137</ns3:hr>
          </ns3:TrackPointExtension>
        </extensions>
      </trkpt>
      <trkpt lat="48.078952319920063018798828125" lon="11.40106695704162120819091796875">
        <ele>578.5999755859375</ele>
        <time>2023-10-15T06:20:38.000Z</time>
        <extensions>
          <ns3:TrackPointExtension>
            <ns3:atemp>16.0</ns3:atemp>
            <ns3:hr>137</ns3:hr>
          </ns3:TrackPointExtension>
        </extensions>
      </trkpt>
      <trkpt lat="48.07901895605027675628662109375" lon="11.4010713994503021240234375">
        <ele>578</ele>
        <time>2023-10-15T06:20:40.000Z</time>
        <extensions>
          <ns3:TrackPointExtension>
            <ns3:atemp>16.0</ns3:atemp>
            <ns3:hr>136</ns3:hr>
          </ns3:TrackPointExtension>
        </extensions>
      </trkpt>
      <trkpt lat="48.07917955331504344940185546875" lon="11.4010698907077312469482421875">
        <ele>577</ele>
        <time>2023-10-15T06:20:45.000Z</time>
        <extensions>
          <ns3:TrackPointExtension>
            <ns3:atemp>16.0</ns3:atemp>
            <ns3:hr>135</ns3:hr>
          </ns3:TrackPointExtension>
        </extensions>
      </trkpt>
      <trkpt lat="48.07922129519283771514892578125" lon="11.4010678790509700775146484375">
        <ele>576.4000244140625</ele>
        <time>2023-10-15T06:20:47.000Z</time>
        <extensions>
          <ns3:TrackPointExtension>
            <ns3:atemp>16.0</ns3:atemp>
            <ns3:hr>134</ns3:hr>
          </ns3:TrackPointExtension>
        </extensions>
      </trkpt>
      <trkpt lat="48.07929405011236667633056640625" lon="11.4010896719992160797119140625">
        <ele>575.79998779296875</ele>
        <time>2023-10-15T06:20:49.000Z</time>
        <extensions>
          <ns3:TrackPointExtension>
            <ns3:atemp>16.0</ns3:atemp>
            <ns3:hr>133</ns3:hr>
          </ns3:TrackPointExtension>
        </extensions>
      </trkpt>
      <trkpt lat="48.07941609062254428863525390625" lon="11.40105924569070339202880859375">
        <ele>574.5999755859375</ele>
        <time>2023-10-15T06:20:53.000Z</time>
        <extensions>
          <ns3:TrackPointExtension>
            <ns3:atemp>16.0</ns3:atemp>
            <ns3:hr>130</ns3:hr>
          </ns3:TrackPointExtension>
        </extensions>
      </trkpt>
      <trkpt lat="48.0794453434646129608154296875" lon="11.40103493817150592803955078125">
        <ele>574.4000244140625</ele>
        <time>2023-10-15T06:20:54.000Z</time>
        <extensions>
          <ns3:TrackPointExtension>
            <ns3:atemp>16.0</ns3:atemp>
            <ns3:hr>129</ns3:hr>
          </ns3:TrackPointExtension>
        </extensions>
      </trkpt>
      <trkpt lat="48.0795271508395671844482421875" lon="11.40098062343895435333251953125">
        <ele>573.5999755859375</ele>
        <time>2023-10-15T06:20:57.000Z</time>
        <extensions>
          <ns3:TrackPointExtension>
            <ns3:atemp>16.0</ns3:atemp>
            <ns3:hr>129</ns3:hr>
          </ns3:TrackPointExtension>
        </extensions>
      </trkpt>
      <trkpt lat="48.079606778919696807861328125" lon="11.400900073349475860595703125">
        <ele>572.5999755859375</ele>
        <time>2023-10-15T06:21:00.000Z</time>
        <extensions>
          <ns3:TrackPointExtension>
            <ns3:atemp>16.0</ns3:atemp>
            <ns3:hr>128</ns3:hr>
          </ns3:TrackPointExtension>
        </extensions>
      </trkpt>
      <trkpt lat="48.07972018606960773468017578125" lon="11.40079722739756107330322265625">
        <ele>571.4000244140625</ele>
        <time>2023-10-15T06:21:04.000Z</time>
        <extensions>
          <ns3:TrackPointExtension>
            <ns3:atemp>16.0</ns3:atemp>
            <ns3:hr>128</ns3:hr>
          </ns3:TrackPointExtension>
        </extensions>
      </trkpt>
      <trkpt lat="48.07986460626125335693359375" lon="11.4006819762289524078369140625">
        <ele>570.4000244140625</ele>
        <time>2023-10-15T06:21:09.000Z</time>
        <extensions>
          <ns3:TrackPointExtension>
            <ns3:atemp>16.0</ns3:atemp>
            <ns3:hr>126</ns3:hr>
          </ns3:TrackPointExtension>
        </extensions>
      </trkpt>
      <trkpt lat="48.07990626432001590728759765625" lon="11.40060679055750370025634765625">
        <ele>569.5999755859375</ele>
        <time>2023-10-15T06:21:11.000Z</time>
        <extensions>
          <ns3:TrackPointExtension>
            <ns3:atemp>16.0</ns3:atemp>
            <ns3:hr>123</ns3:hr>
          </ns3:TrackPointExtension>
        </extensions>
      </trkpt>
      <trkpt lat="48.07995890267193317413330078125" lon="11.40052095986902713775634765625">
        <ele>569.20001220703125</ele>
        <time>2023-10-15T06:21:14.000Z</time>
        <extensions>
          <ns3:TrackPointExtension>
            <ns3:atemp>16.0</ns3:atemp>
            <ns3:hr>123</ns3:hr>
          </ns3:TrackPointExtension>
        </extensions>
      </trkpt>
      <trkpt lat="48.08007490821182727813720703125" lon="11.40046144835650920867919921875">
        <ele>567.79998779296875</ele>
        <time>2023-10-15T06:21:18.000Z</time>
        <extensions>
          <ns3:TrackPointExtension>
            <ns3:atemp>16.0</ns3:atemp>
            <ns3:hr>123</ns3:hr>
          </ns3:TrackPointExtension>
        </extensions>
      </trkpt>
      <trkpt lat="48.080147914588451385498046875" lon="11.40042364597320556640625">
        <ele>566.4000244140625</ele>
        <time>2023-10-15T06:21:21.000Z</time>
        <extensions>
          <ns3:TrackPointExtension>
            <ns3:atemp>16.0</ns3:atemp>
            <ns3:hr>124</ns3:hr>
          </ns3:TrackPointExtension>
        </extensions>
      </trkpt>
      <trkpt lat="48.0802087672054767608642578125" lon="11.4003632962703704833984375">
        <ele>565.79998779296875</ele>
        <time>2023-10-15T06:21:24.000Z</time>
        <extensions>
          <ns3:TrackPointExtension>
            <ns3:atemp>16.0</ns3:atemp>
            <ns3:hr>124</ns3:hr>
          </ns3:TrackPointExtension>
        </extensions>
      </trkpt>
      <trkpt lat="48.08026098646223545074462890625" lon="11.40031426213681697845458984375">
        <ele>565.20001220703125</ele>
        <time>2023-10-15T06:21:26.000Z</time>
        <extensions>
          <ns3:TrackPointExtension>
            <ns3:atemp>16.0</ns3:atemp>
            <ns3:hr>124</ns3:hr>
          </ns3:TrackPointExtension>
        </extensions>
      </trkpt>
      <trkpt lat="48.0803995393216609954833984375" lon="11.4001540839672088623046875">
        <ele>564.20001220703125</ele>
        <time>2023-10-15T06:21:31.000Z</time>
        <extensions>
          <ns3:TrackPointExtension>
            <ns3:atemp>16.0</ns3:atemp>
            <ns3:hr>124</ns3:hr>
          </ns3:TrackPointExtension>
        </extensions>
      </trkpt>
      <trkpt lat="48.0805068276822566986083984375" lon="11.39993011951446533203125">
        <ele>563.20001220703125</ele>
        <time>2023-10-15T06:21:37.000Z</time>
        <extensions>
          <ns3:TrackPointExtension>
            <ns3:atemp>16.0</ns3:atemp>
            <ns3:hr>123</ns3:hr>
          </ns3:TrackPointExtension>
        </extensions>
      </trkpt>
      <trkpt lat="48.0805148743093013763427734375" lon="11.3998846895992755889892578125">
        <ele>563</ele>
        <time>2023-10-15T06:21:38.000Z</time>
        <extensions>
          <ns3:TrackPointExtension>
            <ns3:atemp>15.0</ns3:atemp>
            <ns3:hr>122</ns3:hr>
          </ns3:TrackPointExtension>
        </extensions>
      </trkpt>
      <trkpt lat="48.08056742884218692779541015625" lon="11.39976985752582550048828125">
        <ele>562.5999755859375</ele>
        <time>2023-10-15T06:21:41.000Z</time>
        <extensions>
          <ns3:TrackPointExtension>
            <ns3:atemp>16.0</ns3:atemp>
            <ns3:hr>121</ns3:hr>
          </ns3:TrackPointExtension>
        </extensions>
      </trkpt>
      <trkpt lat="48.08072098530828952789306640625" lon="11.39965779148042201995849609375">
        <ele>562.4000244140625</ele>
        <time>2023-10-15T06:21:47.000Z</time>
        <extensions>
          <ns3:TrackPointExtension>
            <ns3:atemp>16.0</ns3:atemp>
            <ns3:hr>123</ns3:hr>
          </ns3:TrackPointExtension>
        </extensions>
      </trkpt>
      <trkpt lat="48.080802373588085174560546875" lon="11.39958352781832218170166015625">
        <ele>562.4000244140625</ele>
        <time>2023-10-15T06:21:50.000Z</time>
        <extensions>
          <ns3:TrackPointExtension>
            <ns3:atemp>15.0</ns3:atemp>
            <ns3:hr>126</ns3:hr>
          </ns3:TrackPointExtension>
        </extensions>
      </trkpt>
      <trkpt lat="48.08092583902180194854736328125" lon="11.39951529912650585174560546875">
        <ele>562.4000244140625</ele>
        <time>2023-10-15T06:21:54.000Z</time>
        <extensions>
          <ns3:TrackPointExtension>
            <ns3:atemp>15.0</ns3:atemp>
            <ns3:hr>127</ns3:hr>
          </ns3:TrackPointExtension>
        </extensions>
      </trkpt>
      <trkpt lat="48.0811379849910736083984375" lon="11.39941907487809658050537109375">
        <ele>562.20001220703125</ele>
        <time>2023-10-15T06:22:02.000Z</time>
        <extensions>
          <ns3:TrackPointExtension>
            <ns3:atemp>15.0</ns3:atemp>
            <ns3:hr>129</ns3:hr>
          </ns3:TrackPointExtension>
        </extensions>
      </trkpt>
      <trkpt lat="48.0813222192227840423583984375" lon="11.399280689656734466552734375">
        <ele>562.20001220703125</ele>
        <time>2023-10-15T06:22:10.000Z</time>
        <extensions>
          <ns3:TrackPointExtension>
            <ns3:atemp>15.0</ns3:atemp>
            <ns3:hr>128</ns3:hr>
          </ns3:TrackPointExtension>
        </extensions>
      </trkpt>
      <trkpt lat="48.08134845457971096038818359375" lon="11.3992620818316936492919921875">
        <ele>562</ele>
        <time>2023-10-15T06:22:11.000Z</time>
        <extensions>
          <ns3:TrackPointExtension>
            <ns3:atemp>15.0</ns3:atemp>
            <ns3:hr>127</ns3:hr>
          </ns3:TrackPointExtension>
        </extensions>
      </trkpt>
      <trkpt lat="48.0814663879573345184326171875" lon="11.3990904204547405242919921875">
        <ele>561.5999755859375</ele>
        <time>2023-10-15T06:22:17.000Z</time>
        <extensions>
          <ns3:TrackPointExtension>
            <ns3:atemp>15.0</ns3:atemp>
            <ns3:hr>127</ns3:hr>
          </ns3:TrackPointExtension>
        </extensions>
      </trkpt>
      <trkpt lat="48.0816477723419666290283203125" lon="11.3988842256367206573486328125">
        <ele>561.4000244140625</ele>
        <time>2023-10-15T06:22:25.000Z</time>
        <extensions>
          <ns3:TrackPointExtension>
            <ns3:atemp>15.0</ns3:atemp>
            <ns3:hr>130</ns3:hr>
          </ns3:TrackPointExtension>
        </extensions>
      </trkpt>
      <trkpt lat="48.0816963873803615570068359375" lon="11.3988352753221988677978515625">
        <ele>561.20001220703125</ele>
        <time>2023-10-15T06:22:27.000Z</time>
        <extensions>
          <ns3:TrackPointExtension>
            <ns3:atemp>15.0</ns3:atemp>
            <ns3:hr>129</ns3:hr>
          </ns3:TrackPointExtension>
        </extensions>
      </trkpt>
      <trkpt lat="48.08184399269521236419677734375" lon="11.398602761328220367431640625">
        <ele>561</ele>
        <time>2023-10-15T06:22:35.000Z</time>
        <extensions>
          <ns3:TrackPointExtension>
            <ns3:atemp>15.0</ns3:atemp>
            <ns3:hr>130</ns3:hr>
          </ns3:TrackPointExtension>
        </extensions>
      </trkpt>
      <trkpt lat="48.08199838735163211822509765625" lon="11.398406289517879486083984375">
        <ele>561.20001220703125</ele>
        <time>2023-10-15T06:22:43.000Z</time>
        <extensions>
          <ns3:TrackPointExtension>
            <ns3:atemp>15.0</ns3:atemp>
            <ns3:hr>130</ns3:hr>
          </ns3:TrackPointExtension>
        </extensions>
      </trkpt>
      <trkpt lat="48.08213165961205959320068359375" lon="11.3983722589910030364990234375">
        <ele>561.20001220703125</ele>
        <time>2023-10-15T06:22:49.000Z</time>
        <extensions>
          <ns3:TrackPointExtension>
            <ns3:atemp>15.0</ns3:atemp>
            <ns3:hr>130</ns3:hr>
          </ns3:TrackPointExtension>
        </extensions>
      </trkpt>
      <trkpt lat="48.08216728270053863525390625" lon="11.39822297729551792144775390625">
        <ele>560.79998779296875</ele>
        <time>2023-10-15T06:22:53.000Z</time>
        <extensions>
          <ns3:TrackPointExtension>
            <ns3:atemp>15.0</ns3:atemp>
            <ns3:hr>130</ns3:hr>
          </ns3:TrackPointExtension>
        </extensions>
      </trkpt>
      <trkpt lat="48.082171976566314697265625" lon="11.398182995617389678955078125">
        <ele>560.5999755859375</ele>
        <time>2023-10-15T06:22:54.000Z</time>
        <extensions>
          <ns3:TrackPointExtension>
            <ns3:atemp>15.0</ns3:atemp>
            <ns3:hr>129</ns3:hr>
          </ns3:TrackPointExtension>
        </extensions>
      </trkpt>
      <trkpt lat="48.08218739926815032958984375" lon="11.39785450883209705352783203125">
        <ele>560.20001220703125</ele>
        <time>2023-10-15T06:23:02.000Z</time>
        <extensions>
          <ns3:TrackPointExtension>
            <ns3:atemp>15.0</ns3:atemp>
            <ns3:hr>132</ns3:hr>
          </ns3:TrackPointExtension>
        </extensions>
      </trkpt>
      <trkpt lat="48.08222939260303974151611328125" lon="11.39756935648620128631591796875">
        <ele>559.79998779296875</ele>
        <time>2023-10-15T06:23:09.000Z</time>
        <extensions>
          <ns3:TrackPointExtension>
            <ns3:atemp>15.0</ns3:atemp>
            <ns3:hr>134</ns3:hr>
          </ns3:TrackPointExtension>
        </extensions>
      </trkpt>
      <trkpt lat="48.08223643340170383453369140625" lon="11.3974271155893802642822265625">
        <ele>559.5999755859375</ele>
        <time>2023-10-15T06:23:12.000Z</time>
        <extensions>
          <ns3:TrackPointExtension>
            <ns3:atemp>15.0</ns3:atemp>
            <ns3:hr>134</ns3:hr>
          </ns3:TrackPointExtension>
        </extensions>
      </trkpt>
      <trkpt lat="48.08225738815963268280029296875" lon="11.39710617251694202423095703125">
        <ele>559.20001220703125</ele>
        <time>2023-10-15T06:23:18.000Z</time>
        <extensions>
          <ns3:TrackPointExtension>
            <ns3:atemp>15.0</ns3:atemp>
            <ns3:hr>135</ns3:hr>
          </ns3:TrackPointExtension>
        </extensions>
      </trkpt>
      <trkpt lat="48.08231723494827747344970703125" lon="11.3968980498611927032470703125">
        <ele>559</ele>
        <time>2023-10-15T06:23:24.000Z</time>
        <extensions>
          <ns3:TrackPointExtension>
            <ns3:atemp>15.0</ns3:atemp>
            <ns3:hr>136</ns3:hr>
          </ns3:TrackPointExtension>
        </extensions>
      </trkpt>
      <trkpt lat="48.0823718011379241943359375" lon="11.39668003655970096588134765625">
        <ele>559.20001220703125</ele>
        <time>2023-10-15T06:23:30.000Z</time>
        <extensions>
          <ns3:TrackPointExtension>
            <ns3:atemp>15.0</ns3:atemp>
            <ns3:hr>136</ns3:hr>
          </ns3:TrackPointExtension>
        </extensions>
      </trkpt>
      <trkpt lat="48.0824282951653003692626953125" lon="11.3963978178799152374267578125">
        <ele>559.20001220703125</ele>
        <time>2023-10-15T06:23:37.000Z</time>
        <extensions>
          <ns3:TrackPointExtension>
            <ns3:atemp>16.0</ns3:atemp>
            <ns3:hr>134</ns3:hr>
          </ns3:TrackPointExtension>
        </extensions>
      </trkpt>
      <trkpt lat="48.0825003795325756072998046875" lon="11.39618215151131153106689453125">
        <ele>558.79998779296875</ele>
        <time>2023-10-15T06:23:43.000Z</time>
        <extensions>
          <ns3:TrackPointExtension>
            <ns3:atemp>16.0</ns3:atemp>
            <ns3:hr>133</ns3:hr>
          </ns3:TrackPointExtension>
        </extensions>
      </trkpt>
      <trkpt lat="48.0825758166611194610595703125" lon="11.39596916735172271728515625">
        <ele>559.5999755859375</ele>
        <time>2023-10-15T06:23:51.000Z</time>
        <extensions>
          <ns3:TrackPointExtension>
            <ns3:atemp>16.0</ns3:atemp>
            <ns3:hr>132</ns3:hr>
          </ns3:TrackPointExtension>
        </extensions>
      </trkpt>
      <trkpt lat="48.082663826644420623779296875" lon="11.39568963088095188140869140625">
        <ele>560.4000244140625</ele>
        <time>2023-10-15T06:23:59.000Z</time>
        <extensions>
          <ns3:TrackPointExtension>
            <ns3:atemp>16.0</ns3:atemp>
            <ns3:hr>132</ns3:hr>
          </ns3:TrackPointExtension>
        </extensions>
      </trkpt>
      <trkpt lat="48.08266072534024715423583984375" lon="11.39556390233337879180908203125">
        <ele>560.79998779296875</ele>
        <time>2023-10-15T06:24:02.000Z</time>
        <extensions>
          <ns3:TrackPointExtension>
            <ns3:atemp>15.0</ns3:atemp>
            <ns3:hr>132</ns3:hr>
          </ns3:TrackPointExtension>
        </extensions>
      </trkpt>
      <trkpt lat="48.08266743086278438568115234375" lon="11.39548611827194690704345703125">
        <ele>561</ele>
        <time>2023-10-15T06:24:04.000Z</time>
        <extensions>
          <ns3:TrackPointExtension>
            <ns3:atemp>15.0</ns3:atemp>
            <ns3:hr>133</ns3:hr>
          </ns3:TrackPointExtension>
        </extensions>
      </trkpt>
      <trkpt lat="48.08274328708648681640625" lon="11.39517162926495075225830078125">
        <ele>561.20001220703125</ele>
        <time>2023-10-15T06:24:12.000Z</time>
        <extensions>
          <ns3:TrackPointExtension>
            <ns3:atemp>15.0</ns3:atemp>
            <ns3:hr>135</ns3:hr>
          </ns3:TrackPointExtension>
        </extensions>
      </trkpt>
      <trkpt lat="48.0828081630170345306396484375" lon="11.39491464011371135711669921875">
        <ele>561.4000244140625</ele>
        <time>2023-10-15T06:24:19.000Z</time>
        <extensions>
          <ns3:TrackPointExtension>
            <ns3:atemp>16.0</ns3:atemp>
            <ns3:hr>136</ns3:hr>
          </ns3:TrackPointExtension>
        </extensions>
      </trkpt>
      <trkpt lat="48.08287672698497772216796875" lon="11.3945973850786685943603515625">
        <ele>561.4000244140625</ele>
        <time>2023-10-15T06:24:28.000Z</time>
        <extensions>
          <ns3:TrackPointExtension>
            <ns3:atemp>15.0</ns3:atemp>
            <ns3:hr>137</ns3:hr>
          </ns3:TrackPointExtension>
        </extensions>
      </trkpt>
      <trkpt lat="48.0829224921762943267822265625" lon="11.3942486979067325592041015625">
        <ele>561.20001220703125</ele>
        <time>2023-10-15T06:24:36.000Z</time>
        <extensions>
          <ns3:TrackPointExtension>
            <ns3:atemp>15.0</ns3:atemp>
            <ns3:hr>136</ns3:hr>
          </ns3:TrackPointExtension>
        </extensions>
      </trkpt>
      <trkpt lat="48.082973957061767578125" lon="11.39405407011508941650390625">
        <ele>561</ele>
        <time>2023-10-15T06:24:41.000Z</time>
        <extensions>
          <ns3:TrackPointExtension>
            <ns3:atemp>16.0</ns3:atemp>
            <ns3:hr>133</ns3:hr>
          </ns3:TrackPointExtension>
        </extensions>
      </trkpt>
      <trkpt lat="48.08300840668380260467529296875" lon="11.3939549960196018218994140625">
        <ele>561</ele>
        <time>2023-10-15T06:24:44.000Z</time>
        <extensions>
          <ns3:TrackPointExtension>
            <ns3:atemp>15.0</ns3:atemp>
            <ns3:hr>132</ns3:hr>
          </ns3:TrackPointExtension>
        </extensions>
      </trkpt>
      <trkpt lat="48.0830881185829639434814453125" lon="11.39359147287905216217041015625">
        <ele>561</ele>
        <time>2023-10-15T06:24:53.000Z</time>
        <extensions>
          <ns3:TrackPointExtension>
            <ns3:atemp>16.0</ns3:atemp>
            <ns3:hr>132</ns3:hr>
          </ns3:TrackPointExtension>
        </extensions>
      </trkpt>
      <trkpt lat="48.08313346467912197113037109375" lon="11.39334035106003284454345703125">
        <ele>561.20001220703125</ele>
        <time>2023-10-15T06:24:59.000Z</time>
        <extensions>
          <ns3:TrackPointExtension>
            <ns3:atemp>16.0</ns3:atemp>
            <ns3:hr>133</ns3:hr>
          </ns3:TrackPointExtension>
        </extensions>
      </trkpt>
      <trkpt lat="48.08322130702435970306396484375" lon="11.3930524326860904693603515625">
        <ele>561.4000244140625</ele>
        <time>2023-10-15T06:25:07.000Z</time>
        <extensions>
          <ns3:TrackPointExtension>
            <ns3:atemp>16.0</ns3:atemp>
            <ns3:hr>131</ns3:hr>
          </ns3:TrackPointExtension>
        </extensions>
      </trkpt>
      <trkpt lat="48.0832275934517383575439453125" lon="11.3929335772991180419921875">
        <ele>561.5999755859375</ele>
        <time>2023-10-15T06:25:10.000Z</time>
        <extensions>
          <ns3:TrackPointExtension>
            <ns3:atemp>16.0</ns3:atemp>
            <ns3:hr>134</ns3:hr>
          </ns3:TrackPointExtension>
        </extensions>
      </trkpt>
      <trkpt lat="48.08324142359197139739990234375" lon="11.39286157675087451934814453125">
        <ele>561.5999755859375</ele>
        <time>2023-10-15T06:25:12.000Z</time>
        <extensions>
          <ns3:TrackPointExtension>
            <ns3:atemp>16.0</ns3:atemp>
            <ns3:hr>137</ns3:hr>
          </ns3:TrackPointExtension>
        </extensions>
      </trkpt>
      <trkpt lat="48.0832450278103351593017578125" lon="11.39282134361565113067626953125">
        <ele>561.5999755859375</ele>
        <time>2023-10-15T06:25:13.000Z</time>
        <extensions>
          <ns3:TrackPointExtension>
            <ns3:atemp>16.0</ns3:atemp>
            <ns3:hr>138</ns3:hr>
          </ns3:TrackPointExtension>
        </extensions>
      </trkpt>
      <trkpt lat="48.08325047604739665985107421875" lon="11.39257877133786678314208984375">
        <ele>561.79998779296875</ele>
        <time>2023-10-15T06:25:18.000Z</time>
        <extensions>
          <ns3:TrackPointExtension>
            <ns3:atemp>15.0</ns3:atemp>
            <ns3:hr>139</ns3:hr>
          </ns3:TrackPointExtension>
        </extensions>
      </trkpt>
      <trkpt lat="48.08323890902101993560791015625" lon="11.39248908497393131256103515625">
        <ele>561.79998779296875</ele>
        <time>2023-10-15T06:25:20.000Z</time>
        <extensions>
          <ns3:TrackPointExtension>
            <ns3:atemp>15.0</ns3:atemp>
            <ns3:hr>140</ns3:hr>
          </ns3:TrackPointExtension>
        </extensions>
      </trkpt>
      <trkpt lat="48.083233125507831573486328125" lon="11.3922004960477352142333984375">
        <ele>562</ele>
        <time>2023-10-15T06:25:26.000Z</time>
        <extensions>
          <ns3:TrackPointExtension>
            <ns3:atemp>15.0</ns3:atemp>
            <ns3:hr>142</ns3:hr>
          </ns3:TrackPointExtension>
        </extensions>
      </trkpt>
      <trkpt lat="48.08328651823103427886962890625" lon="11.39189220964908599853515625">
        <ele>562.4000244140625</ele>
        <time>2023-10-15T06:25:34.000Z</time>
        <extensions>
          <ns3:TrackPointExtension>
            <ns3:atemp>15.0</ns3:atemp>
            <ns3:hr>143</ns3:hr>
          </ns3:TrackPointExtension>
        </extensions>
      </trkpt>
      <trkpt lat="48.08333915658295154571533203125" lon="11.3917384855449199676513671875">
        <ele>562.79998779296875</ele>
        <time>2023-10-15T06:25:38.000Z</time>
        <extensions>
          <ns3:TrackPointExtension>
            <ns3:atemp>15.0</ns3:atemp>
            <ns3:hr>144</ns3:hr>
          </ns3:TrackPointExtension>
        </extensions>
      </trkpt>
      <trkpt lat="48.08337318710982799530029296875" lon="11.39162600040435791015625">
        <ele>562.79998779296875</ele>
        <time>2023-10-15T06:25:41.000Z</time>
        <extensions>
          <ns3:TrackPointExtension>
            <ns3:atemp>16.0</ns3:atemp>
            <ns3:hr>144</ns3:hr>
          </ns3:TrackPointExtension>
        </extensions>
      </trkpt>
      <trkpt lat="48.08345482684671878814697265625" lon="11.39142424799501895904541015625">
        <ele>563.4000244140625</ele>
        <time>2023-10-15T06:25:47.000Z</time>
        <extensions>
          <ns3:TrackPointExtension>
            <ns3:atemp>16.0</ns3:atemp>
            <ns3:hr>143</ns3:hr>
          </ns3:TrackPointExtension>
        </extensions>
      </trkpt>
      <trkpt lat="48.083502016961574554443359375" lon="11.3913586176931858062744140625">
        <ele>564</ele>
        <time>2023-10-15T06:25:50.000Z</time>
        <extensions>
          <ns3:TrackPointExtension>
            <ns3:atemp>16.0</ns3:atemp>
            <ns3:hr>143</ns3:hr>
          </ns3:TrackPointExtension>
        </extensions>
      </trkpt>
      <trkpt lat="48.08357016183435916900634765625" lon="11.39131193049252033233642578125">
        <ele>565</ele>
        <time>2023-10-15T06:25:54.000Z</time>
        <extensions>
          <ns3:TrackPointExtension>
            <ns3:atemp>16.0</ns3:atemp>
            <ns3:hr>143</ns3:hr>
          </ns3:TrackPointExtension>
        </extensions>
      </trkpt>
      <trkpt lat="48.08369019068777561187744140625" lon="11.391305811703205108642578125">
        <ele>566.20001220703125</ele>
        <time>2023-10-15T06:25:59.000Z</time>
        <extensions>
          <ns3:TrackPointExtension>
            <ns3:atemp>16.0</ns3:atemp>
            <ns3:hr>142</ns3:hr>
          </ns3:TrackPointExtension>
        </extensions>
      </trkpt>
      <trkpt lat="48.0837120674550533294677734375" lon="11.39130572788417339324951171875">
        <ele>566.4000244140625</ele>
        <time>2023-10-15T06:26:00.000Z</time>
        <extensions>
          <ns3:TrackPointExtension>
            <ns3:atemp>16.0</ns3:atemp>
            <ns3:hr>142</ns3:hr>
          </ns3:TrackPointExtension>
        </extensions>
      </trkpt>
      <trkpt lat="48.0837435834109783172607421875" lon="11.39130170457065105438232421875">
        <ele>567.4000244140625</ele>
        <time>2023-10-15T06:26:02.000Z</time>
        <extensions>
          <ns3:TrackPointExtension>
            <ns3:atemp>16.0</ns3:atemp>
            <ns3:hr>142</ns3:hr>
          </ns3:TrackPointExtension>
        </extensions>
      </trkpt>
      <trkpt lat="48.0838042683899402618408203125" lon="11.39130723662674427032470703125">
        <ele>568.4000244140625</ele>
        <time>2023-10-15T06:26:05.000Z</time>
        <extensions>
          <ns3:TrackPointExtension>
            <ns3:atemp>16.0</ns3:atemp>
            <ns3:hr>143</ns3:hr>
          </ns3:TrackPointExtension>
        </extensions>
      </trkpt>
      <trkpt lat="48.083877861499786376953125" lon="11.3912929035723209381103515625">
        <ele>569.5999755859375</ele>
        <time>2023-10-15T06:26:09.000Z</time>
        <extensions>
          <ns3:TrackPointExtension>
            <ns3:atemp>16.0</ns3:atemp>
            <ns3:hr>142</ns3:hr>
          </ns3:TrackPointExtension>
        </extensions>
      </trkpt>
      <trkpt lat="48.0839242972433567047119140625" lon="11.3912236690521240234375">
        <ele>570.79998779296875</ele>
        <time>2023-10-15T06:26:12.000Z</time>
        <extensions>
          <ns3:TrackPointExtension>
            <ns3:atemp>16.0</ns3:atemp>
            <ns3:hr>143</ns3:hr>
          </ns3:TrackPointExtension>
        </extensions>
      </trkpt>
      <trkpt lat="48.08395673520863056182861328125" lon="11.3911554403603076934814453125">
        <ele>572.20001220703125</ele>
        <time>2023-10-15T06:26:16.000Z</time>
        <extensions>
          <ns3:TrackPointExtension>
            <ns3:atemp>16.0</ns3:atemp>
            <ns3:hr>146</ns3:hr>
          </ns3:TrackPointExtension>
        </extensions>
      </trkpt>
      <trkpt lat="48.0839816294610500335693359375" lon="11.3910340704023838043212890625">
        <ele>573.4000244140625</ele>
        <time>2023-10-15T06:26:21.000Z</time>
        <extensions>
          <ns3:TrackPointExtension>
            <ns3:atemp>16.0</ns3:atemp>
            <ns3:hr>147</ns3:hr>
          </ns3:TrackPointExtension>
        </extensions>
      </trkpt>
      <trkpt lat="48.083979450166225433349609375" lon="11.3909971900284290313720703125">
        <ele>573.5999755859375</ele>
        <time>2023-10-15T06:26:22.000Z</time>
        <extensions>
          <ns3:TrackPointExtension>
            <ns3:atemp>16.0</ns3:atemp>
            <ns3:hr>146</ns3:hr>
          </ns3:TrackPointExtension>
        </extensions>
      </trkpt>
      <trkpt lat="48.08398607186973094940185546875" lon="11.39087992720305919647216796875">
        <ele>574.5999755859375</ele>
        <time>2023-10-15T06:26:25.000Z</time>
        <extensions>
          <ns3:TrackPointExtension>
            <ns3:atemp>16.0</ns3:atemp>
            <ns3:hr>146</ns3:hr>
          </ns3:TrackPointExtension>
        </extensions>
      </trkpt>
      <trkpt lat="48.08397383429110050201416015625" lon="11.39070759527385234832763671875">
        <ele>575.4000244140625</ele>
        <time>2023-10-15T06:26:29.000Z</time>
        <extensions>
          <ns3:TrackPointExtension>
            <ns3:atemp>16.0</ns3:atemp>
            <ns3:hr>146</ns3:hr>
          </ns3:TrackPointExtension>
        </extensions>
      </trkpt>
      <trkpt lat="48.08397953398525714874267578125" lon="11.39068110845983028411865234375">
        <ele>575.5999755859375</ele>
        <time>2023-10-15T06:26:30.000Z</time>
        <extensions>
          <ns3:TrackPointExtension>
            <ns3:atemp>16.0</ns3:atemp>
            <ns3:hr>146</ns3:hr>
          </ns3:TrackPointExtension>
        </extensions>
      </trkpt>
      <trkpt lat="48.084055893123149871826171875" lon="11.39051263220608234405517578125">
        <ele>576.79998779296875</ele>
        <time>2023-10-15T06:26:36.000Z</time>
        <extensions>
          <ns3:TrackPointExtension>
            <ns3:atemp>16.0</ns3:atemp>
            <ns3:hr>144</ns3:hr>
          </ns3:TrackPointExtension>
        </extensions>
      </trkpt>
      <trkpt lat="48.0841777659952640533447265625" lon="11.390341222286224365234375">
        <ele>577</ele>
        <time>2023-10-15T06:26:42.000Z</time>
        <extensions>
          <ns3:TrackPointExtension>
            <ns3:atemp>16.0</ns3:atemp>
            <ns3:hr>144</ns3:hr>
          </ns3:TrackPointExtension>
        </extensions>
      </trkpt>
      <trkpt lat="48.08429134078323841094970703125" lon="11.3902728259563446044921875">
        <ele>577</ele>
        <time>2023-10-15T06:26:46.000Z</time>
        <extensions>
          <ns3:TrackPointExtension>
            <ns3:atemp>16.0</ns3:atemp>
            <ns3:hr>147</ns3:hr>
          </ns3:TrackPointExtension>
        </extensions>
      </trkpt>
      <trkpt lat="48.08436535298824310302734375" lon="11.3902056030929088592529296875">
        <ele>577.20001220703125</ele>
        <time>2023-10-15T06:26:50.000Z</time>
        <extensions>
          <ns3:TrackPointExtension>
            <ns3:atemp>16.0</ns3:atemp>
            <ns3:hr>144</ns3:hr>
          </ns3:TrackPointExtension>
        </extensions>
      </trkpt>
      <trkpt lat="48.08449183590710163116455078125" lon="11.3901476003229618072509765625">
        <ele>577</ele>
        <time>2023-10-15T06:26:56.000Z</time>
        <extensions>
          <ns3:TrackPointExtension>
            <ns3:atemp>16.0</ns3:atemp>
            <ns3:hr>145</ns3:hr>
          </ns3:TrackPointExtension>
        </extensions>
      </trkpt>
      <trkpt lat="48.08455578982830047607421875" lon="11.3902019150555133819580078125">
        <ele>576.5999755859375</ele>
        <time>2023-10-15T06:27:01.000Z</time>
        <extensions>
          <ns3:TrackPointExtension>
            <ns3:atemp>16.0</ns3:atemp>
            <ns3:hr>146</ns3:hr>
          </ns3:TrackPointExtension>
        </extensions>
      </trkpt>
      <trkpt lat="48.08458261191844940185546875" lon="11.39021390117704868316650390625">
        <ele>576.5999755859375</ele>
        <time>2023-10-15T06:27:03.000Z</time>
        <extensions>
          <ns3:TrackPointExtension>
            <ns3:atemp>16.0</ns3:atemp>
            <ns3:hr>147</ns3:hr>
          </ns3:TrackPointExtension>
        </extensions>
      </trkpt>
      <trkpt lat="48.08459644205868244171142578125" lon="11.39022815041244029998779296875">
        <ele>576.4000244140625</ele>
        <time>2023-10-15T06:27:05.000Z</time>
        <extensions>
          <ns3:TrackPointExtension>
            <ns3:atemp>16.0</ns3:atemp>
            <ns3:hr>147</ns3:hr>
          </ns3:TrackPointExtension>
        </extensions>
      </trkpt>
      <trkpt lat="48.08460147120058536529541015625" lon="11.39019730500876903533935546875">
        <ele>576.5999755859375</ele>
        <time>2023-10-15T06:27:07.000Z</time>
        <extensions>
          <ns3:TrackPointExtension>
            <ns3:atemp>16.0</ns3:atemp>
            <ns3:hr>148</ns3:hr>
          </ns3:TrackPointExtension>
        </extensions>
      </trkpt>
      <trkpt lat="48.08459878899157047271728515625" lon="11.39017987065017223358154296875">
        <ele>576.5999755859375</ele>
        <time>2023-10-15T06:27:08.000Z</time>
        <extensions>
          <ns3:TrackPointExtension>
            <ns3:atemp>16.0</ns3:atemp>
            <ns3:hr>147</ns3:hr>
          </ns3:TrackPointExtension>
        </extensions>
      </trkpt>
      <trkpt lat="48.08460800908505916595458984375" lon="11.390094794332981109619140625">
        <ele>577.20001220703125</ele>
        <time>2023-10-15T06:27:13.000Z</time>
        <extensions>
          <ns3:TrackPointExtension>
            <ns3:atemp>16.0</ns3:atemp>
            <ns3:hr>144</ns3:hr>
          </ns3:TrackPointExtension>
        </extensions>
      </trkpt>
      <trkpt lat="48.08461404405534267425537109375" lon="11.39007878489792346954345703125">
        <ele>577.20001220703125</ele>
        <time>2023-10-15T06:27:14.000Z</time>
        <extensions>
          <ns3:TrackPointExtension>
            <ns3:atemp>16.0</ns3:atemp>
            <ns3:hr>143</ns3:hr>
          </ns3:TrackPointExtension>
        </extensions>
      </trkpt>
      <trkpt lat="48.0846407823264598846435546875" lon="11.39004140160977840423583984375">
        <ele>577.4000244140625</ele>
        <time>2023-10-15T06:27:18.000Z</time>
        <extensions>
          <ns3:TrackPointExtension>
            <ns3:atemp>16.0</ns3:atemp>
            <ns3:hr>140</ns3:hr>
          </ns3:TrackPointExtension>
        </extensions>
      </trkpt>
      <trkpt lat="48.0846739746630191802978515625" lon="11.38999680988490581512451171875">
        <ele>577.5999755859375</ele>
        <time>2023-10-15T06:27:23.000Z</time>
        <extensions>
          <ns3:TrackPointExtension>
            <ns3:atemp>16.0</ns3:atemp>
            <ns3:hr>139</ns3:hr>
          </ns3:TrackPointExtension>
        </extensions>
      </trkpt>
      <trkpt lat="48.08471512980759143829345703125" lon="11.38989253900945186614990234375">
        <ele>577</ele>
        <time>2023-10-15T06:27:30.000Z</time>
        <extensions>
          <ns3:TrackPointExtension>
            <ns3:atemp>16.0</ns3:atemp>
            <ns3:hr>137</ns3:hr>
          </ns3:TrackPointExtension>
        </extensions>
      </trkpt>
      <trkpt lat="48.08472719974815845489501953125" lon="11.3898646272718906402587890625">
        <ele>576.5999755859375</ele>
        <time>2023-10-15T06:27:35.000Z</time>
        <extensions>
          <ns3:TrackPointExtension>
            <ns3:atemp>16.0</ns3:atemp>
            <ns3:hr>134</ns3:hr>
          </ns3:TrackPointExtension>
        </extensions>
      </trkpt>
      <trkpt lat="48.08474413119256496429443359375" lon="11.3898441754281520843505859375">
        <ele>576.4000244140625</ele>
        <time>2023-10-15T06:27:39.000Z</time>
        <extensions>
          <ns3:TrackPointExtension>
            <ns3:atemp>16.0</ns3:atemp>
            <ns3:hr>131</ns3:hr>
          </ns3:TrackPointExtension>
        </extensions>
      </trkpt>
      <trkpt lat="48.0847919918596744537353515625" lon="11.38983093202114105224609375">
        <ele>576.4000244140625</ele>
        <time>2023-10-15T06:27:42.000Z</time>
        <extensions>
          <ns3:TrackPointExtension>
            <ns3:atemp>16.0</ns3:atemp>
            <ns3:hr>131</ns3:hr>
          </ns3:TrackPointExtension>
        </extensions>
      </trkpt>
      <trkpt lat="48.08489131741225719451904296875" lon="11.38977921567857265472412109375">
        <ele>576.4000244140625</ele>
        <time>2023-10-15T06:27:48.000Z</time>
        <extensions>
          <ns3:TrackPointExtension>
            <ns3:atemp>16.0</ns3:atemp>
            <ns3:hr>132</ns3:hr>
          </ns3:TrackPointExtension>
        </extensions>
      </trkpt>
      <trkpt lat="48.08492568321526050567626953125" lon="11.38973814435303211212158203125">
        <ele>576.5999755859375</ele>
        <time>2023-10-15T06:27:51.000Z</time>
        <extensions>
          <ns3:TrackPointExtension>
            <ns3:atemp>16.0</ns3:atemp>
            <ns3:hr>132</ns3:hr>
          </ns3:TrackPointExtension>
        </extensions>
      </trkpt>
      <trkpt lat="48.084943704307079315185546875" lon="11.38971383683383464813232421875">
        <ele>576.5999755859375</ele>
        <time>2023-10-15T06:27:53.000Z</time>
        <extensions>
          <ns3:TrackPointExtension>
            <ns3:atemp>16.0</ns3:atemp>
            <ns3:hr>131</ns3:hr>
          </ns3:TrackPointExtension>
        </extensions>
      </trkpt>
      <trkpt lat="48.08501620776951313018798828125" lon="11.3896852545440196990966796875">
        <ele>576.79998779296875</ele>
        <time>2023-10-15T06:27:57.000Z</time>
        <extensions>
          <ns3:TrackPointExtension>
            <ns3:atemp>16.0</ns3:atemp>
            <ns3:hr>130</ns3:hr>
          </ns3:TrackPointExtension>
        </extensions>
      </trkpt>
      <trkpt lat="48.0850280262529850006103515625" lon="11.38968248851597309112548828125">
        <ele>576.79998779296875</ele>
        <time>2023-10-15T06:27:58.000Z</time>
        <extensions>
          <ns3:TrackPointExtension>
            <ns3:atemp>16.0</ns3:atemp>
            <ns3:hr>131</ns3:hr>
          </ns3:TrackPointExtension>
        </extensions>
      </trkpt>
      <trkpt lat="48.0851245857775211334228515625" lon="11.38966589234769344329833984375">
        <ele>576.79998779296875</ele>
        <time>2023-10-15T06:28:04.000Z</time>
        <extensions>
          <ns3:TrackPointExtension>
            <ns3:atemp>16.0</ns3:atemp>
            <ns3:hr>128</ns3:hr>
          </ns3:TrackPointExtension>
        </extensions>
      </trkpt>
      <trkpt lat="48.08512710034847259521484375" lon="11.38966790400445461273193359375">
        <ele>576.79998779296875</ele>
        <time>2023-10-15T06:28:05.000Z</time>
        <extensions>
          <ns3:TrackPointExtension>
            <ns3:atemp>16.0</ns3:atemp>
            <ns3:hr>128</ns3:hr>
          </ns3:TrackPointExtension>
        </extensions>
      </trkpt>
      <trkpt lat="48.08515450917184352874755859375" lon="11.38968282379209995269775390625">
        <ele>576.79998779296875</ele>
        <time>2023-10-15T06:28:08.000Z</time>
        <extensions>
          <ns3:TrackPointExtension>
            <ns3:atemp>16.0</ns3:atemp>
            <ns3:hr>125</ns3:hr>
          </ns3:TrackPointExtension>
        </extensions>
      </trkpt>
      <trkpt lat="48.08523170650005340576171875" lon="11.3896520622074604034423828125">
        <ele>577.20001220703125</ele>
        <time>2023-10-15T06:28:15.000Z</time>
        <extensions>
          <ns3:TrackPointExtension>
            <ns3:atemp>16.0</ns3:atemp>
            <ns3:hr>123</ns3:hr>
          </ns3:TrackPointExtension>
        </extensions>
      </trkpt>
      <trkpt lat="48.0853016115725040435791015625" lon="11.38959355652332305908203125">
        <ele>576.79998779296875</ele>
        <time>2023-10-15T06:28:21.000Z</time>
        <extensions>
          <ns3:TrackPointExtension>
            <ns3:atemp>16.0</ns3:atemp>
            <ns3:hr>124</ns3:hr>
          </ns3:TrackPointExtension>
        </extensions>
      </trkpt>
      <trkpt lat="48.08532633818686008453369140625" lon="11.389568746089935302734375">
        <ele>576.79998779296875</ele>
        <time>2023-10-15T06:28:23.000Z</time>
        <extensions>
          <ns3:TrackPointExtension>
            <ns3:atemp>16.0</ns3:atemp>
            <ns3:hr>124</ns3:hr>
          </ns3:TrackPointExtension>
        </extensions>
      </trkpt>
      <trkpt lat="48.0853478796780109405517578125" lon="11.389542259275913238525390625">
        <ele>576.79998779296875</ele>
        <time>2023-10-15T06:28:25.000Z</time>
        <extensions>
          <ns3:TrackPointExtension>
            <ns3:atemp>16.0</ns3:atemp>
            <ns3:hr>125</ns3:hr>
          </ns3:TrackPointExtension>
        </extensions>
      </trkpt>
      <trkpt lat="48.0853679962456226348876953125" lon="11.38949791900813579559326171875">
        <ele>576.79998779296875</ele>
        <time>2023-10-15T06:28:28.000Z</time>
        <extensions>
          <ns3:TrackPointExtension>
            <ns3:atemp>16.0</ns3:atemp>
            <ns3:hr>126</ns3:hr>
          </ns3:TrackPointExtension>
        </extensions>
      </trkpt>
      <trkpt lat="48.0853589437901973724365234375" lon="11.38947444967925548553466796875">
        <ele>576.5999755859375</ele>
        <time>2023-10-15T06:28:30.000Z</time>
        <extensions>
          <ns3:TrackPointExtension>
            <ns3:atemp>16.0</ns3:atemp>
            <ns3:hr>125</ns3:hr>
          </ns3:TrackPointExtension>
        </extensions>
      </trkpt>
      <trkpt lat="48.08540361933410167694091796875" lon="11.38942969031631946563720703125">
        <ele>576.5999755859375</ele>
        <time>2023-10-15T06:28:34.000Z</time>
        <extensions>
          <ns3:TrackPointExtension>
            <ns3:atemp>16.0</ns3:atemp>
            <ns3:hr>125</ns3:hr>
          </ns3:TrackPointExtension>
        </extensions>
      </trkpt>
      <trkpt lat="48.0854062177240848541259765625" lon="11.38943069614470005035400390625">
        <ele>576.5999755859375</ele>
        <time>2023-10-15T06:28:36.000Z</time>
        <extensions>
          <ns3:TrackPointExtension>
            <ns3:atemp>16.0</ns3:atemp>
            <ns3:hr>125</ns3:hr>
          </ns3:TrackPointExtension>
        </extensions>
      </trkpt>
      <trkpt lat="48.0854062177240848541259765625" lon="11.389464475214481353759765625">
        <ele>576.20001220703125</ele>
        <time>2023-10-15T06:29:07.000Z</time>
        <extensions>
          <ns3:TrackPointExtension>
            <ns3:atemp>16.0</ns3:atemp>
            <ns3:hr>118</ns3:hr>
          </ns3:TrackPointExtension>
        </extensions>
      </trkpt>
      <trkpt lat="48.08541350997984409332275390625" lon="11.38947947882115840911865234375">
        <ele>576.5999755859375</ele>
        <time>2023-10-15T06:29:08.000Z</time>
        <extensions>
          <ns3:TrackPointExtension>
            <ns3:atemp>16.0</ns3:atemp>
            <ns3:hr>118</ns3:hr>
          </ns3:TrackPointExtension>
        </extensions>
      </trkpt>
      <trkpt lat="48.08542993851006031036376953125" lon="11.38950814493000507354736328125">
        <ele>576.5999755859375</ele>
        <time>2023-10-15T06:29:10.000Z</time>
        <extensions>
          <ns3:TrackPointExtension>
            <ns3:atemp>16.0</ns3:atemp>
            <ns3:hr>118</ns3:hr>
          </ns3:TrackPointExtension>
        </extensions>
      </trkpt>
      <trkpt lat="48.08545776642858982086181640625" lon="11.3895333744585514068603515625">
        <ele>577.20001220703125</ele>
        <time>2023-10-15T06:29:15.000Z</time>
        <extensions>
          <ns3:TrackPointExtension>
            <ns3:atemp>16.0</ns3:atemp>
            <ns3:hr>122</ns3:hr>
          </ns3:TrackPointExtension>
        </extensions>
      </trkpt>
      <trkpt lat="48.08546447195112705230712890625" lon="11.38952641747891902923583984375">
        <ele>577.20001220703125</ele>
        <time>2023-10-15T06:29:16.000Z</time>
        <extensions>
          <ns3:TrackPointExtension>
            <ns3:atemp>16.0</ns3:atemp>
            <ns3:hr>119</ns3:hr>
          </ns3:TrackPointExtension>
        </extensions>
      </trkpt>
      <trkpt lat="48.08550252579152584075927734375" lon="11.389518789947032928466796875">
        <ele>577.20001220703125</ele>
        <time>2023-10-15T06:29:20.000Z</time>
        <extensions>
          <ns3:TrackPointExtension>
            <ns3:atemp>16.0</ns3:atemp>
            <ns3:hr>120</ns3:hr>
          </ns3:TrackPointExtension>
        </extensions>
      </trkpt>
      <trkpt lat="48.08551006950438022613525390625" lon="11.389534212648868560791015625">
        <ele>577</ele>
        <time>2023-10-15T06:29:23.000Z</time>
        <extensions>
          <ns3:TrackPointExtension>
            <ns3:atemp>16.0</ns3:atemp>
            <ns3:hr>120</ns3:hr>
          </ns3:TrackPointExtension>
        </extensions>
      </trkpt>
      <trkpt lat="48.08551157824695110321044921875" lon="11.389465145766735076904296875">
        <ele>577</ele>
        <time>2023-10-15T06:29:27.000Z</time>
        <extensions>
          <ns3:TrackPointExtension>
            <ns3:atemp>16.0</ns3:atemp>
            <ns3:hr>122</ns3:hr>
          </ns3:TrackPointExtension>
        </extensions>
      </trkpt>
      <trkpt lat="48.085563294589519500732421875" lon="11.38943388126790523529052734375">
        <ele>577</ele>
        <time>2023-10-15T06:29:30.000Z</time>
        <extensions>
          <ns3:TrackPointExtension>
            <ns3:atemp>16.0</ns3:atemp>
            <ns3:hr>122</ns3:hr>
          </ns3:TrackPointExtension>
        </extensions>
      </trkpt>
      <trkpt lat="48.08562540449202060699462890625" lon="11.3894317857921123504638671875">
        <ele>577.20001220703125</ele>
        <time>2023-10-15T06:29:34.000Z</time>
        <extensions>
          <ns3:TrackPointExtension>
            <ns3:atemp>16.0</ns3:atemp>
            <ns3:hr>123</ns3:hr>
          </ns3:TrackPointExtension>
        </extensions>
      </trkpt>
      <trkpt lat="48.0856454372406005859375" lon="11.38942985795438289642333984375">
        <ele>577.20001220703125</ele>
        <time>2023-10-15T06:29:36.000Z</time>
        <extensions>
          <ns3:TrackPointExtension>
            <ns3:atemp>16.0</ns3:atemp>
            <ns3:hr>124</ns3:hr>
          </ns3:TrackPointExtension>
        </extensions>
      </trkpt>
      <trkpt lat="48.08567351661622524261474609375" lon="11.3894079811871051788330078125">
        <ele>577</ele>
        <time>2023-10-15T06:29:39.000Z</time>
        <extensions>
          <ns3:TrackPointExtension>
            <ns3:atemp>16.0</ns3:atemp>
            <ns3:hr>123</ns3:hr>
          </ns3:TrackPointExtension>
        </extensions>
      </trkpt>
      <trkpt lat="48.08568608947098255157470703125" lon="11.3894046284258365631103515625">
        <ele>577</ele>
        <time>2023-10-15T06:29:40.000Z</time>
        <extensions>
          <ns3:TrackPointExtension>
            <ns3:atemp>16.0</ns3:atemp>
            <ns3:hr>124</ns3:hr>
          </ns3:TrackPointExtension>
        </extensions>
      </trkpt>
      <trkpt lat="48.08570419438183307647705078125" lon="11.3894140161573886871337890625">
        <ele>577</ele>
        <time>2023-10-15T06:29:41.000Z</time>
        <extensions>
          <ns3:TrackPointExtension>
            <ns3:atemp>16.0</ns3:atemp>
            <ns3:hr>125</ns3:hr>
          </ns3:TrackPointExtension>
        </extensions>
      </trkpt>
      <trkpt lat="48.08577217161655426025390625" lon="11.38944737613201141357421875">
        <ele>576.79998779296875</ele>
        <time>2023-10-15T06:29:46.000Z</time>
        <extensions>
          <ns3:TrackPointExtension>
            <ns3:atemp>16.0</ns3:atemp>
            <ns3:hr>124</ns3:hr>
          </ns3:TrackPointExtension>
        </extensions>
      </trkpt>
      <trkpt lat="48.08579371310770511627197265625" lon="11.3894173689186573028564453125">
        <ele>576.5999755859375</ele>
        <time>2023-10-15T06:29:48.000Z</time>
        <extensions>
          <ns3:TrackPointExtension>
            <ns3:atemp>16.0</ns3:atemp>
            <ns3:hr>124</ns3:hr>
          </ns3:TrackPointExtension>
        </extensions>
      </trkpt>
      <trkpt lat="48.08580628596246242523193359375" lon="11.3893597014248371124267578125">
        <ele>576.4000244140625</ele>
        <time>2023-10-15T06:29:50.000Z</time>
        <extensions>
          <ns3:TrackPointExtension>
            <ns3:atemp>16.0</ns3:atemp>
            <ns3:hr>124</ns3:hr>
          </ns3:TrackPointExtension>
        </extensions>
      </trkpt>
      <trkpt lat="48.0858417414128780364990234375" lon="11.3893050514161586761474609375">
        <ele>576.5999755859375</ele>
        <time>2023-10-15T06:29:56.000Z</time>
        <extensions>
          <ns3:TrackPointExtension>
            <ns3:atemp>16.0</ns3:atemp>
            <ns3:hr>124</ns3:hr>
          </ns3:TrackPointExtension>
        </extensions>
      </trkpt>
      <trkpt lat="48.08585473336279392242431640625" lon="11.3893114216625690460205078125">
        <ele>576.4000244140625</ele>
        <time>2023-10-15T06:29:58.000Z</time>
        <extensions>
          <ns3:TrackPointExtension>
            <ns3:atemp>16.0</ns3:atemp>
            <ns3:hr>125</ns3:hr>
          </ns3:TrackPointExtension>
        </extensions>
      </trkpt>
      <trkpt lat="48.08586680330336093902587890625" lon="11.3893144391477108001708984375">
        <ele>576.20001220703125</ele>
        <time>2023-10-15T06:30:00.000Z</time>
        <extensions>
          <ns3:TrackPointExtension>
            <ns3:atemp>16.0</ns3:atemp>
            <ns3:hr>124</ns3:hr>
          </ns3:TrackPointExtension>
        </extensions>
      </trkpt>
      <trkpt lat="48.08588440530002117156982421875" lon="11.389308236539363861083984375">
        <ele>576</ele>
        <time>2023-10-15T06:30:02.000Z</time>
        <extensions>
          <ns3:TrackPointExtension>
            <ns3:atemp>16.0</ns3:atemp>
            <ns3:hr>125</ns3:hr>
          </ns3:TrackPointExtension>
        </extensions>
      </trkpt>
      <trkpt lat="48.085909970104694366455078125" lon="11.38931485824286937713623046875">
        <ele>576</ele>
        <time>2023-10-15T06:30:04.000Z</time>
        <extensions>
          <ns3:TrackPointExtension>
            <ns3:atemp>16.0</ns3:atemp>
            <ns3:hr>125</ns3:hr>
          </ns3:TrackPointExtension>
        </extensions>
      </trkpt>
      <trkpt lat="48.0859805457293987274169921875" lon="11.389331705868244171142578125">
        <ele>576</ele>
        <time>2023-10-15T06:30:08.000Z</time>
        <extensions>
          <ns3:TrackPointExtension>
            <ns3:atemp>16.0</ns3:atemp>
            <ns3:hr>123</ns3:hr>
          </ns3:TrackPointExtension>
        </extensions>
      </trkpt>
      <trkpt lat="48.0860061943531036376953125" lon="11.38934251852333545684814453125">
        <ele>576.4000244140625</ele>
        <time>2023-10-15T06:30:10.000Z</time>
        <extensions>
          <ns3:TrackPointExtension>
            <ns3:atemp>16.0</ns3:atemp>
            <ns3:hr>126</ns3:hr>
          </ns3:TrackPointExtension>
        </extensions>
      </trkpt>
      <trkpt lat="48.0860103853046894073486328125" lon="11.3893556781113147735595703125">
        <ele>576.5999755859375</ele>
        <time>2023-10-15T06:30:11.000Z</time>
        <extensions>
          <ns3:TrackPointExtension>
            <ns3:atemp>16.0</ns3:atemp>
            <ns3:hr>125</ns3:hr>
          </ns3:TrackPointExtension>
        </extensions>
      </trkpt>
      <trkpt lat="48.086020611226558685302734375" lon="11.38935928232967853546142578125">
        <ele>576.5999755859375</ele>
        <time>2023-10-15T06:30:13.000Z</time>
        <extensions>
          <ns3:TrackPointExtension>
            <ns3:atemp>16.0</ns3:atemp>
            <ns3:hr>129</ns3:hr>
          </ns3:TrackPointExtension>
        </extensions>
      </trkpt>
      <trkpt lat="48.0860150791704654693603515625" lon="11.389364562928676605224609375">
        <ele>576.5999755859375</ele>
        <time>2023-10-15T06:30:16.000Z</time>
        <extensions>
          <ns3:TrackPointExtension>
            <ns3:atemp>16.0</ns3:atemp>
            <ns3:hr>131</ns3:hr>
          </ns3:TrackPointExtension>
        </extensions>
      </trkpt>
      <trkpt lat="48.086024634540081024169921875" lon="11.38935743831098079681396484375">
        <ele>576.20001220703125</ele>
        <time>2023-10-15T06:30:19.000Z</time>
        <extensions>
          <ns3:TrackPointExtension>
            <ns3:atemp>16.0</ns3:atemp>
            <ns3:hr>134</ns3:hr>
          </ns3:TrackPointExtension>
        </extensions>
      </trkpt>
      <trkpt lat="48.08605086989700794219970703125" lon="11.38935408554971218109130859375">
        <ele>575.79998779296875</ele>
        <time>2023-10-15T06:30:21.000Z</time>
        <extensions>
          <ns3:TrackPointExtension>
            <ns3:atemp>16.0</ns3:atemp>
            <ns3:hr>135</ns3:hr>
          </ns3:TrackPointExtension>
        </extensions>
      </trkpt>
      <trkpt lat="48.08606428094208240509033203125" lon="11.3893506489694118499755859375">
        <ele>575.5999755859375</ele>
        <time>2023-10-15T06:30:22.000Z</time>
        <extensions>
          <ns3:TrackPointExtension>
            <ns3:atemp>16.0</ns3:atemp>
            <ns3:hr>135</ns3:hr>
          </ns3:TrackPointExtension>
        </extensions>
      </trkpt>
      <trkpt lat="48.08607802726328372955322265625" lon="11.38935760594904422760009765625">
        <ele>575.5999755859375</ele>
        <time>2023-10-15T06:30:27.000Z</time>
        <extensions>
          <ns3:TrackPointExtension>
            <ns3:atemp>16.0</ns3:atemp>
            <ns3:hr>136</ns3:hr>
          </ns3:TrackPointExtension>
        </extensions>
      </trkpt>
      <trkpt lat="48.0860787816345691680908203125" lon="11.3893456198275089263916015625">
        <ele>574.5999755859375</ele>
        <time>2023-10-15T06:30:31.000Z</time>
        <extensions>
          <ns3:TrackPointExtension>
            <ns3:atemp>16.0</ns3:atemp>
            <ns3:hr>134</ns3:hr>
          </ns3:TrackPointExtension>
        </extensions>
      </trkpt>
      <trkpt lat="48.08608439750969409942626953125" lon="11.3893449492752552032470703125">
        <ele>574.4000244140625</ele>
        <time>2023-10-15T06:30:33.000Z</time>
        <extensions>
          <ns3:TrackPointExtension>
            <ns3:atemp>17.0</ns3:atemp>
            <ns3:hr>135</ns3:hr>
          </ns3:TrackPointExtension>
        </extensions>
      </trkpt>
      <trkpt lat="48.08608791790902614593505859375" lon="11.38933145441114902496337890625">
        <ele>574.4000244140625</ele>
        <time>2023-10-15T06:30:35.000Z</time>
        <extensions>
          <ns3:TrackPointExtension>
            <ns3:atemp>17.0</ns3:atemp>
            <ns3:hr>134</ns3:hr>
          </ns3:TrackPointExtension>
        </extensions>
      </trkpt>
      <trkpt lat="48.086098730564117431640625" lon="11.3893020339310169219970703125">
        <ele>574.4000244140625</ele>
        <time>2023-10-15T06:30:37.000Z</time>
        <extensions>
          <ns3:TrackPointExtension>
            <ns3:atemp>17.0</ns3:atemp>
            <ns3:hr>132</ns3:hr>
          </ns3:TrackPointExtension>
        </extensions>
      </trkpt>
      <trkpt lat="48.08608599007129669189453125" lon="11.38925299979746341705322265625">
        <ele>574.20001220703125</ele>
        <time>2023-10-15T06:30:41.000Z</time>
        <extensions>
          <ns3:TrackPointExtension>
            <ns3:atemp>17.0</ns3:atemp>
            <ns3:hr>133</ns3:hr>
          </ns3:TrackPointExtension>
        </extensions>
      </trkpt>
      <trkpt lat="48.08606922626495361328125" lon="11.389262974262237548828125">
        <ele>574.20001220703125</ele>
        <time>2023-10-15T06:30:46.000Z</time>
        <extensions>
          <ns3:TrackPointExtension>
            <ns3:atemp>17.0</ns3:atemp>
            <ns3:hr>131</ns3:hr>
          </ns3:TrackPointExtension>
        </extensions>
      </trkpt>
      <trkpt lat="48.0860988982021808624267578125" lon="11.3892638124525547027587890625">
        <ele>574</ele>
        <time>2023-10-15T06:30:51.000Z</time>
        <extensions>
          <ns3:TrackPointExtension>
            <ns3:atemp>17.0</ns3:atemp>
            <ns3:hr>130</ns3:hr>
          </ns3:TrackPointExtension>
        </extensions>
      </trkpt>
      <trkpt lat="48.0861049331724643707275390625" lon="11.3892696797847747802734375">
        <ele>574</ele>
        <time>2023-10-15T06:30:53.000Z</time>
        <extensions>
          <ns3:TrackPointExtension>
            <ns3:atemp>17.0</ns3:atemp>
            <ns3:hr>127</ns3:hr>
          </ns3:TrackPointExtension>
        </extensions>
      </trkpt>
      <trkpt lat="48.08611289598047733306884765625" lon="11.38926305808126926422119140625">
        <ele>573.79998779296875</ele>
        <time>2023-10-15T06:30:56.000Z</time>
        <extensions>
          <ns3:TrackPointExtension>
            <ns3:atemp>17.0</ns3:atemp>
            <ns3:hr>116</ns3:hr>
          </ns3:TrackPointExtension>
        </extensions>
      </trkpt>
      <trkpt lat="48.08611390180885791778564453125" lon="11.38926029205322265625">
        <ele>573.79998779296875</ele>
        <time>2023-10-15T06:30:58.000Z</time>
        <extensions>
          <ns3:TrackPointExtension>
            <ns3:atemp>17.0</ns3:atemp>
            <ns3:hr>106</ns3:hr>
          </ns3:TrackPointExtension>
        </extensions>
      </trkpt>
      <trkpt lat="48.0861022509634494781494140625" lon="11.38926104642450809478759765625">
        <ele>574</ele>
        <time>2023-10-15T06:31:03.000Z</time>
        <extensions>
          <ns3:TrackPointExtension>
            <ns3:atemp>17.0</ns3:atemp>
            <ns3:hr>103</ns3:hr>
          </ns3:TrackPointExtension>
        </extensions>
      </trkpt>
      <trkpt lat="48.0860955454409122467041015625" lon="11.3892664946615695953369140625">
        <ele>574.4000244140625</ele>
        <time>2023-10-15T06:31:05.000Z</time>
        <extensions>
          <ns3:TrackPointExtension>
            <ns3:atemp>17.0</ns3:atemp>
            <ns3:hr>99</ns3:hr>
          </ns3:TrackPointExtension>
        </extensions>
      </trkpt>
      <trkpt lat="48.08610652573406696319580078125" lon="11.389265321195125579833984375">
        <ele>574.4000244140625</ele>
        <time>2023-10-15T06:31:07.000Z</time>
        <extensions>
          <ns3:TrackPointExtension>
            <ns3:atemp>17.0</ns3:atemp>
            <ns3:hr>96</ns3:hr>
          </ns3:TrackPointExtension>
        </extensions>
      </trkpt>
      <trkpt lat="48.0861113034188747406005859375" lon="11.3892675004899501800537109375">
        <ele>574.4000244140625</ele>
        <time>2023-10-15T06:31:08.000Z</time>
        <extensions>
          <ns3:TrackPointExtension>
            <ns3:atemp>17.0</ns3:atemp>
            <ns3:hr>95</ns3:hr>
          </ns3:TrackPointExtension>
        </extensions>
      </trkpt>
      <trkpt lat="48.086109124124050140380859375" lon="11.38929356820881366729736328125">
        <ele>574.4000244140625</ele>
        <time>2023-10-15T06:31:11.000Z</time>
        <extensions>
          <ns3:TrackPointExtension>
            <ns3:atemp>17.0</ns3:atemp>
            <ns3:hr>93</ns3:hr>
          </ns3:TrackPointExtension>
        </extensions>
      </trkpt>
      <trkpt lat="48.08612429536879062652587890625" lon="11.3892976753413677215576171875">
        <ele>573.79998779296875</ele>
        <time>2023-10-15T06:31:15.000Z</time>
        <extensions>
          <ns3:TrackPointExtension>
            <ns3:atemp>17.0</ns3:atemp>
            <ns3:hr>96</ns3:hr>
          </ns3:TrackPointExtension>
        </extensions>
      </trkpt>
      <trkpt lat="48.08612597174942493438720703125" lon="11.389299519360065460205078125">
        <ele>573.79998779296875</ele>
        <time>2023-10-15T06:31:16.000Z</time>
        <extensions>
          <ns3:TrackPointExtension>
            <ns3:atemp>17.0</ns3:atemp>
            <ns3:hr>97</ns3:hr>
          </ns3:TrackPointExtension>
        </extensions>
      </trkpt>
      <trkpt lat="48.086125217378139495849609375" lon="11.38929859735071659088134765625">
        <ele>573.5999755859375</ele>
        <time>2023-10-15T06:31:17.000Z</time>
        <extensions>
          <ns3:TrackPointExtension>
            <ns3:atemp>17.0</ns3:atemp>
            <ns3:hr>97</ns3:hr>
          </ns3:TrackPointExtension>
        </extensions>
      </trkpt>
      <trkpt lat="48.08613938279449939727783203125" lon="11.38929658569395542144775390625">
        <ele>573.79998779296875</ele>
        <time>2023-10-15T06:31:21.000Z</time>
        <extensions>
          <ns3:TrackPointExtension>
            <ns3:atemp>17.0</ns3:atemp>
            <ns3:hr>97</ns3:hr>
          </ns3:TrackPointExtension>
        </extensions>
      </trkpt>
      <trkpt lat="48.08610744774341583251953125" lon="11.38930387794971466064453125">
        <ele>573.79998779296875</ele>
        <time>2023-10-15T06:31:24.000Z</time>
        <extensions>
          <ns3:TrackPointExtension>
            <ns3:atemp>17.0</ns3:atemp>
            <ns3:hr>97</ns3:hr>
          </ns3:TrackPointExtension>
        </extensions>
      </trkpt>
      <trkpt lat="48.086099065840244293212890625" lon="11.38929524458944797515869140625">
        <ele>574.20001220703125</ele>
        <time>2023-10-15T06:31:25.000Z</time>
        <extensions>
          <ns3:TrackPointExtension>
            <ns3:atemp>17.0</ns3:atemp>
            <ns3:hr>97</ns3:hr>
          </ns3:TrackPointExtension>
        </extensions>
      </trkpt>
      <trkpt lat="48.0860841460525989532470703125" lon="11.3893006928265094757080078125">
        <ele>574.20001220703125</ele>
        <time>2023-10-15T06:31:27.000Z</time>
        <extensions>
          <ns3:TrackPointExtension>
            <ns3:atemp>17.0</ns3:atemp>
            <ns3:hr>101</ns3:hr>
          </ns3:TrackPointExtension>
        </extensions>
      </trkpt>
      <trkpt lat="48.0860834755003452301025390625" lon="11.389299519360065460205078125">
        <ele>574.20001220703125</ele>
        <time>2023-10-15T06:31:29.000Z</time>
        <extensions>
          <ns3:TrackPointExtension>
            <ns3:atemp>17.0</ns3:atemp>
            <ns3:hr>99</ns3:hr>
          </ns3:TrackPointExtension>
        </extensions>
      </trkpt>
      <trkpt lat="48.08608104474842548370361328125" lon="11.3893040455877780914306640625">
        <ele>574.4000244140625</ele>
        <time>2023-10-15T06:31:43.000Z</time>
        <extensions>
          <ns3:TrackPointExtension>
            <ns3:atemp>17.0</ns3:atemp>
            <ns3:hr>100</ns3:hr>
          </ns3:TrackPointExtension>
        </extensions>
      </trkpt>
      <trkpt lat="48.086077272891998291015625" lon="11.38931435532867908477783203125">
        <ele>574.4000244140625</ele>
        <time>2023-10-15T06:31:47.000Z</time>
        <extensions>
          <ns3:TrackPointExtension>
            <ns3:atemp>17.0</ns3:atemp>
            <ns3:hr>100</ns3:hr>
          </ns3:TrackPointExtension>
        </extensions>
      </trkpt>
      <trkpt lat="48.086077272891998291015625" lon="11.38931435532867908477783203125">
        <ele>574.4000244140625</ele>
        <time>2023-10-15T06:31:48.000Z</time>
        <extensions>
          <ns3:TrackPointExtension>
            <ns3:atemp>17.0</ns3:atemp>
            <ns3:hr>101</ns3:hr>
          </ns3:TrackPointExtension>
        </extensions>
      </trkpt>
      <trkpt lat="48.08607836253941059112548828125" lon="11.38930899091064929962158203125">
        <ele>574.4000244140625</ele>
        <time>2023-10-15T06:31:57.000Z</time>
        <extensions>
          <ns3:TrackPointExtension>
            <ns3:atemp>17.0</ns3:atemp>
            <ns3:hr>104</ns3:hr>
          </ns3:TrackPointExtension>
        </extensions>
      </trkpt>
      <trkpt lat="48.08607836253941059112548828125" lon="11.3893053866922855377197265625">
        <ele>574.4000244140625</ele>
        <time>2023-10-15T06:31:59.000Z</time>
        <extensions>
          <ns3:TrackPointExtension>
            <ns3:atemp>17.0</ns3:atemp>
            <ns3:hr>102</ns3:hr>
          </ns3:TrackPointExtension>
        </extensions>
      </trkpt>
      <trkpt lat="48.08609428815543651580810546875" lon="11.3892768882215023040771484375">
        <ele>574.5999755859375</ele>
        <time>2023-10-15T06:32:10.000Z</time>
        <extensions>
          <ns3:TrackPointExtension>
            <ns3:atemp>18.0</ns3:atemp>
            <ns3:hr>114</ns3:hr>
          </ns3:TrackPointExtension>
        </extensions>
      </trkpt>
      <trkpt lat="48.08610518462955951690673828125" lon="11.38925618492066860198974609375">
        <ele>574.20001220703125</ele>
        <time>2023-10-15T06:32:11.000Z</time>
        <extensions>
          <ns3:TrackPointExtension>
            <ns3:atemp>18.0</ns3:atemp>
            <ns3:hr>115</ns3:hr>
          </ns3:TrackPointExtension>
        </extensions>
      </trkpt>
      <trkpt lat="48.0861206911504268646240234375" lon="11.3892369903624057769775390625">
        <ele>574.20001220703125</ele>
        <time>2023-10-15T06:32:12.000Z</time>
        <extensions>
          <ns3:TrackPointExtension>
            <ns3:atemp>18.0</ns3:atemp>
            <ns3:hr>114</ns3:hr>
          </ns3:TrackPointExtension>
        </extensions>
      </trkpt>
      <trkpt lat="48.086151368916034698486328125" lon="11.38921310193836688995361328125">
        <ele>574.20001220703125</ele>
        <time>2023-10-15T06:32:14.000Z</time>
        <extensions>
          <ns3:TrackPointExtension>
            <ns3:atemp>18.0</ns3:atemp>
            <ns3:hr>114</ns3:hr>
          </ns3:TrackPointExtension>
        </extensions>
      </trkpt>
      <trkpt lat="48.086176179349422454833984375" lon="11.38920128345489501953125">
        <ele>574</ele>
        <time>2023-10-15T06:32:16.000Z</time>
        <extensions>
          <ns3:TrackPointExtension>
            <ns3:atemp>18.0</ns3:atemp>
            <ns3:hr>115</ns3:hr>
          </ns3:TrackPointExtension>
        </extensions>
      </trkpt>
      <trkpt lat="48.08624834753572940826416015625" lon="11.389166750013828277587890625">
        <ele>574</ele>
        <time>2023-10-15T06:32:21.000Z</time>
        <extensions>
          <ns3:TrackPointExtension>
            <ns3:atemp>18.0</ns3:atemp>
            <ns3:hr>116</ns3:hr>
          </ns3:TrackPointExtension>
        </extensions>
      </trkpt>
      <trkpt lat="48.08627131395041942596435546875" lon="11.3891582004725933074951171875">
        <ele>574</ele>
        <time>2023-10-15T06:32:22.000Z</time>
        <extensions>
          <ns3:TrackPointExtension>
            <ns3:atemp>18.0</ns3:atemp>
            <ns3:hr>117</ns3:hr>
          </ns3:TrackPointExtension>
        </extensions>
      </trkpt>
      <trkpt lat="48.08630165643990039825439453125" lon="11.3891360722482204437255859375">
        <ele>574</ele>
        <time>2023-10-15T06:32:26.000Z</time>
        <extensions>
          <ns3:TrackPointExtension>
            <ns3:atemp>18.0</ns3:atemp>
            <ns3:hr>118</ns3:hr>
          </ns3:TrackPointExtension>
        </extensions>
      </trkpt>
      <trkpt lat="48.08632277883589267730712890625" lon="11.3891085796058177947998046875">
        <ele>573.79998779296875</ele>
        <time>2023-10-15T06:32:31.000Z</time>
        <extensions>
          <ns3:TrackPointExtension>
            <ns3:atemp>18.0</ns3:atemp>
            <ns3:hr>120</ns3:hr>
          </ns3:TrackPointExtension>
        </extensions>
      </trkpt>
      <trkpt lat="48.0863580666482448577880859375" lon="11.3890773989260196685791015625">
        <ele>574</ele>
        <time>2023-10-15T06:32:36.000Z</time>
        <extensions>
          <ns3:TrackPointExtension>
            <ns3:atemp>18.0</ns3:atemp>
            <ns3:hr>121</ns3:hr>
          </ns3:TrackPointExtension>
        </extensions>
      </trkpt>
      <trkpt lat="48.086427636444568634033203125" lon="11.38899886049330234527587890625">
        <ele>574</ele>
        <time>2023-10-15T06:32:41.000Z</time>
        <extensions>
          <ns3:TrackPointExtension>
            <ns3:atemp>18.0</ns3:atemp>
            <ns3:hr>121</ns3:hr>
          </ns3:TrackPointExtension>
        </extensions>
      </trkpt>
      <trkpt lat="48.086457811295986175537109375" lon="11.38898612000048160552978515625">
        <ele>573.5999755859375</ele>
        <time>2023-10-15T06:32:44.000Z</time>
        <extensions>
          <ns3:TrackPointExtension>
            <ns3:atemp>18.0</ns3:atemp>
            <ns3:hr>120</ns3:hr>
          </ns3:TrackPointExtension>
        </extensions>
      </trkpt>
      <trkpt lat="48.0864854715764522552490234375" lon="11.388960890471935272216796875">
        <ele>573.4000244140625</ele>
        <time>2023-10-15T06:32:48.000Z</time>
        <extensions>
          <ns3:TrackPointExtension>
            <ns3:atemp>18.0</ns3:atemp>
            <ns3:hr>120</ns3:hr>
          </ns3:TrackPointExtension>
        </extensions>
      </trkpt>
      <trkpt lat="48.086546324193477630615234375" lon="11.38890984468162059783935546875">
        <ele>573.4000244140625</ele>
        <time>2023-10-15T06:32:53.000Z</time>
        <extensions>
          <ns3:TrackPointExtension>
            <ns3:atemp>18.0</ns3:atemp>
            <ns3:hr>120</ns3:hr>
          </ns3:TrackPointExtension>
        </extensions>
      </trkpt>
      <trkpt lat="48.08656048960983753204345703125" lon="11.38890154659748077392578125">
        <ele>573.5999755859375</ele>
        <time>2023-10-15T06:32:55.000Z</time>
        <extensions>
          <ns3:TrackPointExtension>
            <ns3:atemp>18.0</ns3:atemp>
            <ns3:hr>121</ns3:hr>
          </ns3:TrackPointExtension>
        </extensions>
      </trkpt>
      <trkpt lat="48.08658060617744922637939453125" lon="11.3889037258923053741455078125">
        <ele>573.5999755859375</ele>
        <time>2023-10-15T06:32:56.000Z</time>
        <extensions>
          <ns3:TrackPointExtension>
            <ns3:atemp>18.0</ns3:atemp>
            <ns3:hr>120</ns3:hr>
          </ns3:TrackPointExtension>
        </extensions>
      </trkpt>
      <trkpt lat="48.08662134222686290740966796875" lon="11.3888913206756114959716796875">
        <ele>573.5999755859375</ele>
        <time>2023-10-15T06:32:59.000Z</time>
        <extensions>
          <ns3:TrackPointExtension>
            <ns3:atemp>18.0</ns3:atemp>
            <ns3:hr>120</ns3:hr>
          </ns3:TrackPointExtension>
        </extensions>
      </trkpt>
      <trkpt lat="48.08667548932135105133056640625" lon="11.388830132782459259033203125">
        <ele>573.4000244140625</ele>
        <time>2023-10-15T06:33:02.000Z</time>
        <extensions>
          <ns3:TrackPointExtension>
            <ns3:atemp>18.0</ns3:atemp>
            <ns3:hr>121</ns3:hr>
          </ns3:TrackPointExtension>
        </extensions>
      </trkpt>
      <trkpt lat="48.08669887483119964599609375" lon="11.3887877203524112701416015625">
        <ele>573.4000244140625</ele>
        <time>2023-10-15T06:33:03.000Z</time>
        <extensions>
          <ns3:TrackPointExtension>
            <ns3:atemp>18.0</ns3:atemp>
            <ns3:hr>121</ns3:hr>
          </ns3:TrackPointExtension>
        </extensions>
      </trkpt>
      <trkpt lat="48.08678965084254741668701171875" lon="11.38867833651602268218994140625">
        <ele>573.4000244140625</ele>
        <time>2023-10-15T06:33:06.000Z</time>
        <extensions>
          <ns3:TrackPointExtension>
            <ns3:atemp>18.0</ns3:atemp>
            <ns3:hr>121</ns3:hr>
          </ns3:TrackPointExtension>
        </extensions>
      </trkpt>
      <trkpt lat="48.08696332387626171112060546875" lon="11.38858965598046779632568359375">
        <ele>573.4000244140625</ele>
        <time>2023-10-15T06:33:10.000Z</time>
        <extensions>
          <ns3:TrackPointExtension>
            <ns3:atemp>18.0</ns3:atemp>
            <ns3:hr>122</ns3:hr>
          </ns3:TrackPointExtension>
        </extensions>
      </trkpt>
      <trkpt lat="48.08713230304419994354248046875" lon="11.38847951777279376983642578125">
        <ele>573.5999755859375</ele>
        <time>2023-10-15T06:33:15.000Z</time>
        <extensions>
          <ns3:TrackPointExtension>
            <ns3:atemp>18.0</ns3:atemp>
            <ns3:hr>122</ns3:hr>
          </ns3:TrackPointExtension>
        </extensions>
      </trkpt>
      <trkpt lat="48.08725954033434391021728515625" lon="11.38841212727129459381103515625">
        <ele>573.79998779296875</ele>
        <time>2023-10-15T06:33:19.000Z</time>
        <extensions>
          <ns3:TrackPointExtension>
            <ns3:atemp>18.0</ns3:atemp>
            <ns3:hr>126</ns3:hr>
          </ns3:TrackPointExtension>
        </extensions>
      </trkpt>
      <trkpt lat="48.08736783452332019805908203125" lon="11.38834155164659023284912109375">
        <ele>573.5999755859375</ele>
        <time>2023-10-15T06:33:23.000Z</time>
        <extensions>
          <ns3:TrackPointExtension>
            <ns3:atemp>18.0</ns3:atemp>
            <ns3:hr>126</ns3:hr>
          </ns3:TrackPointExtension>
        </extensions>
      </trkpt>
      <trkpt lat="48.08743874542415142059326171875" lon="11.38820274733006954193115234375">
        <ele>574</ele>
        <time>2023-10-15T06:33:28.000Z</time>
        <extensions>
          <ns3:TrackPointExtension>
            <ns3:atemp>18.0</ns3:atemp>
            <ns3:hr>129</ns3:hr>
          </ns3:TrackPointExtension>
        </extensions>
      </trkpt>
      <trkpt lat="48.0874708481132984161376953125" lon="11.38817961327731609344482421875">
        <ele>574</ele>
        <time>2023-10-15T06:33:29.000Z</time>
        <extensions>
          <ns3:TrackPointExtension>
            <ns3:atemp>18.0</ns3:atemp>
            <ns3:hr>130</ns3:hr>
          </ns3:TrackPointExtension>
        </extensions>
      </trkpt>
      <trkpt lat="48.08762289583683013916015625" lon="11.38810937292873859405517578125">
        <ele>574.4000244140625</ele>
        <time>2023-10-15T06:33:33.000Z</time>
        <extensions>
          <ns3:TrackPointExtension>
            <ns3:atemp>18.0</ns3:atemp>
            <ns3:hr>133</ns3:hr>
          </ns3:TrackPointExtension>
        </extensions>
      </trkpt>
      <trkpt lat="48.08767612092196941375732421875" lon="11.388077437877655029296875">
        <ele>574.4000244140625</ele>
        <time>2023-10-15T06:33:35.000Z</time>
        <extensions>
          <ns3:TrackPointExtension>
            <ns3:atemp>18.0</ns3:atemp>
            <ns3:hr>135</ns3:hr>
          </ns3:TrackPointExtension>
        </extensions>
      </trkpt>
      <trkpt lat="48.08779430575668811798095703125" lon="11.38801214285194873809814453125">
        <ele>574.4000244140625</ele>
        <time>2023-10-15T06:33:40.000Z</time>
        <extensions>
          <ns3:TrackPointExtension>
            <ns3:atemp>18.0</ns3:atemp>
            <ns3:hr>138</ns3:hr>
          </ns3:TrackPointExtension>
        </extensions>
      </trkpt>
      <trkpt lat="48.087861947715282440185546875" lon="11.3879699818789958953857421875">
        <ele>574.20001220703125</ele>
        <time>2023-10-15T06:33:43.000Z</time>
        <extensions>
          <ns3:TrackPointExtension>
            <ns3:atemp>18.0</ns3:atemp>
            <ns3:hr>139</ns3:hr>
          </ns3:TrackPointExtension>
        </extensions>
      </trkpt>
      <trkpt lat="48.08805129490792751312255859375" lon="11.38783595524728298187255859375">
        <ele>574.4000244140625</ele>
        <time>2023-10-15T06:33:50.000Z</time>
        <extensions>
          <ns3:TrackPointExtension>
            <ns3:atemp>18.0</ns3:atemp>
            <ns3:hr>139</ns3:hr>
          </ns3:TrackPointExtension>
        </extensions>
      </trkpt>
      <trkpt lat="48.08823720552027225494384765625" lon="11.387709639966487884521484375">
        <ele>574.4000244140625</ele>
        <time>2023-10-15T06:33:57.000Z</time>
        <extensions>
          <ns3:TrackPointExtension>
            <ns3:atemp>18.0</ns3:atemp>
            <ns3:hr>138</ns3:hr>
          </ns3:TrackPointExtension>
        </extensions>
      </trkpt>
      <trkpt lat="48.088379614055156707763671875" lon="11.38754904270172119140625">
        <ele>574.4000244140625</ele>
        <time>2023-10-15T06:34:03.000Z</time>
        <extensions>
          <ns3:TrackPointExtension>
            <ns3:atemp>18.0</ns3:atemp>
            <ns3:hr>137</ns3:hr>
          </ns3:TrackPointExtension>
        </extensions>
      </trkpt>
      <trkpt lat="48.088523112237453460693359375" lon="11.38745181262493133544921875">
        <ele>574.5999755859375</ele>
        <time>2023-10-15T06:34:09.000Z</time>
        <extensions>
          <ns3:TrackPointExtension>
            <ns3:atemp>18.0</ns3:atemp>
            <ns3:hr>137</ns3:hr>
          </ns3:TrackPointExtension>
        </extensions>
      </trkpt>
      <trkpt lat="48.088625036180019378662109375" lon="11.3873411715030670166015625">
        <ele>574.5999755859375</ele>
        <time>2023-10-15T06:34:15.000Z</time>
        <extensions>
          <ns3:TrackPointExtension>
            <ns3:atemp>18.0</ns3:atemp>
            <ns3:hr>137</ns3:hr>
          </ns3:TrackPointExtension>
        </extensions>
      </trkpt>
      <trkpt lat="48.0887552909553050994873046875" lon="11.387234888970851898193359375">
        <ele>574.20001220703125</ele>
        <time>2023-10-15T06:34:20.000Z</time>
        <extensions>
          <ns3:TrackPointExtension>
            <ns3:atemp>18.0</ns3:atemp>
            <ns3:hr>137</ns3:hr>
          </ns3:TrackPointExtension>
        </extensions>
      </trkpt>
      <trkpt lat="48.0889199115335941314697265625" lon="11.38706289231777191162109375">
        <ele>574.4000244140625</ele>
        <time>2023-10-15T06:34:26.000Z</time>
        <extensions>
          <ns3:TrackPointExtension>
            <ns3:atemp>18.0</ns3:atemp>
            <ns3:hr>138</ns3:hr>
          </ns3:TrackPointExtension>
        </extensions>
      </trkpt>
      <trkpt lat="48.08919274248182773590087890625" lon="11.3869106769561767578125">
        <ele>574.4000244140625</ele>
        <time>2023-10-15T06:34:35.000Z</time>
        <extensions>
          <ns3:TrackPointExtension>
            <ns3:atemp>18.0</ns3:atemp>
            <ns3:hr>140</ns3:hr>
          </ns3:TrackPointExtension>
        </extensions>
      </trkpt>
      <trkpt lat="48.089341856539249420166015625" lon="11.38682694174349308013916015625">
        <ele>574.4000244140625</ele>
        <time>2023-10-15T06:34:42.000Z</time>
        <extensions>
          <ns3:TrackPointExtension>
            <ns3:atemp>18.0</ns3:atemp>
            <ns3:hr>139</ns3:hr>
          </ns3:TrackPointExtension>
        </extensions>
      </trkpt>
      <trkpt lat="48.0893822573125362396240234375" lon="11.38677078299224376678466796875">
        <ele>574.4000244140625</ele>
        <time>2023-10-15T06:34:45.000Z</time>
        <extensions>
          <ns3:TrackPointExtension>
            <ns3:atemp>18.0</ns3:atemp>
            <ns3:hr>136</ns3:hr>
          </ns3:TrackPointExtension>
        </extensions>
      </trkpt>
      <trkpt lat="48.08940581046044826507568359375" lon="11.386749744415283203125">
        <ele>574.4000244140625</ele>
        <time>2023-10-15T06:34:46.000Z</time>
        <extensions>
          <ns3:TrackPointExtension>
            <ns3:atemp>18.0</ns3:atemp>
            <ns3:hr>135</ns3:hr>
          </ns3:TrackPointExtension>
        </extensions>
      </trkpt>
      <trkpt lat="48.08944545686244964599609375" lon="11.38669769279658794403076171875">
        <ele>574.4000244140625</ele>
        <time>2023-10-15T06:34:48.000Z</time>
        <extensions>
          <ns3:TrackPointExtension>
            <ns3:atemp>18.0</ns3:atemp>
            <ns3:hr>135</ns3:hr>
          </ns3:TrackPointExtension>
        </extensions>
      </trkpt>
      <trkpt lat="48.08947093784809112548828125" lon="11.38664421625435352325439453125">
        <ele>574.4000244140625</ele>
        <time>2023-10-15T06:34:50.000Z</time>
        <extensions>
          <ns3:TrackPointExtension>
            <ns3:atemp>18.0</ns3:atemp>
            <ns3:hr>135</ns3:hr>
          </ns3:TrackPointExtension>
        </extensions>
      </trkpt>
      <trkpt lat="48.0895958282053470611572265625" lon="11.38660230673849582672119140625">
        <ele>574.4000244140625</ele>
        <time>2023-10-15T06:34:54.000Z</time>
        <extensions>
          <ns3:TrackPointExtension>
            <ns3:atemp>18.0</ns3:atemp>
            <ns3:hr>134</ns3:hr>
          </ns3:TrackPointExtension>
        </extensions>
      </trkpt>
      <trkpt lat="48.08962910436093807220458984375" lon="11.3866389356553554534912109375">
        <ele>574.4000244140625</ele>
        <time>2023-10-15T06:34:55.000Z</time>
        <extensions>
          <ns3:TrackPointExtension>
            <ns3:atemp>18.0</ns3:atemp>
            <ns3:hr>134</ns3:hr>
          </ns3:TrackPointExtension>
        </extensions>
      </trkpt>
      <trkpt lat="48.08974997140467166900634765625" lon="11.38678687624633312225341796875">
        <ele>574.4000244140625</ele>
        <time>2023-10-15T06:35:00.000Z</time>
        <extensions>
          <ns3:TrackPointExtension>
            <ns3:atemp>17.0</ns3:atemp>
            <ns3:hr>132</ns3:hr>
          </ns3:TrackPointExtension>
        </extensions>
      </trkpt>
      <trkpt lat="48.089926578104496002197265625" lon="11.3869966752827167510986328125">
        <ele>574.20001220703125</ele>
        <time>2023-10-15T06:35:07.000Z</time>
        <extensions>
          <ns3:TrackPointExtension>
            <ns3:atemp>17.0</ns3:atemp>
            <ns3:hr>132</ns3:hr>
          </ns3:TrackPointExtension>
        </extensions>
      </trkpt>
      <trkpt lat="48.090076446533203125" lon="11.38716213405132293701171875">
        <ele>574.20001220703125</ele>
        <time>2023-10-15T06:35:14.000Z</time>
        <extensions>
          <ns3:TrackPointExtension>
            <ns3:atemp>17.0</ns3:atemp>
            <ns3:hr>132</ns3:hr>
          </ns3:TrackPointExtension>
        </extensions>
      </trkpt>
      <trkpt lat="48.09023578651249408721923828125" lon="11.387350559234619140625">
        <ele>574.20001220703125</ele>
        <time>2023-10-15T06:35:20.000Z</time>
        <extensions>
          <ns3:TrackPointExtension>
            <ns3:atemp>17.0</ns3:atemp>
            <ns3:hr>132</ns3:hr>
          </ns3:TrackPointExtension>
        </extensions>
      </trkpt>
      <trkpt lat="48.0903475172817707061767578125" lon="11.387465558946132659912109375">
        <ele>574.20001220703125</ele>
        <time>2023-10-15T06:35:25.000Z</time>
        <extensions>
          <ns3:TrackPointExtension>
            <ns3:atemp>17.0</ns3:atemp>
            <ns3:hr>135</ns3:hr>
          </ns3:TrackPointExtension>
        </extensions>
      </trkpt>
      <trkpt lat="48.09036520309746265411376953125" lon="11.387487016618251800537109375">
        <ele>574</ele>
        <time>2023-10-15T06:35:26.000Z</time>
        <extensions>
          <ns3:TrackPointExtension>
            <ns3:atemp>17.0</ns3:atemp>
            <ns3:hr>135</ns3:hr>
          </ns3:TrackPointExtension>
        </extensions>
      </trkpt>
      <trkpt lat="48.09049713425338268280029296875" lon="11.3876695744693279266357421875">
        <ele>574</ele>
        <time>2023-10-15T06:35:33.000Z</time>
        <extensions>
          <ns3:TrackPointExtension>
            <ns3:atemp>17.0</ns3:atemp>
            <ns3:hr>136</ns3:hr>
          </ns3:TrackPointExtension>
        </extensions>
      </trkpt>
      <trkpt lat="48.090711124241352081298828125" lon="11.3878305070102214813232421875">
        <ele>573.79998779296875</ele>
        <time>2023-10-15T06:35:42.000Z</time>
        <extensions>
          <ns3:TrackPointExtension>
            <ns3:atemp>17.0</ns3:atemp>
            <ns3:hr>136</ns3:hr>
          </ns3:TrackPointExtension>
        </extensions>
      </trkpt>
      <trkpt lat="48.0908209271728992462158203125" lon="11.38768910430371761322021484375">
        <ele>573.79998779296875</ele>
        <time>2023-10-15T06:35:47.000Z</time>
        <extensions>
          <ns3:TrackPointExtension>
            <ns3:atemp>17.0</ns3:atemp>
            <ns3:hr>136</ns3:hr>
          </ns3:TrackPointExtension>
        </extensions>
      </trkpt>
      <trkpt lat="48.09095160104334354400634765625" lon="11.38744535855948925018310546875">
        <ele>573.79998779296875</ele>
        <time>2023-10-15T06:35:54.000Z</time>
        <extensions>
          <ns3:TrackPointExtension>
            <ns3:atemp>17.0</ns3:atemp>
            <ns3:hr>136</ns3:hr>
          </ns3:TrackPointExtension>
        </extensions>
      </trkpt>
      <trkpt lat="48.09104497544467449188232421875" lon="11.3872652314603328704833984375">
        <ele>573.79998779296875</ele>
        <time>2023-10-15T06:35:59.000Z</time>
        <extensions>
          <ns3:TrackPointExtension>
            <ns3:atemp>17.0</ns3:atemp>
            <ns3:hr>136</ns3:hr>
          </ns3:TrackPointExtension>
        </extensions>
      </trkpt>
      <trkpt lat="48.09117489494383335113525390625" lon="11.3870389200747013092041015625">
        <ele>573.79998779296875</ele>
        <time>2023-10-15T06:36:06.000Z</time>
        <extensions>
          <ns3:TrackPointExtension>
            <ns3:atemp>17.0</ns3:atemp>
            <ns3:hr>136</ns3:hr>
          </ns3:TrackPointExtension>
        </extensions>
      </trkpt>
      <trkpt lat="48.09123583137989044189453125" lon="11.38689802028238773345947265625">
        <ele>573.79998779296875</ele>
        <time>2023-10-15T06:36:10.000Z</time>
        <extensions>
          <ns3:TrackPointExtension>
            <ns3:atemp>17.0</ns3:atemp>
            <ns3:hr>137</ns3:hr>
          </ns3:TrackPointExtension>
        </extensions>
      </trkpt>
      <trkpt lat="48.09127564541995525360107421875" lon="11.386842615902423858642578125">
        <ele>573.79998779296875</ele>
        <time>2023-10-15T06:36:12.000Z</time>
        <extensions>
          <ns3:TrackPointExtension>
            <ns3:atemp>17.0</ns3:atemp>
            <ns3:hr>138</ns3:hr>
          </ns3:TrackPointExtension>
        </extensions>
      </trkpt>
      <trkpt lat="48.09133448638021945953369140625" lon="11.38674639165401458740234375">
        <ele>573.79998779296875</ele>
        <time>2023-10-15T06:36:15.000Z</time>
        <extensions>
          <ns3:TrackPointExtension>
            <ns3:atemp>17.0</ns3:atemp>
            <ns3:hr>139</ns3:hr>
          </ns3:TrackPointExtension>
        </extensions>
      </trkpt>
      <trkpt lat="48.09147848747670650482177734375" lon="11.386481188237667083740234375">
        <ele>573.5999755859375</ele>
        <time>2023-10-15T06:36:22.000Z</time>
        <extensions>
          <ns3:TrackPointExtension>
            <ns3:atemp>17.0</ns3:atemp>
            <ns3:hr>139</ns3:hr>
          </ns3:TrackPointExtension>
        </extensions>
      </trkpt>
      <trkpt lat="48.0915183015167713165283203125" lon="11.38636392541229724884033203125">
        <ele>573.5999755859375</ele>
        <time>2023-10-15T06:36:25.000Z</time>
        <extensions>
          <ns3:TrackPointExtension>
            <ns3:atemp>17.0</ns3:atemp>
            <ns3:hr>141</ns3:hr>
          </ns3:TrackPointExtension>
        </extensions>
      </trkpt>
      <trkpt lat="48.0916738696396350860595703125" lon="11.38615437783300876617431640625">
        <ele>573.4000244140625</ele>
        <time>2023-10-15T06:36:32.000Z</time>
        <extensions>
          <ns3:TrackPointExtension>
            <ns3:atemp>17.0</ns3:atemp>
            <ns3:hr>143</ns3:hr>
          </ns3:TrackPointExtension>
        </extensions>
      </trkpt>
      <trkpt lat="48.0917556770145893096923828125" lon="11.38597098179161548614501953125">
        <ele>573.5999755859375</ele>
        <time>2023-10-15T06:36:37.000Z</time>
        <extensions>
          <ns3:TrackPointExtension>
            <ns3:atemp>17.0</ns3:atemp>
            <ns3:hr>141</ns3:hr>
          </ns3:TrackPointExtension>
        </extensions>
      </trkpt>
      <trkpt lat="48.09190026484429836273193359375" lon="11.385711394250392913818359375">
        <ele>573.79998779296875</ele>
        <time>2023-10-15T06:36:44.000Z</time>
        <extensions>
          <ns3:TrackPointExtension>
            <ns3:atemp>17.0</ns3:atemp>
            <ns3:hr>141</ns3:hr>
          </ns3:TrackPointExtension>
        </extensions>
      </trkpt>
      <trkpt lat="48.0920259095728397369384765625" lon="11.38546907342970371246337890625">
        <ele>573.5999755859375</ele>
        <time>2023-10-15T06:36:50.000Z</time>
        <extensions>
          <ns3:TrackPointExtension>
            <ns3:atemp>17.0</ns3:atemp>
            <ns3:hr>141</ns3:hr>
          </ns3:TrackPointExtension>
        </extensions>
      </trkpt>
      <trkpt lat="48.09215574525296688079833984375" lon="11.3852368108928203582763671875">
        <ele>573.79998779296875</ele>
        <time>2023-10-15T06:36:56.000Z</time>
        <extensions>
          <ns3:TrackPointExtension>
            <ns3:atemp>17.0</ns3:atemp>
            <ns3:hr>142</ns3:hr>
          </ns3:TrackPointExtension>
        </extensions>
      </trkpt>
      <trkpt lat="48.0922907777130603790283203125" lon="11.38495559804141521453857421875">
        <ele>573.79998779296875</ele>
        <time>2023-10-15T06:37:03.000Z</time>
        <extensions>
          <ns3:TrackPointExtension>
            <ns3:atemp>17.0</ns3:atemp>
            <ns3:hr>145</ns3:hr>
          </ns3:TrackPointExtension>
        </extensions>
      </trkpt>
      <trkpt lat="48.0923883430659770965576171875" lon="11.3847037218511104583740234375">
        <ele>573.5999755859375</ele>
        <time>2023-10-15T06:37:09.000Z</time>
        <extensions>
          <ns3:TrackPointExtension>
            <ns3:atemp>17.0</ns3:atemp>
            <ns3:hr>146</ns3:hr>
          </ns3:TrackPointExtension>
        </extensions>
      </trkpt>
      <trkpt lat="48.092526979744434356689453125" lon="11.384480930864810943603515625">
        <ele>573.5999755859375</ele>
        <time>2023-10-15T06:37:16.000Z</time>
        <extensions>
          <ns3:TrackPointExtension>
            <ns3:atemp>17.0</ns3:atemp>
            <ns3:hr>149</ns3:hr>
          </ns3:TrackPointExtension>
        </extensions>
      </trkpt>
      <trkpt lat="48.09254231862723827362060546875" lon="11.38444773852825164794921875">
        <ele>573.4000244140625</ele>
        <time>2023-10-15T06:37:17.000Z</time>
        <extensions>
          <ns3:TrackPointExtension>
            <ns3:atemp>17.0</ns3:atemp>
            <ns3:hr>146</ns3:hr>
          </ns3:TrackPointExtension>
        </extensions>
      </trkpt>
      <trkpt lat="48.09265782125294208526611328125" lon="11.3842713832855224609375">
        <ele>573.20001220703125</ele>
        <time>2023-10-15T06:37:23.000Z</time>
        <extensions>
          <ns3:TrackPointExtension>
            <ns3:atemp>17.0</ns3:atemp>
            <ns3:hr>145</ns3:hr>
          </ns3:TrackPointExtension>
        </extensions>
      </trkpt>
      <trkpt lat="48.09282076545059680938720703125" lon="11.3840563036501407623291015625">
        <ele>573.4000244140625</ele>
        <time>2023-10-15T06:37:30.000Z</time>
        <extensions>
          <ns3:TrackPointExtension>
            <ns3:atemp>17.0</ns3:atemp>
            <ns3:hr>145</ns3:hr>
          </ns3:TrackPointExtension>
        </extensions>
      </trkpt>
      <trkpt lat="48.09291422367095947265625" lon="11.383890844881534576416015625">
        <ele>573.20001220703125</ele>
        <time>2023-10-15T06:37:35.000Z</time>
        <extensions>
          <ns3:TrackPointExtension>
            <ns3:atemp>17.0</ns3:atemp>
            <ns3:hr>144</ns3:hr>
          </ns3:TrackPointExtension>
        </extensions>
      </trkpt>
      <trkpt lat="48.0930176563560962677001953125" lon="11.38372329063713550567626953125">
        <ele>573</ele>
        <time>2023-10-15T06:37:40.000Z</time>
        <extensions>
          <ns3:TrackPointExtension>
            <ns3:atemp>17.0</ns3:atemp>
            <ns3:hr>141</ns3:hr>
          </ns3:TrackPointExtension>
        </extensions>
      </trkpt>
      <trkpt lat="48.0930424667894840240478515625" lon="11.38369001448154449462890625">
        <ele>573</ele>
        <time>2023-10-15T06:37:41.000Z</time>
        <extensions>
          <ns3:TrackPointExtension>
            <ns3:atemp>17.0</ns3:atemp>
            <ns3:hr>141</ns3:hr>
          </ns3:TrackPointExtension>
        </extensions>
      </trkpt>
      <trkpt lat="48.09313558973371982574462890625" lon="11.38351273722946643829345703125">
        <ele>573</ele>
        <time>2023-10-15T06:37:46.000Z</time>
        <extensions>
          <ns3:TrackPointExtension>
            <ns3:atemp>17.0</ns3:atemp>
            <ns3:hr>138</ns3:hr>
          </ns3:TrackPointExtension>
        </extensions>
      </trkpt>
      <trkpt lat="48.093148581683635711669921875" lon="11.38346864841878414154052734375">
        <ele>573</ele>
        <time>2023-10-15T06:37:47.000Z</time>
        <extensions>
          <ns3:TrackPointExtension>
            <ns3:atemp>17.0</ns3:atemp>
            <ns3:hr>138</ns3:hr>
          </ns3:TrackPointExtension>
        </extensions>
      </trkpt>
      <trkpt lat="48.09316274709999561309814453125" lon="11.38342724181711673736572265625">
        <ele>573</ele>
        <time>2023-10-15T06:37:48.000Z</time>
        <extensions>
          <ns3:TrackPointExtension>
            <ns3:atemp>17.0</ns3:atemp>
            <ns3:hr>138</ns3:hr>
          </ns3:TrackPointExtension>
        </extensions>
      </trkpt>
      <trkpt lat="48.0932741425931453704833984375" lon="11.38327284716069698333740234375">
        <ele>572.79998779296875</ele>
        <time>2023-10-15T06:37:53.000Z</time>
        <extensions>
          <ns3:TrackPointExtension>
            <ns3:atemp>17.0</ns3:atemp>
            <ns3:hr>138</ns3:hr>
          </ns3:TrackPointExtension>
        </extensions>
      </trkpt>
      <trkpt lat="48.0932982824742794036865234375" lon="11.38317637145519256591796875">
        <ele>572.79998779296875</ele>
        <time>2023-10-15T06:37:55.000Z</time>
        <extensions>
          <ns3:TrackPointExtension>
            <ns3:atemp>17.0</ns3:atemp>
            <ns3:hr>138</ns3:hr>
          </ns3:TrackPointExtension>
        </extensions>
      </trkpt>
      <trkpt lat="48.09335536323487758636474609375" lon="11.38305927626788616180419921875">
        <ele>572.79998779296875</ele>
        <time>2023-10-15T06:37:58.000Z</time>
        <extensions>
          <ns3:TrackPointExtension>
            <ns3:atemp>17.0</ns3:atemp>
            <ns3:hr>138</ns3:hr>
          </ns3:TrackPointExtension>
        </extensions>
      </trkpt>
      <trkpt lat="48.09344236738979816436767578125" lon="11.38292214833199977874755859375">
        <ele>572.79998779296875</ele>
        <time>2023-10-15T06:38:02.000Z</time>
        <extensions>
          <ns3:TrackPointExtension>
            <ns3:atemp>16.0</ns3:atemp>
            <ns3:hr>141</ns3:hr>
          </ns3:TrackPointExtension>
        </extensions>
      </trkpt>
      <trkpt lat="48.09351059608161449432373046875" lon="11.38279524631798267364501953125">
        <ele>573</ele>
        <time>2023-10-15T06:38:06.000Z</time>
        <extensions>
          <ns3:TrackPointExtension>
            <ns3:atemp>16.0</ns3:atemp>
            <ns3:hr>144</ns3:hr>
          </ns3:TrackPointExtension>
        </extensions>
      </trkpt>
      <trkpt lat="48.09359609149396419525146484375" lon="11.38267119415104389190673828125">
        <ele>572.79998779296875</ele>
        <time>2023-10-15T06:38:10.000Z</time>
        <extensions>
          <ns3:TrackPointExtension>
            <ns3:atemp>16.0</ns3:atemp>
            <ns3:hr>147</ns3:hr>
          </ns3:TrackPointExtension>
        </extensions>
      </trkpt>
      <trkpt lat="48.093658871948719024658203125" lon="11.382583938539028167724609375">
        <ele>572.79998779296875</ele>
        <time>2023-10-15T06:38:13.000Z</time>
        <extensions>
          <ns3:TrackPointExtension>
            <ns3:atemp>17.0</ns3:atemp>
            <ns3:hr>148</ns3:hr>
          </ns3:TrackPointExtension>
        </extensions>
      </trkpt>
      <trkpt lat="48.09371779672801494598388671875" lon="11.3824939168989658355712890625">
        <ele>572.5999755859375</ele>
        <time>2023-10-15T06:38:16.000Z</time>
        <extensions>
          <ns3:TrackPointExtension>
            <ns3:atemp>16.0</ns3:atemp>
            <ns3:hr>148</ns3:hr>
          </ns3:TrackPointExtension>
        </extensions>
      </trkpt>
      <trkpt lat="48.0938102491199970245361328125" lon="11.38238201849162578582763671875">
        <ele>572.5999755859375</ele>
        <time>2023-10-15T06:38:20.000Z</time>
        <extensions>
          <ns3:TrackPointExtension>
            <ns3:atemp>16.0</ns3:atemp>
            <ns3:hr>149</ns3:hr>
          </ns3:TrackPointExtension>
        </extensions>
      </trkpt>
      <trkpt lat="48.0938323773443698883056640625" lon="11.3823098503053188323974609375">
        <ele>572.5999755859375</ele>
        <time>2023-10-15T06:38:22.000Z</time>
        <extensions>
          <ns3:TrackPointExtension>
            <ns3:atemp>16.0</ns3:atemp>
            <ns3:hr>149</ns3:hr>
          </ns3:TrackPointExtension>
        </extensions>
      </trkpt>
      <trkpt lat="48.09387470595538616180419921875" lon="11.38219007290899753570556640625">
        <ele>572.5999755859375</ele>
        <time>2023-10-15T06:38:25.000Z</time>
        <extensions>
          <ns3:TrackPointExtension>
            <ns3:atemp>16.0</ns3:atemp>
            <ns3:hr>149</ns3:hr>
          </ns3:TrackPointExtension>
        </extensions>
      </trkpt>
      <trkpt lat="48.09403178282082080841064453125" lon="11.3818542100489139556884765625">
        <ele>572.5999755859375</ele>
        <time>2023-10-15T06:38:34.000Z</time>
        <extensions>
          <ns3:TrackPointExtension>
            <ns3:atemp>16.0</ns3:atemp>
            <ns3:hr>146</ns3:hr>
          </ns3:TrackPointExtension>
        </extensions>
      </trkpt>
      <trkpt lat="48.09414594434201717376708984375" lon="11.3816845603287220001220703125">
        <ele>572.5999755859375</ele>
        <time>2023-10-15T06:38:40.000Z</time>
        <extensions>
          <ns3:TrackPointExtension>
            <ns3:atemp>16.0</ns3:atemp>
            <ns3:hr>143</ns3:hr>
          </ns3:TrackPointExtension>
        </extensions>
      </trkpt>
      <trkpt lat="48.09424501843750476837158203125" lon="11.3815169222652912139892578125">
        <ele>572.4000244140625</ele>
        <time>2023-10-15T06:38:45.000Z</time>
        <extensions>
          <ns3:TrackPointExtension>
            <ns3:atemp>16.0</ns3:atemp>
            <ns3:hr>141</ns3:hr>
          </ns3:TrackPointExtension>
        </extensions>
      </trkpt>
      <trkpt lat="48.09435448609292507171630859375" lon="11.38134936802089214324951171875">
        <ele>572.20001220703125</ele>
        <time>2023-10-15T06:38:50.000Z</time>
        <extensions>
          <ns3:TrackPointExtension>
            <ns3:atemp>16.0</ns3:atemp>
            <ns3:hr>142</ns3:hr>
          </ns3:TrackPointExtension>
        </extensions>
      </trkpt>
      <trkpt lat="48.09447049163281917572021484375" lon="11.38114593923091888427734375">
        <ele>572.5999755859375</ele>
        <time>2023-10-15T06:38:56.000Z</time>
        <extensions>
          <ns3:TrackPointExtension>
            <ns3:atemp>16.0</ns3:atemp>
            <ns3:hr>142</ns3:hr>
          </ns3:TrackPointExtension>
        </extensions>
      </trkpt>
      <trkpt lat="48.09448666870594024658203125" lon="11.38114887289702892303466796875">
        <ele>572.5999755859375</ele>
        <time>2023-10-15T06:38:57.000Z</time>
        <extensions>
          <ns3:TrackPointExtension>
            <ns3:atemp>16.0</ns3:atemp>
            <ns3:hr>142</ns3:hr>
          </ns3:TrackPointExtension>
        </extensions>
      </trkpt>
      <trkpt lat="48.0945569090545177459716796875" lon="11.3812243938446044921875">
        <ele>572.5999755859375</ele>
        <time>2023-10-15T06:39:00.000Z</time>
        <extensions>
          <ns3:TrackPointExtension>
            <ns3:atemp>16.0</ns3:atemp>
            <ns3:hr>143</ns3:hr>
          </ns3:TrackPointExtension>
        </extensions>
      </trkpt>
      <trkpt lat="48.0947825498878955841064453125" lon="11.3814052753150463104248046875">
        <ele>572.20001220703125</ele>
        <time>2023-10-15T06:39:07.000Z</time>
        <extensions>
          <ns3:TrackPointExtension>
            <ns3:atemp>16.0</ns3:atemp>
            <ns3:hr>145</ns3:hr>
          </ns3:TrackPointExtension>
        </extensions>
      </trkpt>
      <trkpt lat="48.09495429508388042449951171875" lon="11.38151985593140125274658203125">
        <ele>572.20001220703125</ele>
        <time>2023-10-15T06:39:14.000Z</time>
        <extensions>
          <ns3:TrackPointExtension>
            <ns3:atemp>16.0</ns3:atemp>
            <ns3:hr>146</ns3:hr>
          </ns3:TrackPointExtension>
        </extensions>
      </trkpt>
      <trkpt lat="48.09514204971492290496826171875" lon="11.3815601728856563568115234375">
        <ele>572</ele>
        <time>2023-10-15T06:39:21.000Z</time>
        <extensions>
          <ns3:TrackPointExtension>
            <ns3:atemp>16.0</ns3:atemp>
            <ns3:hr>149</ns3:hr>
          </ns3:TrackPointExtension>
        </extensions>
      </trkpt>
      <trkpt lat="48.09540205635130405426025390625" lon="11.3816654495894908905029296875">
        <ele>571.79998779296875</ele>
        <time>2023-10-15T06:39:28.000Z</time>
        <extensions>
          <ns3:TrackPointExtension>
            <ns3:atemp>16.0</ns3:atemp>
            <ns3:hr>149</ns3:hr>
          </ns3:TrackPointExtension>
        </extensions>
      </trkpt>
      <trkpt lat="48.095577992498874664306640625" lon="11.38173342682421207427978515625">
        <ele>571.79998779296875</ele>
        <time>2023-10-15T06:39:35.000Z</time>
        <extensions>
          <ns3:TrackPointExtension>
            <ns3:atemp>16.0</ns3:atemp>
            <ns3:hr>147</ns3:hr>
          </ns3:TrackPointExtension>
        </extensions>
      </trkpt>
      <trkpt lat="48.09570665471255779266357421875" lon="11.3817452453076839447021484375">
        <ele>571.79998779296875</ele>
        <time>2023-10-15T06:39:40.000Z</time>
        <extensions>
          <ns3:TrackPointExtension>
            <ns3:atemp>16.0</ns3:atemp>
            <ns3:hr>149</ns3:hr>
          </ns3:TrackPointExtension>
        </extensions>
      </trkpt>
      <trkpt lat="48.0958222411572933197021484375" lon="11.381767876446247100830078125">
        <ele>571.5999755859375</ele>
        <time>2023-10-15T06:39:45.000Z</time>
        <extensions>
          <ns3:TrackPointExtension>
            <ns3:atemp>16.0</ns3:atemp>
            <ns3:hr>148</ns3:hr>
          </ns3:TrackPointExtension>
        </extensions>
      </trkpt>
      <trkpt lat="48.09582785703241825103759765625" lon="11.38177567161619663238525390625">
        <ele>571.5999755859375</ele>
        <time>2023-10-15T06:39:46.000Z</time>
        <extensions>
          <ns3:TrackPointExtension>
            <ns3:atemp>16.0</ns3:atemp>
            <ns3:hr>148</ns3:hr>
          </ns3:TrackPointExtension>
        </extensions>
      </trkpt>
      <trkpt lat="48.0958919785916805267333984375" lon="11.38175941072404384613037109375">
        <ele>571.5999755859375</ele>
        <time>2023-10-15T06:39:51.000Z</time>
        <extensions>
          <ns3:TrackPointExtension>
            <ns3:atemp>16.0</ns3:atemp>
            <ns3:hr>146</ns3:hr>
          </ns3:TrackPointExtension>
        </extensions>
      </trkpt>
      <trkpt lat="48.09592056088149547576904296875" lon="11.38176284730434417724609375">
        <ele>571.5999755859375</ele>
        <time>2023-10-15T06:39:52.000Z</time>
        <extensions>
          <ns3:TrackPointExtension>
            <ns3:atemp>16.0</ns3:atemp>
            <ns3:hr>146</ns3:hr>
          </ns3:TrackPointExtension>
        </extensions>
      </trkpt>
      <trkpt lat="48.09609808959066867828369140625" lon="11.38180852867662906646728515625">
        <ele>571.5999755859375</ele>
        <time>2023-10-15T06:39:56.000Z</time>
        <extensions>
          <ns3:TrackPointExtension>
            <ns3:atemp>16.0</ns3:atemp>
            <ns3:hr>144</ns3:hr>
          </ns3:TrackPointExtension>
        </extensions>
      </trkpt>
      <trkpt lat="48.09620336629450321197509765625" lon="11.3818330876529216766357421875">
        <ele>571.4000244140625</ele>
        <time>2023-10-15T06:39:59.000Z</time>
        <extensions>
          <ns3:TrackPointExtension>
            <ns3:atemp>16.0</ns3:atemp>
            <ns3:hr>144</ns3:hr>
          </ns3:TrackPointExtension>
        </extensions>
      </trkpt>
      <trkpt lat="48.09636228717863559722900390625" lon="11.38188463635742664337158203125">
        <ele>571.20001220703125</ele>
        <time>2023-10-15T06:40:04.000Z</time>
        <extensions>
          <ns3:TrackPointExtension>
            <ns3:atemp>16.0</ns3:atemp>
            <ns3:hr>142</ns3:hr>
          </ns3:TrackPointExtension>
        </extensions>
      </trkpt>
      <trkpt lat="48.09658323414623737335205078125" lon="11.38200198300182819366455078125">
        <ele>571</ele>
        <time>2023-10-15T06:40:10.000Z</time>
        <extensions>
          <ns3:TrackPointExtension>
            <ns3:atemp>16.0</ns3:atemp>
            <ns3:hr>142</ns3:hr>
          </ns3:TrackPointExtension>
        </extensions>
      </trkpt>
      <trkpt lat="48.09676277451217174530029296875" lon="11.3820895738899707794189453125">
        <ele>571</ele>
        <time>2023-10-15T06:40:17.000Z</time>
        <extensions>
          <ns3:TrackPointExtension>
            <ns3:atemp>16.0</ns3:atemp>
            <ns3:hr>143</ns3:hr>
          </ns3:TrackPointExtension>
        </extensions>
      </trkpt>
      <trkpt lat="48.0969477631151676177978515625" lon="11.382106505334377288818359375">
        <ele>570.79998779296875</ele>
        <time>2023-10-15T06:40:22.000Z</time>
        <extensions>
          <ns3:TrackPointExtension>
            <ns3:atemp>16.0</ns3:atemp>
            <ns3:hr>145</ns3:hr>
          </ns3:TrackPointExtension>
        </extensions>
      </trkpt>
      <trkpt lat="48.0970890820026397705078125" lon="11.38216190971434116363525390625">
        <ele>570.79998779296875</ele>
        <time>2023-10-15T06:40:27.000Z</time>
        <extensions>
          <ns3:TrackPointExtension>
            <ns3:atemp>16.0</ns3:atemp>
            <ns3:hr>148</ns3:hr>
          </ns3:TrackPointExtension>
        </extensions>
      </trkpt>
      <trkpt lat="48.0971133895218372344970703125" lon="11.38217934407293796539306640625">
        <ele>570.79998779296875</ele>
        <time>2023-10-15T06:40:28.000Z</time>
        <extensions>
          <ns3:TrackPointExtension>
            <ns3:atemp>16.0</ns3:atemp>
            <ns3:hr>148</ns3:hr>
          </ns3:TrackPointExtension>
        </extensions>
      </trkpt>
      <trkpt lat="48.09729225933551788330078125" lon="11.38237439095973968505859375">
        <ele>571</ele>
        <time>2023-10-15T06:40:34.000Z</time>
        <extensions>
          <ns3:TrackPointExtension>
            <ns3:atemp>16.0</ns3:atemp>
            <ns3:hr>148</ns3:hr>
          </ns3:TrackPointExtension>
        </extensions>
      </trkpt>
      <trkpt lat="48.09749904088675975799560546875" lon="11.382680833339691162109375">
        <ele>570.79998779296875</ele>
        <time>2023-10-15T06:40:42.000Z</time>
        <extensions>
          <ns3:TrackPointExtension>
            <ns3:atemp>16.0</ns3:atemp>
            <ns3:hr>148</ns3:hr>
          </ns3:TrackPointExtension>
        </extensions>
      </trkpt>
      <trkpt lat="48.09752116911113262176513671875" lon="11.38270162045955657958984375">
        <ele>570.79998779296875</ele>
        <time>2023-10-15T06:40:44.000Z</time>
        <extensions>
          <ns3:TrackPointExtension>
            <ns3:atemp>16.0</ns3:atemp>
            <ns3:hr>148</ns3:hr>
          </ns3:TrackPointExtension>
        </extensions>
      </trkpt>
      <trkpt lat="48.09751488268375396728515625" lon="11.38270472176373004913330078125">
        <ele>570.5999755859375</ele>
        <time>2023-10-15T06:40:46.000Z</time>
        <extensions>
          <ns3:TrackPointExtension>
            <ns3:atemp>16.0</ns3:atemp>
            <ns3:hr>148</ns3:hr>
          </ns3:TrackPointExtension>
        </extensions>
      </trkpt>
      <trkpt lat="48.09751161374151706695556640625" lon="11.38271293602883815765380859375">
        <ele>570.4000244140625</ele>
        <time>2023-10-15T06:40:47.000Z</time>
        <extensions>
          <ns3:TrackPointExtension>
            <ns3:atemp>16.0</ns3:atemp>
            <ns3:hr>147</ns3:hr>
          </ns3:TrackPointExtension>
        </extensions>
      </trkpt>
      <trkpt lat="48.0975113622844219207763671875" lon="11.38271410949528217315673828125">
        <ele>570.20001220703125</ele>
        <time>2023-10-15T06:40:48.000Z</time>
        <extensions>
          <ns3:TrackPointExtension>
            <ns3:atemp>16.0</ns3:atemp>
            <ns3:hr>146</ns3:hr>
          </ns3:TrackPointExtension>
        </extensions>
      </trkpt>
      <trkpt lat="48.0975244380533695220947265625" lon="11.38276339508593082427978515625">
        <ele>570.5999755859375</ele>
        <time>2023-10-15T06:41:09.000Z</time>
        <extensions>
          <ns3:TrackPointExtension>
            <ns3:atemp>16.0</ns3:atemp>
            <ns3:hr>140</ns3:hr>
          </ns3:TrackPointExtension>
        </extensions>
      </trkpt>
      <trkpt lat="48.09754128567874431610107421875" lon="11.38278099708259105682373046875">
        <ele>570.5999755859375</ele>
        <time>2023-10-15T06:41:10.000Z</time>
        <extensions>
          <ns3:TrackPointExtension>
            <ns3:atemp>16.0</ns3:atemp>
            <ns3:hr>140</ns3:hr>
          </ns3:TrackPointExtension>
        </extensions>
      </trkpt>
      <trkpt lat="48.0975629948079586029052734375" lon="11.38280178420245647430419921875">
        <ele>570.5999755859375</ele>
        <time>2023-10-15T06:41:11.000Z</time>
        <extensions>
          <ns3:TrackPointExtension>
            <ns3:atemp>16.0</ns3:atemp>
            <ns3:hr>139</ns3:hr>
          </ns3:TrackPointExtension>
        </extensions>
      </trkpt>
      <trkpt lat="48.09767715632915496826171875" lon="11.382954753935337066650390625">
        <ele>570.20001220703125</ele>
        <time>2023-10-15T06:41:16.000Z</time>
        <extensions>
          <ns3:TrackPointExtension>
            <ns3:atemp>16.0</ns3:atemp>
            <ns3:hr>139</ns3:hr>
          </ns3:TrackPointExtension>
        </extensions>
      </trkpt>
      <trkpt lat="48.097831718623638153076171875" lon="11.38312683440744876861572265625">
        <ele>569.79998779296875</ele>
        <time>2023-10-15T06:41:22.000Z</time>
        <extensions>
          <ns3:TrackPointExtension>
            <ns3:atemp>16.0</ns3:atemp>
            <ns3:hr>139</ns3:hr>
          </ns3:TrackPointExtension>
        </extensions>
      </trkpt>
      <trkpt lat="48.097960464656352996826171875" lon="11.38328055851161479949951171875">
        <ele>570</ele>
        <time>2023-10-15T06:41:28.000Z</time>
        <extensions>
          <ns3:TrackPointExtension>
            <ns3:atemp>16.0</ns3:atemp>
            <ns3:hr>141</ns3:hr>
          </ns3:TrackPointExtension>
        </extensions>
      </trkpt>
      <trkpt lat="48.098049648106098175048828125" lon="11.3834001682698726654052734375">
        <ele>569.79998779296875</ele>
        <time>2023-10-15T06:41:32.000Z</time>
        <extensions>
          <ns3:TrackPointExtension>
            <ns3:atemp>16.0</ns3:atemp>
            <ns3:hr>144</ns3:hr>
          </ns3:TrackPointExtension>
        </extensions>
      </trkpt>
      <trkpt lat="48.09813447296619415283203125" lon="11.38349027372896671295166015625">
        <ele>569.5999755859375</ele>
        <time>2023-10-15T06:41:35.000Z</time>
        <extensions>
          <ns3:TrackPointExtension>
            <ns3:atemp>16.0</ns3:atemp>
            <ns3:hr>145</ns3:hr>
          </ns3:TrackPointExtension>
        </extensions>
      </trkpt>
      <trkpt lat="48.0983014404773712158203125" lon="11.38365439139306545257568359375">
        <ele>569.5999755859375</ele>
        <time>2023-10-15T06:41:41.000Z</time>
        <extensions>
          <ns3:TrackPointExtension>
            <ns3:atemp>16.0</ns3:atemp>
            <ns3:hr>147</ns3:hr>
          </ns3:TrackPointExtension>
        </extensions>
      </trkpt>
      <trkpt lat="48.09849330224096775054931640625" lon="11.3838408887386322021484375">
        <ele>569.79998779296875</ele>
        <time>2023-10-15T06:41:48.000Z</time>
        <extensions>
          <ns3:TrackPointExtension>
            <ns3:atemp>16.0</ns3:atemp>
            <ns3:hr>147</ns3:hr>
          </ns3:TrackPointExtension>
        </extensions>
      </trkpt>
      <trkpt lat="48.09865054674446582794189453125" lon="11.3840539567172527313232421875">
        <ele>570</ele>
        <time>2023-10-15T06:41:55.000Z</time>
        <extensions>
          <ns3:TrackPointExtension>
            <ns3:atemp>16.0</ns3:atemp>
            <ns3:hr>148</ns3:hr>
          </ns3:TrackPointExtension>
        </extensions>
      </trkpt>
      <trkpt lat="48.09888926334679126739501953125" lon="11.384354531764984130859375">
        <ele>569.5999755859375</ele>
        <time>2023-10-15T06:42:04.000Z</time>
        <extensions>
          <ns3:TrackPointExtension>
            <ns3:atemp>16.0</ns3:atemp>
            <ns3:hr>147</ns3:hr>
          </ns3:TrackPointExtension>
        </extensions>
      </trkpt>
      <trkpt lat="48.099065534770488739013671875" lon="11.38460221700370311737060546875">
        <ele>569.5999755859375</ele>
        <time>2023-10-15T06:42:12.000Z</time>
        <extensions>
          <ns3:TrackPointExtension>
            <ns3:atemp>16.0</ns3:atemp>
            <ns3:hr>146</ns3:hr>
          </ns3:TrackPointExtension>
        </extensions>
      </trkpt>
      <trkpt lat="48.09915932826697826385498046875" lon="11.38467061333358287811279296875">
        <ele>569.5999755859375</ele>
        <time>2023-10-15T06:42:16.000Z</time>
        <extensions>
          <ns3:TrackPointExtension>
            <ns3:atemp>16.0</ns3:atemp>
            <ns3:hr>146</ns3:hr>
          </ns3:TrackPointExtension>
        </extensions>
      </trkpt>
      <trkpt lat="48.0991843901574611663818359375" lon="11.38465485535562038421630859375">
        <ele>569.5999755859375</ele>
        <time>2023-10-15T06:42:17.000Z</time>
        <extensions>
          <ns3:TrackPointExtension>
            <ns3:atemp>16.0</ns3:atemp>
            <ns3:hr>147</ns3:hr>
          </ns3:TrackPointExtension>
        </extensions>
      </trkpt>
      <trkpt lat="48.09922420419752597808837890625" lon="11.3845917396247386932373046875">
        <ele>569.5999755859375</ele>
        <time>2023-10-15T06:42:19.000Z</time>
        <extensions>
          <ns3:TrackPointExtension>
            <ns3:atemp>16.0</ns3:atemp>
            <ns3:hr>147</ns3:hr>
          </ns3:TrackPointExtension>
        </extensions>
      </trkpt>
      <trkpt lat="48.099251948297023773193359375" lon="11.384503059089183807373046875">
        <ele>569.5999755859375</ele>
        <time>2023-10-15T06:42:21.000Z</time>
        <extensions>
          <ns3:TrackPointExtension>
            <ns3:atemp>16.0</ns3:atemp>
            <ns3:hr>147</ns3:hr>
          </ns3:TrackPointExtension>
        </extensions>
      </trkpt>
      <trkpt lat="48.099343813955783843994140625" lon="11.38430348597466945648193359375">
        <ele>569.5999755859375</ele>
        <time>2023-10-15T06:42:27.000Z</time>
        <extensions>
          <ns3:TrackPointExtension>
            <ns3:atemp>16.0</ns3:atemp>
            <ns3:hr>148</ns3:hr>
          </ns3:TrackPointExtension>
        </extensions>
      </trkpt>
      <trkpt lat="48.09943132102489471435546875" lon="11.3841246999800205230712890625">
        <ele>569.5999755859375</ele>
        <time>2023-10-15T06:42:32.000Z</time>
        <extensions>
          <ns3:TrackPointExtension>
            <ns3:atemp>16.0</ns3:atemp>
            <ns3:hr>147</ns3:hr>
          </ns3:TrackPointExtension>
        </extensions>
      </trkpt>
      <trkpt lat="48.09954263269901275634765625" lon="11.38386779464781284332275390625">
        <ele>569.5999755859375</ele>
        <time>2023-10-15T06:42:39.000Z</time>
        <extensions>
          <ns3:TrackPointExtension>
            <ns3:atemp>16.0</ns3:atemp>
            <ns3:hr>146</ns3:hr>
          </ns3:TrackPointExtension>
        </extensions>
      </trkpt>
      <trkpt lat="48.09966978617012500762939453125" lon="11.3836281560361385345458984375">
        <ele>569.5999755859375</ele>
        <time>2023-10-15T06:42:46.000Z</time>
        <extensions>
          <ns3:TrackPointExtension>
            <ns3:atemp>16.0</ns3:atemp>
            <ns3:hr>145</ns3:hr>
          </ns3:TrackPointExtension>
        </extensions>
      </trkpt>
      <trkpt lat="48.0997614003717899322509765625" lon="11.38340880163013935089111328125">
        <ele>569.5999755859375</ele>
        <time>2023-10-15T06:42:52.000Z</time>
        <extensions>
          <ns3:TrackPointExtension>
            <ns3:atemp>16.0</ns3:atemp>
            <ns3:hr>145</ns3:hr>
          </ns3:TrackPointExtension>
        </extensions>
      </trkpt>
      <trkpt lat="48.09984010644257068634033203125" lon="11.38328877277672290802001953125">
        <ele>569.5999755859375</ele>
        <time>2023-10-15T06:42:56.000Z</time>
        <extensions>
          <ns3:TrackPointExtension>
            <ns3:atemp>16.0</ns3:atemp>
            <ns3:hr>145</ns3:hr>
          </ns3:TrackPointExtension>
        </extensions>
      </trkpt>
      <trkpt lat="48.0998978577554225921630859375" lon="11.383183412253856658935546875">
        <ele>569.4000244140625</ele>
        <time>2023-10-15T06:42:59.000Z</time>
        <extensions>
          <ns3:TrackPointExtension>
            <ns3:atemp>16.0</ns3:atemp>
            <ns3:hr>144</ns3:hr>
          </ns3:TrackPointExtension>
        </extensions>
      </trkpt>
      <trkpt lat="48.0999509990215301513671875" lon="11.383082158863544464111328125">
        <ele>569.20001220703125</ele>
        <time>2023-10-15T06:43:02.000Z</time>
        <extensions>
          <ns3:TrackPointExtension>
            <ns3:atemp>16.0</ns3:atemp>
            <ns3:hr>143</ns3:hr>
          </ns3:TrackPointExtension>
        </extensions>
      </trkpt>
      <trkpt lat="48.1000614725053310394287109375" lon="11.382911168038845062255859375">
        <ele>569.20001220703125</ele>
        <time>2023-10-15T06:43:08.000Z</time>
        <extensions>
          <ns3:TrackPointExtension>
            <ns3:atemp>16.0</ns3:atemp>
            <ns3:hr>141</ns3:hr>
          </ns3:TrackPointExtension>
        </extensions>
      </trkpt>
      <trkpt lat="48.1001446209847927093505859375" lon="11.38279055245220661163330078125">
        <ele>569.20001220703125</ele>
        <time>2023-10-15T06:43:12.000Z</time>
        <extensions>
          <ns3:TrackPointExtension>
            <ns3:atemp>16.0</ns3:atemp>
            <ns3:hr>139</ns3:hr>
          </ns3:TrackPointExtension>
        </extensions>
      </trkpt>
      <trkpt lat="48.10015258379280567169189453125" lon="11.38273623771965503692626953125">
        <ele>569.20001220703125</ele>
        <time>2023-10-15T06:43:13.000Z</time>
        <extensions>
          <ns3:TrackPointExtension>
            <ns3:atemp>16.0</ns3:atemp>
            <ns3:hr>138</ns3:hr>
          </ns3:TrackPointExtension>
        </extensions>
      </trkpt>
      <trkpt lat="48.100171945989131927490234375" lon="11.38269550167024135589599609375">
        <ele>569.20001220703125</ele>
        <time>2023-10-15T06:43:14.000Z</time>
        <extensions>
          <ns3:TrackPointExtension>
            <ns3:atemp>16.0</ns3:atemp>
            <ns3:hr>138</ns3:hr>
          </ns3:TrackPointExtension>
        </extensions>
      </trkpt>
      <trkpt lat="48.10028082691133022308349609375" lon="11.38250003568828105926513671875">
        <ele>569.20001220703125</ele>
        <time>2023-10-15T06:43:20.000Z</time>
        <extensions>
          <ns3:TrackPointExtension>
            <ns3:atemp>16.0</ns3:atemp>
            <ns3:hr>136</ns3:hr>
          </ns3:TrackPointExtension>
        </extensions>
      </trkpt>
      <trkpt lat="48.10038082301616668701171875" lon="11.38229392468929290771484375">
        <ele>569.20001220703125</ele>
        <time>2023-10-15T06:43:26.000Z</time>
        <extensions>
          <ns3:TrackPointExtension>
            <ns3:atemp>15.0</ns3:atemp>
            <ns3:hr>137</ns3:hr>
          </ns3:TrackPointExtension>
        </extensions>
      </trkpt>
      <trkpt lat="48.1004349701106548309326171875" lon="11.3821130432188510894775390625">
        <ele>569</ele>
        <time>2023-10-15T06:43:31.000Z</time>
        <extensions>
          <ns3:TrackPointExtension>
            <ns3:atemp>15.0</ns3:atemp>
            <ns3:hr>137</ns3:hr>
          </ns3:TrackPointExtension>
        </extensions>
      </trkpt>
      <trkpt lat="48.10052029788494110107421875" lon="11.38196711428463459014892578125">
        <ele>569</ele>
        <time>2023-10-15T06:43:36.000Z</time>
        <extensions>
          <ns3:TrackPointExtension>
            <ns3:atemp>15.0</ns3:atemp>
            <ns3:hr>137</ns3:hr>
          </ns3:TrackPointExtension>
        </extensions>
      </trkpt>
      <trkpt lat="48.1005657278001308441162109375" lon="11.3819078542292118072509765625">
        <ele>569</ele>
        <time>2023-10-15T06:43:38.000Z</time>
        <extensions>
          <ns3:TrackPointExtension>
            <ns3:atemp>15.0</ns3:atemp>
            <ns3:hr>137</ns3:hr>
          </ns3:TrackPointExtension>
        </extensions>
      </trkpt>
      <trkpt lat="48.10073009692132472991943359375" lon="11.3816523738205432891845703125">
        <ele>569</ele>
        <time>2023-10-15T06:43:46.000Z</time>
        <extensions>
          <ns3:TrackPointExtension>
            <ns3:atemp>15.0</ns3:atemp>
            <ns3:hr>136</ns3:hr>
          </ns3:TrackPointExtension>
        </extensions>
      </trkpt>
      <trkpt lat="48.10076815076172351837158203125" lon="11.38162379153072834014892578125">
        <ele>568.79998779296875</ele>
        <time>2023-10-15T06:43:48.000Z</time>
        <extensions>
          <ns3:TrackPointExtension>
            <ns3:atemp>15.0</ns3:atemp>
            <ns3:hr>135</ns3:hr>
          </ns3:TrackPointExtension>
        </extensions>
      </trkpt>
      <trkpt lat="48.1008334457874298095703125" lon="11.38164508156478404998779296875">
        <ele>568.79998779296875</ele>
        <time>2023-10-15T06:43:50.000Z</time>
        <extensions>
          <ns3:TrackPointExtension>
            <ns3:atemp>15.0</ns3:atemp>
            <ns3:hr>135</ns3:hr>
          </ns3:TrackPointExtension>
        </extensions>
      </trkpt>
      <trkpt lat="48.10095288790762424468994140625" lon="11.38179008848965167999267578125">
        <ele>568.79998779296875</ele>
        <time>2023-10-15T06:43:55.000Z</time>
        <extensions>
          <ns3:TrackPointExtension>
            <ns3:atemp>15.0</ns3:atemp>
            <ns3:hr>136</ns3:hr>
          </ns3:TrackPointExtension>
        </extensions>
      </trkpt>
      <trkpt lat="48.1011611782014369964599609375" lon="11.3820433057844638824462890625">
        <ele>568.5999755859375</ele>
        <time>2023-10-15T06:44:03.000Z</time>
        <extensions>
          <ns3:TrackPointExtension>
            <ns3:atemp>15.0</ns3:atemp>
            <ns3:hr>138</ns3:hr>
          </ns3:TrackPointExtension>
        </extensions>
      </trkpt>
      <trkpt lat="48.10143291950225830078125" lon="11.382299624383449554443359375">
        <ele>568.4000244140625</ele>
        <time>2023-10-15T06:44:13.000Z</time>
        <extensions>
          <ns3:TrackPointExtension>
            <ns3:atemp>15.0</ns3:atemp>
            <ns3:hr>139</ns3:hr>
          </ns3:TrackPointExtension>
        </extensions>
      </trkpt>
      <trkpt lat="48.10150257311761379241943359375" lon="11.3823631592094898223876953125">
        <ele>568.4000244140625</ele>
        <time>2023-10-15T06:44:15.000Z</time>
        <extensions>
          <ns3:TrackPointExtension>
            <ns3:atemp>15.0</ns3:atemp>
            <ns3:hr>139</ns3:hr>
          </ns3:TrackPointExtension>
        </extensions>
      </trkpt>
      <trkpt lat="48.101650178432464599609375" lon="11.3825153745710849761962890625">
        <ele>568.20001220703125</ele>
        <time>2023-10-15T06:44:21.000Z</time>
        <extensions>
          <ns3:TrackPointExtension>
            <ns3:atemp>15.0</ns3:atemp>
            <ns3:hr>141</ns3:hr>
          </ns3:TrackPointExtension>
        </extensions>
      </trkpt>
      <trkpt lat="48.10188981704413890838623046875" lon="11.38267605565488338470458984375">
        <ele>568.4000244140625</ele>
        <time>2023-10-15T06:44:30.000Z</time>
        <extensions>
          <ns3:TrackPointExtension>
            <ns3:atemp>15.0</ns3:atemp>
            <ns3:hr>143</ns3:hr>
          </ns3:TrackPointExtension>
        </extensions>
      </trkpt>
      <trkpt lat="48.1019846163690090179443359375" lon="11.3828187994658946990966796875">
        <ele>568.5999755859375</ele>
        <time>2023-10-15T06:44:35.000Z</time>
        <extensions>
          <ns3:TrackPointExtension>
            <ns3:atemp>15.0</ns3:atemp>
            <ns3:hr>144</ns3:hr>
          </ns3:TrackPointExtension>
        </extensions>
      </trkpt>
      <trkpt lat="48.1022367440164089202880859375" lon="11.38306547887623310089111328125">
        <ele>568.4000244140625</ele>
        <time>2023-10-15T06:44:45.000Z</time>
        <extensions>
          <ns3:TrackPointExtension>
            <ns3:atemp>15.0</ns3:atemp>
            <ns3:hr>146</ns3:hr>
          </ns3:TrackPointExtension>
        </extensions>
      </trkpt>
      <trkpt lat="48.1024375744163990020751953125" lon="11.3832482881844043731689453125">
        <ele>568</ele>
        <time>2023-10-15T06:44:52.000Z</time>
        <extensions>
          <ns3:TrackPointExtension>
            <ns3:atemp>15.0</ns3:atemp>
            <ns3:hr>148</ns3:hr>
          </ns3:TrackPointExtension>
        </extensions>
      </trkpt>
      <trkpt lat="48.1026206351816654205322265625" lon="11.38337342999875545501708984375">
        <ele>568.20001220703125</ele>
        <time>2023-10-15T06:44:58.000Z</time>
        <extensions>
          <ns3:TrackPointExtension>
            <ns3:atemp>15.0</ns3:atemp>
            <ns3:hr>149</ns3:hr>
          </ns3:TrackPointExtension>
        </extensions>
      </trkpt>
      <trkpt lat="48.10278181917965412139892578125" lon="11.38350427150726318359375">
        <ele>568.20001220703125</ele>
        <time>2023-10-15T06:45:04.000Z</time>
        <extensions>
          <ns3:TrackPointExtension>
            <ns3:atemp>15.0</ns3:atemp>
            <ns3:hr>150</ns3:hr>
          </ns3:TrackPointExtension>
        </extensions>
      </trkpt>
      <trkpt lat="48.10297577641904354095458984375" lon="11.3835761882364749908447265625">
        <ele>568</ele>
        <time>2023-10-15T06:45:10.000Z</time>
        <extensions>
          <ns3:TrackPointExtension>
            <ns3:atemp>15.0</ns3:atemp>
            <ns3:hr>150</ns3:hr>
          </ns3:TrackPointExtension>
        </extensions>
      </trkpt>
      <trkpt lat="48.10315967537462711334228515625" lon="11.3836818002164363861083984375">
        <ele>568</ele>
        <time>2023-10-15T06:45:17.000Z</time>
        <extensions>
          <ns3:TrackPointExtension>
            <ns3:atemp>15.0</ns3:atemp>
            <ns3:hr>151</ns3:hr>
          </ns3:TrackPointExtension>
        </extensions>
      </trkpt>
      <trkpt lat="48.1032784469425678253173828125" lon="11.38371960259974002838134765625">
        <ele>568</ele>
        <time>2023-10-15T06:45:21.000Z</time>
        <extensions>
          <ns3:TrackPointExtension>
            <ns3:atemp>15.0</ns3:atemp>
            <ns3:hr>154</ns3:hr>
          </ns3:TrackPointExtension>
        </extensions>
      </trkpt>
      <trkpt lat="48.1034873239696025848388671875" lon="11.3838343508541584014892578125">
        <ele>568</ele>
        <time>2023-10-15T06:45:28.000Z</time>
        <extensions>
          <ns3:TrackPointExtension>
            <ns3:atemp>15.0</ns3:atemp>
            <ns3:hr>155</ns3:hr>
          </ns3:TrackPointExtension>
        </extensions>
      </trkpt>
      <trkpt lat="48.10375370085239410400390625" lon="11.38400944881141185760498046875">
        <ele>567.5999755859375</ele>
        <time>2023-10-15T06:45:38.000Z</time>
        <extensions>
          <ns3:TrackPointExtension>
            <ns3:atemp>15.0</ns3:atemp>
            <ns3:hr>153</ns3:hr>
          </ns3:TrackPointExtension>
        </extensions>
      </trkpt>
      <trkpt lat="48.1039013899862766265869140625" lon="11.38406979851424694061279296875">
        <ele>567.5999755859375</ele>
        <time>2023-10-15T06:45:45.000Z</time>
        <extensions>
          <ns3:TrackPointExtension>
            <ns3:atemp>15.0</ns3:atemp>
            <ns3:hr>150</ns3:hr>
          </ns3:TrackPointExtension>
        </extensions>
      </trkpt>
      <trkpt lat="48.10398730449378490447998046875" lon="11.3841471634805202484130859375">
        <ele>567.4000244140625</ele>
        <time>2023-10-15T06:45:48.000Z</time>
        <extensions>
          <ns3:TrackPointExtension>
            <ns3:atemp>15.0</ns3:atemp>
            <ns3:hr>149</ns3:hr>
          </ns3:TrackPointExtension>
        </extensions>
      </trkpt>
      <trkpt lat="48.1041297130286693572998046875" lon="11.3841833733022212982177734375">
        <ele>567.4000244140625</ele>
        <time>2023-10-15T06:45:52.000Z</time>
        <extensions>
          <ns3:TrackPointExtension>
            <ns3:atemp>15.0</ns3:atemp>
            <ns3:hr>148</ns3:hr>
          </ns3:TrackPointExtension>
        </extensions>
      </trkpt>
      <trkpt lat="48.1042534299194812774658203125" lon="11.38425151817500591278076171875">
        <ele>567.4000244140625</ele>
        <time>2023-10-15T06:45:56.000Z</time>
        <extensions>
          <ns3:TrackPointExtension>
            <ns3:atemp>15.0</ns3:atemp>
            <ns3:hr>146</ns3:hr>
          </ns3:TrackPointExtension>
        </extensions>
      </trkpt>
      <trkpt lat="48.1042973510921001434326171875" lon="11.38428705744445323944091796875">
        <ele>567.20001220703125</ele>
        <time>2023-10-15T06:45:58.000Z</time>
        <extensions>
          <ns3:TrackPointExtension>
            <ns3:atemp>15.0</ns3:atemp>
            <ns3:hr>146</ns3:hr>
          </ns3:TrackPointExtension>
        </extensions>
      </trkpt>
      <trkpt lat="48.104524500668048858642578125" lon="11.3844314776360988616943359375">
        <ele>567.20001220703125</ele>
        <time>2023-10-15T06:46:06.000Z</time>
        <extensions>
          <ns3:TrackPointExtension>
            <ns3:atemp>15.0</ns3:atemp>
            <ns3:hr>145</ns3:hr>
          </ns3:TrackPointExtension>
        </extensions>
      </trkpt>
      <trkpt lat="48.10469515621662139892578125" lon="11.38453583233058452606201171875">
        <ele>567.20001220703125</ele>
        <time>2023-10-15T06:46:13.000Z</time>
        <extensions>
          <ns3:TrackPointExtension>
            <ns3:atemp>15.0</ns3:atemp>
            <ns3:hr>146</ns3:hr>
          </ns3:TrackPointExtension>
        </extensions>
      </trkpt>
      <trkpt lat="48.10491484589874744415283203125" lon="11.3846219144761562347412109375">
        <ele>567</ele>
        <time>2023-10-15T06:46:21.000Z</time>
        <extensions>
          <ns3:TrackPointExtension>
            <ns3:atemp>15.0</ns3:atemp>
            <ns3:hr>143</ns3:hr>
          </ns3:TrackPointExtension>
        </extensions>
      </trkpt>
      <trkpt lat="48.10513914562761783599853515625" lon="11.3847174681723117828369140625">
        <ele>567.20001220703125</ele>
        <time>2023-10-15T06:46:29.000Z</time>
        <extensions>
          <ns3:TrackPointExtension>
            <ns3:atemp>15.0</ns3:atemp>
            <ns3:hr>142</ns3:hr>
          </ns3:TrackPointExtension>
        </extensions>
      </trkpt>
      <trkpt lat="48.1053346954286098480224609375" lon="11.38480044901371002197265625">
        <ele>567</ele>
        <time>2023-10-15T06:46:37.000Z</time>
        <extensions>
          <ns3:TrackPointExtension>
            <ns3:atemp>15.0</ns3:atemp>
            <ns3:hr>141</ns3:hr>
          </ns3:TrackPointExtension>
        </extensions>
      </trkpt>
      <trkpt lat="48.10554206371307373046875" lon="11.38501770794391632080078125">
        <ele>566.5999755859375</ele>
        <time>2023-10-15T06:46:45.000Z</time>
        <extensions>
          <ns3:TrackPointExtension>
            <ns3:atemp>15.0</ns3:atemp>
            <ns3:hr>138</ns3:hr>
          </ns3:TrackPointExtension>
        </extensions>
      </trkpt>
      <trkpt lat="48.105700314044952392578125" lon="11.3851328752934932708740234375">
        <ele>566.5999755859375</ele>
        <time>2023-10-15T06:46:52.000Z</time>
        <extensions>
          <ns3:TrackPointExtension>
            <ns3:atemp>15.0</ns3:atemp>
            <ns3:hr>138</ns3:hr>
          </ns3:TrackPointExtension>
        </extensions>
      </trkpt>
      <trkpt lat="48.1057098694145679473876953125" lon="11.38514335267245769500732421875">
        <ele>566.5999755859375</ele>
        <time>2023-10-15T06:46:55.000Z</time>
        <extensions>
          <ns3:TrackPointExtension>
            <ns3:atemp>15.0</ns3:atemp>
            <ns3:hr>139</ns3:hr>
          </ns3:TrackPointExtension>
        </extensions>
      </trkpt>
      <trkpt lat="48.1057393737137317657470703125" lon="11.38516263104975223541259765625">
        <ele>566.20001220703125</ele>
        <time>2023-10-15T06:47:13.000Z</time>
        <extensions>
          <ns3:TrackPointExtension>
            <ns3:atemp>15.0</ns3:atemp>
            <ns3:hr>135</ns3:hr>
          </ns3:TrackPointExtension>
        </extensions>
      </trkpt>
      <trkpt lat="48.10575320385396480560302734375" lon="11.385172270238399505615234375">
        <ele>566</ele>
        <time>2023-10-15T06:47:14.000Z</time>
        <extensions>
          <ns3:TrackPointExtension>
            <ns3:atemp>15.0</ns3:atemp>
            <ns3:hr>135</ns3:hr>
          </ns3:TrackPointExtension>
        </extensions>
      </trkpt>
      <trkpt lat="48.105889745056629180908203125" lon="11.38529087416827678680419921875">
        <ele>565.79998779296875</ele>
        <time>2023-10-15T06:47:21.000Z</time>
        <extensions>
          <ns3:TrackPointExtension>
            <ns3:atemp>15.0</ns3:atemp>
            <ns3:hr>135</ns3:hr>
          </ns3:TrackPointExtension>
        </extensions>
      </trkpt>
      <trkpt lat="48.10605428181588649749755859375" lon="11.3854476995766162872314453125">
        <ele>565.4000244140625</ele>
        <time>2023-10-15T06:47:28.000Z</time>
        <extensions>
          <ns3:TrackPointExtension>
            <ns3:atemp>15.0</ns3:atemp>
            <ns3:hr>134</ns3:hr>
          </ns3:TrackPointExtension>
        </extensions>
      </trkpt>
      <trkpt lat="48.10612653382122516632080078125" lon="11.38551525771617889404296875">
        <ele>565.4000244140625</ele>
        <time>2023-10-15T06:47:31.000Z</time>
        <extensions>
          <ns3:TrackPointExtension>
            <ns3:atemp>15.0</ns3:atemp>
            <ns3:hr>131</ns3:hr>
          </ns3:TrackPointExtension>
        </extensions>
      </trkpt>
      <trkpt lat="48.10617431066930294036865234375" lon="11.38556756079196929931640625">
        <ele>565.4000244140625</ele>
        <time>2023-10-15T06:47:33.000Z</time>
        <extensions>
          <ns3:TrackPointExtension>
            <ns3:atemp>15.0</ns3:atemp>
            <ns3:hr>128</ns3:hr>
          </ns3:TrackPointExtension>
        </extensions>
      </trkpt>
      <trkpt lat="48.10623901896178722381591796875" lon="11.38564676977694034576416015625">
        <ele>565.4000244140625</ele>
        <time>2023-10-15T06:47:36.000Z</time>
        <extensions>
          <ns3:TrackPointExtension>
            <ns3:atemp>15.0</ns3:atemp>
            <ns3:hr>125</ns3:hr>
          </ns3:TrackPointExtension>
        </extensions>
      </trkpt>
      <trkpt lat="48.10626089572906494140625" lon="11.3856723345816135406494140625">
        <ele>565.20001220703125</ele>
        <time>2023-10-15T06:47:37.000Z</time>
        <extensions>
          <ns3:TrackPointExtension>
            <ns3:atemp>15.0</ns3:atemp>
            <ns3:hr>124</ns3:hr>
          </ns3:TrackPointExtension>
        </extensions>
      </trkpt>
      <trkpt lat="48.106331638991832733154296875" lon="11.38574467040598392486572265625">
        <ele>565.20001220703125</ele>
        <time>2023-10-15T06:47:40.000Z</time>
        <extensions>
          <ns3:TrackPointExtension>
            <ns3:atemp>15.0</ns3:atemp>
            <ns3:hr>121</ns3:hr>
          </ns3:TrackPointExtension>
        </extensions>
      </trkpt>
      <trkpt lat="48.10648829676210880279541015625" lon="11.3858741708099842071533203125">
        <ele>565.20001220703125</ele>
        <time>2023-10-15T06:47:46.000Z</time>
        <extensions>
          <ns3:TrackPointExtension>
            <ns3:atemp>15.0</ns3:atemp>
            <ns3:hr>121</ns3:hr>
          </ns3:TrackPointExtension>
        </extensions>
      </trkpt>
      <trkpt lat="48.1065143644809722900390625" lon="11.3858939521014690399169921875">
        <ele>565</ele>
        <time>2023-10-15T06:47:47.000Z</time>
        <extensions>
          <ns3:TrackPointExtension>
            <ns3:atemp>15.0</ns3:atemp>
            <ns3:hr>121</ns3:hr>
          </ns3:TrackPointExtension>
        </extensions>
      </trkpt>
      <trkpt lat="48.1066885404288768768310546875" lon="11.3860099576413631439208984375">
        <ele>565.20001220703125</ele>
        <time>2023-10-15T06:47:54.000Z</time>
        <extensions>
          <ns3:TrackPointExtension>
            <ns3:atemp>15.0</ns3:atemp>
            <ns3:hr>124</ns3:hr>
          </ns3:TrackPointExtension>
        </extensions>
      </trkpt>
      <trkpt lat="48.10695265419781208038330078125" lon="11.3861594907939434051513671875">
        <ele>564.5999755859375</ele>
        <time>2023-10-15T06:48:04.000Z</time>
        <extensions>
          <ns3:TrackPointExtension>
            <ns3:atemp>15.0</ns3:atemp>
            <ns3:hr>127</ns3:hr>
          </ns3:TrackPointExtension>
        </extensions>
      </trkpt>
      <trkpt lat="48.1069809012115001678466796875" lon="11.38616929762065410614013671875">
        <ele>564.5999755859375</ele>
        <time>2023-10-15T06:48:05.000Z</time>
        <extensions>
          <ns3:TrackPointExtension>
            <ns3:atemp>15.0</ns3:atemp>
            <ns3:hr>127</ns3:hr>
          </ns3:TrackPointExtension>
        </extensions>
      </trkpt>
      <trkpt lat="48.10715205967426300048828125" lon="11.38627289794385433197021484375">
        <ele>564.4000244140625</ele>
        <time>2023-10-15T06:48:14.000Z</time>
        <extensions>
          <ns3:TrackPointExtension>
            <ns3:atemp>15.0</ns3:atemp>
            <ns3:hr>128</ns3:hr>
          </ns3:TrackPointExtension>
        </extensions>
      </trkpt>
      <trkpt lat="48.10715951956808567047119140625" lon="11.38629334978759288787841796875">
        <ele>564.4000244140625</ele>
        <time>2023-10-15T06:48:19.000Z</time>
        <extensions>
          <ns3:TrackPointExtension>
            <ns3:atemp>15.0</ns3:atemp>
            <ns3:hr>126</ns3:hr>
          </ns3:TrackPointExtension>
        </extensions>
      </trkpt>
      <trkpt lat="48.10717561282217502593994140625" lon="11.38628681190311908721923828125">
        <ele>563.4000244140625</ele>
        <time>2023-10-15T06:48:59.000Z</time>
        <extensions>
          <ns3:TrackPointExtension>
            <ns3:atemp>15.0</ns3:atemp>
            <ns3:hr>131</ns3:hr>
          </ns3:TrackPointExtension>
        </extensions>
      </trkpt>
      <trkpt lat="48.10741064138710498809814453125" lon="11.38636459596455097198486328125">
        <ele>562.79998779296875</ele>
        <time>2023-10-15T06:49:06.000Z</time>
        <extensions>
          <ns3:TrackPointExtension>
            <ns3:atemp>15.0</ns3:atemp>
            <ns3:hr>131</ns3:hr>
          </ns3:TrackPointExtension>
        </extensions>
      </trkpt>
      <trkpt lat="48.10758532024919986724853515625" lon="11.3864203356206417083740234375">
        <ele>562.5999755859375</ele>
        <time>2023-10-15T06:49:12.000Z</time>
        <extensions>
          <ns3:TrackPointExtension>
            <ns3:atemp>15.0</ns3:atemp>
            <ns3:hr>132</ns3:hr>
          </ns3:TrackPointExtension>
        </extensions>
      </trkpt>
      <trkpt lat="48.10771674849092960357666015625" lon="11.38646031729876995086669921875">
        <ele>562.79998779296875</ele>
        <time>2023-10-15T06:49:19.000Z</time>
        <extensions>
          <ns3:TrackPointExtension>
            <ns3:atemp>15.0</ns3:atemp>
            <ns3:hr>134</ns3:hr>
          </ns3:TrackPointExtension>
        </extensions>
      </trkpt>
      <trkpt lat="48.10771130025386810302734375" lon="11.386458389461040496826171875">
        <ele>562.79998779296875</ele>
        <time>2023-10-15T06:49:20.000Z</time>
        <extensions>
          <ns3:TrackPointExtension>
            <ns3:atemp>15.0</ns3:atemp>
            <ns3:hr>135</ns3:hr>
          </ns3:TrackPointExtension>
        </extensions>
      </trkpt>
      <trkpt lat="48.10768674127757549285888671875" lon="11.38648261316120624542236328125">
        <ele>562.79998779296875</ele>
        <time>2023-10-15T06:49:22.000Z</time>
        <extensions>
          <ns3:TrackPointExtension>
            <ns3:atemp>15.0</ns3:atemp>
            <ns3:hr>135</ns3:hr>
          </ns3:TrackPointExtension>
        </extensions>
      </trkpt>
      <trkpt lat="48.1076628528535366058349609375" lon="11.386542879045009613037109375">
        <ele>563</ele>
        <time>2023-10-15T06:49:24.000Z</time>
        <extensions>
          <ns3:TrackPointExtension>
            <ns3:atemp>15.0</ns3:atemp>
            <ns3:hr>136</ns3:hr>
          </ns3:TrackPointExtension>
        </extensions>
      </trkpt>
      <trkpt lat="48.1076615117490291595458984375" lon="11.38674027286469936370849609375">
        <ele>563.4000244140625</ele>
        <time>2023-10-15T06:49:29.000Z</time>
        <extensions>
          <ns3:TrackPointExtension>
            <ns3:atemp>15.0</ns3:atemp>
            <ns3:hr>135</ns3:hr>
          </ns3:TrackPointExtension>
        </extensions>
      </trkpt>
      <trkpt lat="48.1076983921229839324951171875" lon="11.38701251707971096038818359375">
        <ele>563.5999755859375</ele>
        <time>2023-10-15T06:49:36.000Z</time>
        <extensions>
          <ns3:TrackPointExtension>
            <ns3:atemp>15.0</ns3:atemp>
            <ns3:hr>129</ns3:hr>
          </ns3:TrackPointExtension>
        </extensions>
      </trkpt>
      <trkpt lat="48.1077094562351703643798828125" lon="11.38709499500691890716552734375">
        <ele>563.4000244140625</ele>
        <time>2023-10-15T06:49:38.000Z</time>
        <extensions>
          <ns3:TrackPointExtension>
            <ns3:atemp>15.0</ns3:atemp>
            <ns3:hr>126</ns3:hr>
          </ns3:TrackPointExtension>
        </extensions>
      </trkpt>
      <trkpt lat="48.107697553932666778564453125" lon="11.387361623346805572509765625">
        <ele>563.5999755859375</ele>
        <time>2023-10-15T06:49:45.000Z</time>
        <extensions>
          <ns3:TrackPointExtension>
            <ns3:atemp>15.0</ns3:atemp>
            <ns3:hr>127</ns3:hr>
          </ns3:TrackPointExtension>
        </extensions>
      </trkpt>
      <trkpt lat="48.1076730787754058837890625" lon="11.38744150288403034210205078125">
        <ele>563.79998779296875</ele>
        <time>2023-10-15T06:49:48.000Z</time>
        <extensions>
          <ns3:TrackPointExtension>
            <ns3:atemp>15.0</ns3:atemp>
            <ns3:hr>127</ns3:hr>
          </ns3:TrackPointExtension>
        </extensions>
      </trkpt>
      <trkpt lat="48.1076712347567081451416015625" lon="11.3874633796513080596923828125">
        <ele>563.79998779296875</ele>
        <time>2023-10-15T06:49:50.000Z</time>
        <extensions>
          <ns3:TrackPointExtension>
            <ns3:atemp>15.0</ns3:atemp>
            <ns3:hr>129</ns3:hr>
          </ns3:TrackPointExtension>
        </extensions>
      </trkpt>
      <trkpt lat="48.10769562609493732452392578125" lon="11.3875411637127399444580078125">
        <ele>563.5999755859375</ele>
        <time>2023-10-15T06:49:54.000Z</time>
        <extensions>
          <ns3:TrackPointExtension>
            <ns3:atemp>16.0</ns3:atemp>
            <ns3:hr>128</ns3:hr>
          </ns3:TrackPointExtension>
        </extensions>
      </trkpt>
      <trkpt lat="48.10770099051296710968017578125" lon="11.38755650259554386138916015625">
        <ele>563.5999755859375</ele>
        <time>2023-10-15T06:49:55.000Z</time>
        <extensions>
          <ns3:TrackPointExtension>
            <ns3:atemp>16.0</ns3:atemp>
            <ns3:hr>129</ns3:hr>
          </ns3:TrackPointExtension>
        </extensions>
      </trkpt>
      <trkpt lat="48.107741139829158782958984375" lon="11.38761232607066631317138671875">
        <ele>562.79998779296875</ele>
        <time>2023-10-15T06:50:00.000Z</time>
        <extensions>
          <ns3:TrackPointExtension>
            <ns3:atemp>16.0</ns3:atemp>
            <ns3:hr>128</ns3:hr>
          </ns3:TrackPointExtension>
        </extensions>
      </trkpt>
      <trkpt lat="48.10777927748858928680419921875" lon="11.387674100697040557861328125">
        <ele>562.5999755859375</ele>
        <time>2023-10-15T06:50:06.000Z</time>
        <extensions>
          <ns3:TrackPointExtension>
            <ns3:atemp>16.0</ns3:atemp>
            <ns3:hr>127</ns3:hr>
          </ns3:TrackPointExtension>
        </extensions>
      </trkpt>
      <trkpt lat="48.107737787067890167236328125" lon="11.38770720921456813812255859375">
        <ele>563</ele>
        <time>2023-10-15T06:50:25.000Z</time>
        <extensions>
          <ns3:TrackPointExtension>
            <ns3:atemp>16.0</ns3:atemp>
            <ns3:hr>123</ns3:hr>
          </ns3:TrackPointExtension>
        </extensions>
      </trkpt>
      <trkpt lat="48.10772228054702281951904296875" lon="11.38774417340755462646484375">
        <ele>563</ele>
        <time>2023-10-15T06:50:26.000Z</time>
        <extensions>
          <ns3:TrackPointExtension>
            <ns3:atemp>16.0</ns3:atemp>
            <ns3:hr>123</ns3:hr>
          </ns3:TrackPointExtension>
        </extensions>
      </trkpt>
      <trkpt lat="48.10770082287490367889404296875" lon="11.3877751864492893218994140625">
        <ele>563</ele>
        <time>2023-10-15T06:50:27.000Z</time>
        <extensions>
          <ns3:TrackPointExtension>
            <ns3:atemp>16.0</ns3:atemp>
            <ns3:hr>123</ns3:hr>
          </ns3:TrackPointExtension>
        </extensions>
      </trkpt>
      <trkpt lat="48.10763561166822910308837890625" lon="11.387936286628246307373046875">
        <ele>562.79998779296875</ele>
        <time>2023-10-15T06:50:31.000Z</time>
        <extensions>
          <ns3:TrackPointExtension>
            <ns3:atemp>16.0</ns3:atemp>
            <ns3:hr>127</ns3:hr>
          </ns3:TrackPointExtension>
        </extensions>
      </trkpt>
      <trkpt lat="48.10762924142181873321533203125" lon="11.38798112981021404266357421875">
        <ele>562.79998779296875</ele>
        <time>2023-10-15T06:50:32.000Z</time>
        <extensions>
          <ns3:TrackPointExtension>
            <ns3:atemp>16.0</ns3:atemp>
            <ns3:hr>123</ns3:hr>
          </ns3:TrackPointExtension>
        </extensions>
      </trkpt>
      <trkpt lat="48.107617758214473724365234375" lon="11.38802178204059600830078125">
        <ele>562.79998779296875</ele>
        <time>2023-10-15T06:50:33.000Z</time>
        <extensions>
          <ns3:TrackPointExtension>
            <ns3:atemp>16.0</ns3:atemp>
            <ns3:hr>124</ns3:hr>
          </ns3:TrackPointExtension>
        </extensions>
      </trkpt>
      <trkpt lat="48.10761951841413974761962890625" lon="11.38806092552840709686279296875">
        <ele>562.5999755859375</ele>
        <time>2023-10-15T06:50:34.000Z</time>
        <extensions>
          <ns3:TrackPointExtension>
            <ns3:atemp>16.0</ns3:atemp>
            <ns3:hr>124</ns3:hr>
          </ns3:TrackPointExtension>
        </extensions>
      </trkpt>
      <trkpt lat="48.107621110975742340087890625" lon="11.38819118030369281768798828125">
        <ele>562.5999755859375</ele>
        <time>2023-10-15T06:50:37.000Z</time>
        <extensions>
          <ns3:TrackPointExtension>
            <ns3:atemp>16.0</ns3:atemp>
            <ns3:hr>127</ns3:hr>
          </ns3:TrackPointExtension>
        </extensions>
      </trkpt>
      <trkpt lat="48.10760308988392353057861328125" lon="11.3882301561534404754638671875">
        <ele>562.5999755859375</ele>
        <time>2023-10-15T06:50:38.000Z</time>
        <extensions>
          <ns3:TrackPointExtension>
            <ns3:atemp>16.0</ns3:atemp>
            <ns3:hr>128</ns3:hr>
          </ns3:TrackPointExtension>
        </extensions>
      </trkpt>
      <trkpt lat="48.10758925974369049072265625" lon="11.38831171207129955291748046875">
        <ele>562.79998779296875</ele>
        <time>2023-10-15T06:50:40.000Z</time>
        <extensions>
          <ns3:TrackPointExtension>
            <ns3:atemp>16.0</ns3:atemp>
            <ns3:hr>129</ns3:hr>
          </ns3:TrackPointExtension>
        </extensions>
      </trkpt>
      <trkpt lat="48.10756872408092021942138671875" lon="11.3885781727731227874755859375">
        <ele>562.5999755859375</ele>
        <time>2023-10-15T06:50:47.000Z</time>
        <extensions>
          <ns3:TrackPointExtension>
            <ns3:atemp>16.0</ns3:atemp>
            <ns3:hr>132</ns3:hr>
          </ns3:TrackPointExtension>
        </extensions>
      </trkpt>
      <trkpt lat="48.10756369493901729583740234375" lon="11.38862117193639278411865234375">
        <ele>562.5999755859375</ele>
        <time>2023-10-15T06:50:48.000Z</time>
        <extensions>
          <ns3:TrackPointExtension>
            <ns3:atemp>16.0</ns3:atemp>
            <ns3:hr>133</ns3:hr>
          </ns3:TrackPointExtension>
        </extensions>
      </trkpt>
      <trkpt lat="48.10755078680813312530517578125" lon="11.38885804452002048492431640625">
        <ele>562.79998779296875</ele>
        <time>2023-10-15T06:50:53.000Z</time>
        <extensions>
          <ns3:TrackPointExtension>
            <ns3:atemp>16.0</ns3:atemp>
            <ns3:hr>136</ns3:hr>
          </ns3:TrackPointExtension>
        </extensions>
      </trkpt>
      <trkpt lat="48.1075374595820903778076171875" lon="11.3888913206756114959716796875">
        <ele>562.79998779296875</ele>
        <time>2023-10-15T06:50:54.000Z</time>
        <extensions>
          <ns3:TrackPointExtension>
            <ns3:atemp>16.0</ns3:atemp>
            <ns3:hr>134</ns3:hr>
          </ns3:TrackPointExtension>
        </extensions>
      </trkpt>
      <trkpt lat="48.10753871686756610870361328125" lon="11.3889345712959766387939453125">
        <ele>562.79998779296875</ele>
        <time>2023-10-15T06:50:55.000Z</time>
        <extensions>
          <ns3:TrackPointExtension>
            <ns3:atemp>16.0</ns3:atemp>
            <ns3:hr>131</ns3:hr>
          </ns3:TrackPointExtension>
        </extensions>
      </trkpt>
      <trkpt lat="48.1075357832014560699462890625" lon="11.38897128403186798095703125">
        <ele>562.79998779296875</ele>
        <time>2023-10-15T06:50:56.000Z</time>
        <extensions>
          <ns3:TrackPointExtension>
            <ns3:atemp>16.0</ns3:atemp>
            <ns3:hr>131</ns3:hr>
          </ns3:TrackPointExtension>
        </extensions>
      </trkpt>
      <trkpt lat="48.10753704048693180084228515625" lon="11.3890411891043186187744140625">
        <ele>562.79998779296875</ele>
        <time>2023-10-15T06:50:58.000Z</time>
        <extensions>
          <ns3:TrackPointExtension>
            <ns3:atemp>16.0</ns3:atemp>
            <ns3:hr>132</ns3:hr>
          </ns3:TrackPointExtension>
        </extensions>
      </trkpt>
      <trkpt lat="48.107541315257549285888671875" lon="11.3891337253153324127197265625">
        <ele>562.79998779296875</ele>
        <time>2023-10-15T06:51:00.000Z</time>
        <extensions>
          <ns3:TrackPointExtension>
            <ns3:atemp>16.0</ns3:atemp>
            <ns3:hr>133</ns3:hr>
          </ns3:TrackPointExtension>
        </extensions>
      </trkpt>
      <trkpt lat="48.1074745953083038330078125" lon="11.3893201388418674468994140625">
        <ele>562.79998779296875</ele>
        <time>2023-10-15T06:51:05.000Z</time>
        <extensions>
          <ns3:TrackPointExtension>
            <ns3:atemp>16.0</ns3:atemp>
            <ns3:hr>134</ns3:hr>
          </ns3:TrackPointExtension>
        </extensions>
      </trkpt>
      <trkpt lat="48.10743930749595165252685546875" lon="11.38950395397841930389404296875">
        <ele>562.5999755859375</ele>
        <time>2023-10-15T06:51:10.000Z</time>
        <extensions>
          <ns3:TrackPointExtension>
            <ns3:atemp>16.0</ns3:atemp>
            <ns3:hr>134</ns3:hr>
          </ns3:TrackPointExtension>
        </extensions>
      </trkpt>
      <trkpt lat="48.10741223394870758056640625" lon="11.38953848741948604583740234375">
        <ele>562.5999755859375</ele>
        <time>2023-10-15T06:51:11.000Z</time>
        <extensions>
          <ns3:TrackPointExtension>
            <ns3:atemp>16.0</ns3:atemp>
            <ns3:hr>134</ns3:hr>
          </ns3:TrackPointExtension>
        </extensions>
      </trkpt>
      <trkpt lat="48.10739815235137939453125" lon="11.38960168696939945220947265625">
        <ele>562.5999755859375</ele>
        <time>2023-10-15T06:51:13.000Z</time>
        <extensions>
          <ns3:TrackPointExtension>
            <ns3:atemp>16.0</ns3:atemp>
            <ns3:hr>135</ns3:hr>
          </ns3:TrackPointExtension>
        </extensions>
      </trkpt>
      <trkpt lat="48.1074409000575542449951171875" lon="11.38995406217873096466064453125">
        <ele>562.5999755859375</ele>
        <time>2023-10-15T06:51:20.000Z</time>
        <extensions>
          <ns3:TrackPointExtension>
            <ns3:atemp>16.0</ns3:atemp>
            <ns3:hr>138</ns3:hr>
          </ns3:TrackPointExtension>
        </extensions>
      </trkpt>
      <trkpt lat="48.107511140406131744384765625" lon="11.39003268443048000335693359375">
        <ele>562.79998779296875</ele>
        <time>2023-10-15T06:51:23.000Z</time>
        <extensions>
          <ns3:TrackPointExtension>
            <ns3:atemp>16.0</ns3:atemp>
            <ns3:hr>137</ns3:hr>
          </ns3:TrackPointExtension>
        </extensions>
      </trkpt>
      <trkpt lat="48.10756989754736423492431640625" lon="11.39008699916303157806396484375">
        <ele>562.79998779296875</ele>
        <time>2023-10-15T06:51:26.000Z</time>
        <extensions>
          <ns3:TrackPointExtension>
            <ns3:atemp>16.0</ns3:atemp>
            <ns3:hr>137</ns3:hr>
          </ns3:TrackPointExtension>
        </extensions>
      </trkpt>
      <trkpt lat="48.10763276182115077972412109375" lon="11.39012463390827178955078125">
        <ele>562.4000244140625</ele>
        <time>2023-10-15T06:51:29.000Z</time>
        <extensions>
          <ns3:TrackPointExtension>
            <ns3:atemp>16.0</ns3:atemp>
            <ns3:hr>137</ns3:hr>
          </ns3:TrackPointExtension>
        </extensions>
      </trkpt>
      <trkpt lat="48.1077409721910953521728515625" lon="11.39015438966453075408935546875">
        <ele>562.20001220703125</ele>
        <time>2023-10-15T06:51:33.000Z</time>
        <extensions>
          <ns3:TrackPointExtension>
            <ns3:atemp>16.0</ns3:atemp>
            <ns3:hr>136</ns3:hr>
          </ns3:TrackPointExtension>
        </extensions>
      </trkpt>
      <trkpt lat="48.1078982166945934295654296875" lon="11.39024072326719760894775390625">
        <ele>562</ele>
        <time>2023-10-15T06:51:41.000Z</time>
        <extensions>
          <ns3:TrackPointExtension>
            <ns3:atemp>16.0</ns3:atemp>
            <ns3:hr>137</ns3:hr>
          </ns3:TrackPointExtension>
        </extensions>
      </trkpt>
      <trkpt lat="48.10805252753198146820068359375" lon="11.390486396849155426025390625">
        <ele>562</ele>
        <time>2023-10-15T06:51:48.000Z</time>
        <extensions>
          <ns3:TrackPointExtension>
            <ns3:atemp>16.0</ns3:atemp>
            <ns3:hr>139</ns3:hr>
          </ns3:TrackPointExtension>
        </extensions>
      </trkpt>
      <trkpt lat="48.10803425498306751251220703125" lon="11.39076358638703823089599609375">
        <ele>562</ele>
        <time>2023-10-15T06:51:54.000Z</time>
        <extensions>
          <ns3:TrackPointExtension>
            <ns3:atemp>16.0</ns3:atemp>
            <ns3:hr>139</ns3:hr>
          </ns3:TrackPointExtension>
        </extensions>
      </trkpt>
      <trkpt lat="48.10795605182647705078125" lon="11.39110657386481761932373046875">
        <ele>562</ele>
        <time>2023-10-15T06:52:01.000Z</time>
        <extensions>
          <ns3:TrackPointExtension>
            <ns3:atemp>16.0</ns3:atemp>
            <ns3:hr>139</ns3:hr>
          </ns3:TrackPointExtension>
        </extensions>
      </trkpt>
      <trkpt lat="48.10794607736170291900634765625" lon="11.39114982448518276214599609375">
        <ele>562</ele>
        <time>2023-10-15T06:52:02.000Z</time>
        <extensions>
          <ns3:TrackPointExtension>
            <ns3:atemp>16.0</ns3:atemp>
            <ns3:hr>139</ns3:hr>
          </ns3:TrackPointExtension>
        </extensions>
      </trkpt>
      <trkpt lat="48.10793124139308929443359375" lon="11.3912633992731571197509765625">
        <ele>562.20001220703125</ele>
        <time>2023-10-15T06:52:05.000Z</time>
        <extensions>
          <ns3:TrackPointExtension>
            <ns3:atemp>16.0</ns3:atemp>
            <ns3:hr>139</ns3:hr>
          </ns3:TrackPointExtension>
        </extensions>
      </trkpt>
      <trkpt lat="48.1079367734491825103759765625" lon="11.391472779214382171630859375">
        <ele>562.20001220703125</ele>
        <time>2023-10-15T06:52:10.000Z</time>
        <extensions>
          <ns3:TrackPointExtension>
            <ns3:atemp>16.0</ns3:atemp>
            <ns3:hr>138</ns3:hr>
          </ns3:TrackPointExtension>
        </extensions>
      </trkpt>
      <trkpt lat="48.1079252064228057861328125" lon="11.39151209034025669097900390625">
        <ele>562.20001220703125</ele>
        <time>2023-10-15T06:52:11.000Z</time>
        <extensions>
          <ns3:TrackPointExtension>
            <ns3:atemp>16.0</ns3:atemp>
            <ns3:hr>138</ns3:hr>
          </ns3:TrackPointExtension>
        </extensions>
      </trkpt>
      <trkpt lat="48.10786058194935321807861328125" lon="11.3917187042534351348876953125">
        <ele>562.20001220703125</ele>
        <time>2023-10-15T06:52:16.000Z</time>
        <extensions>
          <ns3:TrackPointExtension>
            <ns3:atemp>16.0</ns3:atemp>
            <ns3:hr>139</ns3:hr>
          </ns3:TrackPointExtension>
        </extensions>
      </trkpt>
      <trkpt lat="48.107857815921306610107421875" lon="11.3917978294193744659423828125">
        <ele>562.20001220703125</ele>
        <time>2023-10-15T06:52:18.000Z</time>
        <extensions>
          <ns3:TrackPointExtension>
            <ns3:atemp>16.0</ns3:atemp>
            <ns3:hr>139</ns3:hr>
          </ns3:TrackPointExtension>
        </extensions>
      </trkpt>
      <trkpt lat="48.10785991139709949493408203125" lon="11.39188374392688274383544921875">
        <ele>562.20001220703125</ele>
        <time>2023-10-15T06:52:20.000Z</time>
        <extensions>
          <ns3:TrackPointExtension>
            <ns3:atemp>16.0</ns3:atemp>
            <ns3:hr>139</ns3:hr>
          </ns3:TrackPointExtension>
        </extensions>
      </trkpt>
      <trkpt lat="48.107833676040172576904296875" lon="11.39211391098797321319580078125">
        <ele>562.4000244140625</ele>
        <time>2023-10-15T06:52:26.000Z</time>
        <extensions>
          <ns3:TrackPointExtension>
            <ns3:atemp>16.0</ns3:atemp>
            <ns3:hr>138</ns3:hr>
          </ns3:TrackPointExtension>
        </extensions>
      </trkpt>
      <trkpt lat="48.10781515203416347503662109375" lon="11.3921833969652652740478515625">
        <ele>562.20001220703125</ele>
        <time>2023-10-15T06:52:28.000Z</time>
        <extensions>
          <ns3:TrackPointExtension>
            <ns3:atemp>16.0</ns3:atemp>
            <ns3:hr>138</ns3:hr>
          </ns3:TrackPointExtension>
        </extensions>
      </trkpt>
      <trkpt lat="48.1077942810952663421630859375" lon="11.39230736531317234039306640625">
        <ele>562.4000244140625</ele>
        <time>2023-10-15T06:52:31.000Z</time>
        <extensions>
          <ns3:TrackPointExtension>
            <ns3:atemp>16.0</ns3:atemp>
            <ns3:hr>138</ns3:hr>
          </ns3:TrackPointExtension>
        </extensions>
      </trkpt>
      <trkpt lat="48.1077741645276546478271484375" lon="11.39247751794755458831787109375">
        <ele>562.4000244140625</ele>
        <time>2023-10-15T06:52:35.000Z</time>
        <extensions>
          <ns3:TrackPointExtension>
            <ns3:atemp>16.0</ns3:atemp>
            <ns3:hr>138</ns3:hr>
          </ns3:TrackPointExtension>
        </extensions>
      </trkpt>
      <trkpt lat="48.10779755003750324249267578125" lon="11.39268455095589160919189453125">
        <ele>562.4000244140625</ele>
        <time>2023-10-15T06:52:39.000Z</time>
        <extensions>
          <ns3:TrackPointExtension>
            <ns3:atemp>16.0</ns3:atemp>
            <ns3:hr>137</ns3:hr>
          </ns3:TrackPointExtension>
        </extensions>
      </trkpt>
      <trkpt lat="48.1078009866178035736083984375" lon="11.39275428839027881622314453125">
        <ele>562.79998779296875</ele>
        <time>2023-10-15T06:52:41.000Z</time>
        <extensions>
          <ns3:TrackPointExtension>
            <ns3:atemp>16.0</ns3:atemp>
            <ns3:hr>138</ns3:hr>
          </ns3:TrackPointExtension>
        </extensions>
      </trkpt>
      <trkpt lat="48.1077724881470203399658203125" lon="11.39295679517090320587158203125">
        <ele>563</ele>
        <time>2023-10-15T06:52:46.000Z</time>
        <extensions>
          <ns3:TrackPointExtension>
            <ns3:atemp>16.0</ns3:atemp>
            <ns3:hr>137</ns3:hr>
          </ns3:TrackPointExtension>
        </extensions>
      </trkpt>
      <trkpt lat="48.1077460013329982757568359375" lon="11.39306542463600635528564453125">
        <ele>563</ele>
        <time>2023-10-15T06:52:48.000Z</time>
        <extensions>
          <ns3:TrackPointExtension>
            <ns3:atemp>16.0</ns3:atemp>
            <ns3:hr>137</ns3:hr>
          </ns3:TrackPointExtension>
        </extensions>
      </trkpt>
      <trkpt lat="48.107686154544353485107421875" lon="11.3931831903755664825439453125">
        <ele>563</ele>
        <time>2023-10-15T06:52:51.000Z</time>
        <extensions>
          <ns3:TrackPointExtension>
            <ns3:atemp>16.0</ns3:atemp>
            <ns3:hr>137</ns3:hr>
          </ns3:TrackPointExtension>
        </extensions>
      </trkpt>
      <trkpt lat="48.107668049633502960205078125" lon="11.39325787313282489776611328125">
        <ele>563</ele>
        <time>2023-10-15T06:52:53.000Z</time>
        <extensions>
          <ns3:TrackPointExtension>
            <ns3:atemp>16.0</ns3:atemp>
            <ns3:hr>138</ns3:hr>
          </ns3:TrackPointExtension>
        </extensions>
      </trkpt>
      <trkpt lat="48.10765069909393787384033203125" lon="11.39339969493448734283447265625">
        <ele>563</ele>
        <time>2023-10-15T06:52:56.000Z</time>
        <extensions>
          <ns3:TrackPointExtension>
            <ns3:atemp>16.0</ns3:atemp>
            <ns3:hr>138</ns3:hr>
          </ns3:TrackPointExtension>
        </extensions>
      </trkpt>
      <trkpt lat="48.10756855644285678863525390625" lon="11.39364503324031829833984375">
        <ele>562.79998779296875</ele>
        <time>2023-10-15T06:53:02.000Z</time>
        <extensions>
          <ns3:TrackPointExtension>
            <ns3:atemp>16.0</ns3:atemp>
            <ns3:hr>137</ns3:hr>
          </ns3:TrackPointExtension>
        </extensions>
      </trkpt>
      <trkpt lat="48.10756151564419269561767578125" lon="11.39379364438354969024658203125">
        <ele>562.79998779296875</ele>
        <time>2023-10-15T06:53:06.000Z</time>
        <extensions>
          <ns3:TrackPointExtension>
            <ns3:atemp>16.0</ns3:atemp>
            <ns3:hr>137</ns3:hr>
          </ns3:TrackPointExtension>
        </extensions>
      </trkpt>
      <trkpt lat="48.10752497054636478424072265625" lon="11.394022889435291290283203125">
        <ele>562.79998779296875</ele>
        <time>2023-10-15T06:53:11.000Z</time>
        <extensions>
          <ns3:TrackPointExtension>
            <ns3:atemp>16.0</ns3:atemp>
            <ns3:hr>137</ns3:hr>
          </ns3:TrackPointExtension>
        </extensions>
      </trkpt>
      <trkpt lat="48.10749010182917118072509765625" lon="11.394134871661663055419921875">
        <ele>562.79998779296875</ele>
        <time>2023-10-15T06:53:14.000Z</time>
        <extensions>
          <ns3:TrackPointExtension>
            <ns3:atemp>16.0</ns3:atemp>
            <ns3:hr>136</ns3:hr>
          </ns3:TrackPointExtension>
        </extensions>
      </trkpt>
      <trkpt lat="48.1074586696922779083251953125" lon="11.39422279782593250274658203125">
        <ele>562.79998779296875</ele>
        <time>2023-10-15T06:53:16.000Z</time>
        <extensions>
          <ns3:TrackPointExtension>
            <ns3:atemp>16.0</ns3:atemp>
            <ns3:hr>137</ns3:hr>
          </ns3:TrackPointExtension>
        </extensions>
      </trkpt>
      <trkpt lat="48.10737694613635540008544921875" lon="11.39442144893109798431396484375">
        <ele>563</ele>
        <time>2023-10-15T06:53:22.000Z</time>
        <extensions>
          <ns3:TrackPointExtension>
            <ns3:atemp>16.0</ns3:atemp>
            <ns3:hr>135</ns3:hr>
          </ns3:TrackPointExtension>
        </extensions>
      </trkpt>
      <trkpt lat="48.10732397250831127166748046875" lon="11.39462781138718128204345703125">
        <ele>562.79998779296875</ele>
        <time>2023-10-15T06:53:28.000Z</time>
        <extensions>
          <ns3:TrackPointExtension>
            <ns3:atemp>16.0</ns3:atemp>
            <ns3:hr>135</ns3:hr>
          </ns3:TrackPointExtension>
        </extensions>
      </trkpt>
      <trkpt lat="48.10730117373168468475341796875" lon="11.394879855215549468994140625">
        <ele>562.5999755859375</ele>
        <time>2023-10-15T06:53:35.000Z</time>
        <extensions>
          <ns3:TrackPointExtension>
            <ns3:atemp>16.0</ns3:atemp>
            <ns3:hr>138</ns3:hr>
          </ns3:TrackPointExtension>
        </extensions>
      </trkpt>
      <trkpt lat="48.10732028447091579437255859375" lon="11.39490835368633270263671875">
        <ele>562.5999755859375</ele>
        <time>2023-10-15T06:53:36.000Z</time>
        <extensions>
          <ns3:TrackPointExtension>
            <ns3:atemp>16.0</ns3:atemp>
            <ns3:hr>138</ns3:hr>
          </ns3:TrackPointExtension>
        </extensions>
      </trkpt>
      <trkpt lat="48.107461519539356231689453125" lon="11.39502729289233684539794921875">
        <ele>562.5999755859375</ele>
        <time>2023-10-15T06:53:41.000Z</time>
        <extensions>
          <ns3:TrackPointExtension>
            <ns3:atemp>16.0</ns3:atemp>
            <ns3:hr>140</ns3:hr>
          </ns3:TrackPointExtension>
        </extensions>
      </trkpt>
      <trkpt lat="48.107640556991100311279296875" lon="11.39512569643557071685791015625">
        <ele>562.5999755859375</ele>
        <time>2023-10-15T06:53:48.000Z</time>
        <extensions>
          <ns3:TrackPointExtension>
            <ns3:atemp>16.0</ns3:atemp>
            <ns3:hr>141</ns3:hr>
          </ns3:TrackPointExtension>
        </extensions>
      </trkpt>
      <trkpt lat="48.107676766812801361083984375" lon="11.39514346607029438018798828125">
        <ele>562.5999755859375</ele>
        <time>2023-10-15T06:53:49.000Z</time>
        <extensions>
          <ns3:TrackPointExtension>
            <ns3:atemp>16.0</ns3:atemp>
            <ns3:hr>141</ns3:hr>
          </ns3:TrackPointExtension>
        </extensions>
      </trkpt>
      <trkpt lat="48.1078313291072845458984375" lon="11.395309008657932281494140625">
        <ele>562.79998779296875</ele>
        <time>2023-10-15T06:53:55.000Z</time>
        <extensions>
          <ns3:TrackPointExtension>
            <ns3:atemp>16.0</ns3:atemp>
            <ns3:hr>141</ns3:hr>
          </ns3:TrackPointExtension>
        </extensions>
      </trkpt>
      <trkpt lat="48.10804481618106365203857421875" lon="11.395490057766437530517578125">
        <ele>562.5999755859375</ele>
        <time>2023-10-15T06:54:04.000Z</time>
        <extensions>
          <ns3:TrackPointExtension>
            <ns3:atemp>16.0</ns3:atemp>
            <ns3:hr>140</ns3:hr>
          </ns3:TrackPointExtension>
        </extensions>
      </trkpt>
      <trkpt lat="48.10823030769824981689453125" lon="11.39562240801751613616943359375">
        <ele>562.5999755859375</ele>
        <time>2023-10-15T06:54:11.000Z</time>
        <extensions>
          <ns3:TrackPointExtension>
            <ns3:atemp>16.0</ns3:atemp>
            <ns3:hr>140</ns3:hr>
          </ns3:TrackPointExtension>
        </extensions>
      </trkpt>
      <trkpt lat="48.10844077728688716888427734375" lon="11.3957296125590801239013671875">
        <ele>562.4000244140625</ele>
        <time>2023-10-15T06:54:20.000Z</time>
        <extensions>
          <ns3:TrackPointExtension>
            <ns3:atemp>15.0</ns3:atemp>
            <ns3:hr>140</ns3:hr>
          </ns3:TrackPointExtension>
        </extensions>
      </trkpt>
      <trkpt lat="48.10856851749122142791748046875" lon="11.3957913033664226531982421875">
        <ele>562.4000244140625</ele>
        <time>2023-10-15T06:54:26.000Z</time>
        <extensions>
          <ns3:TrackPointExtension>
            <ns3:atemp>15.0</ns3:atemp>
            <ns3:hr>141</ns3:hr>
          </ns3:TrackPointExtension>
        </extensions>
      </trkpt>
      <trkpt lat="48.10865879058837890625" lon="11.39582826755940914154052734375">
        <ele>562.4000244140625</ele>
        <time>2023-10-15T06:54:31.000Z</time>
        <extensions>
          <ns3:TrackPointExtension>
            <ns3:atemp>15.0</ns3:atemp>
            <ns3:hr>140</ns3:hr>
          </ns3:TrackPointExtension>
        </extensions>
      </trkpt>
      <trkpt lat="48.10884797014296054840087890625" lon="11.395890712738037109375">
        <ele>562.4000244140625</ele>
        <time>2023-10-15T06:54:37.000Z</time>
        <extensions>
          <ns3:TrackPointExtension>
            <ns3:atemp>15.0</ns3:atemp>
            <ns3:hr>141</ns3:hr>
          </ns3:TrackPointExtension>
        </extensions>
      </trkpt>
      <trkpt lat="48.109011165797710418701171875" lon="11.39601367525756359100341796875">
        <ele>562.20001220703125</ele>
        <time>2023-10-15T06:54:42.000Z</time>
        <extensions>
          <ns3:TrackPointExtension>
            <ns3:atemp>15.0</ns3:atemp>
            <ns3:hr>141</ns3:hr>
          </ns3:TrackPointExtension>
        </extensions>
      </trkpt>
      <trkpt lat="48.10930788516998291015625" lon="11.39612498693168163299560546875">
        <ele>562.4000244140625</ele>
        <time>2023-10-15T06:54:52.000Z</time>
        <extensions>
          <ns3:TrackPointExtension>
            <ns3:atemp>15.0</ns3:atemp>
            <ns3:hr>140</ns3:hr>
          </ns3:TrackPointExtension>
        </extensions>
      </trkpt>
      <trkpt lat="48.10949672944843769073486328125" lon="11.39619958586990833282470703125">
        <ele>562</ele>
        <time>2023-10-15T06:54:58.000Z</time>
        <extensions>
          <ns3:TrackPointExtension>
            <ns3:atemp>15.0</ns3:atemp>
            <ns3:hr>138</ns3:hr>
          </ns3:TrackPointExtension>
        </extensions>
      </trkpt>
      <trkpt lat="48.10966872610151767730712890625" lon="11.3962985761463642120361328125">
        <ele>562</ele>
        <time>2023-10-15T06:55:03.000Z</time>
        <extensions>
          <ns3:TrackPointExtension>
            <ns3:atemp>15.0</ns3:atemp>
            <ns3:hr>137</ns3:hr>
          </ns3:TrackPointExtension>
        </extensions>
      </trkpt>
      <trkpt lat="48.10979805886745452880859375" lon="11.396415419876575469970703125">
        <ele>562</ele>
        <time>2023-10-15T06:55:09.000Z</time>
        <extensions>
          <ns3:TrackPointExtension>
            <ns3:atemp>15.0</ns3:atemp>
            <ns3:hr>138</ns3:hr>
          </ns3:TrackPointExtension>
        </extensions>
      </trkpt>
      <trkpt lat="48.1099098734557628631591796875" lon="11.39646914787590503692626953125">
        <ele>561.79998779296875</ele>
        <time>2023-10-15T06:55:14.000Z</time>
        <extensions>
          <ns3:TrackPointExtension>
            <ns3:atemp>15.0</ns3:atemp>
            <ns3:hr>136</ns3:hr>
          </ns3:TrackPointExtension>
        </extensions>
      </trkpt>
      <trkpt lat="48.11009041965007781982421875" lon="11.396587081253528594970703125">
        <ele>561.79998779296875</ele>
        <time>2023-10-15T06:55:21.000Z</time>
        <extensions>
          <ns3:TrackPointExtension>
            <ns3:atemp>15.0</ns3:atemp>
            <ns3:hr>135</ns3:hr>
          </ns3:TrackPointExtension>
        </extensions>
      </trkpt>
      <trkpt lat="48.11030742712318897247314453125" lon="11.39669830910861492156982421875">
        <ele>561.79998779296875</ele>
        <time>2023-10-15T06:55:27.000Z</time>
        <extensions>
          <ns3:TrackPointExtension>
            <ns3:atemp>15.0</ns3:atemp>
            <ns3:hr>137</ns3:hr>
          </ns3:TrackPointExtension>
        </extensions>
      </trkpt>
      <trkpt lat="48.11040666885673999786376953125" lon="11.39675228856503963470458984375">
        <ele>561.5999755859375</ele>
        <time>2023-10-15T06:55:30.000Z</time>
        <extensions>
          <ns3:TrackPointExtension>
            <ns3:atemp>15.0</ns3:atemp>
            <ns3:hr>140</ns3:hr>
          </ns3:TrackPointExtension>
        </extensions>
      </trkpt>
      <trkpt lat="48.1104935891926288604736328125" lon="11.39679051004350185394287109375">
        <ele>561.5999755859375</ele>
        <time>2023-10-15T06:55:33.000Z</time>
        <extensions>
          <ns3:TrackPointExtension>
            <ns3:atemp>15.0</ns3:atemp>
            <ns3:hr>143</ns3:hr>
          </ns3:TrackPointExtension>
        </extensions>
      </trkpt>
      <trkpt lat="48.11057950370013713836669921875" lon="11.39684130437672138214111328125">
        <ele>561.5999755859375</ele>
        <time>2023-10-15T06:55:36.000Z</time>
        <extensions>
          <ns3:TrackPointExtension>
            <ns3:atemp>15.0</ns3:atemp>
            <ns3:hr>146</ns3:hr>
          </ns3:TrackPointExtension>
        </extensions>
      </trkpt>
      <trkpt lat="48.11072207987308502197265625" lon="11.39689721167087554931640625">
        <ele>561.4000244140625</ele>
        <time>2023-10-15T06:55:42.000Z</time>
        <extensions>
          <ns3:TrackPointExtension>
            <ns3:atemp>15.0</ns3:atemp>
            <ns3:hr>147</ns3:hr>
          </ns3:TrackPointExtension>
        </extensions>
      </trkpt>
      <trkpt lat="48.11083347536623477935791015625" lon="11.39693870209157466888427734375">
        <ele>561.20001220703125</ele>
        <time>2023-10-15T06:55:48.000Z</time>
        <extensions>
          <ns3:TrackPointExtension>
            <ns3:atemp>15.0</ns3:atemp>
            <ns3:hr>146</ns3:hr>
          </ns3:TrackPointExtension>
        </extensions>
      </trkpt>
      <trkpt lat="48.11099038459360599517822265625" lon="11.39703693799674510955810546875">
        <ele>561.4000244140625</ele>
        <time>2023-10-15T06:55:54.000Z</time>
        <extensions>
          <ns3:TrackPointExtension>
            <ns3:atemp>15.0</ns3:atemp>
            <ns3:hr>145</ns3:hr>
          </ns3:TrackPointExtension>
        </extensions>
      </trkpt>
      <trkpt lat="48.11124804429709911346435546875" lon="11.39720030128955841064453125">
        <ele>561.20001220703125</ele>
        <time>2023-10-15T06:56:02.000Z</time>
        <extensions>
          <ns3:TrackPointExtension>
            <ns3:atemp>15.0</ns3:atemp>
            <ns3:hr>144</ns3:hr>
          </ns3:TrackPointExtension>
        </extensions>
      </trkpt>
      <trkpt lat="48.1114675663411617279052734375" lon="11.397313289344310760498046875">
        <ele>561</ele>
        <time>2023-10-15T06:56:09.000Z</time>
        <extensions>
          <ns3:TrackPointExtension>
            <ns3:atemp>15.0</ns3:atemp>
            <ns3:hr>141</ns3:hr>
          </ns3:TrackPointExtension>
        </extensions>
      </trkpt>
      <trkpt lat="48.11178767122328281402587890625" lon="11.3974691927433013916015625">
        <ele>560.79998779296875</ele>
        <time>2023-10-15T06:56:20.000Z</time>
        <extensions>
          <ns3:TrackPointExtension>
            <ns3:atemp>15.0</ns3:atemp>
            <ns3:hr>139</ns3:hr>
          </ns3:TrackPointExtension>
        </extensions>
      </trkpt>
      <trkpt lat="48.11198565177619457244873046875" lon="11.39757572673261165618896484375">
        <ele>560.4000244140625</ele>
        <time>2023-10-15T06:56:29.000Z</time>
        <extensions>
          <ns3:TrackPointExtension>
            <ns3:atemp>15.0</ns3:atemp>
            <ns3:hr>138</ns3:hr>
          </ns3:TrackPointExtension>
        </extensions>
      </trkpt>
      <trkpt lat="48.1119835563004016876220703125" lon="11.39756533317267894744873046875">
        <ele>560.79998779296875</ele>
        <time>2023-10-15T06:56:32.000Z</time>
        <extensions>
          <ns3:TrackPointExtension>
            <ns3:atemp>15.0</ns3:atemp>
            <ns3:hr>137</ns3:hr>
          </ns3:TrackPointExtension>
        </extensions>
      </trkpt>
      <trkpt lat="48.1119828857481479644775390625" lon="11.3975657522678375244140625">
        <ele>561</ele>
        <time>2023-10-15T06:56:33.000Z</time>
        <extensions>
          <ns3:TrackPointExtension>
            <ns3:atemp>15.0</ns3:atemp>
            <ns3:hr>137</ns3:hr>
          </ns3:TrackPointExtension>
        </extensions>
      </trkpt>
      <trkpt lat="48.11200157739222049713134765625" lon="11.39757857657968997955322265625">
        <ele>560.79998779296875</ele>
        <time>2023-10-15T06:56:36.000Z</time>
        <extensions>
          <ns3:TrackPointExtension>
            <ns3:atemp>15.0</ns3:atemp>
            <ns3:hr>136</ns3:hr>
          </ns3:TrackPointExtension>
        </extensions>
      </trkpt>
      <trkpt lat="48.11204331927001476287841796875" lon="11.39759986661374568939208984375">
        <ele>560.79998779296875</ele>
        <time>2023-10-15T06:56:38.000Z</time>
        <extensions>
          <ns3:TrackPointExtension>
            <ns3:atemp>15.0</ns3:atemp>
            <ns3:hr>136</ns3:hr>
          </ns3:TrackPointExtension>
        </extensions>
      </trkpt>
      <trkpt lat="48.112213052809238433837890625" lon="11.3977194763720035552978515625">
        <ele>560.4000244140625</ele>
        <time>2023-10-15T06:56:45.000Z</time>
        <extensions>
          <ns3:TrackPointExtension>
            <ns3:atemp>15.0</ns3:atemp>
            <ns3:hr>139</ns3:hr>
          </ns3:TrackPointExtension>
        </extensions>
      </trkpt>
      <trkpt lat="48.11224213801324367523193359375" lon="11.3977446220815181732177734375">
        <ele>560.4000244140625</ele>
        <time>2023-10-15T06:56:46.000Z</time>
        <extensions>
          <ns3:TrackPointExtension>
            <ns3:atemp>15.0</ns3:atemp>
            <ns3:hr>139</ns3:hr>
          </ns3:TrackPointExtension>
        </extensions>
      </trkpt>
      <trkpt lat="48.11244464479386806488037109375" lon="11.39785534702241420745849609375">
        <ele>560</ele>
        <time>2023-10-15T06:56:53.000Z</time>
        <extensions>
          <ns3:TrackPointExtension>
            <ns3:atemp>15.0</ns3:atemp>
            <ns3:hr>139</ns3:hr>
          </ns3:TrackPointExtension>
        </extensions>
      </trkpt>
      <trkpt lat="48.11264178715646266937255859375" lon="11.39796338975429534912109375">
        <ele>559.79998779296875</ele>
        <time>2023-10-15T06:57:01.000Z</time>
        <extensions>
          <ns3:TrackPointExtension>
            <ns3:atemp>15.0</ns3:atemp>
            <ns3:hr>137</ns3:hr>
          </ns3:TrackPointExtension>
        </extensions>
      </trkpt>
      <trkpt lat="48.11282451264560222625732421875" lon="11.3981925509870052337646484375">
        <ele>559.5999755859375</ele>
        <time>2023-10-15T06:57:08.000Z</time>
        <extensions>
          <ns3:TrackPointExtension>
            <ns3:atemp>15.0</ns3:atemp>
            <ns3:hr>138</ns3:hr>
          </ns3:TrackPointExtension>
        </extensions>
      </trkpt>
      <trkpt lat="48.11292828060686588287353515625" lon="11.3983236439526081085205078125">
        <ele>559.20001220703125</ele>
        <time>2023-10-15T06:57:13.000Z</time>
        <extensions>
          <ns3:TrackPointExtension>
            <ns3:atemp>15.0</ns3:atemp>
            <ns3:hr>138</ns3:hr>
          </ns3:TrackPointExtension>
        </extensions>
      </trkpt>
      <trkpt lat="48.11297404579818248748779296875" lon="11.39838759787380695343017578125">
        <ele>559.20001220703125</ele>
        <time>2023-10-15T06:57:15.000Z</time>
        <extensions>
          <ns3:TrackPointExtension>
            <ns3:atemp>15.0</ns3:atemp>
            <ns3:hr>139</ns3:hr>
          </ns3:TrackPointExtension>
        </extensions>
      </trkpt>
      <trkpt lat="48.11306591145694255828857421875" lon="11.398527324199676513671875">
        <ele>559.20001220703125</ele>
        <time>2023-10-15T06:57:19.000Z</time>
        <extensions>
          <ns3:TrackPointExtension>
            <ns3:atemp>15.0</ns3:atemp>
            <ns3:hr>142</ns3:hr>
          </ns3:TrackPointExtension>
        </extensions>
      </trkpt>
      <trkpt lat="48.11318434774875640869140625" lon="11.3986837305128574371337890625">
        <ele>559</ele>
        <time>2023-10-15T06:57:24.000Z</time>
        <extensions>
          <ns3:TrackPointExtension>
            <ns3:atemp>15.0</ns3:atemp>
            <ns3:hr>144</ns3:hr>
          </ns3:TrackPointExtension>
        </extensions>
      </trkpt>
      <trkpt lat="48.113406635820865631103515625" lon="11.398974917829036712646484375">
        <ele>558.79998779296875</ele>
        <time>2023-10-15T06:57:34.000Z</time>
        <extensions>
          <ns3:TrackPointExtension>
            <ns3:atemp>15.0</ns3:atemp>
            <ns3:hr>145</ns3:hr>
          </ns3:TrackPointExtension>
        </extensions>
      </trkpt>
      <trkpt lat="48.11358206905424594879150390625" lon="11.39921841211616992950439453125">
        <ele>558.4000244140625</ele>
        <time>2023-10-15T06:57:42.000Z</time>
        <extensions>
          <ns3:TrackPointExtension>
            <ns3:atemp>15.0</ns3:atemp>
            <ns3:hr>145</ns3:hr>
          </ns3:TrackPointExtension>
        </extensions>
      </trkpt>
      <trkpt lat="48.113750629127025604248046875" lon="11.39945947565138339996337890625">
        <ele>558.20001220703125</ele>
        <time>2023-10-15T06:57:50.000Z</time>
        <extensions>
          <ns3:TrackPointExtension>
            <ns3:atemp>15.0</ns3:atemp>
            <ns3:hr>144</ns3:hr>
          </ns3:TrackPointExtension>
        </extensions>
      </trkpt>
      <trkpt lat="48.1137705780565738677978515625" lon="11.3994937576353549957275390625">
        <ele>558.20001220703125</ele>
        <time>2023-10-15T06:57:51.000Z</time>
        <extensions>
          <ns3:TrackPointExtension>
            <ns3:atemp>15.0</ns3:atemp>
            <ns3:hr>144</ns3:hr>
          </ns3:TrackPointExtension>
        </extensions>
      </trkpt>
      <trkpt lat="48.11398523859679698944091796875" lon="11.39981403015553951263427734375">
        <ele>558.20001220703125</ele>
        <time>2023-10-15T06:58:02.000Z</time>
        <extensions>
          <ns3:TrackPointExtension>
            <ns3:atemp>15.0</ns3:atemp>
            <ns3:hr>143</ns3:hr>
          </ns3:TrackPointExtension>
        </extensions>
      </trkpt>
      <trkpt lat="48.1141732446849346160888671875" lon="11.4000764675438404083251953125">
        <ele>558.20001220703125</ele>
        <time>2023-10-15T06:58:11.000Z</time>
        <extensions>
          <ns3:TrackPointExtension>
            <ns3:atemp>15.0</ns3:atemp>
            <ns3:hr>143</ns3:hr>
          </ns3:TrackPointExtension>
        </extensions>
      </trkpt>
      <trkpt lat="48.1143365241587162017822265625" lon="11.40035860240459442138671875">
        <ele>558</ele>
        <time>2023-10-15T06:58:20.000Z</time>
        <extensions>
          <ns3:TrackPointExtension>
            <ns3:atemp>15.0</ns3:atemp>
            <ns3:hr>142</ns3:hr>
          </ns3:TrackPointExtension>
        </extensions>
      </trkpt>
      <trkpt lat="48.114503659307956695556640625" lon="11.4006343670189380645751953125">
        <ele>558</ele>
        <time>2023-10-15T06:58:29.000Z</time>
        <extensions>
          <ns3:TrackPointExtension>
            <ns3:atemp>15.0</ns3:atemp>
            <ns3:hr>143</ns3:hr>
          </ns3:TrackPointExtension>
        </extensions>
      </trkpt>
      <trkpt lat="48.11469116248190402984619140625" lon="11.40093527734279632568359375">
        <ele>557.79998779296875</ele>
        <time>2023-10-15T06:58:39.000Z</time>
        <extensions>
          <ns3:TrackPointExtension>
            <ns3:atemp>15.0</ns3:atemp>
            <ns3:hr>143</ns3:hr>
          </ns3:TrackPointExtension>
        </extensions>
      </trkpt>
      <trkpt lat="48.11489299871027469635009765625" lon="11.401247084140777587890625">
        <ele>557.5999755859375</ele>
        <time>2023-10-15T06:58:49.000Z</time>
        <extensions>
          <ns3:TrackPointExtension>
            <ns3:atemp>15.0</ns3:atemp>
            <ns3:hr>141</ns3:hr>
          </ns3:TrackPointExtension>
        </extensions>
      </trkpt>
      <trkpt lat="48.11504890210926532745361328125" lon="11.40150725841522216796875">
        <ele>557.4000244140625</ele>
        <time>2023-10-15T06:58:57.000Z</time>
        <extensions>
          <ns3:TrackPointExtension>
            <ns3:atemp>15.0</ns3:atemp>
            <ns3:hr>144</ns3:hr>
          </ns3:TrackPointExtension>
        </extensions>
      </trkpt>
      <trkpt lat="48.1150862015783786773681640625" lon="11.401567943394184112548828125">
        <ele>557.4000244140625</ele>
        <time>2023-10-15T06:58:59.000Z</time>
        <extensions>
          <ns3:TrackPointExtension>
            <ns3:atemp>15.0</ns3:atemp>
            <ns3:hr>144</ns3:hr>
          </ns3:TrackPointExtension>
        </extensions>
      </trkpt>
      <trkpt lat="48.11520212329924106597900390625" lon="11.4017414487898349761962890625">
        <ele>557.20001220703125</ele>
        <time>2023-10-15T06:59:05.000Z</time>
        <extensions>
          <ns3:TrackPointExtension>
            <ns3:atemp>15.0</ns3:atemp>
            <ns3:hr>145</ns3:hr>
          </ns3:TrackPointExtension>
        </extensions>
      </trkpt>
      <trkpt lat="48.11529600061476230621337890625" lon="11.401901878416538238525390625">
        <ele>557.20001220703125</ele>
        <time>2023-10-15T06:59:10.000Z</time>
        <extensions>
          <ns3:TrackPointExtension>
            <ns3:atemp>15.0</ns3:atemp>
            <ns3:hr>145</ns3:hr>
          </ns3:TrackPointExtension>
        </extensions>
      </trkpt>
      <trkpt lat="48.1154177896678447723388671875" lon="11.4021092467010021209716796875">
        <ele>557</ele>
        <time>2023-10-15T06:59:17.000Z</time>
        <extensions>
          <ns3:TrackPointExtension>
            <ns3:atemp>15.0</ns3:atemp>
            <ns3:hr>145</ns3:hr>
          </ns3:TrackPointExtension>
        </extensions>
      </trkpt>
      <trkpt lat="48.11552868224680423736572265625" lon="11.40232072211802005767822265625">
        <ele>557</ele>
        <time>2023-10-15T06:59:23.000Z</time>
        <extensions>
          <ns3:TrackPointExtension>
            <ns3:atemp>15.0</ns3:atemp>
            <ns3:hr>145</ns3:hr>
          </ns3:TrackPointExtension>
        </extensions>
      </trkpt>
      <trkpt lat="48.115709312260150909423828125" lon="11.402636803686618804931640625">
        <ele>556.79998779296875</ele>
        <time>2023-10-15T06:59:32.000Z</time>
        <extensions>
          <ns3:TrackPointExtension>
            <ns3:atemp>15.0</ns3:atemp>
            <ns3:hr>144</ns3:hr>
          </ns3:TrackPointExtension>
        </extensions>
      </trkpt>
      <trkpt lat="48.115852810442447662353515625" lon="11.40292807482182979583740234375">
        <ele>557</ele>
        <time>2023-10-15T06:59:41.000Z</time>
        <extensions>
          <ns3:TrackPointExtension>
            <ns3:atemp>15.0</ns3:atemp>
            <ns3:hr>142</ns3:hr>
          </ns3:TrackPointExtension>
        </extensions>
      </trkpt>
      <trkpt lat="48.11591961421072483062744140625" lon="11.40309101901948451995849609375">
        <ele>556.79998779296875</ele>
        <time>2023-10-15T06:59:46.000Z</time>
        <extensions>
          <ns3:TrackPointExtension>
            <ns3:atemp>15.0</ns3:atemp>
            <ns3:hr>139</ns3:hr>
          </ns3:TrackPointExtension>
        </extensions>
      </trkpt>
      <trkpt lat="48.115951716899871826171875" lon="11.40317316167056560516357421875">
        <ele>556.79998779296875</ele>
        <time>2023-10-15T06:59:49.000Z</time>
        <extensions>
          <ns3:TrackPointExtension>
            <ns3:atemp>15.0</ns3:atemp>
            <ns3:hr>139</ns3:hr>
          </ns3:TrackPointExtension>
        </extensions>
      </trkpt>
      <trkpt lat="48.1160427443683147430419921875" lon="11.40334448777139186859130859375">
        <ele>556.79998779296875</ele>
        <time>2023-10-15T06:59:55.000Z</time>
        <extensions>
          <ns3:TrackPointExtension>
            <ns3:atemp>15.0</ns3:atemp>
            <ns3:hr>140</ns3:hr>
          </ns3:TrackPointExtension>
        </extensions>
      </trkpt>
      <trkpt lat="48.11619169078767299652099609375" lon="11.40357993543148040771484375">
        <ele>556.5999755859375</ele>
        <time>2023-10-15T07:00:03.000Z</time>
        <extensions>
          <ns3:TrackPointExtension>
            <ns3:atemp>15.0</ns3:atemp>
            <ns3:hr>140</ns3:hr>
          </ns3:TrackPointExtension>
        </extensions>
      </trkpt>
      <trkpt lat="48.1163258850574493408203125" lon="11.403792165219783782958984375">
        <ele>556.4000244140625</ele>
        <time>2023-10-15T07:00:10.000Z</time>
        <extensions>
          <ns3:TrackPointExtension>
            <ns3:atemp>15.0</ns3:atemp>
            <ns3:hr>140</ns3:hr>
          </ns3:TrackPointExtension>
        </extensions>
      </trkpt>
      <trkpt lat="48.1164661981165409088134765625" lon="11.404034234583377838134765625">
        <ele>556.4000244140625</ele>
        <time>2023-10-15T07:00:17.000Z</time>
        <extensions>
          <ns3:TrackPointExtension>
            <ns3:atemp>15.0</ns3:atemp>
            <ns3:hr>138</ns3:hr>
          </ns3:TrackPointExtension>
        </extensions>
      </trkpt>
      <trkpt lat="48.11652210541069507598876953125" lon="11.40414495952427387237548828125">
        <ele>556.20001220703125</ele>
        <time>2023-10-15T07:00:20.000Z</time>
        <extensions>
          <ns3:TrackPointExtension>
            <ns3:atemp>15.0</ns3:atemp>
            <ns3:hr>138</ns3:hr>
          </ns3:TrackPointExtension>
        </extensions>
      </trkpt>
      <trkpt lat="48.1166432239115238189697265625" lon="11.40433740802109241485595703125">
        <ele>556.20001220703125</ele>
        <time>2023-10-15T07:00:25.000Z</time>
        <extensions>
          <ns3:TrackPointExtension>
            <ns3:atemp>15.0</ns3:atemp>
            <ns3:hr>137</ns3:hr>
          </ns3:TrackPointExtension>
        </extensions>
      </trkpt>
      <trkpt lat="48.1168085150420665740966796875" lon="11.4046120829880237579345703125">
        <ele>556.20001220703125</ele>
        <time>2023-10-15T07:00:34.000Z</time>
        <extensions>
          <ns3:TrackPointExtension>
            <ns3:atemp>15.0</ns3:atemp>
            <ns3:hr>138</ns3:hr>
          </ns3:TrackPointExtension>
        </extensions>
      </trkpt>
      <trkpt lat="48.11700775288045406341552734375" lon="11.40483613125979900360107421875">
        <ele>556.20001220703125</ele>
        <time>2023-10-15T07:00:41.000Z</time>
        <extensions>
          <ns3:TrackPointExtension>
            <ns3:atemp>15.0</ns3:atemp>
            <ns3:hr>137</ns3:hr>
          </ns3:TrackPointExtension>
        </extensions>
      </trkpt>
      <trkpt lat="48.11711755581200122833251953125" lon="11.40494811348617076873779296875">
        <ele>556.20001220703125</ele>
        <time>2023-10-15T07:00:45.000Z</time>
        <extensions>
          <ns3:TrackPointExtension>
            <ns3:atemp>15.0</ns3:atemp>
            <ns3:hr>140</ns3:hr>
          </ns3:TrackPointExtension>
        </extensions>
      </trkpt>
      <trkpt lat="48.117248900234699249267578125" lon="11.40514575876295566558837890625">
        <ele>556</ele>
        <time>2023-10-15T07:00:51.000Z</time>
        <extensions>
          <ns3:TrackPointExtension>
            <ns3:atemp>15.0</ns3:atemp>
            <ns3:hr>143</ns3:hr>
          </ns3:TrackPointExtension>
        </extensions>
      </trkpt>
      <trkpt lat="48.11742165125906467437744140625" lon="11.40542370267212390899658203125">
        <ele>555.5999755859375</ele>
        <time>2023-10-15T07:00:59.000Z</time>
        <extensions>
          <ns3:TrackPointExtension>
            <ns3:atemp>15.0</ns3:atemp>
            <ns3:hr>146</ns3:hr>
          </ns3:TrackPointExtension>
        </extensions>
      </trkpt>
      <trkpt lat="48.1174716912209987640380859375" lon="11.405490003526210784912109375">
        <ele>555.4000244140625</ele>
        <time>2023-10-15T07:01:01.000Z</time>
        <extensions>
          <ns3:TrackPointExtension>
            <ns3:atemp>15.0</ns3:atemp>
            <ns3:hr>146</ns3:hr>
          </ns3:TrackPointExtension>
        </extensions>
      </trkpt>
      <trkpt lat="48.11760907061398029327392578125" lon="11.405672393739223480224609375">
        <ele>555.20001220703125</ele>
        <time>2023-10-15T07:01:06.000Z</time>
        <extensions>
          <ns3:TrackPointExtension>
            <ns3:atemp>15.0</ns3:atemp>
            <ns3:hr>148</ns3:hr>
          </ns3:TrackPointExtension>
        </extensions>
      </trkpt>
      <trkpt lat="48.11768953688442707061767578125" lon="11.40580474399030208587646484375">
        <ele>555</ele>
        <time>2023-10-15T07:01:10.000Z</time>
        <extensions>
          <ns3:TrackPointExtension>
            <ns3:atemp>15.0</ns3:atemp>
            <ns3:hr>148</ns3:hr>
          </ns3:TrackPointExtension>
        </extensions>
      </trkpt>
      <trkpt lat="48.11777687631547451019287109375" lon="11.4059548638761043548583984375">
        <ele>555.4000244140625</ele>
        <time>2023-10-15T07:01:15.000Z</time>
        <extensions>
          <ns3:TrackPointExtension>
            <ns3:atemp>15.0</ns3:atemp>
            <ns3:hr>151</ns3:hr>
          </ns3:TrackPointExtension>
        </extensions>
      </trkpt>
      <trkpt lat="48.11779263429343700408935546875" lon="11.4059878885746002197265625">
        <ele>555.4000244140625</ele>
        <time>2023-10-15T07:01:16.000Z</time>
        <extensions>
          <ns3:TrackPointExtension>
            <ns3:atemp>15.0</ns3:atemp>
            <ns3:hr>152</ns3:hr>
          </ns3:TrackPointExtension>
        </extensions>
      </trkpt>
      <trkpt lat="48.11787980608642101287841796875" lon="11.4062039740383625030517578125">
        <ele>555.20001220703125</ele>
        <time>2023-10-15T07:01:23.000Z</time>
        <extensions>
          <ns3:TrackPointExtension>
            <ns3:atemp>15.0</ns3:atemp>
            <ns3:hr>150</ns3:hr>
          </ns3:TrackPointExtension>
        </extensions>
      </trkpt>
      <trkpt lat="48.11794384382665157318115234375" lon="11.406358368694782257080078125">
        <ele>555.4000244140625</ele>
        <time>2023-10-15T07:01:28.000Z</time>
        <extensions>
          <ns3:TrackPointExtension>
            <ns3:atemp>15.0</ns3:atemp>
            <ns3:hr>151</ns3:hr>
          </ns3:TrackPointExtension>
        </extensions>
      </trkpt>
      <trkpt lat="48.11797603033483028411865234375" lon="11.40650086104869842529296875">
        <ele>555.20001220703125</ele>
        <time>2023-10-15T07:01:33.000Z</time>
        <extensions>
          <ns3:TrackPointExtension>
            <ns3:atemp>15.0</ns3:atemp>
            <ns3:hr>149</ns3:hr>
          </ns3:TrackPointExtension>
        </extensions>
      </trkpt>
      <trkpt lat="48.11798927374184131622314453125" lon="11.4066747017204761505126953125">
        <ele>555</ele>
        <time>2023-10-15T07:01:40.000Z</time>
        <extensions>
          <ns3:TrackPointExtension>
            <ns3:atemp>15.0</ns3:atemp>
            <ns3:hr>146</ns3:hr>
          </ns3:TrackPointExtension>
        </extensions>
      </trkpt>
      <trkpt lat="48.1179906986653804779052734375" lon="11.4067776314914226531982421875">
        <ele>555</ele>
        <time>2023-10-15T07:01:43.000Z</time>
        <extensions>
          <ns3:TrackPointExtension>
            <ns3:atemp>15.0</ns3:atemp>
            <ns3:hr>146</ns3:hr>
          </ns3:TrackPointExtension>
        </extensions>
      </trkpt>
      <trkpt lat="48.11798608861863613128662109375" lon="11.40680990181863307952880859375">
        <ele>555</ele>
        <time>2023-10-15T07:01:44.000Z</time>
        <extensions>
          <ns3:TrackPointExtension>
            <ns3:atemp>15.0</ns3:atemp>
            <ns3:hr>146</ns3:hr>
          </ns3:TrackPointExtension>
        </extensions>
      </trkpt>
      <trkpt lat="48.11800134368240833282470703125" lon="11.40687712468206882476806640625">
        <ele>555</ele>
        <time>2023-10-15T07:01:46.000Z</time>
        <extensions>
          <ns3:TrackPointExtension>
            <ns3:atemp>15.0</ns3:atemp>
            <ns3:hr>147</ns3:hr>
          </ns3:TrackPointExtension>
        </extensions>
      </trkpt>
      <trkpt lat="48.11801844276487827301025390625" lon="11.40691333450376987457275390625">
        <ele>554.79998779296875</ele>
        <time>2023-10-15T07:01:47.000Z</time>
        <extensions>
          <ns3:TrackPointExtension>
            <ns3:atemp>15.0</ns3:atemp>
            <ns3:hr>147</ns3:hr>
          </ns3:TrackPointExtension>
        </extensions>
      </trkpt>
      <trkpt lat="48.1181737594306468963623046875" lon="11.4071544818580150604248046875">
        <ele>555</ele>
        <time>2023-10-15T07:01:54.000Z</time>
        <extensions>
          <ns3:TrackPointExtension>
            <ns3:atemp>15.0</ns3:atemp>
            <ns3:hr>147</ns3:hr>
          </ns3:TrackPointExtension>
        </extensions>
      </trkpt>
      <trkpt lat="48.11837366782128810882568359375" lon="11.4073754288256168365478515625">
        <ele>554.79998779296875</ele>
        <time>2023-10-15T07:02:01.000Z</time>
        <extensions>
          <ns3:TrackPointExtension>
            <ns3:atemp>15.0</ns3:atemp>
            <ns3:hr>145</ns3:hr>
          </ns3:TrackPointExtension>
        </extensions>
      </trkpt>
      <trkpt lat="48.11860064975917339324951171875" lon="11.4077286422252655029296875">
        <ele>554.5999755859375</ele>
        <time>2023-10-15T07:02:10.000Z</time>
        <extensions>
          <ns3:TrackPointExtension>
            <ns3:atemp>15.0</ns3:atemp>
            <ns3:hr>144</ns3:hr>
          </ns3:TrackPointExtension>
        </extensions>
      </trkpt>
      <trkpt lat="48.11880634166300296783447265625" lon="11.40800633467733860015869140625">
        <ele>554.20001220703125</ele>
        <time>2023-10-15T07:02:18.000Z</time>
        <extensions>
          <ns3:TrackPointExtension>
            <ns3:atemp>15.0</ns3:atemp>
            <ns3:hr>144</ns3:hr>
          </ns3:TrackPointExtension>
        </extensions>
      </trkpt>
      <trkpt lat="48.11883467249572277069091796875" lon="11.40804740600287914276123046875">
        <ele>554.20001220703125</ele>
        <time>2023-10-15T07:02:19.000Z</time>
        <extensions>
          <ns3:TrackPointExtension>
            <ns3:atemp>15.0</ns3:atemp>
            <ns3:hr>144</ns3:hr>
          </ns3:TrackPointExtension>
        </extensions>
      </trkpt>
      <trkpt lat="48.11901236884295940399169921875" lon="11.40821822918951511383056640625">
        <ele>554</ele>
        <time>2023-10-15T07:02:24.000Z</time>
        <extensions>
          <ns3:TrackPointExtension>
            <ns3:atemp>15.0</ns3:atemp>
            <ns3:hr>145</ns3:hr>
          </ns3:TrackPointExtension>
        </extensions>
      </trkpt>
      <trkpt lat="48.11918553896248340606689453125" lon="11.4084322191774845123291015625">
        <ele>553.79998779296875</ele>
        <time>2023-10-15T07:02:32.000Z</time>
        <extensions>
          <ns3:TrackPointExtension>
            <ns3:atemp>15.0</ns3:atemp>
            <ns3:hr>149</ns3:hr>
          </ns3:TrackPointExtension>
        </extensions>
      </trkpt>
      <trkpt lat="48.11925510875880718231201171875" lon="11.40852819196879863739013671875">
        <ele>553.79998779296875</ele>
        <time>2023-10-15T07:02:35.000Z</time>
        <extensions>
          <ns3:TrackPointExtension>
            <ns3:atemp>15.0</ns3:atemp>
            <ns3:hr>153</ns3:hr>
          </ns3:TrackPointExtension>
        </extensions>
      </trkpt>
      <trkpt lat="48.11937488615512847900390625" lon="11.40863983891904354095458984375">
        <ele>553.5999755859375</ele>
        <time>2023-10-15T07:02:40.000Z</time>
        <extensions>
          <ns3:TrackPointExtension>
            <ns3:atemp>15.0</ns3:atemp>
            <ns3:hr>154</ns3:hr>
          </ns3:TrackPointExtension>
        </extensions>
      </trkpt>
      <trkpt lat="48.11943364329636096954345703125" lon="11.4087058044970035552978515625">
        <ele>553.5999755859375</ele>
        <time>2023-10-15T07:02:43.000Z</time>
        <extensions>
          <ns3:TrackPointExtension>
            <ns3:atemp>15.0</ns3:atemp>
            <ns3:hr>153</ns3:hr>
          </ns3:TrackPointExtension>
        </extensions>
      </trkpt>
      <trkpt lat="48.119475133717060089111328125" lon="11.40875718556344509124755859375">
        <ele>553.5999755859375</ele>
        <time>2023-10-15T07:02:45.000Z</time>
        <extensions>
          <ns3:TrackPointExtension>
            <ns3:atemp>15.0</ns3:atemp>
            <ns3:hr>153</ns3:hr>
          </ns3:TrackPointExtension>
        </extensions>
      </trkpt>
      <trkpt lat="48.119508326053619384765625" lon="11.40879088081419467926025390625">
        <ele>553.4000244140625</ele>
        <time>2023-10-15T07:02:47.000Z</time>
        <extensions>
          <ns3:TrackPointExtension>
            <ns3:atemp>15.0</ns3:atemp>
            <ns3:hr>153</ns3:hr>
          </ns3:TrackPointExtension>
        </extensions>
      </trkpt>
      <trkpt lat="48.11958988197147846221923828125" lon="11.408865563571453094482421875">
        <ele>553.4000244140625</ele>
        <time>2023-10-15T07:02:50.000Z</time>
        <extensions>
          <ns3:TrackPointExtension>
            <ns3:atemp>15.0</ns3:atemp>
            <ns3:hr>152</ns3:hr>
          </ns3:TrackPointExtension>
        </extensions>
      </trkpt>
      <trkpt lat="48.11973002739250659942626953125" lon="11.40898332931101322174072265625">
        <ele>553</ele>
        <time>2023-10-15T07:02:54.000Z</time>
        <extensions>
          <ns3:TrackPointExtension>
            <ns3:atemp>15.0</ns3:atemp>
            <ns3:hr>153</ns3:hr>
          </ns3:TrackPointExtension>
        </extensions>
      </trkpt>
      <trkpt lat="48.11979691497981548309326171875" lon="11.4090397395193576812744140625">
        <ele>552.79998779296875</ele>
        <time>2023-10-15T07:02:57.000Z</time>
        <extensions>
          <ns3:TrackPointExtension>
            <ns3:atemp>15.0</ns3:atemp>
            <ns3:hr>151</ns3:hr>
          </ns3:TrackPointExtension>
        </extensions>
      </trkpt>
      <trkpt lat="48.1198913790285587310791015625" lon="11.40911425463855266571044921875">
        <ele>552.79998779296875</ele>
        <time>2023-10-15T07:03:02.000Z</time>
        <extensions>
          <ns3:TrackPointExtension>
            <ns3:atemp>15.0</ns3:atemp>
            <ns3:hr>153</ns3:hr>
          </ns3:TrackPointExtension>
        </extensions>
      </trkpt>
      <trkpt lat="48.120135627686977386474609375" lon="11.40929295681416988372802734375">
        <ele>552.5999755859375</ele>
        <time>2023-10-15T07:03:10.000Z</time>
        <extensions>
          <ns3:TrackPointExtension>
            <ns3:atemp>15.0</ns3:atemp>
            <ns3:hr>153</ns3:hr>
          </ns3:TrackPointExtension>
        </extensions>
      </trkpt>
      <trkpt lat="48.12034157104790210723876953125" lon="11.40954919159412384033203125">
        <ele>552.20001220703125</ele>
        <time>2023-10-15T07:03:18.000Z</time>
        <extensions>
          <ns3:TrackPointExtension>
            <ns3:atemp>15.0</ns3:atemp>
            <ns3:hr>153</ns3:hr>
          </ns3:TrackPointExtension>
        </extensions>
      </trkpt>
      <trkpt lat="48.12052429653704166412353515625" lon="11.40971951186656951904296875">
        <ele>552</ele>
        <time>2023-10-15T07:03:23.000Z</time>
        <extensions>
          <ns3:TrackPointExtension>
            <ns3:atemp>15.0</ns3:atemp>
            <ns3:hr>152</ns3:hr>
          </ns3:TrackPointExtension>
        </extensions>
      </trkpt>
      <trkpt lat="48.1206460855901241302490234375" lon="11.40987600199878215789794921875">
        <ele>552</ele>
        <time>2023-10-15T07:03:28.000Z</time>
        <extensions>
          <ns3:TrackPointExtension>
            <ns3:atemp>15.0</ns3:atemp>
            <ns3:hr>153</ns3:hr>
          </ns3:TrackPointExtension>
        </extensions>
      </trkpt>
      <trkpt lat="48.12083710916340351104736328125" lon="11.41009493730962276458740234375">
        <ele>552</ele>
        <time>2023-10-15T07:03:35.000Z</time>
        <extensions>
          <ns3:TrackPointExtension>
            <ns3:atemp>15.0</ns3:atemp>
            <ns3:hr>154</ns3:hr>
          </ns3:TrackPointExtension>
        </extensions>
      </trkpt>
      <trkpt lat="48.1209813617169857025146484375" lon="11.410314626991748809814453125">
        <ele>552.20001220703125</ele>
        <time>2023-10-15T07:03:42.000Z</time>
        <extensions>
          <ns3:TrackPointExtension>
            <ns3:atemp>15.0</ns3:atemp>
            <ns3:hr>155</ns3:hr>
          </ns3:TrackPointExtension>
        </extensions>
      </trkpt>
      <trkpt lat="48.1211137957870960235595703125" lon="11.41055745072662830352783203125">
        <ele>552</ele>
        <time>2023-10-15T07:03:48.000Z</time>
        <extensions>
          <ns3:TrackPointExtension>
            <ns3:atemp>15.0</ns3:atemp>
            <ns3:hr>158</ns3:hr>
          </ns3:TrackPointExtension>
        </extensions>
      </trkpt>
      <trkpt lat="48.12113718129694461822509765625" lon="11.41059181652963161468505859375">
        <ele>552</ele>
        <time>2023-10-15T07:03:49.000Z</time>
        <extensions>
          <ns3:TrackPointExtension>
            <ns3:atemp>15.0</ns3:atemp>
            <ns3:hr>158</ns3:hr>
          </ns3:TrackPointExtension>
        </extensions>
      </trkpt>
      <trkpt lat="48.1213072501122951507568359375" lon="11.410900689661502838134765625">
        <ele>551.79998779296875</ele>
        <time>2023-10-15T07:03:57.000Z</time>
        <extensions>
          <ns3:TrackPointExtension>
            <ns3:atemp>15.0</ns3:atemp>
            <ns3:hr>158</ns3:hr>
          </ns3:TrackPointExtension>
        </extensions>
      </trkpt>
      <trkpt lat="48.12136617489159107208251953125" lon="11.41118894331157207489013671875">
        <ele>552</ele>
        <time>2023-10-15T07:04:04.000Z</time>
        <extensions>
          <ns3:TrackPointExtension>
            <ns3:atemp>15.0</ns3:atemp>
            <ns3:hr>159</ns3:hr>
          </ns3:TrackPointExtension>
        </extensions>
      </trkpt>
      <trkpt lat="48.12141210772097110748291015625" lon="11.411313749849796295166015625">
        <ele>551.79998779296875</ele>
        <time>2023-10-15T07:04:09.000Z</time>
        <extensions>
          <ns3:TrackPointExtension>
            <ns3:atemp>15.0</ns3:atemp>
            <ns3:hr>159</ns3:hr>
          </ns3:TrackPointExtension>
        </extensions>
      </trkpt>
      <trkpt lat="48.1214354932308197021484375" lon="11.4113075472414493560791015625">
        <ele>551.79998779296875</ele>
        <time>2023-10-15T07:04:10.000Z</time>
        <extensions>
          <ns3:TrackPointExtension>
            <ns3:atemp>15.0</ns3:atemp>
            <ns3:hr>158</ns3:hr>
          </ns3:TrackPointExtension>
        </extensions>
      </trkpt>
      <trkpt lat="48.12155460007488727569580078125" lon="11.4112364687025547027587890625">
        <ele>551.5999755859375</ele>
        <time>2023-10-15T07:04:14.000Z</time>
        <extensions>
          <ns3:TrackPointExtension>
            <ns3:atemp>15.0</ns3:atemp>
            <ns3:hr>158</ns3:hr>
          </ns3:TrackPointExtension>
        </extensions>
      </trkpt>
      <trkpt lat="48.12177755869925022125244140625" lon="11.41113395802676677703857421875">
        <ele>551.4000244140625</ele>
        <time>2023-10-15T07:04:21.000Z</time>
        <extensions>
          <ns3:TrackPointExtension>
            <ns3:atemp>15.0</ns3:atemp>
            <ns3:hr>157</ns3:hr>
          </ns3:TrackPointExtension>
        </extensions>
      </trkpt>
      <trkpt lat="48.1219456158578395843505859375" lon="11.4109742827713489532470703125">
        <ele>551.4000244140625</ele>
        <time>2023-10-15T07:04:27.000Z</time>
        <extensions>
          <ns3:TrackPointExtension>
            <ns3:atemp>15.0</ns3:atemp>
            <ns3:hr>157</ns3:hr>
          </ns3:TrackPointExtension>
        </extensions>
      </trkpt>
      <trkpt lat="48.12220218591392040252685546875" lon="11.41083975322544574737548828125">
        <ele>551.20001220703125</ele>
        <time>2023-10-15T07:04:35.000Z</time>
        <extensions>
          <ns3:TrackPointExtension>
            <ns3:atemp>15.0</ns3:atemp>
            <ns3:hr>157</ns3:hr>
          </ns3:TrackPointExtension>
        </extensions>
      </trkpt>
      <trkpt lat="48.12247409485280513763427734375" lon="11.41072307713329792022705078125">
        <ele>551.4000244140625</ele>
        <time>2023-10-15T07:04:43.000Z</time>
        <extensions>
          <ns3:TrackPointExtension>
            <ns3:atemp>15.0</ns3:atemp>
            <ns3:hr>156</ns3:hr>
          </ns3:TrackPointExtension>
        </extensions>
      </trkpt>
      <trkpt lat="48.12273108400404453277587890625" lon="11.410527192056179046630859375">
        <ele>551</ele>
        <time>2023-10-15T07:04:53.000Z</time>
        <extensions>
          <ns3:TrackPointExtension>
            <ns3:atemp>15.0</ns3:atemp>
            <ns3:hr>155</ns3:hr>
          </ns3:TrackPointExtension>
        </extensions>
      </trkpt>
      <trkpt lat="48.122853375971317291259765625" lon="11.410416550934314727783203125">
        <ele>551</ele>
        <time>2023-10-15T07:04:58.000Z</time>
        <extensions>
          <ns3:TrackPointExtension>
            <ns3:atemp>15.0</ns3:atemp>
            <ns3:hr>155</ns3:hr>
          </ns3:TrackPointExtension>
        </extensions>
      </trkpt>
      <trkpt lat="48.1228763423860073089599609375" lon="11.41040087677538394927978515625">
        <ele>550.79998779296875</ele>
        <time>2023-10-15T07:04:59.000Z</time>
        <extensions>
          <ns3:TrackPointExtension>
            <ns3:atemp>15.0</ns3:atemp>
            <ns3:hr>155</ns3:hr>
          </ns3:TrackPointExtension>
        </extensions>
      </trkpt>
      <trkpt lat="48.12307365238666534423828125" lon="11.4102732203900814056396484375">
        <ele>550.79998779296875</ele>
        <time>2023-10-15T07:05:07.000Z</time>
        <extensions>
          <ns3:TrackPointExtension>
            <ns3:atemp>15.0</ns3:atemp>
            <ns3:hr>152</ns3:hr>
          </ns3:TrackPointExtension>
        </extensions>
      </trkpt>
      <trkpt lat="48.12311329878866672515869140625" lon="11.41023072414100170135498046875">
        <ele>550.79998779296875</ele>
        <time>2023-10-15T07:05:09.000Z</time>
        <extensions>
          <ns3:TrackPointExtension>
            <ns3:atemp>15.0</ns3:atemp>
            <ns3:hr>149</ns3:hr>
          </ns3:TrackPointExtension>
        </extensions>
      </trkpt>
      <trkpt lat="48.123209439218044281005859375" lon="11.41016853041946887969970703125">
        <ele>550.4000244140625</ele>
        <time>2023-10-15T07:05:13.000Z</time>
        <extensions>
          <ns3:TrackPointExtension>
            <ns3:atemp>15.0</ns3:atemp>
            <ns3:hr>146</ns3:hr>
          </ns3:TrackPointExtension>
        </extensions>
      </trkpt>
      <trkpt lat="48.12337196432054042816162109375" lon="11.40997155569493770599365234375">
        <ele>550.4000244140625</ele>
        <time>2023-10-15T07:05:21.000Z</time>
        <extensions>
          <ns3:TrackPointExtension>
            <ns3:atemp>15.0</ns3:atemp>
            <ns3:hr>147</ns3:hr>
          </ns3:TrackPointExtension>
        </extensions>
      </trkpt>
      <trkpt lat="48.1235780753195285797119140625" lon="11.4098933525383472442626953125">
        <ele>550.20001220703125</ele>
        <time>2023-10-15T07:05:27.000Z</time>
        <extensions>
          <ns3:TrackPointExtension>
            <ns3:atemp>15.0</ns3:atemp>
            <ns3:hr>146</ns3:hr>
          </ns3:TrackPointExtension>
        </extensions>
      </trkpt>
      <trkpt lat="48.12378200702369213104248046875" lon="11.4097832143306732177734375">
        <ele>550</ele>
        <time>2023-10-15T07:05:35.000Z</time>
        <extensions>
          <ns3:TrackPointExtension>
            <ns3:atemp>15.0</ns3:atemp>
            <ns3:hr>145</ns3:hr>
          </ns3:TrackPointExtension>
        </extensions>
      </trkpt>
      <trkpt lat="48.12392232008278369903564453125" lon="11.4096750877797603607177734375">
        <ele>549.79998779296875</ele>
        <time>2023-10-15T07:05:40.000Z</time>
        <extensions>
          <ns3:TrackPointExtension>
            <ns3:atemp>15.0</ns3:atemp>
            <ns3:hr>147</ns3:hr>
          </ns3:TrackPointExtension>
        </extensions>
      </trkpt>
      <trkpt lat="48.12410320155322551727294921875" lon="11.40956805087625980377197265625">
        <ele>550</ele>
        <time>2023-10-15T07:05:46.000Z</time>
        <extensions>
          <ns3:TrackPointExtension>
            <ns3:atemp>15.0</ns3:atemp>
            <ns3:hr>146</ns3:hr>
          </ns3:TrackPointExtension>
        </extensions>
      </trkpt>
      <trkpt lat="48.124191798269748687744140625" lon="11.40946545638144016265869140625">
        <ele>550.20001220703125</ele>
        <time>2023-10-15T07:05:52.000Z</time>
        <extensions>
          <ns3:TrackPointExtension>
            <ns3:atemp>15.0</ns3:atemp>
            <ns3:hr>145</ns3:hr>
          </ns3:TrackPointExtension>
        </extensions>
      </trkpt>
      <trkpt lat="48.12436806969344615936279296875" lon="11.40935297124087810516357421875">
        <ele>549.79998779296875</ele>
        <time>2023-10-15T07:05:59.000Z</time>
        <extensions>
          <ns3:TrackPointExtension>
            <ns3:atemp>15.0</ns3:atemp>
            <ns3:hr>145</ns3:hr>
          </ns3:TrackPointExtension>
        </extensions>
      </trkpt>
      <trkpt lat="48.12457225285470485687255859375" lon="11.40960912220180034637451171875">
        <ele>550</ele>
        <time>2023-10-15T07:06:07.000Z</time>
        <extensions>
          <ns3:TrackPointExtension>
            <ns3:atemp>15.0</ns3:atemp>
            <ns3:hr>144</ns3:hr>
          </ns3:TrackPointExtension>
        </extensions>
      </trkpt>
      <trkpt lat="48.12473670579493045806884765625" lon="11.40983610413968563079833984375">
        <ele>549.4000244140625</ele>
        <time>2023-10-15T07:06:15.000Z</time>
        <extensions>
          <ns3:TrackPointExtension>
            <ns3:atemp>15.0</ns3:atemp>
            <ns3:hr>146</ns3:hr>
          </ns3:TrackPointExtension>
        </extensions>
      </trkpt>
      <trkpt lat="48.1248608417809009552001953125" lon="11.40994909219443798065185546875">
        <ele>549.4000244140625</ele>
        <time>2023-10-15T07:06:21.000Z</time>
        <extensions>
          <ns3:TrackPointExtension>
            <ns3:atemp>15.0</ns3:atemp>
            <ns3:hr>148</ns3:hr>
          </ns3:TrackPointExtension>
        </extensions>
      </trkpt>
      <trkpt lat="48.12506276182830333709716796875" lon="11.41011740081012248992919921875">
        <ele>549.4000244140625</ele>
        <time>2023-10-15T07:06:27.000Z</time>
        <extensions>
          <ns3:TrackPointExtension>
            <ns3:atemp>15.0</ns3:atemp>
            <ns3:hr>150</ns3:hr>
          </ns3:TrackPointExtension>
        </extensions>
      </trkpt>
      <trkpt lat="48.1252789311110973358154296875" lon="11.41026475466787815093994140625">
        <ele>549.20001220703125</ele>
        <time>2023-10-15T07:06:32.000Z</time>
        <extensions>
          <ns3:TrackPointExtension>
            <ns3:atemp>15.0</ns3:atemp>
            <ns3:hr>151</ns3:hr>
          </ns3:TrackPointExtension>
        </extensions>
      </trkpt>
      <trkpt lat="48.12538697384297847747802734375" lon="11.41042225062847137451171875">
        <ele>549.20001220703125</ele>
        <time>2023-10-15T07:06:39.000Z</time>
        <extensions>
          <ns3:TrackPointExtension>
            <ns3:atemp>15.0</ns3:atemp>
            <ns3:hr>149</ns3:hr>
          </ns3:TrackPointExtension>
        </extensions>
      </trkpt>
      <trkpt lat="48.1254214234650135040283203125" lon="11.41045577824115753173828125">
        <ele>549.20001220703125</ele>
        <time>2023-10-15T07:06:41.000Z</time>
        <extensions>
          <ns3:TrackPointExtension>
            <ns3:atemp>15.0</ns3:atemp>
            <ns3:hr>146</ns3:hr>
          </ns3:TrackPointExtension>
        </extensions>
      </trkpt>
      <trkpt lat="48.12556936405599117279052734375" lon="11.41061411239206790924072265625">
        <ele>549.20001220703125</ele>
        <time>2023-10-15T07:06:48.000Z</time>
        <extensions>
          <ns3:TrackPointExtension>
            <ns3:atemp>15.0</ns3:atemp>
            <ns3:hr>146</ns3:hr>
          </ns3:TrackPointExtension>
        </extensions>
      </trkpt>
      <trkpt lat="48.1257618963718414306640625" lon="11.4108120091259479522705078125">
        <ele>549.20001220703125</ele>
        <time>2023-10-15T07:06:55.000Z</time>
        <extensions>
          <ns3:TrackPointExtension>
            <ns3:atemp>15.0</ns3:atemp>
            <ns3:hr>145</ns3:hr>
          </ns3:TrackPointExtension>
        </extensions>
      </trkpt>
      <trkpt lat="48.12586440704762935638427734375" lon="11.410933546721935272216796875">
        <ele>549</ele>
        <time>2023-10-15T07:06:59.000Z</time>
        <extensions>
          <ns3:TrackPointExtension>
            <ns3:atemp>15.0</ns3:atemp>
            <ns3:hr>148</ns3:hr>
          </ns3:TrackPointExtension>
        </extensions>
      </trkpt>
      <trkpt lat="48.12594118528068065643310546875" lon="11.41102440655231475830078125">
        <ele>549</ele>
        <time>2023-10-15T07:07:02.000Z</time>
        <extensions>
          <ns3:TrackPointExtension>
            <ns3:atemp>15.0</ns3:atemp>
            <ns3:hr>148</ns3:hr>
          </ns3:TrackPointExtension>
        </extensions>
      </trkpt>
      <trkpt lat="48.1261127628386020660400390625" lon="11.4111948944628238677978515625">
        <ele>548.79998779296875</ele>
        <time>2023-10-15T07:07:09.000Z</time>
        <extensions>
          <ns3:TrackPointExtension>
            <ns3:atemp>15.0</ns3:atemp>
            <ns3:hr>145</ns3:hr>
          </ns3:TrackPointExtension>
        </extensions>
      </trkpt>
      <trkpt lat="48.1261483021080493927001953125" lon="11.4112342894077301025390625">
        <ele>548.79998779296875</ele>
        <time>2023-10-15T07:07:10.000Z</time>
        <extensions>
          <ns3:TrackPointExtension>
            <ns3:atemp>15.0</ns3:atemp>
            <ns3:hr>145</ns3:hr>
          </ns3:TrackPointExtension>
        </extensions>
      </trkpt>
      <trkpt lat="48.12631099484860897064208984375" lon="11.41141424886882305145263671875">
        <ele>549</ele>
        <time>2023-10-15T07:07:17.000Z</time>
        <extensions>
          <ns3:TrackPointExtension>
            <ns3:atemp>15.0</ns3:atemp>
            <ns3:hr>144</ns3:hr>
          </ns3:TrackPointExtension>
        </extensions>
      </trkpt>
      <trkpt lat="48.1264440156519412994384765625" lon="11.41158490441739559173583984375">
        <ele>548.5999755859375</ele>
        <time>2023-10-15T07:07:23.000Z</time>
        <extensions>
          <ns3:TrackPointExtension>
            <ns3:atemp>15.0</ns3:atemp>
            <ns3:hr>143</ns3:hr>
          </ns3:TrackPointExtension>
        </extensions>
      </trkpt>
      <trkpt lat="48.1265580095350742340087890625" lon="11.411687918007373809814453125">
        <ele>548.5999755859375</ele>
        <time>2023-10-15T07:07:27.000Z</time>
        <extensions>
          <ns3:TrackPointExtension>
            <ns3:atemp>15.0</ns3:atemp>
            <ns3:hr>144</ns3:hr>
          </ns3:TrackPointExtension>
        </extensions>
      </trkpt>
      <trkpt lat="48.12673151493072509765625" lon="11.411875672638416290283203125">
        <ele>548.5999755859375</ele>
        <time>2023-10-15T07:07:34.000Z</time>
        <extensions>
          <ns3:TrackPointExtension>
            <ns3:atemp>15.0</ns3:atemp>
            <ns3:hr>146</ns3:hr>
          </ns3:TrackPointExtension>
        </extensions>
      </trkpt>
      <trkpt lat="48.127002418041229248046875" lon="11.41215252690017223358154296875">
        <ele>548.79998779296875</ele>
        <time>2023-10-15T07:07:45.000Z</time>
        <extensions>
          <ns3:TrackPointExtension>
            <ns3:atemp>15.0</ns3:atemp>
            <ns3:hr>148</ns3:hr>
          </ns3:TrackPointExtension>
        </extensions>
      </trkpt>
      <trkpt lat="48.12714281491935253143310546875" lon="11.41231396235525608062744140625">
        <ele>548.5999755859375</ele>
        <time>2023-10-15T07:07:51.000Z</time>
        <extensions>
          <ns3:TrackPointExtension>
            <ns3:atemp>15.0</ns3:atemp>
            <ns3:hr>148</ns3:hr>
          </ns3:TrackPointExtension>
        </extensions>
      </trkpt>
      <trkpt lat="48.1273120455443859100341796875" lon="11.41251412220299243927001953125">
        <ele>548.5999755859375</ele>
        <time>2023-10-15T07:07:58.000Z</time>
        <extensions>
          <ns3:TrackPointExtension>
            <ns3:atemp>15.0</ns3:atemp>
            <ns3:hr>151</ns3:hr>
          </ns3:TrackPointExtension>
        </extensions>
      </trkpt>
      <trkpt lat="48.1273328326642513275146484375" lon="11.4125380106270313262939453125">
        <ele>548.5999755859375</ele>
        <time>2023-10-15T07:07:59.000Z</time>
        <extensions>
          <ns3:TrackPointExtension>
            <ns3:atemp>15.0</ns3:atemp>
            <ns3:hr>151</ns3:hr>
          </ns3:TrackPointExtension>
        </extensions>
      </trkpt>
      <trkpt lat="48.1274806894361972808837890625" lon="11.41277664341032505035400390625">
        <ele>548</ele>
        <time>2023-10-15T07:08:07.000Z</time>
        <extensions>
          <ns3:TrackPointExtension>
            <ns3:atemp>16.0</ns3:atemp>
            <ns3:hr>152</ns3:hr>
          </ns3:TrackPointExtension>
        </extensions>
      </trkpt>
      <trkpt lat="48.1275578029453754425048828125" lon="11.412839591503143310546875">
        <ele>548.20001220703125</ele>
        <time>2023-10-15T07:08:11.000Z</time>
        <extensions>
          <ns3:TrackPointExtension>
            <ns3:atemp>16.0</ns3:atemp>
            <ns3:hr>152</ns3:hr>
          </ns3:TrackPointExtension>
        </extensions>
      </trkpt>
      <trkpt lat="48.12757037580013275146484375" lon="11.41282073222100734710693359375">
        <ele>548.20001220703125</ele>
        <time>2023-10-15T07:08:12.000Z</time>
        <extensions>
          <ns3:TrackPointExtension>
            <ns3:atemp>15.0</ns3:atemp>
            <ns3:hr>152</ns3:hr>
          </ns3:TrackPointExtension>
        </extensions>
      </trkpt>
      <trkpt lat="48.12764371745288372039794921875" lon="11.41266482882201671600341796875">
        <ele>548.4000244140625</ele>
        <time>2023-10-15T07:08:17.000Z</time>
        <extensions>
          <ns3:TrackPointExtension>
            <ns3:atemp>16.0</ns3:atemp>
            <ns3:hr>152</ns3:hr>
          </ns3:TrackPointExtension>
        </extensions>
      </trkpt>
      <trkpt lat="48.1276582181453704833984375" lon="11.41258469782769680023193359375">
        <ele>548.4000244140625</ele>
        <time>2023-10-15T07:08:19.000Z</time>
        <extensions>
          <ns3:TrackPointExtension>
            <ns3:atemp>16.0</ns3:atemp>
            <ns3:hr>154</ns3:hr>
          </ns3:TrackPointExtension>
        </extensions>
      </trkpt>
      <trkpt lat="48.12764723785221576690673828125" lon="11.412519402801990509033203125">
        <ele>548.4000244140625</ele>
        <time>2023-10-15T07:08:20.000Z</time>
        <extensions>
          <ns3:TrackPointExtension>
            <ns3:atemp>16.0</ns3:atemp>
            <ns3:hr>154</ns3:hr>
          </ns3:TrackPointExtension>
        </extensions>
      </trkpt>
      <trkpt lat="48.12765377573668956756591796875" lon="11.41246718354523181915283203125">
        <ele>548.4000244140625</ele>
        <time>2023-10-15T07:08:21.000Z</time>
        <extensions>
          <ns3:TrackPointExtension>
            <ns3:atemp>16.0</ns3:atemp>
            <ns3:hr>154</ns3:hr>
          </ns3:TrackPointExtension>
        </extensions>
      </trkpt>
      <trkpt lat="48.127653189003467559814453125" lon="11.412292085587978363037109375">
        <ele>548.4000244140625</ele>
        <time>2023-10-15T07:08:24.000Z</time>
        <extensions>
          <ns3:TrackPointExtension>
            <ns3:atemp>16.0</ns3:atemp>
            <ns3:hr>154</ns3:hr>
          </ns3:TrackPointExtension>
        </extensions>
      </trkpt>
      <trkpt lat="48.127655200660228729248046875" lon="11.41224372200667858123779296875">
        <ele>548.20001220703125</ele>
        <time>2023-10-15T07:08:25.000Z</time>
        <extensions>
          <ns3:TrackPointExtension>
            <ns3:atemp>16.0</ns3:atemp>
            <ns3:hr>154</ns3:hr>
          </ns3:TrackPointExtension>
        </extensions>
      </trkpt>
      <trkpt lat="48.12767607159912586212158203125" lon="11.4121108688414096832275390625">
        <ele>548</ele>
        <time>2023-10-15T07:08:28.000Z</time>
        <extensions>
          <ns3:TrackPointExtension>
            <ns3:atemp>16.0</ns3:atemp>
            <ns3:hr>152</ns3:hr>
          </ns3:TrackPointExtension>
        </extensions>
      </trkpt>
      <trkpt lat="48.12771848402917385101318359375" lon="11.4119080267846584320068359375">
        <ele>547.79998779296875</ele>
        <time>2023-10-15T07:08:33.000Z</time>
        <extensions>
          <ns3:TrackPointExtension>
            <ns3:atemp>16.0</ns3:atemp>
            <ns3:hr>151</ns3:hr>
          </ns3:TrackPointExtension>
        </extensions>
      </trkpt>
      <trkpt lat="48.12776793725788593292236328125" lon="11.41185195185244083404541015625">
        <ele>548</ele>
        <time>2023-10-15T07:08:35.000Z</time>
        <extensions>
          <ns3:TrackPointExtension>
            <ns3:atemp>16.0</ns3:atemp>
            <ns3:hr>151</ns3:hr>
          </ns3:TrackPointExtension>
        </extensions>
      </trkpt>
      <trkpt lat="48.12779258005321025848388671875" lon="11.41182328574359416961669921875">
        <ele>548</ele>
        <time>2023-10-15T07:08:36.000Z</time>
        <extensions>
          <ns3:TrackPointExtension>
            <ns3:atemp>16.0</ns3:atemp>
            <ns3:hr>151</ns3:hr>
          </ns3:TrackPointExtension>
        </extensions>
      </trkpt>
      <trkpt lat="48.12784438021481037139892578125" lon="11.41167216002941131591796875">
        <ele>548</ele>
        <time>2023-10-15T07:08:40.000Z</time>
        <extensions>
          <ns3:TrackPointExtension>
            <ns3:atemp>16.0</ns3:atemp>
            <ns3:hr>153</ns3:hr>
          </ns3:TrackPointExtension>
        </extensions>
      </trkpt>
      <trkpt lat="48.12789022922515869140625" lon="11.41161994077265262603759765625">
        <ele>548</ele>
        <time>2023-10-15T07:08:42.000Z</time>
        <extensions>
          <ns3:TrackPointExtension>
            <ns3:atemp>16.0</ns3:atemp>
            <ns3:hr>152</ns3:hr>
          </ns3:TrackPointExtension>
        </extensions>
      </trkpt>
      <trkpt lat="48.1279130280017852783203125" lon="11.4115958847105503082275390625">
        <ele>548</ele>
        <time>2023-10-15T07:08:43.000Z</time>
        <extensions>
          <ns3:TrackPointExtension>
            <ns3:atemp>16.0</ns3:atemp>
            <ns3:hr>152</ns3:hr>
          </ns3:TrackPointExtension>
        </extensions>
      </trkpt>
      <trkpt lat="48.127924092113971710205078125" lon="11.41156353056430816650390625">
        <ele>548</ele>
        <time>2023-10-15T07:08:44.000Z</time>
        <extensions>
          <ns3:TrackPointExtension>
            <ns3:atemp>16.0</ns3:atemp>
            <ns3:hr>152</ns3:hr>
          </ns3:TrackPointExtension>
        </extensions>
      </trkpt>
      <trkpt lat="48.12793289311230182647705078125" lon="11.41149153001606464385986328125">
        <ele>547.79998779296875</ele>
        <time>2023-10-15T07:08:46.000Z</time>
        <extensions>
          <ns3:TrackPointExtension>
            <ns3:atemp>16.0</ns3:atemp>
            <ns3:hr>152</ns3:hr>
          </ns3:TrackPointExtension>
        </extensions>
      </trkpt>
      <trkpt lat="48.12792803160846233367919921875" lon="11.411439813673496246337890625">
        <ele>547.79998779296875</ele>
        <time>2023-10-15T07:08:47.000Z</time>
        <extensions>
          <ns3:TrackPointExtension>
            <ns3:atemp>16.0</ns3:atemp>
            <ns3:hr>152</ns3:hr>
          </ns3:TrackPointExtension>
        </extensions>
      </trkpt>
      <trkpt lat="48.1279500760138034820556640625" lon="11.41136278398334980010986328125">
        <ele>547.79998779296875</ele>
        <time>2023-10-15T07:08:49.000Z</time>
        <extensions>
          <ns3:TrackPointExtension>
            <ns3:atemp>16.0</ns3:atemp>
            <ns3:hr>152</ns3:hr>
          </ns3:TrackPointExtension>
        </extensions>
      </trkpt>
      <trkpt lat="48.12799106352031230926513671875" lon="11.41130494885146617889404296875">
        <ele>547.79998779296875</ele>
        <time>2023-10-15T07:08:51.000Z</time>
        <extensions>
          <ns3:TrackPointExtension>
            <ns3:atemp>16.0</ns3:atemp>
            <ns3:hr>152</ns3:hr>
          </ns3:TrackPointExtension>
        </extensions>
      </trkpt>
      <trkpt lat="48.12803951092064380645751953125" lon="11.41112842597067356109619140625">
        <ele>547.79998779296875</ele>
        <time>2023-10-15T07:08:55.000Z</time>
        <extensions>
          <ns3:TrackPointExtension>
            <ns3:atemp>16.0</ns3:atemp>
            <ns3:hr>149</ns3:hr>
          </ns3:TrackPointExtension>
        </extensions>
      </trkpt>
      <trkpt lat="48.128033392131328582763671875" lon="11.4110698364675045013427734375">
        <ele>547.5999755859375</ele>
        <time>2023-10-15T07:08:56.000Z</time>
        <extensions>
          <ns3:TrackPointExtension>
            <ns3:atemp>16.0</ns3:atemp>
            <ns3:hr>149</ns3:hr>
          </ns3:TrackPointExtension>
        </extensions>
      </trkpt>
      <trkpt lat="48.1280228309333324432373046875" lon="11.41086590476334095001220703125">
        <ele>547.5999755859375</ele>
        <time>2023-10-15T07:09:00.000Z</time>
        <extensions>
          <ns3:TrackPointExtension>
            <ns3:atemp>16.0</ns3:atemp>
            <ns3:hr>148</ns3:hr>
          </ns3:TrackPointExtension>
        </extensions>
      </trkpt>
      <trkpt lat="48.12808334827423095703125" lon="11.4107617177069187164306640625">
        <ele>547.5999755859375</ele>
        <time>2023-10-15T07:09:04.000Z</time>
        <extensions>
          <ns3:TrackPointExtension>
            <ns3:atemp>16.0</ns3:atemp>
            <ns3:hr>151</ns3:hr>
          </ns3:TrackPointExtension>
        </extensions>
      </trkpt>
      <trkpt lat="48.12808913178741931915283203125" lon="11.41071905381977558135986328125">
        <ele>547.4000244140625</ele>
        <time>2023-10-15T07:09:05.000Z</time>
        <extensions>
          <ns3:TrackPointExtension>
            <ns3:atemp>16.0</ns3:atemp>
            <ns3:hr>151</ns3:hr>
          </ns3:TrackPointExtension>
        </extensions>
      </trkpt>
      <trkpt lat="48.12815618701279163360595703125" lon="11.41038260422646999359130859375">
        <ele>547.4000244140625</ele>
        <time>2023-10-15T07:09:13.000Z</time>
        <extensions>
          <ns3:TrackPointExtension>
            <ns3:atemp>16.0</ns3:atemp>
            <ns3:hr>149</ns3:hr>
          </ns3:TrackPointExtension>
        </extensions>
      </trkpt>
      <trkpt lat="48.128191642463207244873046875" lon="11.4101119525730609893798828125">
        <ele>547.4000244140625</ele>
        <time>2023-10-15T07:09:19.000Z</time>
        <extensions>
          <ns3:TrackPointExtension>
            <ns3:atemp>16.0</ns3:atemp>
            <ns3:hr>151</ns3:hr>
          </ns3:TrackPointExtension>
        </extensions>
      </trkpt>
      <trkpt lat="48.128235898911952972412109375" lon="11.410056464374065399169921875">
        <ele>547.4000244140625</ele>
        <time>2023-10-15T07:09:21.000Z</time>
        <extensions>
          <ns3:TrackPointExtension>
            <ns3:atemp>16.0</ns3:atemp>
            <ns3:hr>152</ns3:hr>
          </ns3:TrackPointExtension>
        </extensions>
      </trkpt>
      <trkpt lat="48.128295578062534332275390625" lon="11.4100046642124652862548828125">
        <ele>547.4000244140625</ele>
        <time>2023-10-15T07:09:23.000Z</time>
        <extensions>
          <ns3:TrackPointExtension>
            <ns3:atemp>16.0</ns3:atemp>
            <ns3:hr>151</ns3:hr>
          </ns3:TrackPointExtension>
        </extensions>
      </trkpt>
      <trkpt lat="48.12847771681845188140869140625" lon="11.40994104556739330291748046875">
        <ele>547.79998779296875</ele>
        <time>2023-10-15T07:09:28.000Z</time>
        <extensions>
          <ns3:TrackPointExtension>
            <ns3:atemp>16.0</ns3:atemp>
            <ns3:hr>149</ns3:hr>
          </ns3:TrackPointExtension>
        </extensions>
      </trkpt>
      <trkpt lat="48.1286575086414813995361328125" lon="11.40985202975571155548095703125">
        <ele>548.5999755859375</ele>
        <time>2023-10-15T07:09:35.000Z</time>
        <extensions>
          <ns3:TrackPointExtension>
            <ns3:atemp>16.0</ns3:atemp>
            <ns3:hr>148</ns3:hr>
          </ns3:TrackPointExtension>
        </extensions>
      </trkpt>
      <trkpt lat="48.12870972789824008941650390625" lon="11.4098098687827587127685546875">
        <ele>548.5999755859375</ele>
        <time>2023-10-15T07:09:37.000Z</time>
        <extensions>
          <ns3:TrackPointExtension>
            <ns3:atemp>16.0</ns3:atemp>
            <ns3:hr>148</ns3:hr>
          </ns3:TrackPointExtension>
        </extensions>
      </trkpt>
      <trkpt lat="48.12885238789021968841552734375" lon="11.40972512774169445037841796875">
        <ele>548.5999755859375</ele>
        <time>2023-10-15T07:09:42.000Z</time>
        <extensions>
          <ns3:TrackPointExtension>
            <ns3:atemp>16.0</ns3:atemp>
            <ns3:hr>146</ns3:hr>
          </ns3:TrackPointExtension>
        </extensions>
      </trkpt>
      <trkpt lat="48.12891089357435703277587890625" lon="11.4096948690712451934814453125">
        <ele>548.5999755859375</ele>
        <time>2023-10-15T07:09:44.000Z</time>
        <extensions>
          <ns3:TrackPointExtension>
            <ns3:atemp>16.0</ns3:atemp>
            <ns3:hr>146</ns3:hr>
          </ns3:TrackPointExtension>
        </extensions>
      </trkpt>
      <trkpt lat="48.129031173884868621826171875" lon="11.40960954129695892333984375">
        <ele>548.79998779296875</ele>
        <time>2023-10-15T07:09:49.000Z</time>
        <extensions>
          <ns3:TrackPointExtension>
            <ns3:atemp>16.0</ns3:atemp>
            <ns3:hr>146</ns3:hr>
          </ns3:TrackPointExtension>
        </extensions>
      </trkpt>
      <trkpt lat="48.12920090742409229278564453125" lon="11.409479118883609771728515625">
        <ele>549</ele>
        <time>2023-10-15T07:09:56.000Z</time>
        <extensions>
          <ns3:TrackPointExtension>
            <ns3:atemp>16.0</ns3:atemp>
            <ns3:hr>146</ns3:hr>
          </ns3:TrackPointExtension>
        </extensions>
      </trkpt>
      <trkpt lat="48.12928020022809505462646484375" lon="11.40929329209029674530029296875">
        <ele>548.79998779296875</ele>
        <time>2023-10-15T07:10:02.000Z</time>
        <extensions>
          <ns3:TrackPointExtension>
            <ns3:atemp>16.0</ns3:atemp>
            <ns3:hr>147</ns3:hr>
          </ns3:TrackPointExtension>
        </extensions>
      </trkpt>
      <trkpt lat="48.1292093731462955474853515625" lon="11.40900176949799060821533203125">
        <ele>548.5999755859375</ele>
        <time>2023-10-15T07:10:09.000Z</time>
        <extensions>
          <ns3:TrackPointExtension>
            <ns3:atemp>16.0</ns3:atemp>
            <ns3:hr>148</ns3:hr>
          </ns3:TrackPointExtension>
        </extensions>
      </trkpt>
      <trkpt lat="48.12913469038903713226318359375" lon="11.40877998434007167816162109375">
        <ele>548</ele>
        <time>2023-10-15T07:10:14.000Z</time>
        <extensions>
          <ns3:TrackPointExtension>
            <ns3:atemp>16.0</ns3:atemp>
            <ns3:hr>151</ns3:hr>
          </ns3:TrackPointExtension>
        </extensions>
      </trkpt>
      <trkpt lat="48.12909546308219432830810546875" lon="11.40866096131503582000732421875">
        <ele>547.79998779296875</ele>
        <time>2023-10-15T07:10:17.000Z</time>
        <extensions>
          <ns3:TrackPointExtension>
            <ns3:atemp>16.0</ns3:atemp>
            <ns3:hr>153</ns3:hr>
          </ns3:TrackPointExtension>
        </extensions>
      </trkpt>
      <trkpt lat="48.12906436622142791748046875" lon="11.408489383757114410400390625">
        <ele>547.5999755859375</ele>
        <time>2023-10-15T07:10:21.000Z</time>
        <extensions>
          <ns3:TrackPointExtension>
            <ns3:atemp>16.0</ns3:atemp>
            <ns3:hr>152</ns3:hr>
          </ns3:TrackPointExtension>
        </extensions>
      </trkpt>
      <trkpt lat="48.12904290854930877685546875" lon="11.4083654992282390594482421875">
        <ele>547.5999755859375</ele>
        <time>2023-10-15T07:10:24.000Z</time>
        <extensions>
          <ns3:TrackPointExtension>
            <ns3:atemp>16.0</ns3:atemp>
            <ns3:hr>151</ns3:hr>
          </ns3:TrackPointExtension>
        </extensions>
      </trkpt>
      <trkpt lat="48.1289716623723506927490234375" lon="11.4080781675875186920166015625">
        <ele>547</ele>
        <time>2023-10-15T07:10:31.000Z</time>
        <extensions>
          <ns3:TrackPointExtension>
            <ns3:atemp>16.0</ns3:atemp>
            <ns3:hr>151</ns3:hr>
          </ns3:TrackPointExtension>
        </extensions>
      </trkpt>
      <trkpt lat="48.12892396934330463409423828125" lon="11.40780516900122165679931640625">
        <ele>546.79998779296875</ele>
        <time>2023-10-15T07:10:37.000Z</time>
        <extensions>
          <ns3:TrackPointExtension>
            <ns3:atemp>16.0</ns3:atemp>
            <ns3:hr>151</ns3:hr>
          </ns3:TrackPointExtension>
        </extensions>
      </trkpt>
      <trkpt lat="48.12897258438169956207275390625" lon="11.40771766193211078643798828125">
        <ele>546.5999755859375</ele>
        <time>2023-10-15T07:10:40.000Z</time>
        <extensions>
          <ns3:TrackPointExtension>
            <ns3:atemp>16.0</ns3:atemp>
            <ns3:hr>150</ns3:hr>
          </ns3:TrackPointExtension>
        </extensions>
      </trkpt>
      <trkpt lat="48.12899370677769184112548828125" lon="11.4076915942132472991943359375">
        <ele>546.5999755859375</ele>
        <time>2023-10-15T07:10:41.000Z</time>
        <extensions>
          <ns3:TrackPointExtension>
            <ns3:atemp>16.0</ns3:atemp>
            <ns3:hr>151</ns3:hr>
          </ns3:TrackPointExtension>
        </extensions>
      </trkpt>
      <trkpt lat="48.12910870648920536041259765625" lon="11.40765689313411712646484375">
        <ele>546.4000244140625</ele>
        <time>2023-10-15T07:10:44.000Z</time>
        <extensions>
          <ns3:TrackPointExtension>
            <ns3:atemp>16.0</ns3:atemp>
            <ns3:hr>152</ns3:hr>
          </ns3:TrackPointExtension>
        </extensions>
      </trkpt>
      <trkpt lat="48.129212558269500732421875" lon="11.4076476730406284332275390625">
        <ele>546.4000244140625</ele>
        <time>2023-10-15T07:10:47.000Z</time>
        <extensions>
          <ns3:TrackPointExtension>
            <ns3:atemp>16.0</ns3:atemp>
            <ns3:hr>154</ns3:hr>
          </ns3:TrackPointExtension>
        </extensions>
      </trkpt>
      <trkpt lat="48.12933736480772495269775390625" lon="11.4075333438813686370849609375">
        <ele>546.4000244140625</ele>
        <time>2023-10-15T07:10:53.000Z</time>
        <extensions>
          <ns3:TrackPointExtension>
            <ns3:atemp>17.0</ns3:atemp>
            <ns3:hr>151</ns3:hr>
          </ns3:TrackPointExtension>
        </extensions>
      </trkpt>
      <trkpt lat="48.12936603091657161712646484375" lon="11.40752906911075115203857421875">
        <ele>546.20001220703125</ele>
        <time>2023-10-15T07:10:54.000Z</time>
        <extensions>
          <ns3:TrackPointExtension>
            <ns3:atemp>16.0</ns3:atemp>
            <ns3:hr>151</ns3:hr>
          </ns3:TrackPointExtension>
        </extensions>
      </trkpt>
      <trkpt lat="48.12947206199169158935546875" lon="11.4075328409671783447265625">
        <ele>546</ele>
        <time>2023-10-15T07:10:57.000Z</time>
        <extensions>
          <ns3:TrackPointExtension>
            <ns3:atemp>17.0</ns3:atemp>
            <ns3:hr>148</ns3:hr>
          </ns3:TrackPointExtension>
        </extensions>
      </trkpt>
      <trkpt lat="48.129549510776996612548828125" lon="11.40750392340123653411865234375">
        <ele>545.79998779296875</ele>
        <time>2023-10-15T07:11:00.000Z</time>
        <extensions>
          <ns3:TrackPointExtension>
            <ns3:atemp>16.0</ns3:atemp>
            <ns3:hr>146</ns3:hr>
          </ns3:TrackPointExtension>
        </extensions>
      </trkpt>
      <trkpt lat="48.1295798532664775848388671875" lon="11.40749067999422550201416015625">
        <ele>545.79998779296875</ele>
        <time>2023-10-15T07:11:01.000Z</time>
        <extensions>
          <ns3:TrackPointExtension>
            <ns3:atemp>17.0</ns3:atemp>
            <ns3:hr>145</ns3:hr>
          </ns3:TrackPointExtension>
        </extensions>
      </trkpt>
      <trkpt lat="48.12976601533591747283935546875" lon="11.4074002392590045928955078125">
        <ele>545.79998779296875</ele>
        <time>2023-10-15T07:11:08.000Z</time>
        <extensions>
          <ns3:TrackPointExtension>
            <ns3:atemp>17.0</ns3:atemp>
            <ns3:hr>143</ns3:hr>
          </ns3:TrackPointExtension>
        </extensions>
      </trkpt>
      <trkpt lat="48.1299915723502635955810546875" lon="11.4073214493691921234130859375">
        <ele>545.5999755859375</ele>
        <time>2023-10-15T07:11:16.000Z</time>
        <extensions>
          <ns3:TrackPointExtension>
            <ns3:atemp>17.0</ns3:atemp>
            <ns3:hr>143</ns3:hr>
          </ns3:TrackPointExtension>
        </extensions>
      </trkpt>
      <trkpt lat="48.130198605358600616455078125" lon="11.40727258287370204925537109375">
        <ele>545.4000244140625</ele>
        <time>2023-10-15T07:11:22.000Z</time>
        <extensions>
          <ns3:TrackPointExtension>
            <ns3:atemp>17.0</ns3:atemp>
            <ns3:hr>146</ns3:hr>
          </ns3:TrackPointExtension>
        </extensions>
      </trkpt>
      <trkpt lat="48.13028016127645969390869140625" lon="11.40725716017186641693115234375">
        <ele>545.4000244140625</ele>
        <time>2023-10-15T07:11:25.000Z</time>
        <extensions>
          <ns3:TrackPointExtension>
            <ns3:atemp>17.0</ns3:atemp>
            <ns3:hr>146</ns3:hr>
          </ns3:TrackPointExtension>
        </extensions>
      </trkpt>
      <trkpt lat="48.13051753677427768707275390625" lon="11.40715171582996845245361328125">
        <ele>545</ele>
        <time>2023-10-15T07:11:33.000Z</time>
        <extensions>
          <ns3:TrackPointExtension>
            <ns3:atemp>17.0</ns3:atemp>
            <ns3:hr>145</ns3:hr>
          </ns3:TrackPointExtension>
        </extensions>
      </trkpt>
      <trkpt lat="48.1307803094387054443359375" lon="11.40704861842095851898193359375">
        <ele>545</ele>
        <time>2023-10-15T07:11:42.000Z</time>
        <extensions>
          <ns3:TrackPointExtension>
            <ns3:atemp>17.0</ns3:atemp>
            <ns3:hr>147</ns3:hr>
          </ns3:TrackPointExtension>
        </extensions>
      </trkpt>
      <trkpt lat="48.1311392225325107574462890625" lon="11.406903527677059173583984375">
        <ele>544.79998779296875</ele>
        <time>2023-10-15T07:11:55.000Z</time>
        <extensions>
          <ns3:TrackPointExtension>
            <ns3:atemp>17.0</ns3:atemp>
            <ns3:hr>148</ns3:hr>
          </ns3:TrackPointExtension>
        </extensions>
      </trkpt>
      <trkpt lat="48.13118708319962024688720703125" lon="11.4068735204637050628662109375">
        <ele>544.5999755859375</ele>
        <time>2023-10-15T07:11:57.000Z</time>
        <extensions>
          <ns3:TrackPointExtension>
            <ns3:atemp>17.0</ns3:atemp>
            <ns3:hr>151</ns3:hr>
          </ns3:TrackPointExtension>
        </extensions>
      </trkpt>
      <trkpt lat="48.13138506375253200531005859375" lon="11.406770087778568267822265625">
        <ele>544.5999755859375</ele>
        <time>2023-10-15T07:12:05.000Z</time>
        <extensions>
          <ns3:TrackPointExtension>
            <ns3:atemp>17.0</ns3:atemp>
            <ns3:hr>153</ns3:hr>
          </ns3:TrackPointExtension>
        </extensions>
      </trkpt>
      <trkpt lat="48.131461925804615020751953125" lon="11.4067256636917591094970703125">
        <ele>544.5999755859375</ele>
        <time>2023-10-15T07:12:08.000Z</time>
        <extensions>
          <ns3:TrackPointExtension>
            <ns3:atemp>17.0</ns3:atemp>
            <ns3:hr>150</ns3:hr>
          </ns3:TrackPointExtension>
        </extensions>
      </trkpt>
      <trkpt lat="48.1315120495855808258056640625" lon="11.40668400563299655914306640625">
        <ele>544.4000244140625</ele>
        <time>2023-10-15T07:12:10.000Z</time>
        <extensions>
          <ns3:TrackPointExtension>
            <ns3:atemp>17.0</ns3:atemp>
            <ns3:hr>146</ns3:hr>
          </ns3:TrackPointExtension>
        </extensions>
      </trkpt>
      <trkpt lat="48.131537027657032012939453125" lon="11.40666271559894084930419921875">
        <ele>544.4000244140625</ele>
        <time>2023-10-15T07:12:11.000Z</time>
        <extensions>
          <ns3:TrackPointExtension>
            <ns3:atemp>17.0</ns3:atemp>
            <ns3:hr>145</ns3:hr>
          </ns3:TrackPointExtension>
        </extensions>
      </trkpt>
      <trkpt lat="48.13173056580126285552978515625" lon="11.40651234425604343414306640625">
        <ele>544.5999755859375</ele>
        <time>2023-10-15T07:12:19.000Z</time>
        <extensions>
          <ns3:TrackPointExtension>
            <ns3:atemp>17.0</ns3:atemp>
            <ns3:hr>146</ns3:hr>
          </ns3:TrackPointExtension>
        </extensions>
      </trkpt>
      <trkpt lat="48.131933994591236114501953125" lon="11.4063280262053012847900390625">
        <ele>544.20001220703125</ele>
        <time>2023-10-15T07:12:27.000Z</time>
        <extensions>
          <ns3:TrackPointExtension>
            <ns3:atemp>17.0</ns3:atemp>
            <ns3:hr>149</ns3:hr>
          </ns3:TrackPointExtension>
        </extensions>
      </trkpt>
      <trkpt lat="48.1320910714566707611083984375" lon="11.4062096737325191497802734375">
        <ele>544</ele>
        <time>2023-10-15T07:12:34.000Z</time>
        <extensions>
          <ns3:TrackPointExtension>
            <ns3:atemp>17.0</ns3:atemp>
            <ns3:hr>152</ns3:hr>
          </ns3:TrackPointExtension>
        </extensions>
      </trkpt>
      <trkpt lat="48.13212233595550060272216796875" lon="11.40619433484971523284912109375">
        <ele>544</ele>
        <time>2023-10-15T07:12:35.000Z</time>
        <extensions>
          <ns3:TrackPointExtension>
            <ns3:atemp>17.0</ns3:atemp>
            <ns3:hr>152</ns3:hr>
          </ns3:TrackPointExtension>
        </extensions>
      </trkpt>
      <trkpt lat="48.1321681849658489227294921875" lon="11.40617053024470806121826171875">
        <ele>544</ele>
        <time>2023-10-15T07:12:37.000Z</time>
        <extensions>
          <ns3:TrackPointExtension>
            <ns3:atemp>17.0</ns3:atemp>
            <ns3:hr>152</ns3:hr>
          </ns3:TrackPointExtension>
        </extensions>
      </trkpt>
      <trkpt lat="48.132267929613590240478515625" lon="11.40610255300998687744140625">
        <ele>544</ele>
        <time>2023-10-15T07:12:41.000Z</time>
        <extensions>
          <ns3:TrackPointExtension>
            <ns3:atemp>17.0</ns3:atemp>
            <ns3:hr>149</ns3:hr>
          </ns3:TrackPointExtension>
        </extensions>
      </trkpt>
      <trkpt lat="48.13236482441425323486328125" lon="11.4060202427208423614501953125">
        <ele>543.79998779296875</ele>
        <time>2023-10-15T07:12:45.000Z</time>
        <extensions>
          <ns3:TrackPointExtension>
            <ns3:atemp>17.0</ns3:atemp>
            <ns3:hr>146</ns3:hr>
          </ns3:TrackPointExtension>
        </extensions>
      </trkpt>
      <trkpt lat="48.13239256851375102996826171875" lon="11.40600264072418212890625">
        <ele>543.79998779296875</ele>
        <time>2023-10-15T07:12:46.000Z</time>
        <extensions>
          <ns3:TrackPointExtension>
            <ns3:atemp>17.0</ns3:atemp>
            <ns3:hr>146</ns3:hr>
          </ns3:TrackPointExtension>
        </extensions>
      </trkpt>
      <trkpt lat="48.13258032314479351043701171875" lon="11.40588269568979740142822265625">
        <ele>543.79998779296875</ele>
        <time>2023-10-15T07:12:53.000Z</time>
        <extensions>
          <ns3:TrackPointExtension>
            <ns3:atemp>17.0</ns3:atemp>
            <ns3:hr>146</ns3:hr>
          </ns3:TrackPointExtension>
        </extensions>
      </trkpt>
      <trkpt lat="48.13277947716414928436279296875" lon="11.4057701267302036285400390625">
        <ele>543.4000244140625</ele>
        <time>2023-10-15T07:13:00.000Z</time>
        <extensions>
          <ns3:TrackPointExtension>
            <ns3:atemp>17.0</ns3:atemp>
            <ns3:hr>146</ns3:hr>
          </ns3:TrackPointExtension>
        </extensions>
      </trkpt>
      <trkpt lat="48.1329611130058765411376953125" lon="11.40565655194222927093505859375">
        <ele>543.20001220703125</ele>
        <time>2023-10-15T07:13:07.000Z</time>
        <extensions>
          <ns3:TrackPointExtension>
            <ns3:atemp>17.0</ns3:atemp>
            <ns3:hr>145</ns3:hr>
          </ns3:TrackPointExtension>
        </extensions>
      </trkpt>
      <trkpt lat="48.13320863060653209686279296875" lon="11.40551439486443996429443359375">
        <ele>543</ele>
        <time>2023-10-15T07:13:16.000Z</time>
        <extensions>
          <ns3:TrackPointExtension>
            <ns3:atemp>17.0</ns3:atemp>
            <ns3:hr>148</ns3:hr>
          </ns3:TrackPointExtension>
        </extensions>
      </trkpt>
      <trkpt lat="48.133402504026889801025390625" lon="11.40540920197963714599609375">
        <ele>542.4000244140625</ele>
        <time>2023-10-15T07:13:23.000Z</time>
        <extensions>
          <ns3:TrackPointExtension>
            <ns3:atemp>17.0</ns3:atemp>
            <ns3:hr>147</ns3:hr>
          </ns3:TrackPointExtension>
        </extensions>
      </trkpt>
      <trkpt lat="48.13349260948598384857177734375" lon="11.40547089278697967529296875">
        <ele>542.20001220703125</ele>
        <time>2023-10-15T07:13:26.000Z</time>
        <extensions>
          <ns3:TrackPointExtension>
            <ns3:atemp>17.0</ns3:atemp>
            <ns3:hr>147</ns3:hr>
          </ns3:TrackPointExtension>
        </extensions>
      </trkpt>
      <trkpt lat="48.13354424200952053070068359375" lon="11.40552051365375518798828125">
        <ele>542.20001220703125</ele>
        <time>2023-10-15T07:13:28.000Z</time>
        <extensions>
          <ns3:TrackPointExtension>
            <ns3:atemp>17.0</ns3:atemp>
            <ns3:hr>147</ns3:hr>
          </ns3:TrackPointExtension>
        </extensions>
      </trkpt>
      <trkpt lat="48.13368572853505611419677734375" lon="11.40566862188279628753662109375">
        <ele>541.79998779296875</ele>
        <time>2023-10-15T07:13:33.000Z</time>
        <extensions>
          <ns3:TrackPointExtension>
            <ns3:atemp>17.0</ns3:atemp>
            <ns3:hr>150</ns3:hr>
          </ns3:TrackPointExtension>
        </extensions>
      </trkpt>
      <trkpt lat="48.133760578930377960205078125" lon="11.405743472278118133544921875">
        <ele>541.79998779296875</ele>
        <time>2023-10-15T07:13:36.000Z</time>
        <extensions>
          <ns3:TrackPointExtension>
            <ns3:atemp>17.0</ns3:atemp>
            <ns3:hr>150</ns3:hr>
          </ns3:TrackPointExtension>
        </extensions>
      </trkpt>
      <trkpt lat="48.13402284868061542510986328125" lon="11.405990906059741973876953125">
        <ele>541.20001220703125</ele>
        <time>2023-10-15T07:13:46.000Z</time>
        <extensions>
          <ns3:TrackPointExtension>
            <ns3:atemp>17.0</ns3:atemp>
            <ns3:hr>150</ns3:hr>
          </ns3:TrackPointExtension>
        </extensions>
      </trkpt>
      <trkpt lat="48.134073726832866668701171875" lon="11.40603491105139255523681640625">
        <ele>541.20001220703125</ele>
        <time>2023-10-15T07:13:48.000Z</time>
        <extensions>
          <ns3:TrackPointExtension>
            <ns3:atemp>17.0</ns3:atemp>
            <ns3:hr>150</ns3:hr>
          </ns3:TrackPointExtension>
        </extensions>
      </trkpt>
      <trkpt lat="48.13421010039746761322021484375" lon="11.40618578530848026275634765625">
        <ele>541</ele>
        <time>2023-10-15T07:13:54.000Z</time>
        <extensions>
          <ns3:TrackPointExtension>
            <ns3:atemp>17.0</ns3:atemp>
            <ns3:hr>147</ns3:hr>
          </ns3:TrackPointExtension>
        </extensions>
      </trkpt>
      <trkpt lat="48.1343629024922847747802734375" lon="11.40633900649845600128173828125">
        <ele>541.20001220703125</ele>
        <time>2023-10-15T07:14:00.000Z</time>
        <extensions>
          <ns3:TrackPointExtension>
            <ns3:atemp>17.0</ns3:atemp>
            <ns3:hr>144</ns3:hr>
          </ns3:TrackPointExtension>
        </extensions>
      </trkpt>
      <trkpt lat="48.13441696576774120330810546875" lon="11.40638628043234348297119140625">
        <ele>541</ele>
        <time>2023-10-15T07:14:02.000Z</time>
        <extensions>
          <ns3:TrackPointExtension>
            <ns3:atemp>17.0</ns3:atemp>
            <ns3:hr>144</ns3:hr>
          </ns3:TrackPointExtension>
        </extensions>
      </trkpt>
      <trkpt lat="48.13462047837674617767333984375" lon="11.40660236589610576629638671875">
        <ele>541</ele>
        <time>2023-10-15T07:14:11.000Z</time>
        <extensions>
          <ns3:TrackPointExtension>
            <ns3:atemp>18.0</ns3:atemp>
            <ns3:hr>144</ns3:hr>
          </ns3:TrackPointExtension>
        </extensions>
      </trkpt>
      <trkpt lat="48.13482114113867282867431640625" lon="11.4068165235221385955810546875">
        <ele>541</ele>
        <time>2023-10-15T07:14:19.000Z</time>
        <extensions>
          <ns3:TrackPointExtension>
            <ns3:atemp>18.0</ns3:atemp>
            <ns3:hr>143</ns3:hr>
          </ns3:TrackPointExtension>
        </extensions>
      </trkpt>
      <trkpt lat="48.135080896317958831787109375" lon="11.40705834142863750457763671875">
        <ele>540.5999755859375</ele>
        <time>2023-10-15T07:14:28.000Z</time>
        <extensions>
          <ns3:TrackPointExtension>
            <ns3:atemp>18.0</ns3:atemp>
            <ns3:hr>144</ns3:hr>
          </ns3:TrackPointExtension>
        </extensions>
      </trkpt>
      <trkpt lat="48.1352885998785495758056640625" lon="11.4072450064122676849365234375">
        <ele>540.5999755859375</ele>
        <time>2023-10-15T07:14:36.000Z</time>
        <extensions>
          <ns3:TrackPointExtension>
            <ns3:atemp>18.0</ns3:atemp>
            <ns3:hr>145</ns3:hr>
          </ns3:TrackPointExtension>
        </extensions>
      </trkpt>
      <trkpt lat="48.13548850826919078826904296875" lon="11.40744122676551342010498046875">
        <ele>540.20001220703125</ele>
        <time>2023-10-15T07:14:45.000Z</time>
        <extensions>
          <ns3:TrackPointExtension>
            <ns3:atemp>18.0</ns3:atemp>
            <ns3:hr>145</ns3:hr>
          </ns3:TrackPointExtension>
        </extensions>
      </trkpt>
      <trkpt lat="48.13562639057636260986328125" lon="11.40751565806567668914794921875">
        <ele>540.20001220703125</ele>
        <time>2023-10-15T07:14:52.000Z</time>
        <extensions>
          <ns3:TrackPointExtension>
            <ns3:atemp>18.0</ns3:atemp>
            <ns3:hr>146</ns3:hr>
          </ns3:TrackPointExtension>
        </extensions>
      </trkpt>
      <trkpt lat="48.13575488515198230743408203125" lon="11.4074237085878849029541015625">
        <ele>540.4000244140625</ele>
        <time>2023-10-15T07:14:58.000Z</time>
        <extensions>
          <ns3:TrackPointExtension>
            <ns3:atemp>18.0</ns3:atemp>
            <ns3:hr>146</ns3:hr>
          </ns3:TrackPointExtension>
        </extensions>
      </trkpt>
      <trkpt lat="48.13587156124413013458251953125" lon="11.40737232752144336700439453125">
        <ele>540.20001220703125</ele>
        <time>2023-10-15T07:15:02.000Z</time>
        <extensions>
          <ns3:TrackPointExtension>
            <ns3:atemp>18.0</ns3:atemp>
            <ns3:hr>145</ns3:hr>
          </ns3:TrackPointExtension>
        </extensions>
      </trkpt>
      <trkpt lat="48.135927803814411163330078125" lon="11.4073439128696918487548828125">
        <ele>540</ele>
        <time>2023-10-15T07:15:04.000Z</time>
        <extensions>
          <ns3:TrackPointExtension>
            <ns3:atemp>18.0</ns3:atemp>
            <ns3:hr>145</ns3:hr>
          </ns3:TrackPointExtension>
        </extensions>
      </trkpt>
      <trkpt lat="48.1361606530845165252685546875" lon="11.4072765223681926727294921875">
        <ele>540</ele>
        <time>2023-10-15T07:15:12.000Z</time>
        <extensions>
          <ns3:TrackPointExtension>
            <ns3:atemp>18.0</ns3:atemp>
            <ns3:hr>145</ns3:hr>
          </ns3:TrackPointExtension>
        </extensions>
      </trkpt>
      <trkpt lat="48.13639895059168338775634765625" lon="11.4071467705070972442626953125">
        <ele>539.4000244140625</ele>
        <time>2023-10-15T07:15:21.000Z</time>
        <extensions>
          <ns3:TrackPointExtension>
            <ns3:atemp>18.0</ns3:atemp>
            <ns3:hr>143</ns3:hr>
          </ns3:TrackPointExtension>
        </extensions>
      </trkpt>
      <trkpt lat="48.13670271076261997222900390625" lon="11.4069843292236328125">
        <ele>539</ele>
        <time>2023-10-15T07:15:32.000Z</time>
        <extensions>
          <ns3:TrackPointExtension>
            <ns3:atemp>18.0</ns3:atemp>
            <ns3:hr>146</ns3:hr>
          </ns3:TrackPointExtension>
        </extensions>
      </trkpt>
      <trkpt lat="48.13691921532154083251953125" lon="11.40686522237956523895263671875">
        <ele>538.79998779296875</ele>
        <time>2023-10-15T07:15:40.000Z</time>
        <extensions>
          <ns3:TrackPointExtension>
            <ns3:atemp>18.0</ns3:atemp>
            <ns3:hr>145</ns3:hr>
          </ns3:TrackPointExtension>
        </extensions>
      </trkpt>
      <trkpt lat="48.1369958259165287017822265625" lon="11.40682297758758068084716796875">
        <ele>538.4000244140625</ele>
        <time>2023-10-15T07:15:43.000Z</time>
        <extensions>
          <ns3:TrackPointExtension>
            <ns3:atemp>18.0</ns3:atemp>
            <ns3:hr>145</ns3:hr>
          </ns3:TrackPointExtension>
        </extensions>
      </trkpt>
      <trkpt lat="48.13713555224239826202392578125" lon="11.4067400805652141571044921875">
        <ele>538.4000244140625</ele>
        <time>2023-10-15T07:15:49.000Z</time>
        <extensions>
          <ns3:TrackPointExtension>
            <ns3:atemp>18.0</ns3:atemp>
            <ns3:hr>145</ns3:hr>
          </ns3:TrackPointExtension>
        </extensions>
      </trkpt>
      <trkpt lat="48.1373877637088298797607421875" lon="11.406623236835002899169921875">
        <ele>538</ele>
        <time>2023-10-15T07:15:58.000Z</time>
        <extensions>
          <ns3:TrackPointExtension>
            <ns3:atemp>18.0</ns3:atemp>
            <ns3:hr>142</ns3:hr>
          </ns3:TrackPointExtension>
        </extensions>
      </trkpt>
      <trkpt lat="48.13756202347576618194580078125" lon="11.40658275224268436431884765625">
        <ele>538.20001220703125</ele>
        <time>2023-10-15T07:16:05.000Z</time>
        <extensions>
          <ns3:TrackPointExtension>
            <ns3:atemp>18.0</ns3:atemp>
            <ns3:hr>141</ns3:hr>
          </ns3:TrackPointExtension>
        </extensions>
      </trkpt>
      <trkpt lat="48.13758498989045619964599609375" lon="11.4066073112189769744873046875">
        <ele>538.20001220703125</ele>
        <time>2023-10-15T07:16:06.000Z</time>
        <extensions>
          <ns3:TrackPointExtension>
            <ns3:atemp>18.0</ns3:atemp>
            <ns3:hr>140</ns3:hr>
          </ns3:TrackPointExtension>
        </extensions>
      </trkpt>
      <trkpt lat="48.13763276673853397369384765625" lon="11.40672214329242706298828125">
        <ele>538.4000244140625</ele>
        <time>2023-10-15T07:16:09.000Z</time>
        <extensions>
          <ns3:TrackPointExtension>
            <ns3:atemp>18.0</ns3:atemp>
            <ns3:hr>141</ns3:hr>
          </ns3:TrackPointExtension>
        </extensions>
      </trkpt>
      <trkpt lat="48.13771071843802928924560546875" lon="11.4070723392069339752197265625">
        <ele>538.20001220703125</ele>
        <time>2023-10-15T07:16:17.000Z</time>
        <extensions>
          <ns3:TrackPointExtension>
            <ns3:atemp>18.0</ns3:atemp>
            <ns3:hr>141</ns3:hr>
          </ns3:TrackPointExtension>
        </extensions>
      </trkpt>
      <trkpt lat="48.137754388153553009033203125" lon="11.407226063311100006103515625">
        <ele>538</ele>
        <time>2023-10-15T07:16:21.000Z</time>
        <extensions>
          <ns3:TrackPointExtension>
            <ns3:atemp>18.0</ns3:atemp>
            <ns3:hr>142</ns3:hr>
          </ns3:TrackPointExtension>
        </extensions>
      </trkpt>
      <trkpt lat="48.13781146891415119171142578125" lon="11.40741138719022274017333984375">
        <ele>537.5999755859375</ele>
        <time>2023-10-15T07:16:26.000Z</time>
        <extensions>
          <ns3:TrackPointExtension>
            <ns3:atemp>18.0</ns3:atemp>
            <ns3:hr>143</ns3:hr>
          </ns3:TrackPointExtension>
        </extensions>
      </trkpt>
      <trkpt lat="48.1378457508981227874755859375" lon="11.40743988566100597381591796875">
        <ele>537.5999755859375</ele>
        <time>2023-10-15T07:16:28.000Z</time>
        <extensions>
          <ns3:TrackPointExtension>
            <ns3:atemp>18.0</ns3:atemp>
            <ns3:hr>143</ns3:hr>
          </ns3:TrackPointExtension>
        </extensions>
      </trkpt>
      <trkpt lat="48.13788439147174358367919921875" lon="11.4074605889618396759033203125">
        <ele>537.5999755859375</ele>
        <time>2023-10-15T07:16:30.000Z</time>
        <extensions>
          <ns3:TrackPointExtension>
            <ns3:atemp>18.0</ns3:atemp>
            <ns3:hr>144</ns3:hr>
          </ns3:TrackPointExtension>
        </extensions>
      </trkpt>
      <trkpt lat="48.1379503570497035980224609375" lon="11.40760886482894420623779296875">
        <ele>537.5999755859375</ele>
        <time>2023-10-15T07:16:34.000Z</time>
        <extensions>
          <ns3:TrackPointExtension>
            <ns3:atemp>18.0</ns3:atemp>
            <ns3:hr>143</ns3:hr>
          </ns3:TrackPointExtension>
        </extensions>
      </trkpt>
      <trkpt lat="48.1380056776106357574462890625" lon="11.40783014707267284393310546875">
        <ele>537.79998779296875</ele>
        <time>2023-10-15T07:16:40.000Z</time>
        <extensions>
          <ns3:TrackPointExtension>
            <ns3:atemp>18.0</ns3:atemp>
            <ns3:hr>140</ns3:hr>
          </ns3:TrackPointExtension>
        </extensions>
      </trkpt>
      <trkpt lat="48.13807281665503978729248046875" lon="11.4080892316997051239013671875">
        <ele>537.20001220703125</ele>
        <time>2023-10-15T07:16:47.000Z</time>
        <extensions>
          <ns3:TrackPointExtension>
            <ns3:atemp>18.0</ns3:atemp>
            <ns3:hr>138</ns3:hr>
          </ns3:TrackPointExtension>
        </extensions>
      </trkpt>
      <trkpt lat="48.13817407004535198211669921875" lon="11.4084271900355815887451171875">
        <ele>537.20001220703125</ele>
        <time>2023-10-15T07:16:56.000Z</time>
        <extensions>
          <ns3:TrackPointExtension>
            <ns3:atemp>18.0</ns3:atemp>
            <ns3:hr>138</ns3:hr>
          </ns3:TrackPointExtension>
        </extensions>
      </trkpt>
      <trkpt lat="48.13825973309576511383056640625" lon="11.4087849296629428863525390625">
        <ele>537.4000244140625</ele>
        <time>2023-10-15T07:17:05.000Z</time>
        <extensions>
          <ns3:TrackPointExtension>
            <ns3:atemp>18.0</ns3:atemp>
            <ns3:hr>139</ns3:hr>
          </ns3:TrackPointExtension>
        </extensions>
      </trkpt>
      <trkpt lat="48.138313628733158111572265625" lon="11.4089807309210300445556640625">
        <ele>536.79998779296875</ele>
        <time>2023-10-15T07:17:10.000Z</time>
        <extensions>
          <ns3:TrackPointExtension>
            <ns3:atemp>18.0</ns3:atemp>
            <ns3:hr>139</ns3:hr>
          </ns3:TrackPointExtension>
        </extensions>
      </trkpt>
      <trkpt lat="48.1383714638650417327880859375" lon="11.40922321937978267669677734375">
        <ele>536.5999755859375</ele>
        <time>2023-10-15T07:17:16.000Z</time>
        <extensions>
          <ns3:TrackPointExtension>
            <ns3:atemp>18.0</ns3:atemp>
            <ns3:hr>139</ns3:hr>
          </ns3:TrackPointExtension>
        </extensions>
      </trkpt>
      <trkpt lat="48.1384039856493473052978515625" lon="11.40938968397676944732666015625">
        <ele>536.5999755859375</ele>
        <time>2023-10-15T07:17:21.000Z</time>
        <extensions>
          <ns3:TrackPointExtension>
            <ns3:atemp>18.0</ns3:atemp>
            <ns3:hr>139</ns3:hr>
          </ns3:TrackPointExtension>
        </extensions>
      </trkpt>
      <trkpt lat="48.13848386518657207489013671875" lon="11.409734599292278289794921875">
        <ele>537</ele>
        <time>2023-10-15T07:17:29.000Z</time>
        <extensions>
          <ns3:TrackPointExtension>
            <ns3:atemp>19.0</ns3:atemp>
            <ns3:hr>140</ns3:hr>
          </ns3:TrackPointExtension>
        </extensions>
      </trkpt>
      <trkpt lat="48.13858729787170886993408203125" lon="11.41007867641746997833251953125">
        <ele>536.20001220703125</ele>
        <time>2023-10-15T07:17:38.000Z</time>
        <extensions>
          <ns3:TrackPointExtension>
            <ns3:atemp>19.0</ns3:atemp>
            <ns3:hr>141</ns3:hr>
          </ns3:TrackPointExtension>
        </extensions>
      </trkpt>
      <trkpt lat="48.1386272795498371124267578125" lon="11.41017942689359188079833984375">
        <ele>536.20001220703125</ele>
        <time>2023-10-15T07:17:41.000Z</time>
        <extensions>
          <ns3:TrackPointExtension>
            <ns3:atemp>19.0</ns3:atemp>
            <ns3:hr>142</ns3:hr>
          </ns3:TrackPointExtension>
        </extensions>
      </trkpt>
      <trkpt lat="48.138668350875377655029296875" lon="11.41029082238674163818359375">
        <ele>536.20001220703125</ele>
        <time>2023-10-15T07:17:46.000Z</time>
        <extensions>
          <ns3:TrackPointExtension>
            <ns3:atemp>19.0</ns3:atemp>
            <ns3:hr>143</ns3:hr>
          </ns3:TrackPointExtension>
        </extensions>
      </trkpt>
      <trkpt lat="48.1387188099324703216552734375" lon="11.41019082628190517425537109375">
        <ele>536.4000244140625</ele>
        <time>2023-10-15T07:17:50.000Z</time>
        <extensions>
          <ns3:TrackPointExtension>
            <ns3:atemp>19.0</ns3:atemp>
            <ns3:hr>144</ns3:hr>
          </ns3:TrackPointExtension>
        </extensions>
      </trkpt>
      <trkpt lat="48.13885401003062725067138671875" lon="11.40999921597540378570556640625">
        <ele>536.4000244140625</ele>
        <time>2023-10-15T07:17:57.000Z</time>
        <extensions>
          <ns3:TrackPointExtension>
            <ns3:atemp>19.0</ns3:atemp>
            <ns3:hr>145</ns3:hr>
          </ns3:TrackPointExtension>
        </extensions>
      </trkpt>
      <trkpt lat="48.13898225314915180206298828125" lon="11.40992746688425540924072265625">
        <ele>536.5999755859375</ele>
        <time>2023-10-15T07:18:02.000Z</time>
        <extensions>
          <ns3:TrackPointExtension>
            <ns3:atemp>19.0</ns3:atemp>
            <ns3:hr>147</ns3:hr>
          </ns3:TrackPointExtension>
        </extensions>
      </trkpt>
      <trkpt lat="48.13911058008670806884765625" lon="11.4098296500742435455322265625">
        <ele>536.79998779296875</ele>
        <time>2023-10-15T07:18:07.000Z</time>
        <extensions>
          <ns3:TrackPointExtension>
            <ns3:atemp>19.0</ns3:atemp>
            <ns3:hr>150</ns3:hr>
          </ns3:TrackPointExtension>
        </extensions>
      </trkpt>
      <trkpt lat="48.13921920955181121826171875" lon="11.4098232798278331756591796875">
        <ele>537</ele>
        <time>2023-10-15T07:18:10.000Z</time>
        <extensions>
          <ns3:TrackPointExtension>
            <ns3:atemp>19.0</ns3:atemp>
            <ns3:hr>152</ns3:hr>
          </ns3:TrackPointExtension>
        </extensions>
      </trkpt>
      <trkpt lat="48.1393712572753429412841796875" lon="11.409707777202129364013671875">
        <ele>537.4000244140625</ele>
        <time>2023-10-15T07:18:17.000Z</time>
        <extensions>
          <ns3:TrackPointExtension>
            <ns3:atemp>19.0</ns3:atemp>
            <ns3:hr>152</ns3:hr>
          </ns3:TrackPointExtension>
        </extensions>
      </trkpt>
      <trkpt lat="48.13965850509703159332275390625" lon="11.4094900153577327728271484375">
        <ele>537.4000244140625</ele>
        <time>2023-10-15T07:18:27.000Z</time>
        <extensions>
          <ns3:TrackPointExtension>
            <ns3:atemp>19.0</ns3:atemp>
            <ns3:hr>153</ns3:hr>
          </ns3:TrackPointExtension>
        </extensions>
      </trkpt>
    </trkseg>
  </trk>
</gpx>
